[2026-09-17T08:09:38.376+0000] {processor.py:186} INFO - Started process (PID=62) to work on /opt/airflow/dags/youtube_warehouse_pipeline.py
[2026-09-17T08:09:38.383+0000] {processor.py:914} INFO - Processing file /opt/airflow/dags/youtube_warehouse_pipeline.py for tasks to queue
[2026-09-17T08:09:38.397+0000] {logging_mixin.py:190} INFO - [2026-09-17T08:09:38.395+0000] {dagbag.py:588} INFO - Filling up the DagBag from /opt/airflow/dags/youtube_warehouse_pipeline.py
[2026-09-17T08:09:38.684+0000] {processor.py:925} INFO - DAG(s) 'youtube_pipeline_warehouse' retrieved from /opt/airflow/dags/youtube_warehouse_pipeline.py
[2026-09-17T08:09:38.873+0000] {logging_mixin.py:190} INFO - [2026-09-17T08:09:38.872+0000] {dag.py:3239} INFO - Sync 1 DAGs
[2026-09-17T08:09:38.969+0000] {logging_mixin.py:190} INFO - [2026-09-17T08:09:38.968+0000] {dag.py:4180} INFO - Setting next_dagrun for youtube_pipeline_warehouse to None, run_after=None
[2026-09-17T08:09:39.050+0000] {processor.py:208} INFO - Processing /opt/airflow/dags/youtube_warehouse_pipeline.py took 0.693 seconds
[2026-09-17T08:10:09.889+0000] {processor.py:186} INFO - Started process (PID=70) to work on /opt/airflow/dags/youtube_warehouse_pipeline.py
[2026-09-17T08:10:09.906+0000] {processor.py:914} INFO - Processing file /opt/airflow/dags/youtube_warehouse_pipeline.py for tasks to queue
[2026-09-17T08:10:10.041+0000] {logging_mixin.py:190} INFO - [2026-09-17T08:10:09.997+0000] {dagbag.py:588} INFO - Filling up the DagBag from /opt/airflow/dags/youtube_warehouse_pipeline.py
[2026-09-17T08:10:10.664+0000] {processor.py:925} INFO - DAG(s) 'youtube_pipeline_warehouse' retrieved from /opt/airflow/dags/youtube_warehouse_pipeline.py
[2026-09-17T08:10:10.830+0000] {logging_mixin.py:190} INFO - [2026-09-17T08:10:10.829+0000] {dag.py:3239} INFO - Sync 1 DAGs
[2026-09-17T08:10:11.032+0000] {logging_mixin.py:190} INFO - [2026-09-17T08:10:11.032+0000] {dag.py:4180} INFO - Setting next_dagrun for youtube_pipeline_warehouse to None, run_after=None
[2026-09-17T08:10:11.103+0000] {processor.py:208} INFO - Processing /opt/airflow/dags/youtube_warehouse_pipeline.py took 1.424 seconds
[2026-09-17T08:10:41.487+0000] {processor.py:186} INFO - Started process (PID=78) to work on /opt/airflow/dags/youtube_warehouse_pipeline.py
[2026-09-17T08:10:41.491+0000] {processor.py:914} INFO - Processing file /opt/airflow/dags/youtube_warehouse_pipeline.py for tasks to queue
[2026-09-17T08:10:41.497+0000] {logging_mixin.py:190} INFO - [2026-09-17T08:10:41.497+0000] {dagbag.py:588} INFO - Filling up the DagBag from /opt/airflow/dags/youtube_warehouse_pipeline.py
[2026-09-17T08:10:41.578+0000] {processor.py:925} INFO - DAG(s) 'youtube_pipeline_warehouse' retrieved from /opt/airflow/dags/youtube_warehouse_pipeline.py
[2026-09-17T08:10:41.654+0000] {logging_mixin.py:190} INFO - [2026-09-17T08:10:41.653+0000] {dag.py:3239} INFO - Sync 1 DAGs
[2026-09-17T08:10:41.673+0000] {logging_mixin.py:190} INFO - [2026-09-17T08:10:41.673+0000] {dag.py:4180} INFO - Setting next_dagrun for youtube_pipeline_warehouse to None, run_after=None
[2026-09-17T08:10:41.696+0000] {processor.py:208} INFO - Processing /opt/airflow/dags/youtube_warehouse_pipeline.py took 0.220 seconds
[2026-09-17T08:11:12.006+0000] {processor.py:186} INFO - Started process (PID=85) to work on /opt/airflow/dags/youtube_warehouse_pipeline.py
[2026-09-17T08:11:12.013+0000] {processor.py:914} INFO - Processing file /opt/airflow/dags/youtube_warehouse_pipeline.py for tasks to queue
[2026-09-17T08:11:12.020+0000] {logging_mixin.py:190} INFO - [2026-09-17T08:11:12.019+0000] {dagbag.py:588} INFO - Filling up the DagBag from /opt/airflow/dags/youtube_warehouse_pipeline.py
[2026-09-17T08:11:12.116+0000] {processor.py:925} INFO - DAG(s) 'youtube_pipeline_warehouse' retrieved from /opt/airflow/dags/youtube_warehouse_pipeline.py
[2026-09-17T08:11:12.143+0000] {logging_mixin.py:190} INFO - [2026-09-17T08:11:12.143+0000] {dag.py:3239} INFO - Sync 1 DAGs
[2026-09-17T08:11:12.157+0000] {logging_mixin.py:190} INFO - [2026-09-17T08:11:12.157+0000] {dag.py:4180} INFO - Setting next_dagrun for youtube_pipeline_warehouse to None, run_after=None
[2026-09-17T08:11:12.211+0000] {processor.py:208} INFO - Processing /opt/airflow/dags/youtube_warehouse_pipeline.py took 0.222 seconds
[2026-09-17T08:11:42.312+0000] {processor.py:186} INFO - Started process (PID=93) to work on /opt/airflow/dags/youtube_warehouse_pipeline.py
[2026-09-17T08:11:42.315+0000] {processor.py:914} INFO - Processing file /opt/airflow/dags/youtube_warehouse_pipeline.py for tasks to queue
[2026-09-17T08:11:42.321+0000] {logging_mixin.py:190} INFO - [2026-09-17T08:11:42.320+0000] {dagbag.py:588} INFO - Filling up the DagBag from /opt/airflow/dags/youtube_warehouse_pipeline.py
[2026-09-17T08:11:42.439+0000] {processor.py:925} INFO - DAG(s) 'youtube_pipeline_warehouse' retrieved from /opt/airflow/dags/youtube_warehouse_pipeline.py
[2026-09-17T08:11:42.477+0000] {logging_mixin.py:190} INFO - [2026-09-17T08:11:42.477+0000] {dag.py:3239} INFO - Sync 1 DAGs
[2026-09-17T08:11:42.496+0000] {logging_mixin.py:190} INFO - [2026-09-17T08:11:42.496+0000] {dag.py:4180} INFO - Setting next_dagrun for youtube_pipeline_warehouse to None, run_after=None
[2026-09-17T08:11:42.536+0000] {processor.py:208} INFO - Processing /opt/airflow/dags/youtube_warehouse_pipeline.py took 0.233 seconds
[2026-09-17T08:12:12.855+0000] {processor.py:186} INFO - Started process (PID=101) to work on /opt/airflow/dags/youtube_warehouse_pipeline.py
[2026-09-17T08:12:12.857+0000] {processor.py:914} INFO - Processing file /opt/airflow/dags/youtube_warehouse_pipeline.py for tasks to queue
[2026-09-17T08:12:12.861+0000] {logging_mixin.py:190} INFO - [2026-09-17T08:12:12.860+0000] {dagbag.py:588} INFO - Filling up the DagBag from /opt/airflow/dags/youtube_warehouse_pipeline.py
[2026-09-17T08:12:12.936+0000] {processor.py:925} INFO - DAG(s) 'youtube_pipeline_warehouse' retrieved from /opt/airflow/dags/youtube_warehouse_pipeline.py
[2026-09-17T08:12:12.956+0000] {logging_mixin.py:190} INFO - [2026-09-17T08:12:12.956+0000] {dag.py:3239} INFO - Sync 1 DAGs
[2026-09-17T08:12:12.969+0000] {logging_mixin.py:190} INFO - [2026-09-17T08:12:12.968+0000] {dag.py:4180} INFO - Setting next_dagrun for youtube_pipeline_warehouse to None, run_after=None
[2026-09-17T08:12:12.991+0000] {processor.py:208} INFO - Processing /opt/airflow/dags/youtube_warehouse_pipeline.py took 0.141 seconds
[2026-09-17T08:12:43.352+0000] {processor.py:186} INFO - Started process (PID=109) to work on /opt/airflow/dags/youtube_warehouse_pipeline.py
[2026-09-17T08:12:43.354+0000] {processor.py:914} INFO - Processing file /opt/airflow/dags/youtube_warehouse_pipeline.py for tasks to queue
[2026-09-17T08:12:43.357+0000] {logging_mixin.py:190} INFO - [2026-09-17T08:12:43.357+0000] {dagbag.py:588} INFO - Filling up the DagBag from /opt/airflow/dags/youtube_warehouse_pipeline.py
[2026-09-17T08:12:43.432+0000] {processor.py:925} INFO - DAG(s) 'youtube_pipeline_warehouse' retrieved from /opt/airflow/dags/youtube_warehouse_pipeline.py
[2026-09-17T08:12:43.452+0000] {logging_mixin.py:190} INFO - [2026-09-17T08:12:43.452+0000] {dag.py:3239} INFO - Sync 1 DAGs
[2026-09-17T08:12:43.465+0000] {logging_mixin.py:190} INFO - [2026-09-17T08:12:43.464+0000] {dag.py:4180} INFO - Setting next_dagrun for youtube_pipeline_warehouse to None, run_after=None
[2026-09-17T08:12:43.486+0000] {processor.py:208} INFO - Processing /opt/airflow/dags/youtube_warehouse_pipeline.py took 0.142 seconds
[2026-09-17T08:13:13.799+0000] {processor.py:186} INFO - Started process (PID=117) to work on /opt/airflow/dags/youtube_warehouse_pipeline.py
[2026-09-17T08:13:13.801+0000] {processor.py:914} INFO - Processing file /opt/airflow/dags/youtube_warehouse_pipeline.py for tasks to queue
[2026-09-17T08:13:13.804+0000] {logging_mixin.py:190} INFO - [2026-09-17T08:13:13.804+0000] {dagbag.py:588} INFO - Filling up the DagBag from /opt/airflow/dags/youtube_warehouse_pipeline.py
[2026-09-17T08:13:13.880+0000] {processor.py:925} INFO - DAG(s) 'youtube_pipeline_warehouse' retrieved from /opt/airflow/dags/youtube_warehouse_pipeline.py
[2026-09-17T08:13:13.899+0000] {logging_mixin.py:190} INFO - [2026-09-17T08:13:13.899+0000] {dag.py:3239} INFO - Sync 1 DAGs
[2026-09-17T08:13:13.915+0000] {logging_mixin.py:190} INFO - [2026-09-17T08:13:13.914+0000] {dag.py:4180} INFO - Setting next_dagrun for youtube_pipeline_warehouse to None, run_after=None
[2026-09-17T08:13:13.934+0000] {processor.py:208} INFO - Processing /opt/airflow/dags/youtube_warehouse_pipeline.py took 0.143 seconds
[2026-09-17T08:13:44.254+0000] {processor.py:186} INFO - Started process (PID=125) to work on /opt/airflow/dags/youtube_warehouse_pipeline.py
[2026-09-17T08:13:44.256+0000] {processor.py:914} INFO - Processing file /opt/airflow/dags/youtube_warehouse_pipeline.py for tasks to queue
[2026-09-17T08:13:44.260+0000] {logging_mixin.py:190} INFO - [2026-09-17T08:13:44.259+0000] {dagbag.py:588} INFO - Filling up the DagBag from /opt/airflow/dags/youtube_warehouse_pipeline.py
[2026-09-17T08:13:44.376+0000] {processor.py:925} INFO - DAG(s) 'youtube_pipeline_warehouse' retrieved from /opt/airflow/dags/youtube_warehouse_pipeline.py
[2026-09-17T08:13:44.399+0000] {logging_mixin.py:190} INFO - [2026-09-17T08:13:44.399+0000] {dag.py:3239} INFO - Sync 1 DAGs
[2026-09-17T08:13:44.416+0000] {logging_mixin.py:190} INFO - [2026-09-17T08:13:44.415+0000] {dag.py:4180} INFO - Setting next_dagrun for youtube_pipeline_warehouse to None, run_after=None
[2026-09-17T08:13:44.439+0000] {processor.py:208} INFO - Processing /opt/airflow/dags/youtube_warehouse_pipeline.py took 0.191 seconds
[2026-09-17T08:14:14.560+0000] {processor.py:186} INFO - Started process (PID=133) to work on /opt/airflow/dags/youtube_warehouse_pipeline.py
[2026-09-17T08:14:14.561+0000] {processor.py:914} INFO - Processing file /opt/airflow/dags/youtube_warehouse_pipeline.py for tasks to queue
[2026-09-17T08:14:14.565+0000] {logging_mixin.py:190} INFO - [2026-09-17T08:14:14.564+0000] {dagbag.py:588} INFO - Filling up the DagBag from /opt/airflow/dags/youtube_warehouse_pipeline.py
[2026-09-17T08:14:14.636+0000] {processor.py:925} INFO - DAG(s) 'youtube_pipeline_warehouse' retrieved from /opt/airflow/dags/youtube_warehouse_pipeline.py
[2026-09-17T08:14:14.660+0000] {logging_mixin.py:190} INFO - [2026-09-17T08:14:14.660+0000] {dag.py:3239} INFO - Sync 1 DAGs
[2026-09-17T08:14:14.674+0000] {logging_mixin.py:190} INFO - [2026-09-17T08:14:14.674+0000] {dag.py:4180} INFO - Setting next_dagrun for youtube_pipeline_warehouse to None, run_after=None
[2026-09-17T08:14:14.693+0000] {processor.py:208} INFO - Processing /opt/airflow/dags/youtube_warehouse_pipeline.py took 0.140 seconds
[2026-09-17T08:14:45.076+0000] {processor.py:186} INFO - Started process (PID=141) to work on /opt/airflow/dags/youtube_warehouse_pipeline.py
[2026-09-17T08:14:45.078+0000] {processor.py:914} INFO - Processing file /opt/airflow/dags/youtube_warehouse_pipeline.py for tasks to queue
[2026-09-17T08:14:45.082+0000] {logging_mixin.py:190} INFO - [2026-09-17T08:14:45.082+0000] {dagbag.py:588} INFO - Filling up the DagBag from /opt/airflow/dags/youtube_warehouse_pipeline.py
[2026-09-17T08:14:45.155+0000] {processor.py:925} INFO - DAG(s) 'youtube_pipeline_warehouse' retrieved from /opt/airflow/dags/youtube_warehouse_pipeline.py
[2026-09-17T08:14:45.174+0000] {logging_mixin.py:190} INFO - [2026-09-17T08:14:45.173+0000] {dag.py:3239} INFO - Sync 1 DAGs
[2026-09-17T08:14:45.187+0000] {logging_mixin.py:190} INFO - [2026-09-17T08:14:45.187+0000] {dag.py:4180} INFO - Setting next_dagrun for youtube_pipeline_warehouse to None, run_after=None
[2026-09-17T08:14:45.205+0000] {processor.py:208} INFO - Processing /opt/airflow/dags/youtube_warehouse_pipeline.py took 0.137 seconds
[2026-09-17T08:15:15.547+0000] {processor.py:186} INFO - Started process (PID=149) to work on /opt/airflow/dags/youtube_warehouse_pipeline.py
[2026-09-17T08:15:15.549+0000] {processor.py:914} INFO - Processing file /opt/airflow/dags/youtube_warehouse_pipeline.py for tasks to queue
[2026-09-17T08:15:15.553+0000] {logging_mixin.py:190} INFO - [2026-09-17T08:15:15.553+0000] {dagbag.py:588} INFO - Filling up the DagBag from /opt/airflow/dags/youtube_warehouse_pipeline.py
[2026-09-17T08:15:15.625+0000] {processor.py:925} INFO - DAG(s) 'youtube_pipeline_warehouse' retrieved from /opt/airflow/dags/youtube_warehouse_pipeline.py
[2026-09-17T08:15:15.650+0000] {logging_mixin.py:190} INFO - [2026-09-17T08:15:15.649+0000] {dag.py:3239} INFO - Sync 1 DAGs
[2026-09-17T08:15:15.663+0000] {logging_mixin.py:190} INFO - [2026-09-17T08:15:15.663+0000] {dag.py:4180} INFO - Setting next_dagrun for youtube_pipeline_warehouse to None, run_after=None
[2026-09-17T08:15:15.683+0000] {processor.py:208} INFO - Processing /opt/airflow/dags/youtube_warehouse_pipeline.py took 0.143 seconds
[2026-09-17T08:15:45.885+0000] {processor.py:186} INFO - Started process (PID=157) to work on /opt/airflow/dags/youtube_warehouse_pipeline.py
[2026-09-17T08:15:45.887+0000] {processor.py:914} INFO - Processing file /opt/airflow/dags/youtube_warehouse_pipeline.py for tasks to queue
[2026-09-17T08:15:45.890+0000] {logging_mixin.py:190} INFO - [2026-09-17T08:15:45.890+0000] {dagbag.py:588} INFO - Filling up the DagBag from /opt/airflow/dags/youtube_warehouse_pipeline.py
[2026-09-17T08:15:45.978+0000] {processor.py:925} INFO - DAG(s) 'youtube_pipeline_warehouse' retrieved from /opt/airflow/dags/youtube_warehouse_pipeline.py
[2026-09-17T08:15:46.000+0000] {logging_mixin.py:190} INFO - [2026-09-17T08:15:46.000+0000] {dag.py:3239} INFO - Sync 1 DAGs
[2026-09-17T08:15:46.017+0000] {logging_mixin.py:190} INFO - [2026-09-17T08:15:46.016+0000] {dag.py:4180} INFO - Setting next_dagrun for youtube_pipeline_warehouse to None, run_after=None
[2026-09-17T08:15:46.037+0000] {processor.py:208} INFO - Processing /opt/airflow/dags/youtube_warehouse_pipeline.py took 0.157 seconds
[2026-09-17T08:16:16.377+0000] {processor.py:186} INFO - Started process (PID=165) to work on /opt/airflow/dags/youtube_warehouse_pipeline.py
[2026-09-17T08:16:16.379+0000] {processor.py:914} INFO - Processing file /opt/airflow/dags/youtube_warehouse_pipeline.py for tasks to queue
[2026-09-17T08:16:16.383+0000] {logging_mixin.py:190} INFO - [2026-09-17T08:16:16.382+0000] {dagbag.py:588} INFO - Filling up the DagBag from /opt/airflow/dags/youtube_warehouse_pipeline.py
[2026-09-17T08:16:16.463+0000] {processor.py:925} INFO - DAG(s) 'youtube_pipeline_warehouse' retrieved from /opt/airflow/dags/youtube_warehouse_pipeline.py
[2026-09-17T08:16:16.483+0000] {logging_mixin.py:190} INFO - [2026-09-17T08:16:16.483+0000] {dag.py:3239} INFO - Sync 1 DAGs
[2026-09-17T08:16:16.498+0000] {logging_mixin.py:190} INFO - [2026-09-17T08:16:16.498+0000] {dag.py:4180} INFO - Setting next_dagrun for youtube_pipeline_warehouse to None, run_after=None
[2026-09-17T08:16:16.516+0000] {processor.py:208} INFO - Processing /opt/airflow/dags/youtube_warehouse_pipeline.py took 0.144 seconds
[2026-09-17T08:16:46.876+0000] {processor.py:186} INFO - Started process (PID=173) to work on /opt/airflow/dags/youtube_warehouse_pipeline.py
[2026-09-17T08:16:46.878+0000] {processor.py:914} INFO - Processing file /opt/airflow/dags/youtube_warehouse_pipeline.py for tasks to queue
[2026-09-17T08:16:46.882+0000] {logging_mixin.py:190} INFO - [2026-09-17T08:16:46.882+0000] {dagbag.py:588} INFO - Filling up the DagBag from /opt/airflow/dags/youtube_warehouse_pipeline.py
[2026-09-17T08:16:46.956+0000] {processor.py:925} INFO - DAG(s) 'youtube_pipeline_warehouse' retrieved from /opt/airflow/dags/youtube_warehouse_pipeline.py
[2026-09-17T08:16:46.983+0000] {logging_mixin.py:190} INFO - [2026-09-17T08:16:46.983+0000] {dag.py:3239} INFO - Sync 1 DAGs
[2026-09-17T08:16:46.997+0000] {logging_mixin.py:190} INFO - [2026-09-17T08:16:46.996+0000] {dag.py:4180} INFO - Setting next_dagrun for youtube_pipeline_warehouse to None, run_after=None
[2026-09-17T08:16:47.016+0000] {processor.py:208} INFO - Processing /opt/airflow/dags/youtube_warehouse_pipeline.py took 0.147 seconds
[2026-09-17T08:17:17.204+0000] {processor.py:186} INFO - Started process (PID=181) to work on /opt/airflow/dags/youtube_warehouse_pipeline.py
[2026-09-17T08:17:17.205+0000] {processor.py:914} INFO - Processing file /opt/airflow/dags/youtube_warehouse_pipeline.py for tasks to queue
[2026-09-17T08:17:17.209+0000] {logging_mixin.py:190} INFO - [2026-09-17T08:17:17.209+0000] {dagbag.py:588} INFO - Filling up the DagBag from /opt/airflow/dags/youtube_warehouse_pipeline.py
[2026-09-17T08:17:17.308+0000] {processor.py:925} INFO - DAG(s) 'youtube_pipeline_warehouse' retrieved from /opt/airflow/dags/youtube_warehouse_pipeline.py
[2026-09-17T08:17:17.335+0000] {logging_mixin.py:190} INFO - [2026-09-17T08:17:17.334+0000] {dag.py:3239} INFO - Sync 1 DAGs
[2026-09-17T08:17:17.350+0000] {logging_mixin.py:190} INFO - [2026-09-17T08:17:17.350+0000] {dag.py:4180} INFO - Setting next_dagrun for youtube_pipeline_warehouse to None, run_after=None
[2026-09-17T08:17:17.376+0000] {processor.py:208} INFO - Processing /opt/airflow/dags/youtube_warehouse_pipeline.py took 0.178 seconds
[2026-09-17T08:17:47.676+0000] {processor.py:186} INFO - Started process (PID=189) to work on /opt/airflow/dags/youtube_warehouse_pipeline.py
[2026-09-17T08:17:47.679+0000] {processor.py:914} INFO - Processing file /opt/airflow/dags/youtube_warehouse_pipeline.py for tasks to queue
[2026-09-17T08:17:47.687+0000] {logging_mixin.py:190} INFO - [2026-09-17T08:17:47.686+0000] {dagbag.py:588} INFO - Filling up the DagBag from /opt/airflow/dags/youtube_warehouse_pipeline.py
[2026-09-17T08:17:47.808+0000] {processor.py:925} INFO - DAG(s) 'youtube_pipeline_warehouse' retrieved from /opt/airflow/dags/youtube_warehouse_pipeline.py
[2026-09-17T08:17:47.830+0000] {logging_mixin.py:190} INFO - [2026-09-17T08:17:47.829+0000] {dag.py:3239} INFO - Sync 1 DAGs
[2026-09-17T08:17:47.845+0000] {logging_mixin.py:190} INFO - [2026-09-17T08:17:47.844+0000] {dag.py:4180} INFO - Setting next_dagrun for youtube_pipeline_warehouse to None, run_after=None
[2026-09-17T08:17:47.865+0000] {processor.py:208} INFO - Processing /opt/airflow/dags/youtube_warehouse_pipeline.py took 0.200 seconds
[2026-09-17T08:18:18.006+0000] {processor.py:186} INFO - Started process (PID=197) to work on /opt/airflow/dags/youtube_warehouse_pipeline.py
[2026-09-17T08:18:18.008+0000] {processor.py:914} INFO - Processing file /opt/airflow/dags/youtube_warehouse_pipeline.py for tasks to queue
[2026-09-17T08:18:18.011+0000] {logging_mixin.py:190} INFO - [2026-09-17T08:18:18.011+0000] {dagbag.py:588} INFO - Filling up the DagBag from /opt/airflow/dags/youtube_warehouse_pipeline.py
[2026-09-17T08:18:18.080+0000] {processor.py:925} INFO - DAG(s) 'youtube_pipeline_warehouse' retrieved from /opt/airflow/dags/youtube_warehouse_pipeline.py
[2026-09-17T08:18:18.119+0000] {logging_mixin.py:190} INFO - [2026-09-17T08:18:18.118+0000] {dag.py:3239} INFO - Sync 1 DAGs
[2026-09-17T08:18:18.134+0000] {logging_mixin.py:190} INFO - [2026-09-17T08:18:18.133+0000] {dag.py:4180} INFO - Setting next_dagrun for youtube_pipeline_warehouse to None, run_after=None
[2026-09-17T08:18:18.151+0000] {processor.py:208} INFO - Processing /opt/airflow/dags/youtube_warehouse_pipeline.py took 0.151 seconds
[2026-09-17T08:18:48.469+0000] {processor.py:186} INFO - Started process (PID=205) to work on /opt/airflow/dags/youtube_warehouse_pipeline.py
[2026-09-17T08:18:48.472+0000] {processor.py:914} INFO - Processing file /opt/airflow/dags/youtube_warehouse_pipeline.py for tasks to queue
[2026-09-17T08:18:48.477+0000] {logging_mixin.py:190} INFO - [2026-09-17T08:18:48.476+0000] {dagbag.py:588} INFO - Filling up the DagBag from /opt/airflow/dags/youtube_warehouse_pipeline.py
[2026-09-17T08:18:48.548+0000] {processor.py:925} INFO - DAG(s) 'youtube_pipeline_warehouse' retrieved from /opt/airflow/dags/youtube_warehouse_pipeline.py
[2026-09-17T08:18:48.568+0000] {logging_mixin.py:190} INFO - [2026-09-17T08:18:48.568+0000] {dag.py:3239} INFO - Sync 1 DAGs
[2026-09-17T08:18:48.582+0000] {logging_mixin.py:190} INFO - [2026-09-17T08:18:48.582+0000] {dag.py:4180} INFO - Setting next_dagrun for youtube_pipeline_warehouse to None, run_after=None
[2026-09-17T08:18:48.606+0000] {processor.py:208} INFO - Processing /opt/airflow/dags/youtube_warehouse_pipeline.py took 0.143 seconds
[2026-09-17T08:19:18.941+0000] {processor.py:186} INFO - Started process (PID=213) to work on /opt/airflow/dags/youtube_warehouse_pipeline.py
[2026-09-17T08:19:18.944+0000] {processor.py:914} INFO - Processing file /opt/airflow/dags/youtube_warehouse_pipeline.py for tasks to queue
[2026-09-17T08:19:18.950+0000] {logging_mixin.py:190} INFO - [2026-09-17T08:19:18.949+0000] {dagbag.py:588} INFO - Filling up the DagBag from /opt/airflow/dags/youtube_warehouse_pipeline.py
[2026-09-17T08:19:19.037+0000] {processor.py:925} INFO - DAG(s) 'youtube_pipeline_warehouse' retrieved from /opt/airflow/dags/youtube_warehouse_pipeline.py
[2026-09-17T08:19:19.067+0000] {logging_mixin.py:190} INFO - [2026-09-17T08:19:19.066+0000] {dag.py:3239} INFO - Sync 1 DAGs
[2026-09-17T08:19:19.082+0000] {logging_mixin.py:190} INFO - [2026-09-17T08:19:19.081+0000] {dag.py:4180} INFO - Setting next_dagrun for youtube_pipeline_warehouse to None, run_after=None
[2026-09-17T08:19:19.108+0000] {processor.py:208} INFO - Processing /opt/airflow/dags/youtube_warehouse_pipeline.py took 0.172 seconds
[2026-09-17T08:19:49.313+0000] {processor.py:186} INFO - Started process (PID=221) to work on /opt/airflow/dags/youtube_warehouse_pipeline.py
[2026-09-17T08:19:49.314+0000] {processor.py:914} INFO - Processing file /opt/airflow/dags/youtube_warehouse_pipeline.py for tasks to queue
[2026-09-17T08:19:49.321+0000] {logging_mixin.py:190} INFO - [2026-09-17T08:19:49.320+0000] {dagbag.py:588} INFO - Filling up the DagBag from /opt/airflow/dags/youtube_warehouse_pipeline.py
[2026-09-17T08:19:49.416+0000] {processor.py:925} INFO - DAG(s) 'youtube_pipeline_warehouse' retrieved from /opt/airflow/dags/youtube_warehouse_pipeline.py
[2026-09-17T08:19:49.445+0000] {logging_mixin.py:190} INFO - [2026-09-17T08:19:49.445+0000] {dag.py:3239} INFO - Sync 1 DAGs
[2026-09-17T08:19:49.462+0000] {logging_mixin.py:190} INFO - [2026-09-17T08:19:49.462+0000] {dag.py:4180} INFO - Setting next_dagrun for youtube_pipeline_warehouse to None, run_after=None
[2026-09-17T08:19:49.486+0000] {processor.py:208} INFO - Processing /opt/airflow/dags/youtube_warehouse_pipeline.py took 0.181 seconds
[2026-09-17T08:20:19.835+0000] {processor.py:186} INFO - Started process (PID=229) to work on /opt/airflow/dags/youtube_warehouse_pipeline.py
[2026-09-17T08:20:19.836+0000] {processor.py:914} INFO - Processing file /opt/airflow/dags/youtube_warehouse_pipeline.py for tasks to queue
[2026-09-17T08:20:19.840+0000] {logging_mixin.py:190} INFO - [2026-09-17T08:20:19.840+0000] {dagbag.py:588} INFO - Filling up the DagBag from /opt/airflow/dags/youtube_warehouse_pipeline.py
[2026-09-17T08:20:19.941+0000] {processor.py:925} INFO - DAG(s) 'youtube_pipeline_warehouse' retrieved from /opt/airflow/dags/youtube_warehouse_pipeline.py
[2026-09-17T08:20:19.960+0000] {logging_mixin.py:190} INFO - [2026-09-17T08:20:19.960+0000] {dag.py:3239} INFO - Sync 1 DAGs
[2026-09-17T08:20:19.973+0000] {logging_mixin.py:190} INFO - [2026-09-17T08:20:19.973+0000] {dag.py:4180} INFO - Setting next_dagrun for youtube_pipeline_warehouse to None, run_after=None
[2026-09-17T08:20:19.993+0000] {processor.py:208} INFO - Processing /opt/airflow/dags/youtube_warehouse_pipeline.py took 0.165 seconds
[2026-09-17T08:20:50.366+0000] {processor.py:186} INFO - Started process (PID=237) to work on /opt/airflow/dags/youtube_warehouse_pipeline.py
[2026-09-17T08:20:50.368+0000] {processor.py:914} INFO - Processing file /opt/airflow/dags/youtube_warehouse_pipeline.py for tasks to queue
[2026-09-17T08:20:50.373+0000] {logging_mixin.py:190} INFO - [2026-09-17T08:20:50.373+0000] {dagbag.py:588} INFO - Filling up the DagBag from /opt/airflow/dags/youtube_warehouse_pipeline.py
[2026-09-17T08:20:50.456+0000] {processor.py:925} INFO - DAG(s) 'youtube_pipeline_warehouse' retrieved from /opt/airflow/dags/youtube_warehouse_pipeline.py
[2026-09-17T08:20:50.481+0000] {logging_mixin.py:190} INFO - [2026-09-17T08:20:50.481+0000] {dag.py:3239} INFO - Sync 1 DAGs
[2026-09-17T08:20:50.494+0000] {logging_mixin.py:190} INFO - [2026-09-17T08:20:50.493+0000] {dag.py:4180} INFO - Setting next_dagrun for youtube_pipeline_warehouse to None, run_after=None
[2026-09-17T08:20:50.513+0000] {processor.py:208} INFO - Processing /opt/airflow/dags/youtube_warehouse_pipeline.py took 0.156 seconds
[2026-09-17T08:21:20.911+0000] {processor.py:186} INFO - Started process (PID=245) to work on /opt/airflow/dags/youtube_warehouse_pipeline.py
[2026-09-17T08:21:20.913+0000] {processor.py:914} INFO - Processing file /opt/airflow/dags/youtube_warehouse_pipeline.py for tasks to queue
[2026-09-17T08:21:20.918+0000] {logging_mixin.py:190} INFO - [2026-09-17T08:21:20.917+0000] {dagbag.py:588} INFO - Filling up the DagBag from /opt/airflow/dags/youtube_warehouse_pipeline.py
[2026-09-17T08:21:20.994+0000] {processor.py:925} INFO - DAG(s) 'youtube_pipeline_warehouse' retrieved from /opt/airflow/dags/youtube_warehouse_pipeline.py
[2026-09-17T08:21:21.027+0000] {logging_mixin.py:190} INFO - [2026-09-17T08:21:21.027+0000] {dag.py:3239} INFO - Sync 1 DAGs
[2026-09-17T08:21:21.040+0000] {logging_mixin.py:190} INFO - [2026-09-17T08:21:21.040+0000] {dag.py:4180} INFO - Setting next_dagrun for youtube_pipeline_warehouse to None, run_after=None
[2026-09-17T08:21:21.064+0000] {processor.py:208} INFO - Processing /opt/airflow/dags/youtube_warehouse_pipeline.py took 0.160 seconds
[2026-09-17T08:21:51.387+0000] {processor.py:186} INFO - Started process (PID=253) to work on /opt/airflow/dags/youtube_warehouse_pipeline.py
[2026-09-17T08:21:51.389+0000] {processor.py:914} INFO - Processing file /opt/airflow/dags/youtube_warehouse_pipeline.py for tasks to queue
[2026-09-17T08:21:51.393+0000] {logging_mixin.py:190} INFO - [2026-09-17T08:21:51.393+0000] {dagbag.py:588} INFO - Filling up the DagBag from /opt/airflow/dags/youtube_warehouse_pipeline.py
[2026-09-17T08:21:51.466+0000] {processor.py:925} INFO - DAG(s) 'youtube_pipeline_warehouse' retrieved from /opt/airflow/dags/youtube_warehouse_pipeline.py
[2026-09-17T08:21:51.486+0000] {logging_mixin.py:190} INFO - [2026-09-17T08:21:51.486+0000] {dag.py:3239} INFO - Sync 1 DAGs
[2026-09-17T08:21:51.498+0000] {logging_mixin.py:190} INFO - [2026-09-17T08:21:51.498+0000] {dag.py:4180} INFO - Setting next_dagrun for youtube_pipeline_warehouse to None, run_after=None
[2026-09-17T08:21:51.517+0000] {processor.py:208} INFO - Processing /opt/airflow/dags/youtube_warehouse_pipeline.py took 0.136 seconds
[2026-09-17T08:22:21.882+0000] {processor.py:186} INFO - Started process (PID=261) to work on /opt/airflow/dags/youtube_warehouse_pipeline.py
[2026-09-17T08:22:21.884+0000] {processor.py:914} INFO - Processing file /opt/airflow/dags/youtube_warehouse_pipeline.py for tasks to queue
[2026-09-17T08:22:21.887+0000] {logging_mixin.py:190} INFO - [2026-09-17T08:22:21.887+0000] {dagbag.py:588} INFO - Filling up the DagBag from /opt/airflow/dags/youtube_warehouse_pipeline.py
[2026-09-17T08:22:21.973+0000] {processor.py:925} INFO - DAG(s) 'youtube_pipeline_warehouse' retrieved from /opt/airflow/dags/youtube_warehouse_pipeline.py
[2026-09-17T08:22:21.993+0000] {logging_mixin.py:190} INFO - [2026-09-17T08:22:21.993+0000] {dag.py:3239} INFO - Sync 1 DAGs
[2026-09-17T08:22:22.006+0000] {logging_mixin.py:190} INFO - [2026-09-17T08:22:22.005+0000] {dag.py:4180} INFO - Setting next_dagrun for youtube_pipeline_warehouse to None, run_after=None
[2026-09-17T08:22:22.025+0000] {processor.py:208} INFO - Processing /opt/airflow/dags/youtube_warehouse_pipeline.py took 0.150 seconds
[2026-09-17T08:22:52.255+0000] {processor.py:186} INFO - Started process (PID=269) to work on /opt/airflow/dags/youtube_warehouse_pipeline.py
[2026-09-17T08:22:52.257+0000] {processor.py:914} INFO - Processing file /opt/airflow/dags/youtube_warehouse_pipeline.py for tasks to queue
[2026-09-17T08:22:52.264+0000] {logging_mixin.py:190} INFO - [2026-09-17T08:22:52.264+0000] {dagbag.py:588} INFO - Filling up the DagBag from /opt/airflow/dags/youtube_warehouse_pipeline.py
[2026-09-17T08:22:52.363+0000] {processor.py:925} INFO - DAG(s) 'youtube_pipeline_warehouse' retrieved from /opt/airflow/dags/youtube_warehouse_pipeline.py
[2026-09-17T08:22:52.386+0000] {logging_mixin.py:190} INFO - [2026-09-17T08:22:52.385+0000] {dag.py:3239} INFO - Sync 1 DAGs
[2026-09-17T08:22:52.400+0000] {logging_mixin.py:190} INFO - [2026-09-17T08:22:52.400+0000] {dag.py:4180} INFO - Setting next_dagrun for youtube_pipeline_warehouse to None, run_after=None
[2026-09-17T08:22:52.424+0000] {processor.py:208} INFO - Processing /opt/airflow/dags/youtube_warehouse_pipeline.py took 0.176 seconds
[2026-09-17T08:23:22.813+0000] {processor.py:186} INFO - Started process (PID=277) to work on /opt/airflow/dags/youtube_warehouse_pipeline.py
[2026-09-17T08:23:22.814+0000] {processor.py:914} INFO - Processing file /opt/airflow/dags/youtube_warehouse_pipeline.py for tasks to queue
[2026-09-17T08:23:22.825+0000] {logging_mixin.py:190} INFO - [2026-09-17T08:23:22.825+0000] {dagbag.py:588} INFO - Filling up the DagBag from /opt/airflow/dags/youtube_warehouse_pipeline.py
[2026-09-17T08:23:22.906+0000] {processor.py:925} INFO - DAG(s) 'youtube_pipeline_warehouse' retrieved from /opt/airflow/dags/youtube_warehouse_pipeline.py
[2026-09-17T08:23:22.937+0000] {logging_mixin.py:190} INFO - [2026-09-17T08:23:22.937+0000] {dag.py:3239} INFO - Sync 1 DAGs
[2026-09-17T08:23:22.951+0000] {logging_mixin.py:190} INFO - [2026-09-17T08:23:22.951+0000] {dag.py:4180} INFO - Setting next_dagrun for youtube_pipeline_warehouse to None, run_after=None
[2026-09-17T08:23:22.970+0000] {processor.py:208} INFO - Processing /opt/airflow/dags/youtube_warehouse_pipeline.py took 0.162 seconds
[2026-09-17T08:23:53.276+0000] {processor.py:186} INFO - Started process (PID=291) to work on /opt/airflow/dags/youtube_warehouse_pipeline.py
[2026-09-17T08:23:53.278+0000] {processor.py:914} INFO - Processing file /opt/airflow/dags/youtube_warehouse_pipeline.py for tasks to queue
[2026-09-17T08:23:53.283+0000] {logging_mixin.py:190} INFO - [2026-09-17T08:23:53.283+0000] {dagbag.py:588} INFO - Filling up the DagBag from /opt/airflow/dags/youtube_warehouse_pipeline.py
[2026-09-17T08:23:53.383+0000] {processor.py:925} INFO - DAG(s) 'youtube_pipeline_warehouse' retrieved from /opt/airflow/dags/youtube_warehouse_pipeline.py
[2026-09-17T08:23:53.415+0000] {logging_mixin.py:190} INFO - [2026-09-17T08:23:53.414+0000] {dag.py:3239} INFO - Sync 1 DAGs
[2026-09-17T08:23:53.433+0000] {logging_mixin.py:190} INFO - [2026-09-17T08:23:53.432+0000] {dag.py:4180} INFO - Setting next_dagrun for youtube_pipeline_warehouse to None, run_after=None
[2026-09-17T08:23:53.452+0000] {processor.py:208} INFO - Processing /opt/airflow/dags/youtube_warehouse_pipeline.py took 0.186 seconds
[2026-09-17T08:24:24.406+0000] {processor.py:186} INFO - Started process (PID=299) to work on /opt/airflow/dags/youtube_warehouse_pipeline.py
[2026-09-17T08:24:24.410+0000] {processor.py:914} INFO - Processing file /opt/airflow/dags/youtube_warehouse_pipeline.py for tasks to queue
[2026-09-17T08:24:24.419+0000] {logging_mixin.py:190} INFO - [2026-09-17T08:24:24.418+0000] {dagbag.py:588} INFO - Filling up the DagBag from /opt/airflow/dags/youtube_warehouse_pipeline.py
[2026-09-17T08:24:24.625+0000] {processor.py:925} INFO - DAG(s) 'youtube_pipeline_warehouse' retrieved from /opt/airflow/dags/youtube_warehouse_pipeline.py
[2026-09-17T08:24:24.659+0000] {logging_mixin.py:190} INFO - [2026-09-17T08:24:24.658+0000] {dag.py:3239} INFO - Sync 1 DAGs
[2026-09-17T08:24:24.712+0000] {logging_mixin.py:190} INFO - [2026-09-17T08:24:24.712+0000] {dag.py:4180} INFO - Setting next_dagrun for youtube_pipeline_warehouse to None, run_after=None
[2026-09-17T08:24:24.758+0000] {processor.py:208} INFO - Processing /opt/airflow/dags/youtube_warehouse_pipeline.py took 0.368 seconds
[2026-09-17T08:24:55.052+0000] {processor.py:186} INFO - Started process (PID=307) to work on /opt/airflow/dags/youtube_warehouse_pipeline.py
[2026-09-17T08:24:55.054+0000] {processor.py:914} INFO - Processing file /opt/airflow/dags/youtube_warehouse_pipeline.py for tasks to queue
[2026-09-17T08:24:55.062+0000] {logging_mixin.py:190} INFO - [2026-09-17T08:24:55.062+0000] {dagbag.py:588} INFO - Filling up the DagBag from /opt/airflow/dags/youtube_warehouse_pipeline.py
[2026-09-17T08:24:55.180+0000] {processor.py:925} INFO - DAG(s) 'youtube_pipeline_warehouse' retrieved from /opt/airflow/dags/youtube_warehouse_pipeline.py
[2026-09-17T08:24:55.206+0000] {logging_mixin.py:190} INFO - [2026-09-17T08:24:55.206+0000] {dag.py:3239} INFO - Sync 1 DAGs
[2026-09-17T08:24:55.224+0000] {logging_mixin.py:190} INFO - [2026-09-17T08:24:55.223+0000] {dag.py:4180} INFO - Setting next_dagrun for youtube_pipeline_warehouse to None, run_after=None
[2026-09-17T08:24:55.256+0000] {processor.py:208} INFO - Processing /opt/airflow/dags/youtube_warehouse_pipeline.py took 0.210 seconds
[2026-09-17T08:25:25.611+0000] {processor.py:186} INFO - Started process (PID=315) to work on /opt/airflow/dags/youtube_warehouse_pipeline.py
[2026-09-17T08:25:25.613+0000] {processor.py:914} INFO - Processing file /opt/airflow/dags/youtube_warehouse_pipeline.py for tasks to queue
[2026-09-17T08:25:25.617+0000] {logging_mixin.py:190} INFO - [2026-09-17T08:25:25.616+0000] {dagbag.py:588} INFO - Filling up the DagBag from /opt/airflow/dags/youtube_warehouse_pipeline.py
[2026-09-17T08:25:25.707+0000] {processor.py:925} INFO - DAG(s) 'youtube_pipeline_warehouse' retrieved from /opt/airflow/dags/youtube_warehouse_pipeline.py
[2026-09-17T08:25:25.727+0000] {logging_mixin.py:190} INFO - [2026-09-17T08:25:25.727+0000] {dag.py:3239} INFO - Sync 1 DAGs
[2026-09-17T08:25:25.741+0000] {logging_mixin.py:190} INFO - [2026-09-17T08:25:25.740+0000] {dag.py:4180} INFO - Setting next_dagrun for youtube_pipeline_warehouse to None, run_after=None
[2026-09-17T08:25:25.761+0000] {processor.py:208} INFO - Processing /opt/airflow/dags/youtube_warehouse_pipeline.py took 0.156 seconds
[2026-09-17T08:25:55.964+0000] {processor.py:186} INFO - Started process (PID=324) to work on /opt/airflow/dags/youtube_warehouse_pipeline.py
[2026-09-17T08:25:55.966+0000] {processor.py:914} INFO - Processing file /opt/airflow/dags/youtube_warehouse_pipeline.py for tasks to queue
[2026-09-17T08:25:55.969+0000] {logging_mixin.py:190} INFO - [2026-09-17T08:25:55.969+0000] {dagbag.py:588} INFO - Filling up the DagBag from /opt/airflow/dags/youtube_warehouse_pipeline.py
[2026-09-17T08:25:56.052+0000] {processor.py:925} INFO - DAG(s) 'youtube_pipeline_warehouse' retrieved from /opt/airflow/dags/youtube_warehouse_pipeline.py
[2026-09-17T08:25:56.089+0000] {logging_mixin.py:190} INFO - [2026-09-17T08:25:56.089+0000] {dag.py:3239} INFO - Sync 1 DAGs
[2026-09-17T08:25:56.103+0000] {logging_mixin.py:190} INFO - [2026-09-17T08:25:56.103+0000] {dag.py:4180} INFO - Setting next_dagrun for youtube_pipeline_warehouse to None, run_after=None
[2026-09-17T08:25:56.126+0000] {processor.py:208} INFO - Processing /opt/airflow/dags/youtube_warehouse_pipeline.py took 0.168 seconds
[2026-09-17T08:26:26.524+0000] {processor.py:186} INFO - Started process (PID=332) to work on /opt/airflow/dags/youtube_warehouse_pipeline.py
[2026-09-17T08:26:26.530+0000] {processor.py:914} INFO - Processing file /opt/airflow/dags/youtube_warehouse_pipeline.py for tasks to queue
[2026-09-17T08:26:26.533+0000] {logging_mixin.py:190} INFO - [2026-09-17T08:26:26.532+0000] {dagbag.py:588} INFO - Filling up the DagBag from /opt/airflow/dags/youtube_warehouse_pipeline.py
[2026-09-17T08:26:26.610+0000] {processor.py:925} INFO - DAG(s) 'youtube_pipeline_warehouse' retrieved from /opt/airflow/dags/youtube_warehouse_pipeline.py
[2026-09-17T08:26:26.630+0000] {logging_mixin.py:190} INFO - [2026-09-17T08:26:26.630+0000] {dag.py:3239} INFO - Sync 1 DAGs
[2026-09-17T08:26:26.643+0000] {logging_mixin.py:190} INFO - [2026-09-17T08:26:26.642+0000] {dag.py:4180} INFO - Setting next_dagrun for youtube_pipeline_warehouse to None, run_after=None
[2026-09-17T08:26:26.662+0000] {processor.py:208} INFO - Processing /opt/airflow/dags/youtube_warehouse_pipeline.py took 0.162 seconds
[2026-09-17T08:26:57.027+0000] {processor.py:186} INFO - Started process (PID=340) to work on /opt/airflow/dags/youtube_warehouse_pipeline.py
[2026-09-17T08:26:57.029+0000] {processor.py:914} INFO - Processing file /opt/airflow/dags/youtube_warehouse_pipeline.py for tasks to queue
[2026-09-17T08:26:57.034+0000] {logging_mixin.py:190} INFO - [2026-09-17T08:26:57.033+0000] {dagbag.py:588} INFO - Filling up the DagBag from /opt/airflow/dags/youtube_warehouse_pipeline.py
[2026-09-17T08:26:57.113+0000] {processor.py:925} INFO - DAG(s) 'youtube_pipeline_warehouse' retrieved from /opt/airflow/dags/youtube_warehouse_pipeline.py
[2026-09-17T08:26:57.133+0000] {logging_mixin.py:190} INFO - [2026-09-17T08:26:57.133+0000] {dag.py:3239} INFO - Sync 1 DAGs
[2026-09-17T08:26:57.148+0000] {logging_mixin.py:190} INFO - [2026-09-17T08:26:57.148+0000] {dag.py:4180} INFO - Setting next_dagrun for youtube_pipeline_warehouse to None, run_after=None
[2026-09-17T08:26:57.167+0000] {processor.py:208} INFO - Processing /opt/airflow/dags/youtube_warehouse_pipeline.py took 0.148 seconds
[2026-09-17T08:27:27.536+0000] {processor.py:186} INFO - Started process (PID=348) to work on /opt/airflow/dags/youtube_warehouse_pipeline.py
[2026-09-17T08:27:27.538+0000] {processor.py:914} INFO - Processing file /opt/airflow/dags/youtube_warehouse_pipeline.py for tasks to queue
[2026-09-17T08:27:27.543+0000] {logging_mixin.py:190} INFO - [2026-09-17T08:27:27.542+0000] {dagbag.py:588} INFO - Filling up the DagBag from /opt/airflow/dags/youtube_warehouse_pipeline.py
[2026-09-17T08:27:27.626+0000] {processor.py:925} INFO - DAG(s) 'youtube_pipeline_warehouse' retrieved from /opt/airflow/dags/youtube_warehouse_pipeline.py
[2026-09-17T08:27:27.649+0000] {logging_mixin.py:190} INFO - [2026-09-17T08:27:27.648+0000] {dag.py:3239} INFO - Sync 1 DAGs
[2026-09-17T08:27:27.662+0000] {logging_mixin.py:190} INFO - [2026-09-17T08:27:27.661+0000] {dag.py:4180} INFO - Setting next_dagrun for youtube_pipeline_warehouse to None, run_after=None
[2026-09-17T08:27:27.681+0000] {processor.py:208} INFO - Processing /opt/airflow/dags/youtube_warehouse_pipeline.py took 0.151 seconds
[2026-09-17T08:27:57.901+0000] {processor.py:186} INFO - Started process (PID=356) to work on /opt/airflow/dags/youtube_warehouse_pipeline.py
[2026-09-17T08:27:57.903+0000] {processor.py:914} INFO - Processing file /opt/airflow/dags/youtube_warehouse_pipeline.py for tasks to queue
[2026-09-17T08:27:57.907+0000] {logging_mixin.py:190} INFO - [2026-09-17T08:27:57.906+0000] {dagbag.py:588} INFO - Filling up the DagBag from /opt/airflow/dags/youtube_warehouse_pipeline.py
[2026-09-17T08:27:57.975+0000] {processor.py:925} INFO - DAG(s) 'youtube_pipeline_warehouse' retrieved from /opt/airflow/dags/youtube_warehouse_pipeline.py
[2026-09-17T08:27:58.003+0000] {logging_mixin.py:190} INFO - [2026-09-17T08:27:58.002+0000] {dag.py:3239} INFO - Sync 1 DAGs
[2026-09-17T08:27:58.016+0000] {logging_mixin.py:190} INFO - [2026-09-17T08:27:58.016+0000] {dag.py:4180} INFO - Setting next_dagrun for youtube_pipeline_warehouse to None, run_after=None
[2026-09-17T08:27:58.036+0000] {processor.py:208} INFO - Processing /opt/airflow/dags/youtube_warehouse_pipeline.py took 0.140 seconds
[2026-09-17T08:28:28.357+0000] {processor.py:186} INFO - Started process (PID=364) to work on /opt/airflow/dags/youtube_warehouse_pipeline.py
[2026-09-17T08:28:28.359+0000] {processor.py:914} INFO - Processing file /opt/airflow/dags/youtube_warehouse_pipeline.py for tasks to queue
[2026-09-17T08:28:28.363+0000] {logging_mixin.py:190} INFO - [2026-09-17T08:28:28.363+0000] {dagbag.py:588} INFO - Filling up the DagBag from /opt/airflow/dags/youtube_warehouse_pipeline.py
[2026-09-17T08:28:28.437+0000] {processor.py:925} INFO - DAG(s) 'youtube_pipeline_warehouse' retrieved from /opt/airflow/dags/youtube_warehouse_pipeline.py
[2026-09-17T08:28:28.456+0000] {logging_mixin.py:190} INFO - [2026-09-17T08:28:28.456+0000] {dag.py:3239} INFO - Sync 1 DAGs
[2026-09-17T08:28:28.468+0000] {logging_mixin.py:190} INFO - [2026-09-17T08:28:28.468+0000] {dag.py:4180} INFO - Setting next_dagrun for youtube_pipeline_warehouse to None, run_after=None
[2026-09-17T08:28:28.493+0000] {processor.py:208} INFO - Processing /opt/airflow/dags/youtube_warehouse_pipeline.py took 0.142 seconds
[2026-09-17T08:28:58.726+0000] {processor.py:186} INFO - Started process (PID=372) to work on /opt/airflow/dags/youtube_warehouse_pipeline.py
[2026-09-17T08:28:58.731+0000] {processor.py:914} INFO - Processing file /opt/airflow/dags/youtube_warehouse_pipeline.py for tasks to queue
[2026-09-17T08:28:58.742+0000] {logging_mixin.py:190} INFO - [2026-09-17T08:28:58.742+0000] {dagbag.py:588} INFO - Filling up the DagBag from /opt/airflow/dags/youtube_warehouse_pipeline.py
[2026-09-17T08:28:58.873+0000] {processor.py:925} INFO - DAG(s) 'youtube_pipeline_warehouse' retrieved from /opt/airflow/dags/youtube_warehouse_pipeline.py
[2026-09-17T08:28:58.903+0000] {logging_mixin.py:190} INFO - [2026-09-17T08:28:58.902+0000] {dag.py:3239} INFO - Sync 1 DAGs
[2026-09-17T08:28:58.916+0000] {logging_mixin.py:190} INFO - [2026-09-17T08:28:58.916+0000] {dag.py:4180} INFO - Setting next_dagrun for youtube_pipeline_warehouse to None, run_after=None
[2026-09-17T08:28:58.936+0000] {processor.py:208} INFO - Processing /opt/airflow/dags/youtube_warehouse_pipeline.py took 0.238 seconds
[2026-09-17T08:29:29.230+0000] {processor.py:186} INFO - Started process (PID=381) to work on /opt/airflow/dags/youtube_warehouse_pipeline.py
[2026-09-17T08:29:29.232+0000] {processor.py:914} INFO - Processing file /opt/airflow/dags/youtube_warehouse_pipeline.py for tasks to queue
[2026-09-17T08:29:29.238+0000] {logging_mixin.py:190} INFO - [2026-09-17T08:29:29.237+0000] {dagbag.py:588} INFO - Filling up the DagBag from /opt/airflow/dags/youtube_warehouse_pipeline.py
[2026-09-17T08:29:29.324+0000] {processor.py:925} INFO - DAG(s) 'youtube_pipeline_warehouse' retrieved from /opt/airflow/dags/youtube_warehouse_pipeline.py
[2026-09-17T08:29:29.348+0000] {logging_mixin.py:190} INFO - [2026-09-17T08:29:29.348+0000] {dag.py:3239} INFO - Sync 1 DAGs
[2026-09-17T08:29:29.362+0000] {logging_mixin.py:190} INFO - [2026-09-17T08:29:29.362+0000] {dag.py:4180} INFO - Setting next_dagrun for youtube_pipeline_warehouse to None, run_after=None
[2026-09-17T08:29:29.384+0000] {processor.py:208} INFO - Processing /opt/airflow/dags/youtube_warehouse_pipeline.py took 0.162 seconds
[2026-09-17T08:29:59.801+0000] {processor.py:186} INFO - Started process (PID=389) to work on /opt/airflow/dags/youtube_warehouse_pipeline.py
[2026-09-17T08:29:59.803+0000] {processor.py:914} INFO - Processing file /opt/airflow/dags/youtube_warehouse_pipeline.py for tasks to queue
[2026-09-17T08:29:59.806+0000] {logging_mixin.py:190} INFO - [2026-09-17T08:29:59.806+0000] {dagbag.py:588} INFO - Filling up the DagBag from /opt/airflow/dags/youtube_warehouse_pipeline.py
[2026-09-17T08:29:59.902+0000] {processor.py:925} INFO - DAG(s) 'youtube_pipeline_warehouse' retrieved from /opt/airflow/dags/youtube_warehouse_pipeline.py
[2026-09-17T08:29:59.926+0000] {logging_mixin.py:190} INFO - [2026-09-17T08:29:59.925+0000] {dag.py:3239} INFO - Sync 1 DAGs
[2026-09-17T08:29:59.942+0000] {logging_mixin.py:190} INFO - [2026-09-17T08:29:59.942+0000] {dag.py:4180} INFO - Setting next_dagrun for youtube_pipeline_warehouse to None, run_after=None
[2026-09-17T08:29:59.960+0000] {processor.py:208} INFO - Processing /opt/airflow/dags/youtube_warehouse_pipeline.py took 0.168 seconds
[2026-09-17T08:30:30.151+0000] {processor.py:186} INFO - Started process (PID=397) to work on /opt/airflow/dags/youtube_warehouse_pipeline.py
[2026-09-17T08:30:30.153+0000] {processor.py:914} INFO - Processing file /opt/airflow/dags/youtube_warehouse_pipeline.py for tasks to queue
[2026-09-17T08:30:30.157+0000] {logging_mixin.py:190} INFO - [2026-09-17T08:30:30.157+0000] {dagbag.py:588} INFO - Filling up the DagBag from /opt/airflow/dags/youtube_warehouse_pipeline.py
[2026-09-17T08:30:30.240+0000] {processor.py:925} INFO - DAG(s) 'youtube_pipeline_warehouse' retrieved from /opt/airflow/dags/youtube_warehouse_pipeline.py
[2026-09-17T08:30:30.264+0000] {logging_mixin.py:190} INFO - [2026-09-17T08:30:30.264+0000] {dag.py:3239} INFO - Sync 1 DAGs
[2026-09-17T08:30:30.279+0000] {logging_mixin.py:190} INFO - [2026-09-17T08:30:30.279+0000] {dag.py:4180} INFO - Setting next_dagrun for youtube_pipeline_warehouse to None, run_after=None
[2026-09-17T08:30:30.301+0000] {processor.py:208} INFO - Processing /opt/airflow/dags/youtube_warehouse_pipeline.py took 0.158 seconds
[2026-09-17T08:31:00.614+0000] {processor.py:186} INFO - Started process (PID=405) to work on /opt/airflow/dags/youtube_warehouse_pipeline.py
[2026-09-17T08:31:00.616+0000] {processor.py:914} INFO - Processing file /opt/airflow/dags/youtube_warehouse_pipeline.py for tasks to queue
[2026-09-17T08:31:00.619+0000] {logging_mixin.py:190} INFO - [2026-09-17T08:31:00.619+0000] {dagbag.py:588} INFO - Filling up the DagBag from /opt/airflow/dags/youtube_warehouse_pipeline.py
[2026-09-17T08:31:00.681+0000] {processor.py:925} INFO - DAG(s) 'youtube_pipeline_warehouse' retrieved from /opt/airflow/dags/youtube_warehouse_pipeline.py
[2026-09-17T08:31:00.699+0000] {logging_mixin.py:190} INFO - [2026-09-17T08:31:00.698+0000] {dag.py:3239} INFO - Sync 1 DAGs
[2026-09-17T08:31:00.710+0000] {logging_mixin.py:190} INFO - [2026-09-17T08:31:00.710+0000] {dag.py:4180} INFO - Setting next_dagrun for youtube_pipeline_warehouse to None, run_after=None
[2026-09-17T08:31:00.729+0000] {processor.py:208} INFO - Processing /opt/airflow/dags/youtube_warehouse_pipeline.py took 0.139 seconds
[2026-09-17T08:31:31.087+0000] {processor.py:186} INFO - Started process (PID=413) to work on /opt/airflow/dags/youtube_warehouse_pipeline.py
[2026-09-17T08:31:31.088+0000] {processor.py:914} INFO - Processing file /opt/airflow/dags/youtube_warehouse_pipeline.py for tasks to queue
[2026-09-17T08:31:31.092+0000] {logging_mixin.py:190} INFO - [2026-09-17T08:31:31.092+0000] {dagbag.py:588} INFO - Filling up the DagBag from /opt/airflow/dags/youtube_warehouse_pipeline.py
[2026-09-17T08:31:31.167+0000] {processor.py:925} INFO - DAG(s) 'youtube_pipeline_warehouse' retrieved from /opt/airflow/dags/youtube_warehouse_pipeline.py
[2026-09-17T08:31:31.187+0000] {logging_mixin.py:190} INFO - [2026-09-17T08:31:31.186+0000] {dag.py:3239} INFO - Sync 1 DAGs
[2026-09-17T08:31:31.199+0000] {logging_mixin.py:190} INFO - [2026-09-17T08:31:31.199+0000] {dag.py:4180} INFO - Setting next_dagrun for youtube_pipeline_warehouse to None, run_after=None
[2026-09-17T08:31:31.219+0000] {processor.py:208} INFO - Processing /opt/airflow/dags/youtube_warehouse_pipeline.py took 0.138 seconds
[2026-09-17T08:32:01.435+0000] {processor.py:186} INFO - Started process (PID=421) to work on /opt/airflow/dags/youtube_warehouse_pipeline.py
[2026-09-17T08:32:01.438+0000] {processor.py:914} INFO - Processing file /opt/airflow/dags/youtube_warehouse_pipeline.py for tasks to queue
[2026-09-17T08:32:01.441+0000] {logging_mixin.py:190} INFO - [2026-09-17T08:32:01.441+0000] {dagbag.py:588} INFO - Filling up the DagBag from /opt/airflow/dags/youtube_warehouse_pipeline.py
[2026-09-17T08:32:01.514+0000] {processor.py:925} INFO - DAG(s) 'youtube_pipeline_warehouse' retrieved from /opt/airflow/dags/youtube_warehouse_pipeline.py
[2026-09-17T08:32:01.533+0000] {logging_mixin.py:190} INFO - [2026-09-17T08:32:01.532+0000] {dag.py:3239} INFO - Sync 1 DAGs
[2026-09-17T08:32:01.546+0000] {logging_mixin.py:190} INFO - [2026-09-17T08:32:01.545+0000] {dag.py:4180} INFO - Setting next_dagrun for youtube_pipeline_warehouse to None, run_after=None
[2026-09-17T08:32:01.565+0000] {processor.py:208} INFO - Processing /opt/airflow/dags/youtube_warehouse_pipeline.py took 0.134 seconds
[2026-09-17T08:32:31.940+0000] {processor.py:186} INFO - Started process (PID=429) to work on /opt/airflow/dags/youtube_warehouse_pipeline.py
[2026-09-17T08:32:31.942+0000] {processor.py:914} INFO - Processing file /opt/airflow/dags/youtube_warehouse_pipeline.py for tasks to queue
[2026-09-17T08:32:31.946+0000] {logging_mixin.py:190} INFO - [2026-09-17T08:32:31.945+0000] {dagbag.py:588} INFO - Filling up the DagBag from /opt/airflow/dags/youtube_warehouse_pipeline.py
[2026-09-17T08:32:32.034+0000] {processor.py:925} INFO - DAG(s) 'youtube_pipeline_warehouse' retrieved from /opt/airflow/dags/youtube_warehouse_pipeline.py
[2026-09-17T08:32:32.056+0000] {logging_mixin.py:190} INFO - [2026-09-17T08:32:32.056+0000] {dag.py:3239} INFO - Sync 1 DAGs
[2026-09-17T08:32:32.069+0000] {logging_mixin.py:190} INFO - [2026-09-17T08:32:32.069+0000] {dag.py:4180} INFO - Setting next_dagrun for youtube_pipeline_warehouse to None, run_after=None
[2026-09-17T08:32:32.088+0000] {processor.py:208} INFO - Processing /opt/airflow/dags/youtube_warehouse_pipeline.py took 0.156 seconds
[2026-09-17T08:33:02.321+0000] {processor.py:186} INFO - Started process (PID=437) to work on /opt/airflow/dags/youtube_warehouse_pipeline.py
[2026-09-17T08:33:02.323+0000] {processor.py:914} INFO - Processing file /opt/airflow/dags/youtube_warehouse_pipeline.py for tasks to queue
[2026-09-17T08:33:02.327+0000] {logging_mixin.py:190} INFO - [2026-09-17T08:33:02.326+0000] {dagbag.py:588} INFO - Filling up the DagBag from /opt/airflow/dags/youtube_warehouse_pipeline.py
[2026-09-17T08:33:02.401+0000] {processor.py:925} INFO - DAG(s) 'youtube_pipeline_warehouse' retrieved from /opt/airflow/dags/youtube_warehouse_pipeline.py
[2026-09-17T08:33:02.422+0000] {logging_mixin.py:190} INFO - [2026-09-17T08:33:02.422+0000] {dag.py:3239} INFO - Sync 1 DAGs
[2026-09-17T08:33:02.435+0000] {logging_mixin.py:190} INFO - [2026-09-17T08:33:02.435+0000] {dag.py:4180} INFO - Setting next_dagrun for youtube_pipeline_warehouse to None, run_after=None
[2026-09-17T08:33:02.454+0000] {processor.py:208} INFO - Processing /opt/airflow/dags/youtube_warehouse_pipeline.py took 0.138 seconds
[2026-09-17T08:33:32.758+0000] {processor.py:186} INFO - Started process (PID=445) to work on /opt/airflow/dags/youtube_warehouse_pipeline.py
[2026-09-17T08:33:32.760+0000] {processor.py:914} INFO - Processing file /opt/airflow/dags/youtube_warehouse_pipeline.py for tasks to queue
[2026-09-17T08:33:32.765+0000] {logging_mixin.py:190} INFO - [2026-09-17T08:33:32.765+0000] {dagbag.py:588} INFO - Filling up the DagBag from /opt/airflow/dags/youtube_warehouse_pipeline.py
[2026-09-17T08:33:32.843+0000] {processor.py:925} INFO - DAG(s) 'youtube_pipeline_warehouse' retrieved from /opt/airflow/dags/youtube_warehouse_pipeline.py
[2026-09-17T08:33:32.863+0000] {logging_mixin.py:190} INFO - [2026-09-17T08:33:32.863+0000] {dag.py:3239} INFO - Sync 1 DAGs
[2026-09-17T08:33:32.878+0000] {logging_mixin.py:190} INFO - [2026-09-17T08:33:32.877+0000] {dag.py:4180} INFO - Setting next_dagrun for youtube_pipeline_warehouse to None, run_after=None
[2026-09-17T08:33:32.906+0000] {processor.py:208} INFO - Processing /opt/airflow/dags/youtube_warehouse_pipeline.py took 0.156 seconds
[2026-09-17T08:34:03.096+0000] {processor.py:186} INFO - Started process (PID=453) to work on /opt/airflow/dags/youtube_warehouse_pipeline.py
[2026-09-17T08:34:03.098+0000] {processor.py:914} INFO - Processing file /opt/airflow/dags/youtube_warehouse_pipeline.py for tasks to queue
[2026-09-17T08:34:03.103+0000] {logging_mixin.py:190} INFO - [2026-09-17T08:34:03.102+0000] {dagbag.py:588} INFO - Filling up the DagBag from /opt/airflow/dags/youtube_warehouse_pipeline.py
[2026-09-17T08:34:03.181+0000] {processor.py:925} INFO - DAG(s) 'youtube_pipeline_warehouse' retrieved from /opt/airflow/dags/youtube_warehouse_pipeline.py
[2026-09-17T08:34:03.204+0000] {logging_mixin.py:190} INFO - [2026-09-17T08:34:03.203+0000] {dag.py:3239} INFO - Sync 1 DAGs
[2026-09-17T08:34:03.217+0000] {logging_mixin.py:190} INFO - [2026-09-17T08:34:03.217+0000] {dag.py:4180} INFO - Setting next_dagrun for youtube_pipeline_warehouse to None, run_after=None
[2026-09-17T08:34:03.237+0000] {processor.py:208} INFO - Processing /opt/airflow/dags/youtube_warehouse_pipeline.py took 0.146 seconds
[2026-09-17T08:34:33.567+0000] {processor.py:186} INFO - Started process (PID=461) to work on /opt/airflow/dags/youtube_warehouse_pipeline.py
[2026-09-17T08:34:33.569+0000] {processor.py:914} INFO - Processing file /opt/airflow/dags/youtube_warehouse_pipeline.py for tasks to queue
[2026-09-17T08:34:33.572+0000] {logging_mixin.py:190} INFO - [2026-09-17T08:34:33.572+0000] {dagbag.py:588} INFO - Filling up the DagBag from /opt/airflow/dags/youtube_warehouse_pipeline.py
[2026-09-17T08:34:33.645+0000] {processor.py:925} INFO - DAG(s) 'youtube_pipeline_warehouse' retrieved from /opt/airflow/dags/youtube_warehouse_pipeline.py
[2026-09-17T08:34:33.664+0000] {logging_mixin.py:190} INFO - [2026-09-17T08:34:33.663+0000] {dag.py:3239} INFO - Sync 1 DAGs
[2026-09-17T08:34:33.675+0000] {logging_mixin.py:190} INFO - [2026-09-17T08:34:33.675+0000] {dag.py:4180} INFO - Setting next_dagrun for youtube_pipeline_warehouse to None, run_after=None
[2026-09-17T08:34:33.694+0000] {processor.py:208} INFO - Processing /opt/airflow/dags/youtube_warehouse_pipeline.py took 0.133 seconds
[2026-09-17T08:35:04.099+0000] {processor.py:186} INFO - Started process (PID=470) to work on /opt/airflow/dags/youtube_warehouse_pipeline.py
[2026-09-17T08:35:04.101+0000] {processor.py:914} INFO - Processing file /opt/airflow/dags/youtube_warehouse_pipeline.py for tasks to queue
[2026-09-17T08:35:04.107+0000] {logging_mixin.py:190} INFO - [2026-09-17T08:35:04.106+0000] {dagbag.py:588} INFO - Filling up the DagBag from /opt/airflow/dags/youtube_warehouse_pipeline.py
[2026-09-17T08:35:04.174+0000] {processor.py:925} INFO - DAG(s) 'youtube_pipeline_warehouse' retrieved from /opt/airflow/dags/youtube_warehouse_pipeline.py
[2026-09-17T08:35:04.194+0000] {logging_mixin.py:190} INFO - [2026-09-17T08:35:04.194+0000] {dag.py:3239} INFO - Sync 1 DAGs
[2026-09-17T08:35:04.206+0000] {logging_mixin.py:190} INFO - [2026-09-17T08:35:04.206+0000] {dag.py:4180} INFO - Setting next_dagrun for youtube_pipeline_warehouse to None, run_after=None
[2026-09-17T08:35:04.227+0000] {processor.py:208} INFO - Processing /opt/airflow/dags/youtube_warehouse_pipeline.py took 0.134 seconds
[2026-09-17T08:35:34.498+0000] {processor.py:186} INFO - Started process (PID=478) to work on /opt/airflow/dags/youtube_warehouse_pipeline.py
[2026-09-17T08:35:34.500+0000] {processor.py:914} INFO - Processing file /opt/airflow/dags/youtube_warehouse_pipeline.py for tasks to queue
[2026-09-17T08:35:34.503+0000] {logging_mixin.py:190} INFO - [2026-09-17T08:35:34.502+0000] {dagbag.py:588} INFO - Filling up the DagBag from /opt/airflow/dags/youtube_warehouse_pipeline.py
[2026-09-17T08:35:34.579+0000] {processor.py:925} INFO - DAG(s) 'youtube_pipeline_warehouse' retrieved from /opt/airflow/dags/youtube_warehouse_pipeline.py
[2026-09-17T08:35:34.597+0000] {logging_mixin.py:190} INFO - [2026-09-17T08:35:34.597+0000] {dag.py:3239} INFO - Sync 1 DAGs
[2026-09-17T08:35:34.610+0000] {logging_mixin.py:190} INFO - [2026-09-17T08:35:34.610+0000] {dag.py:4180} INFO - Setting next_dagrun for youtube_pipeline_warehouse to None, run_after=None
[2026-09-17T08:35:34.642+0000] {processor.py:208} INFO - Processing /opt/airflow/dags/youtube_warehouse_pipeline.py took 0.149 seconds
[2026-09-17T08:36:04.912+0000] {processor.py:186} INFO - Started process (PID=486) to work on /opt/airflow/dags/youtube_warehouse_pipeline.py
[2026-09-17T08:36:04.914+0000] {processor.py:914} INFO - Processing file /opt/airflow/dags/youtube_warehouse_pipeline.py for tasks to queue
[2026-09-17T08:36:04.918+0000] {logging_mixin.py:190} INFO - [2026-09-17T08:36:04.917+0000] {dagbag.py:588} INFO - Filling up the DagBag from /opt/airflow/dags/youtube_warehouse_pipeline.py
[2026-09-17T08:36:04.991+0000] {processor.py:925} INFO - DAG(s) 'youtube_pipeline_warehouse' retrieved from /opt/airflow/dags/youtube_warehouse_pipeline.py
[2026-09-17T08:36:05.012+0000] {logging_mixin.py:190} INFO - [2026-09-17T08:36:05.011+0000] {dag.py:3239} INFO - Sync 1 DAGs
[2026-09-17T08:36:05.024+0000] {logging_mixin.py:190} INFO - [2026-09-17T08:36:05.024+0000] {dag.py:4180} INFO - Setting next_dagrun for youtube_pipeline_warehouse to None, run_after=None
[2026-09-17T08:36:05.044+0000] {processor.py:208} INFO - Processing /opt/airflow/dags/youtube_warehouse_pipeline.py took 0.137 seconds
[2026-09-17T08:36:35.273+0000] {processor.py:186} INFO - Started process (PID=494) to work on /opt/airflow/dags/youtube_warehouse_pipeline.py
[2026-09-17T08:36:35.274+0000] {processor.py:914} INFO - Processing file /opt/airflow/dags/youtube_warehouse_pipeline.py for tasks to queue
[2026-09-17T08:36:35.278+0000] {logging_mixin.py:190} INFO - [2026-09-17T08:36:35.277+0000] {dagbag.py:588} INFO - Filling up the DagBag from /opt/airflow/dags/youtube_warehouse_pipeline.py
[2026-09-17T08:36:35.369+0000] {processor.py:925} INFO - DAG(s) 'youtube_pipeline_warehouse' retrieved from /opt/airflow/dags/youtube_warehouse_pipeline.py
[2026-09-17T08:36:35.389+0000] {logging_mixin.py:190} INFO - [2026-09-17T08:36:35.389+0000] {dag.py:3239} INFO - Sync 1 DAGs
[2026-09-17T08:36:35.401+0000] {logging_mixin.py:190} INFO - [2026-09-17T08:36:35.400+0000] {dag.py:4180} INFO - Setting next_dagrun for youtube_pipeline_warehouse to None, run_after=None
[2026-09-17T08:36:35.419+0000] {processor.py:208} INFO - Processing /opt/airflow/dags/youtube_warehouse_pipeline.py took 0.153 seconds
[2026-09-17T08:37:05.768+0000] {processor.py:186} INFO - Started process (PID=502) to work on /opt/airflow/dags/youtube_warehouse_pipeline.py
[2026-09-17T08:37:05.770+0000] {processor.py:914} INFO - Processing file /opt/airflow/dags/youtube_warehouse_pipeline.py for tasks to queue
[2026-09-17T08:37:05.774+0000] {logging_mixin.py:190} INFO - [2026-09-17T08:37:05.774+0000] {dagbag.py:588} INFO - Filling up the DagBag from /opt/airflow/dags/youtube_warehouse_pipeline.py
[2026-09-17T08:37:05.856+0000] {processor.py:925} INFO - DAG(s) 'youtube_pipeline_warehouse' retrieved from /opt/airflow/dags/youtube_warehouse_pipeline.py
[2026-09-17T08:37:05.898+0000] {logging_mixin.py:190} INFO - [2026-09-17T08:37:05.898+0000] {dag.py:3239} INFO - Sync 1 DAGs
[2026-09-17T08:37:05.916+0000] {logging_mixin.py:190} INFO - [2026-09-17T08:37:05.916+0000] {dag.py:4180} INFO - Setting next_dagrun for youtube_pipeline_warehouse to None, run_after=None
[2026-09-17T08:37:05.936+0000] {processor.py:208} INFO - Processing /opt/airflow/dags/youtube_warehouse_pipeline.py took 0.174 seconds
[2026-09-17T08:37:36.140+0000] {processor.py:186} INFO - Started process (PID=510) to work on /opt/airflow/dags/youtube_warehouse_pipeline.py
[2026-09-17T08:37:36.142+0000] {processor.py:914} INFO - Processing file /opt/airflow/dags/youtube_warehouse_pipeline.py for tasks to queue
[2026-09-17T08:37:36.146+0000] {logging_mixin.py:190} INFO - [2026-09-17T08:37:36.146+0000] {dagbag.py:588} INFO - Filling up the DagBag from /opt/airflow/dags/youtube_warehouse_pipeline.py
[2026-09-17T08:37:36.239+0000] {processor.py:925} INFO - DAG(s) 'youtube_pipeline_warehouse' retrieved from /opt/airflow/dags/youtube_warehouse_pipeline.py
[2026-09-17T08:37:36.260+0000] {logging_mixin.py:190} INFO - [2026-09-17T08:37:36.260+0000] {dag.py:3239} INFO - Sync 1 DAGs
[2026-09-17T08:37:36.274+0000] {logging_mixin.py:190} INFO - [2026-09-17T08:37:36.274+0000] {dag.py:4180} INFO - Setting next_dagrun for youtube_pipeline_warehouse to None, run_after=None
[2026-09-17T08:37:36.295+0000] {processor.py:208} INFO - Processing /opt/airflow/dags/youtube_warehouse_pipeline.py took 0.163 seconds
[2026-09-17T08:38:06.669+0000] {processor.py:186} INFO - Started process (PID=518) to work on /opt/airflow/dags/youtube_warehouse_pipeline.py
[2026-09-17T08:38:06.671+0000] {processor.py:914} INFO - Processing file /opt/airflow/dags/youtube_warehouse_pipeline.py for tasks to queue
[2026-09-17T08:38:06.674+0000] {logging_mixin.py:190} INFO - [2026-09-17T08:38:06.674+0000] {dagbag.py:588} INFO - Filling up the DagBag from /opt/airflow/dags/youtube_warehouse_pipeline.py
[2026-09-17T08:38:06.745+0000] {processor.py:925} INFO - DAG(s) 'youtube_pipeline_warehouse' retrieved from /opt/airflow/dags/youtube_warehouse_pipeline.py
[2026-09-17T08:38:06.764+0000] {logging_mixin.py:190} INFO - [2026-09-17T08:38:06.763+0000] {dag.py:3239} INFO - Sync 1 DAGs
[2026-09-17T08:38:06.777+0000] {logging_mixin.py:190} INFO - [2026-09-17T08:38:06.777+0000] {dag.py:4180} INFO - Setting next_dagrun for youtube_pipeline_warehouse to None, run_after=None
[2026-09-17T08:38:06.797+0000] {processor.py:208} INFO - Processing /opt/airflow/dags/youtube_warehouse_pipeline.py took 0.135 seconds
[2026-09-17T08:38:37.162+0000] {processor.py:186} INFO - Started process (PID=526) to work on /opt/airflow/dags/youtube_warehouse_pipeline.py
[2026-09-17T08:38:37.164+0000] {processor.py:914} INFO - Processing file /opt/airflow/dags/youtube_warehouse_pipeline.py for tasks to queue
[2026-09-17T08:38:37.167+0000] {logging_mixin.py:190} INFO - [2026-09-17T08:38:37.167+0000] {dagbag.py:588} INFO - Filling up the DagBag from /opt/airflow/dags/youtube_warehouse_pipeline.py
[2026-09-17T08:38:37.243+0000] {processor.py:925} INFO - DAG(s) 'youtube_pipeline_warehouse' retrieved from /opt/airflow/dags/youtube_warehouse_pipeline.py
[2026-09-17T08:38:37.263+0000] {logging_mixin.py:190} INFO - [2026-09-17T08:38:37.262+0000] {dag.py:3239} INFO - Sync 1 DAGs
[2026-09-17T08:38:37.275+0000] {logging_mixin.py:190} INFO - [2026-09-17T08:38:37.275+0000] {dag.py:4180} INFO - Setting next_dagrun for youtube_pipeline_warehouse to None, run_after=None
[2026-09-17T08:38:37.294+0000] {processor.py:208} INFO - Processing /opt/airflow/dags/youtube_warehouse_pipeline.py took 0.138 seconds
[2026-09-17T08:39:07.510+0000] {processor.py:186} INFO - Started process (PID=534) to work on /opt/airflow/dags/youtube_warehouse_pipeline.py
[2026-09-17T08:39:07.511+0000] {processor.py:914} INFO - Processing file /opt/airflow/dags/youtube_warehouse_pipeline.py for tasks to queue
[2026-09-17T08:39:07.514+0000] {logging_mixin.py:190} INFO - [2026-09-17T08:39:07.514+0000] {dagbag.py:588} INFO - Filling up the DagBag from /opt/airflow/dags/youtube_warehouse_pipeline.py
[2026-09-17T08:39:07.575+0000] {processor.py:925} INFO - DAG(s) 'youtube_pipeline_warehouse' retrieved from /opt/airflow/dags/youtube_warehouse_pipeline.py
[2026-09-17T08:39:07.593+0000] {logging_mixin.py:190} INFO - [2026-09-17T08:39:07.593+0000] {dag.py:3239} INFO - Sync 1 DAGs
[2026-09-17T08:39:07.605+0000] {logging_mixin.py:190} INFO - [2026-09-17T08:39:07.605+0000] {dag.py:4180} INFO - Setting next_dagrun for youtube_pipeline_warehouse to None, run_after=None
[2026-09-17T08:39:07.623+0000] {processor.py:208} INFO - Processing /opt/airflow/dags/youtube_warehouse_pipeline.py took 0.119 seconds
[2026-09-17T08:39:37.994+0000] {processor.py:186} INFO - Started process (PID=542) to work on /opt/airflow/dags/youtube_warehouse_pipeline.py
[2026-09-17T08:39:37.996+0000] {processor.py:914} INFO - Processing file /opt/airflow/dags/youtube_warehouse_pipeline.py for tasks to queue
[2026-09-17T08:39:38.000+0000] {logging_mixin.py:190} INFO - [2026-09-17T08:39:38.000+0000] {dagbag.py:588} INFO - Filling up the DagBag from /opt/airflow/dags/youtube_warehouse_pipeline.py
[2026-09-17T08:39:38.077+0000] {processor.py:925} INFO - DAG(s) 'youtube_pipeline_warehouse' retrieved from /opt/airflow/dags/youtube_warehouse_pipeline.py
[2026-09-17T08:39:38.098+0000] {logging_mixin.py:190} INFO - [2026-09-17T08:39:38.098+0000] {dag.py:3239} INFO - Sync 1 DAGs
[2026-09-17T08:39:38.112+0000] {logging_mixin.py:190} INFO - [2026-09-17T08:39:38.112+0000] {dag.py:4180} INFO - Setting next_dagrun for youtube_pipeline_warehouse to None, run_after=None
[2026-09-17T08:39:38.132+0000] {processor.py:208} INFO - Processing /opt/airflow/dags/youtube_warehouse_pipeline.py took 0.144 seconds
[2026-09-17T08:40:08.417+0000] {processor.py:186} INFO - Started process (PID=550) to work on /opt/airflow/dags/youtube_warehouse_pipeline.py
[2026-09-17T08:40:08.419+0000] {processor.py:914} INFO - Processing file /opt/airflow/dags/youtube_warehouse_pipeline.py for tasks to queue
[2026-09-17T08:40:08.425+0000] {logging_mixin.py:190} INFO - [2026-09-17T08:40:08.425+0000] {dagbag.py:588} INFO - Filling up the DagBag from /opt/airflow/dags/youtube_warehouse_pipeline.py
[2026-09-17T08:40:08.523+0000] {processor.py:925} INFO - DAG(s) 'youtube_pipeline_warehouse' retrieved from /opt/airflow/dags/youtube_warehouse_pipeline.py
[2026-09-17T08:40:08.546+0000] {logging_mixin.py:190} INFO - [2026-09-17T08:40:08.546+0000] {dag.py:3239} INFO - Sync 1 DAGs
[2026-09-17T08:40:08.562+0000] {logging_mixin.py:190} INFO - [2026-09-17T08:40:08.562+0000] {dag.py:4180} INFO - Setting next_dagrun for youtube_pipeline_warehouse to None, run_after=None
[2026-09-17T08:40:08.583+0000] {processor.py:208} INFO - Processing /opt/airflow/dags/youtube_warehouse_pipeline.py took 0.171 seconds
[2026-09-17T08:40:39.005+0000] {processor.py:186} INFO - Started process (PID=558) to work on /opt/airflow/dags/youtube_warehouse_pipeline.py
[2026-09-17T08:40:39.006+0000] {processor.py:914} INFO - Processing file /opt/airflow/dags/youtube_warehouse_pipeline.py for tasks to queue
[2026-09-17T08:40:39.014+0000] {logging_mixin.py:190} INFO - [2026-09-17T08:40:39.014+0000] {dagbag.py:588} INFO - Filling up the DagBag from /opt/airflow/dags/youtube_warehouse_pipeline.py
[2026-09-17T08:40:39.083+0000] {processor.py:925} INFO - DAG(s) 'youtube_pipeline_warehouse' retrieved from /opt/airflow/dags/youtube_warehouse_pipeline.py
[2026-09-17T08:40:39.101+0000] {logging_mixin.py:190} INFO - [2026-09-17T08:40:39.101+0000] {dag.py:3239} INFO - Sync 1 DAGs
[2026-09-17T08:40:39.118+0000] {logging_mixin.py:190} INFO - [2026-09-17T08:40:39.118+0000] {dag.py:4180} INFO - Setting next_dagrun for youtube_pipeline_warehouse to None, run_after=None
[2026-09-17T08:40:39.135+0000] {processor.py:208} INFO - Processing /opt/airflow/dags/youtube_warehouse_pipeline.py took 0.170 seconds
[2026-09-17T08:41:09.437+0000] {processor.py:186} INFO - Started process (PID=565) to work on /opt/airflow/dags/youtube_warehouse_pipeline.py
[2026-09-17T08:41:09.440+0000] {processor.py:914} INFO - Processing file /opt/airflow/dags/youtube_warehouse_pipeline.py for tasks to queue
[2026-09-17T08:41:09.444+0000] {logging_mixin.py:190} INFO - [2026-09-17T08:41:09.443+0000] {dagbag.py:588} INFO - Filling up the DagBag from /opt/airflow/dags/youtube_warehouse_pipeline.py
[2026-09-17T08:41:09.521+0000] {processor.py:925} INFO - DAG(s) 'youtube_pipeline_warehouse' retrieved from /opt/airflow/dags/youtube_warehouse_pipeline.py
[2026-09-17T08:41:09.539+0000] {logging_mixin.py:190} INFO - [2026-09-17T08:41:09.539+0000] {dag.py:3239} INFO - Sync 1 DAGs
[2026-09-17T08:41:09.592+0000] {logging_mixin.py:190} INFO - [2026-09-17T08:41:09.592+0000] {dag.py:4180} INFO - Setting next_dagrun for youtube_pipeline_warehouse to None, run_after=None
[2026-09-17T08:41:09.609+0000] {processor.py:208} INFO - Processing /opt/airflow/dags/youtube_warehouse_pipeline.py took 0.179 seconds
[2026-09-17T08:41:39.925+0000] {processor.py:186} INFO - Started process (PID=573) to work on /opt/airflow/dags/youtube_warehouse_pipeline.py
[2026-09-17T08:41:39.927+0000] {processor.py:914} INFO - Processing file /opt/airflow/dags/youtube_warehouse_pipeline.py for tasks to queue
[2026-09-17T08:41:39.931+0000] {logging_mixin.py:190} INFO - [2026-09-17T08:41:39.931+0000] {dagbag.py:588} INFO - Filling up the DagBag from /opt/airflow/dags/youtube_warehouse_pipeline.py
[2026-09-17T08:41:40.014+0000] {processor.py:925} INFO - DAG(s) 'youtube_pipeline_warehouse' retrieved from /opt/airflow/dags/youtube_warehouse_pipeline.py
[2026-09-17T08:41:40.033+0000] {logging_mixin.py:190} INFO - [2026-09-17T08:41:40.033+0000] {dag.py:3239} INFO - Sync 1 DAGs
[2026-09-17T08:41:40.047+0000] {logging_mixin.py:190} INFO - [2026-09-17T08:41:40.046+0000] {dag.py:4180} INFO - Setting next_dagrun for youtube_pipeline_warehouse to None, run_after=None
[2026-09-17T08:41:40.066+0000] {processor.py:208} INFO - Processing /opt/airflow/dags/youtube_warehouse_pipeline.py took 0.148 seconds
[2026-09-17T08:42:10.446+0000] {processor.py:186} INFO - Started process (PID=581) to work on /opt/airflow/dags/youtube_warehouse_pipeline.py
[2026-09-17T08:42:10.449+0000] {processor.py:914} INFO - Processing file /opt/airflow/dags/youtube_warehouse_pipeline.py for tasks to queue
[2026-09-17T08:42:10.455+0000] {logging_mixin.py:190} INFO - [2026-09-17T08:42:10.454+0000] {dagbag.py:588} INFO - Filling up the DagBag from /opt/airflow/dags/youtube_warehouse_pipeline.py
[2026-09-17T08:42:10.545+0000] {processor.py:925} INFO - DAG(s) 'youtube_pipeline_warehouse' retrieved from /opt/airflow/dags/youtube_warehouse_pipeline.py
[2026-09-17T08:42:10.565+0000] {logging_mixin.py:190} INFO - [2026-09-17T08:42:10.564+0000] {dag.py:3239} INFO - Sync 1 DAGs
[2026-09-17T08:42:10.579+0000] {logging_mixin.py:190} INFO - [2026-09-17T08:42:10.578+0000] {dag.py:4180} INFO - Setting next_dagrun for youtube_pipeline_warehouse to None, run_after=None
[2026-09-17T08:42:10.599+0000] {processor.py:208} INFO - Processing /opt/airflow/dags/youtube_warehouse_pipeline.py took 0.164 seconds
[2026-09-17T08:42:40.838+0000] {processor.py:186} INFO - Started process (PID=589) to work on /opt/airflow/dags/youtube_warehouse_pipeline.py
[2026-09-17T08:42:40.840+0000] {processor.py:914} INFO - Processing file /opt/airflow/dags/youtube_warehouse_pipeline.py for tasks to queue
[2026-09-17T08:42:40.844+0000] {logging_mixin.py:190} INFO - [2026-09-17T08:42:40.844+0000] {dagbag.py:588} INFO - Filling up the DagBag from /opt/airflow/dags/youtube_warehouse_pipeline.py
[2026-09-17T08:42:40.920+0000] {processor.py:925} INFO - DAG(s) 'youtube_pipeline_warehouse' retrieved from /opt/airflow/dags/youtube_warehouse_pipeline.py
[2026-09-17T08:42:40.938+0000] {logging_mixin.py:190} INFO - [2026-09-17T08:42:40.938+0000] {dag.py:3239} INFO - Sync 1 DAGs
[2026-09-17T08:42:40.950+0000] {logging_mixin.py:190} INFO - [2026-09-17T08:42:40.950+0000] {dag.py:4180} INFO - Setting next_dagrun for youtube_pipeline_warehouse to None, run_after=None
[2026-09-17T08:42:40.982+0000] {processor.py:208} INFO - Processing /opt/airflow/dags/youtube_warehouse_pipeline.py took 0.150 seconds
[2026-09-17T08:43:11.286+0000] {processor.py:186} INFO - Started process (PID=597) to work on /opt/airflow/dags/youtube_warehouse_pipeline.py
[2026-09-17T08:43:11.288+0000] {processor.py:914} INFO - Processing file /opt/airflow/dags/youtube_warehouse_pipeline.py for tasks to queue
[2026-09-17T08:43:11.291+0000] {logging_mixin.py:190} INFO - [2026-09-17T08:43:11.291+0000] {dagbag.py:588} INFO - Filling up the DagBag from /opt/airflow/dags/youtube_warehouse_pipeline.py
[2026-09-17T08:43:11.359+0000] {processor.py:925} INFO - DAG(s) 'youtube_pipeline_warehouse' retrieved from /opt/airflow/dags/youtube_warehouse_pipeline.py
[2026-09-17T08:43:11.379+0000] {logging_mixin.py:190} INFO - [2026-09-17T08:43:11.379+0000] {dag.py:3239} INFO - Sync 1 DAGs
[2026-09-17T08:43:11.392+0000] {logging_mixin.py:190} INFO - [2026-09-17T08:43:11.392+0000] {dag.py:4180} INFO - Setting next_dagrun for youtube_pipeline_warehouse to None, run_after=None
[2026-09-17T08:43:11.412+0000] {processor.py:208} INFO - Processing /opt/airflow/dags/youtube_warehouse_pipeline.py took 0.132 seconds
[2026-09-17T08:43:41.764+0000] {processor.py:186} INFO - Started process (PID=605) to work on /opt/airflow/dags/youtube_warehouse_pipeline.py
[2026-09-17T08:43:41.765+0000] {processor.py:914} INFO - Processing file /opt/airflow/dags/youtube_warehouse_pipeline.py for tasks to queue
[2026-09-17T08:43:41.771+0000] {logging_mixin.py:190} INFO - [2026-09-17T08:43:41.771+0000] {dagbag.py:588} INFO - Filling up the DagBag from /opt/airflow/dags/youtube_warehouse_pipeline.py
[2026-09-17T08:43:41.860+0000] {processor.py:925} INFO - DAG(s) 'youtube_pipeline_warehouse' retrieved from /opt/airflow/dags/youtube_warehouse_pipeline.py
[2026-09-17T08:43:41.897+0000] {logging_mixin.py:190} INFO - [2026-09-17T08:43:41.897+0000] {dag.py:3239} INFO - Sync 1 DAGs
[2026-09-17T08:43:41.913+0000] {logging_mixin.py:190} INFO - [2026-09-17T08:43:41.913+0000] {dag.py:4180} INFO - Setting next_dagrun for youtube_pipeline_warehouse to None, run_after=None
[2026-09-17T08:43:41.933+0000] {processor.py:208} INFO - Processing /opt/airflow/dags/youtube_warehouse_pipeline.py took 0.177 seconds
[2026-09-17T08:44:12.235+0000] {processor.py:186} INFO - Started process (PID=613) to work on /opt/airflow/dags/youtube_warehouse_pipeline.py
[2026-09-17T08:44:12.238+0000] {processor.py:914} INFO - Processing file /opt/airflow/dags/youtube_warehouse_pipeline.py for tasks to queue
[2026-09-17T08:44:12.241+0000] {logging_mixin.py:190} INFO - [2026-09-17T08:44:12.241+0000] {dagbag.py:588} INFO - Filling up the DagBag from /opt/airflow/dags/youtube_warehouse_pipeline.py
[2026-09-17T08:44:12.311+0000] {processor.py:925} INFO - DAG(s) 'youtube_pipeline_warehouse' retrieved from /opt/airflow/dags/youtube_warehouse_pipeline.py
[2026-09-17T08:44:12.329+0000] {logging_mixin.py:190} INFO - [2026-09-17T08:44:12.329+0000] {dag.py:3239} INFO - Sync 1 DAGs
[2026-09-17T08:44:12.341+0000] {logging_mixin.py:190} INFO - [2026-09-17T08:44:12.341+0000] {dag.py:4180} INFO - Setting next_dagrun for youtube_pipeline_warehouse to None, run_after=None
[2026-09-17T08:44:12.361+0000] {processor.py:208} INFO - Processing /opt/airflow/dags/youtube_warehouse_pipeline.py took 0.133 seconds
[2026-09-17T08:44:42.640+0000] {processor.py:186} INFO - Started process (PID=621) to work on /opt/airflow/dags/youtube_warehouse_pipeline.py
[2026-09-17T08:44:42.642+0000] {processor.py:914} INFO - Processing file /opt/airflow/dags/youtube_warehouse_pipeline.py for tasks to queue
[2026-09-17T08:44:42.648+0000] {logging_mixin.py:190} INFO - [2026-09-17T08:44:42.647+0000] {dagbag.py:588} INFO - Filling up the DagBag from /opt/airflow/dags/youtube_warehouse_pipeline.py
[2026-09-17T08:44:42.758+0000] {processor.py:925} INFO - DAG(s) 'youtube_pipeline_warehouse' retrieved from /opt/airflow/dags/youtube_warehouse_pipeline.py
[2026-09-17T08:44:42.778+0000] {logging_mixin.py:190} INFO - [2026-09-17T08:44:42.778+0000] {dag.py:3239} INFO - Sync 1 DAGs
[2026-09-17T08:44:42.791+0000] {logging_mixin.py:190} INFO - [2026-09-17T08:44:42.791+0000] {dag.py:4180} INFO - Setting next_dagrun for youtube_pipeline_warehouse to None, run_after=None
[2026-09-17T08:44:42.810+0000] {processor.py:208} INFO - Processing /opt/airflow/dags/youtube_warehouse_pipeline.py took 0.179 seconds
[2026-09-17T08:45:13.196+0000] {processor.py:186} INFO - Started process (PID=629) to work on /opt/airflow/dags/youtube_warehouse_pipeline.py
[2026-09-17T08:45:13.202+0000] {processor.py:914} INFO - Processing file /opt/airflow/dags/youtube_warehouse_pipeline.py for tasks to queue
[2026-09-17T08:45:13.207+0000] {logging_mixin.py:190} INFO - [2026-09-17T08:45:13.206+0000] {dagbag.py:588} INFO - Filling up the DagBag from /opt/airflow/dags/youtube_warehouse_pipeline.py
[2026-09-17T08:45:13.367+0000] {logging_mixin.py:190} INFO - [2026-09-17T08:45:13.356+0000] {dagbag.py:387} ERROR - Failed to import: /opt/airflow/dags/youtube_warehouse_pipeline.py
Traceback (most recent call last):
  File "/home/airflow/.local/lib/python3.10/site-packages/airflow/models/dagbag.py", line 383, in parse
    loader.exec_module(new_module)
  File "<frozen importlib._bootstrap_external>", line 883, in exec_module
  File "<frozen importlib._bootstrap>", line 241, in _call_with_frames_removed
  File "/opt/airflow/dags/youtube_warehouse_pipeline.py", line 37, in <module>
    python_callable=transform_videos.transform,
AttributeError: module 'include.transform.youtube_transform' has no attribute 'transform'
[2026-09-17T08:45:13.370+0000] {processor.py:927} WARNING - No viable dags retrieved from /opt/airflow/dags/youtube_warehouse_pipeline.py
[2026-09-17T08:45:13.472+0000] {processor.py:208} INFO - Processing /opt/airflow/dags/youtube_warehouse_pipeline.py took 0.288 seconds
[2026-09-17T08:45:43.786+0000] {processor.py:186} INFO - Started process (PID=637) to work on /opt/airflow/dags/youtube_warehouse_pipeline.py
[2026-09-17T08:45:43.788+0000] {processor.py:914} INFO - Processing file /opt/airflow/dags/youtube_warehouse_pipeline.py for tasks to queue
[2026-09-17T08:45:43.793+0000] {logging_mixin.py:190} INFO - [2026-09-17T08:45:43.793+0000] {dagbag.py:588} INFO - Filling up the DagBag from /opt/airflow/dags/youtube_warehouse_pipeline.py
[2026-09-17T08:45:43.901+0000] {logging_mixin.py:190} INFO - [2026-09-17T08:45:43.894+0000] {dagbag.py:387} ERROR - Failed to import: /opt/airflow/dags/youtube_warehouse_pipeline.py
Traceback (most recent call last):
  File "/home/airflow/.local/lib/python3.10/site-packages/airflow/models/dagbag.py", line 383, in parse
    loader.exec_module(new_module)
  File "<frozen importlib._bootstrap_external>", line 883, in exec_module
  File "<frozen importlib._bootstrap>", line 241, in _call_with_frames_removed
  File "/opt/airflow/dags/youtube_warehouse_pipeline.py", line 37, in <module>
    python_callable=transform_videos.transform,
AttributeError: module 'include.transform.youtube_transform' has no attribute 'transform'
[2026-09-17T08:45:43.904+0000] {processor.py:927} WARNING - No viable dags retrieved from /opt/airflow/dags/youtube_warehouse_pipeline.py
[2026-09-17T08:45:43.928+0000] {processor.py:208} INFO - Processing /opt/airflow/dags/youtube_warehouse_pipeline.py took 0.154 seconds
[2026-09-17T08:46:14.151+0000] {processor.py:186} INFO - Started process (PID=645) to work on /opt/airflow/dags/youtube_warehouse_pipeline.py
[2026-09-17T08:46:14.153+0000] {processor.py:914} INFO - Processing file /opt/airflow/dags/youtube_warehouse_pipeline.py for tasks to queue
[2026-09-17T08:46:14.155+0000] {logging_mixin.py:190} INFO - [2026-09-17T08:46:14.155+0000] {dagbag.py:588} INFO - Filling up the DagBag from /opt/airflow/dags/youtube_warehouse_pipeline.py
[2026-09-17T08:46:14.306+0000] {logging_mixin.py:190} INFO - [2026-09-17T08:46:14.293+0000] {dagbag.py:387} ERROR - Failed to import: /opt/airflow/dags/youtube_warehouse_pipeline.py
Traceback (most recent call last):
  File "/home/airflow/.local/lib/python3.10/site-packages/airflow/models/dagbag.py", line 383, in parse
    loader.exec_module(new_module)
  File "<frozen importlib._bootstrap_external>", line 883, in exec_module
  File "<frozen importlib._bootstrap>", line 241, in _call_with_frames_removed
  File "/opt/airflow/dags/youtube_warehouse_pipeline.py", line 11, in <module>
    from include.transform import youtube_transform as transform_videos
  File "/opt/airflow/include/transform/youtube_transform.py", line 5
    port= 
          ^
SyntaxError: invalid syntax
[2026-09-17T08:46:14.311+0000] {processor.py:927} WARNING - No viable dags retrieved from /opt/airflow/dags/youtube_warehouse_pipeline.py
[2026-09-17T08:46:14.340+0000] {processor.py:208} INFO - Processing /opt/airflow/dags/youtube_warehouse_pipeline.py took 0.196 seconds
[2026-09-17T08:46:44.711+0000] {processor.py:186} INFO - Started process (PID=653) to work on /opt/airflow/dags/youtube_warehouse_pipeline.py
[2026-09-17T08:46:44.713+0000] {processor.py:914} INFO - Processing file /opt/airflow/dags/youtube_warehouse_pipeline.py for tasks to queue
[2026-09-17T08:46:44.716+0000] {logging_mixin.py:190} INFO - [2026-09-17T08:46:44.715+0000] {dagbag.py:588} INFO - Filling up the DagBag from /opt/airflow/dags/youtube_warehouse_pipeline.py
[2026-09-17T08:46:44.815+0000] {logging_mixin.py:190} INFO - [2026-09-17T08:46:44.809+0000] {dagbag.py:387} ERROR - Failed to import: /opt/airflow/dags/youtube_warehouse_pipeline.py
Traceback (most recent call last):
  File "/home/airflow/.local/lib/python3.10/site-packages/airflow/models/dagbag.py", line 383, in parse
    loader.exec_module(new_module)
  File "<frozen importlib._bootstrap_external>", line 883, in exec_module
  File "<frozen importlib._bootstrap>", line 241, in _call_with_frames_removed
  File "/opt/airflow/dags/youtube_warehouse_pipeline.py", line 11, in <module>
    from include.transform import youtube_transform as transform_videos
  File "/opt/airflow/include/transform/youtube_transform.py", line 6
    database = 
               ^
SyntaxError: invalid syntax
[2026-09-17T08:46:44.818+0000] {processor.py:927} WARNING - No viable dags retrieved from /opt/airflow/dags/youtube_warehouse_pipeline.py
[2026-09-17T08:46:44.842+0000] {processor.py:208} INFO - Processing /opt/airflow/dags/youtube_warehouse_pipeline.py took 0.138 seconds
[2026-09-17T08:47:15.250+0000] {processor.py:186} INFO - Started process (PID=661) to work on /opt/airflow/dags/youtube_warehouse_pipeline.py
[2026-09-17T08:47:15.251+0000] {processor.py:914} INFO - Processing file /opt/airflow/dags/youtube_warehouse_pipeline.py for tasks to queue
[2026-09-17T08:47:15.253+0000] {logging_mixin.py:190} INFO - [2026-09-17T08:47:15.253+0000] {dagbag.py:588} INFO - Filling up the DagBag from /opt/airflow/dags/youtube_warehouse_pipeline.py
[2026-09-17T08:47:15.355+0000] {logging_mixin.py:190} INFO - [2026-09-17T08:47:15.349+0000] {dagbag.py:387} ERROR - Failed to import: /opt/airflow/dags/youtube_warehouse_pipeline.py
Traceback (most recent call last):
  File "/home/airflow/.local/lib/python3.10/site-packages/airflow/models/dagbag.py", line 383, in parse
    loader.exec_module(new_module)
  File "<frozen importlib._bootstrap_external>", line 883, in exec_module
  File "<frozen importlib._bootstrap>", line 241, in _call_with_frames_removed
  File "/opt/airflow/dags/youtube_warehouse_pipeline.py", line 37, in <module>
    python_callable=transform_videos.transform,
AttributeError: module 'include.transform.youtube_transform' has no attribute 'transform'
[2026-09-17T08:47:15.358+0000] {processor.py:927} WARNING - No viable dags retrieved from /opt/airflow/dags/youtube_warehouse_pipeline.py
[2026-09-17T08:47:15.382+0000] {processor.py:208} INFO - Processing /opt/airflow/dags/youtube_warehouse_pipeline.py took 0.137 seconds
[2026-09-17T08:47:45.734+0000] {processor.py:186} INFO - Started process (PID=669) to work on /opt/airflow/dags/youtube_warehouse_pipeline.py
[2026-09-17T08:47:45.736+0000] {processor.py:914} INFO - Processing file /opt/airflow/dags/youtube_warehouse_pipeline.py for tasks to queue
[2026-09-17T08:47:45.739+0000] {logging_mixin.py:190} INFO - [2026-09-17T08:47:45.738+0000] {dagbag.py:588} INFO - Filling up the DagBag from /opt/airflow/dags/youtube_warehouse_pipeline.py
[2026-09-17T08:47:45.843+0000] {logging_mixin.py:190} INFO - [2026-09-17T08:47:45.837+0000] {dagbag.py:387} ERROR - Failed to import: /opt/airflow/dags/youtube_warehouse_pipeline.py
Traceback (most recent call last):
  File "/home/airflow/.local/lib/python3.10/site-packages/airflow/models/dagbag.py", line 383, in parse
    loader.exec_module(new_module)
  File "<frozen importlib._bootstrap_external>", line 883, in exec_module
  File "<frozen importlib._bootstrap>", line 241, in _call_with_frames_removed
  File "/opt/airflow/dags/youtube_warehouse_pipeline.py", line 37, in <module>
    python_callable=transform_videos.transform,
AttributeError: module 'include.transform.youtube_transform' has no attribute 'transform'
[2026-09-17T08:47:45.845+0000] {processor.py:927} WARNING - No viable dags retrieved from /opt/airflow/dags/youtube_warehouse_pipeline.py
[2026-09-17T08:47:45.867+0000] {processor.py:208} INFO - Processing /opt/airflow/dags/youtube_warehouse_pipeline.py took 0.139 seconds
[2026-09-17T08:48:16.203+0000] {processor.py:186} INFO - Started process (PID=677) to work on /opt/airflow/dags/youtube_warehouse_pipeline.py
[2026-09-17T08:48:16.206+0000] {processor.py:914} INFO - Processing file /opt/airflow/dags/youtube_warehouse_pipeline.py for tasks to queue
[2026-09-17T08:48:16.209+0000] {logging_mixin.py:190} INFO - [2026-09-17T08:48:16.208+0000] {dagbag.py:588} INFO - Filling up the DagBag from /opt/airflow/dags/youtube_warehouse_pipeline.py
[2026-09-17T08:48:16.362+0000] {logging_mixin.py:190} INFO - [2026-09-17T08:48:16.355+0000] {dagbag.py:387} ERROR - Failed to import: /opt/airflow/dags/youtube_warehouse_pipeline.py
Traceback (most recent call last):
  File "/home/airflow/.local/lib/python3.10/site-packages/airflow/models/dagbag.py", line 383, in parse
    loader.exec_module(new_module)
  File "<frozen importlib._bootstrap_external>", line 883, in exec_module
  File "<frozen importlib._bootstrap>", line 241, in _call_with_frames_removed
  File "/opt/airflow/dags/youtube_warehouse_pipeline.py", line 37, in <module>
    python_callable=transform_videos.transform,
AttributeError: module 'include.transform.youtube_transform' has no attribute 'transform'
[2026-09-17T08:48:16.365+0000] {processor.py:927} WARNING - No viable dags retrieved from /opt/airflow/dags/youtube_warehouse_pipeline.py
[2026-09-17T08:48:16.389+0000] {processor.py:208} INFO - Processing /opt/airflow/dags/youtube_warehouse_pipeline.py took 0.195 seconds
[2026-09-17T08:48:46.752+0000] {processor.py:186} INFO - Started process (PID=684) to work on /opt/airflow/dags/youtube_warehouse_pipeline.py
[2026-09-17T08:48:46.754+0000] {processor.py:914} INFO - Processing file /opt/airflow/dags/youtube_warehouse_pipeline.py for tasks to queue
[2026-09-17T08:48:46.756+0000] {logging_mixin.py:190} INFO - [2026-09-17T08:48:46.756+0000] {dagbag.py:588} INFO - Filling up the DagBag from /opt/airflow/dags/youtube_warehouse_pipeline.py
[2026-09-17T08:48:46.842+0000] {logging_mixin.py:190} INFO - [2026-09-17T08:48:46.838+0000] {dagbag.py:387} ERROR - Failed to import: /opt/airflow/dags/youtube_warehouse_pipeline.py
Traceback (most recent call last):
  File "/home/airflow/.local/lib/python3.10/site-packages/airflow/models/dagbag.py", line 383, in parse
    loader.exec_module(new_module)
  File "<frozen importlib._bootstrap_external>", line 883, in exec_module
  File "<frozen importlib._bootstrap>", line 241, in _call_with_frames_removed
  File "/opt/airflow/dags/youtube_warehouse_pipeline.py", line 11, in <module>
    from include.transform import youtube_transform as transform_videos
  File "/opt/airflow/include/transform/youtube_transform.py", line 9
    host = "localhost"
           
SyntaxError: invalid syntax. Perhaps you forgot a comma?
[2026-09-17T08:48:46.845+0000] {processor.py:927} WARNING - No viable dags retrieved from /opt/airflow/dags/youtube_warehouse_pipeline.py
[2026-09-17T08:48:46.863+0000] {processor.py:208} INFO - Processing /opt/airflow/dags/youtube_warehouse_pipeline.py took 0.118 seconds
[2026-09-17T08:49:17.218+0000] {processor.py:186} INFO - Started process (PID=692) to work on /opt/airflow/dags/youtube_warehouse_pipeline.py
[2026-09-17T08:49:17.220+0000] {processor.py:914} INFO - Processing file /opt/airflow/dags/youtube_warehouse_pipeline.py for tasks to queue
[2026-09-17T08:49:17.223+0000] {logging_mixin.py:190} INFO - [2026-09-17T08:49:17.223+0000] {dagbag.py:588} INFO - Filling up the DagBag from /opt/airflow/dags/youtube_warehouse_pipeline.py
[2026-09-17T08:49:17.329+0000] {logging_mixin.py:190} INFO - [2026-09-17T08:49:17.324+0000] {dagbag.py:387} ERROR - Failed to import: /opt/airflow/dags/youtube_warehouse_pipeline.py
Traceback (most recent call last):
  File "/home/airflow/.local/lib/python3.10/site-packages/airflow/models/dagbag.py", line 383, in parse
    loader.exec_module(new_module)
  File "<frozen importlib._bootstrap_external>", line 883, in exec_module
  File "<frozen importlib._bootstrap>", line 241, in _call_with_frames_removed
  File "/opt/airflow/dags/youtube_warehouse_pipeline.py", line 11, in <module>
    from include.transform import youtube_transform as transform_videos
  File "/opt/airflow/include/transform/youtube_transform.py", line 9
    host = "localhost"
           
SyntaxError: invalid syntax. Perhaps you forgot a comma?
[2026-09-17T08:49:17.332+0000] {processor.py:927} WARNING - No viable dags retrieved from /opt/airflow/dags/youtube_warehouse_pipeline.py
[2026-09-17T08:49:17.376+0000] {processor.py:208} INFO - Processing /opt/airflow/dags/youtube_warehouse_pipeline.py took 0.167 seconds
[2026-09-17T08:49:47.808+0000] {processor.py:186} INFO - Started process (PID=700) to work on /opt/airflow/dags/youtube_warehouse_pipeline.py
[2026-09-17T08:49:47.811+0000] {processor.py:914} INFO - Processing file /opt/airflow/dags/youtube_warehouse_pipeline.py for tasks to queue
[2026-09-17T08:49:47.813+0000] {logging_mixin.py:190} INFO - [2026-09-17T08:49:47.813+0000] {dagbag.py:588} INFO - Filling up the DagBag from /opt/airflow/dags/youtube_warehouse_pipeline.py
[2026-09-17T08:49:47.939+0000] {logging_mixin.py:190} INFO - [2026-09-17T08:49:47.935+0000] {dagbag.py:387} ERROR - Failed to import: /opt/airflow/dags/youtube_warehouse_pipeline.py
Traceback (most recent call last):
  File "/home/airflow/.local/lib/python3.10/site-packages/airflow/models/dagbag.py", line 383, in parse
    loader.exec_module(new_module)
  File "<frozen importlib._bootstrap_external>", line 883, in exec_module
  File "<frozen importlib._bootstrap>", line 241, in _call_with_frames_removed
  File "/opt/airflow/dags/youtube_warehouse_pipeline.py", line 37, in <module>
    python_callable=transform_videos.transform,
AttributeError: module 'include.transform.youtube_transform' has no attribute 'transform'
[2026-09-17T08:49:47.942+0000] {processor.py:927} WARNING - No viable dags retrieved from /opt/airflow/dags/youtube_warehouse_pipeline.py
[2026-09-17T08:49:47.970+0000] {processor.py:208} INFO - Processing /opt/airflow/dags/youtube_warehouse_pipeline.py took 0.168 seconds
[2026-09-17T08:50:18.326+0000] {processor.py:186} INFO - Started process (PID=708) to work on /opt/airflow/dags/youtube_warehouse_pipeline.py
[2026-09-17T08:50:18.328+0000] {processor.py:914} INFO - Processing file /opt/airflow/dags/youtube_warehouse_pipeline.py for tasks to queue
[2026-09-17T08:50:18.332+0000] {logging_mixin.py:190} INFO - [2026-09-17T08:50:18.331+0000] {dagbag.py:588} INFO - Filling up the DagBag from /opt/airflow/dags/youtube_warehouse_pipeline.py
[2026-09-17T08:50:18.485+0000] {logging_mixin.py:190} INFO - [2026-09-17T08:50:18.479+0000] {dagbag.py:387} ERROR - Failed to import: /opt/airflow/dags/youtube_warehouse_pipeline.py
Traceback (most recent call last):
  File "/home/airflow/.local/lib/python3.10/site-packages/airflow/models/dagbag.py", line 383, in parse
    loader.exec_module(new_module)
  File "<frozen importlib._bootstrap_external>", line 883, in exec_module
  File "<frozen importlib._bootstrap>", line 241, in _call_with_frames_removed
  File "/opt/airflow/dags/youtube_warehouse_pipeline.py", line 37, in <module>
    python_callable=transform_videos.transform,
AttributeError: module 'include.transform.youtube_transform' has no attribute 'transform'
[2026-09-17T08:50:18.489+0000] {processor.py:927} WARNING - No viable dags retrieved from /opt/airflow/dags/youtube_warehouse_pipeline.py
[2026-09-17T08:50:18.518+0000] {processor.py:208} INFO - Processing /opt/airflow/dags/youtube_warehouse_pipeline.py took 0.201 seconds
[2026-09-17T08:50:48.858+0000] {processor.py:186} INFO - Started process (PID=716) to work on /opt/airflow/dags/youtube_warehouse_pipeline.py
[2026-09-17T08:50:48.861+0000] {processor.py:914} INFO - Processing file /opt/airflow/dags/youtube_warehouse_pipeline.py for tasks to queue
[2026-09-17T08:50:48.863+0000] {logging_mixin.py:190} INFO - [2026-09-17T08:50:48.862+0000] {dagbag.py:588} INFO - Filling up the DagBag from /opt/airflow/dags/youtube_warehouse_pipeline.py
[2026-09-17T08:50:48.956+0000] {logging_mixin.py:190} INFO - [2026-09-17T08:50:48.951+0000] {dagbag.py:387} ERROR - Failed to import: /opt/airflow/dags/youtube_warehouse_pipeline.py
Traceback (most recent call last):
  File "/home/airflow/.local/lib/python3.10/site-packages/airflow/models/dagbag.py", line 383, in parse
    loader.exec_module(new_module)
  File "<frozen importlib._bootstrap_external>", line 883, in exec_module
  File "<frozen importlib._bootstrap>", line 241, in _call_with_frames_removed
  File "/opt/airflow/dags/youtube_warehouse_pipeline.py", line 37, in <module>
    python_callable=transform_videos.transform,
AttributeError: module 'include.transform.youtube_transform' has no attribute 'transform'
[2026-09-17T08:50:48.958+0000] {processor.py:927} WARNING - No viable dags retrieved from /opt/airflow/dags/youtube_warehouse_pipeline.py
[2026-09-17T08:50:48.978+0000] {processor.py:208} INFO - Processing /opt/airflow/dags/youtube_warehouse_pipeline.py took 0.131 seconds
[2026-09-17T08:51:19.291+0000] {processor.py:186} INFO - Started process (PID=724) to work on /opt/airflow/dags/youtube_warehouse_pipeline.py
[2026-09-17T08:51:19.294+0000] {processor.py:914} INFO - Processing file /opt/airflow/dags/youtube_warehouse_pipeline.py for tasks to queue
[2026-09-17T08:51:19.296+0000] {logging_mixin.py:190} INFO - [2026-09-17T08:51:19.296+0000] {dagbag.py:588} INFO - Filling up the DagBag from /opt/airflow/dags/youtube_warehouse_pipeline.py
[2026-09-17T08:51:19.384+0000] {logging_mixin.py:190} INFO - [2026-09-17T08:51:19.380+0000] {dagbag.py:387} ERROR - Failed to import: /opt/airflow/dags/youtube_warehouse_pipeline.py
Traceback (most recent call last):
  File "/home/airflow/.local/lib/python3.10/site-packages/airflow/models/dagbag.py", line 383, in parse
    loader.exec_module(new_module)
  File "<frozen importlib._bootstrap_external>", line 883, in exec_module
  File "<frozen importlib._bootstrap>", line 241, in _call_with_frames_removed
  File "/opt/airflow/dags/youtube_warehouse_pipeline.py", line 37, in <module>
    python_callable=transform_videos.transform,
AttributeError: module 'include.transform.youtube_transform' has no attribute 'transform'
[2026-09-17T08:51:19.386+0000] {processor.py:927} WARNING - No viable dags retrieved from /opt/airflow/dags/youtube_warehouse_pipeline.py
[2026-09-17T08:51:19.404+0000] {processor.py:208} INFO - Processing /opt/airflow/dags/youtube_warehouse_pipeline.py took 0.119 seconds
[2026-09-17T08:51:49.712+0000] {processor.py:186} INFO - Started process (PID=732) to work on /opt/airflow/dags/youtube_warehouse_pipeline.py
[2026-09-17T08:51:49.714+0000] {processor.py:914} INFO - Processing file /opt/airflow/dags/youtube_warehouse_pipeline.py for tasks to queue
[2026-09-17T08:51:49.717+0000] {logging_mixin.py:190} INFO - [2026-09-17T08:51:49.716+0000] {dagbag.py:588} INFO - Filling up the DagBag from /opt/airflow/dags/youtube_warehouse_pipeline.py
[2026-09-17T08:51:49.798+0000] {logging_mixin.py:190} INFO - [2026-09-17T08:51:49.793+0000] {dagbag.py:387} ERROR - Failed to import: /opt/airflow/dags/youtube_warehouse_pipeline.py
Traceback (most recent call last):
  File "/home/airflow/.local/lib/python3.10/site-packages/airflow/models/dagbag.py", line 383, in parse
    loader.exec_module(new_module)
  File "<frozen importlib._bootstrap_external>", line 883, in exec_module
  File "<frozen importlib._bootstrap>", line 241, in _call_with_frames_removed
  File "/opt/airflow/dags/youtube_warehouse_pipeline.py", line 37, in <module>
    python_callable=transform_videos.transform,
AttributeError: module 'include.transform.youtube_transform' has no attribute 'transform'
[2026-09-17T08:51:49.800+0000] {processor.py:927} WARNING - No viable dags retrieved from /opt/airflow/dags/youtube_warehouse_pipeline.py
[2026-09-17T08:51:49.819+0000] {processor.py:208} INFO - Processing /opt/airflow/dags/youtube_warehouse_pipeline.py took 0.114 seconds
[2026-09-17T08:52:20.141+0000] {processor.py:186} INFO - Started process (PID=740) to work on /opt/airflow/dags/youtube_warehouse_pipeline.py
[2026-09-17T08:52:20.143+0000] {processor.py:914} INFO - Processing file /opt/airflow/dags/youtube_warehouse_pipeline.py for tasks to queue
[2026-09-17T08:52:20.146+0000] {logging_mixin.py:190} INFO - [2026-09-17T08:52:20.145+0000] {dagbag.py:588} INFO - Filling up the DagBag from /opt/airflow/dags/youtube_warehouse_pipeline.py
[2026-09-17T08:52:20.229+0000] {logging_mixin.py:190} INFO - [2026-09-17T08:52:20.224+0000] {dagbag.py:387} ERROR - Failed to import: /opt/airflow/dags/youtube_warehouse_pipeline.py
Traceback (most recent call last):
  File "/home/airflow/.local/lib/python3.10/site-packages/airflow/models/dagbag.py", line 383, in parse
    loader.exec_module(new_module)
  File "<frozen importlib._bootstrap_external>", line 883, in exec_module
  File "<frozen importlib._bootstrap>", line 241, in _call_with_frames_removed
  File "/opt/airflow/dags/youtube_warehouse_pipeline.py", line 37, in <module>
    python_callable=transform_videos.transform,
AttributeError: module 'include.transform.youtube_transform' has no attribute 'transform'
[2026-09-17T08:52:20.231+0000] {processor.py:927} WARNING - No viable dags retrieved from /opt/airflow/dags/youtube_warehouse_pipeline.py
[2026-09-17T08:52:20.263+0000] {processor.py:208} INFO - Processing /opt/airflow/dags/youtube_warehouse_pipeline.py took 0.129 seconds
[2026-09-17T08:52:50.580+0000] {processor.py:186} INFO - Started process (PID=748) to work on /opt/airflow/dags/youtube_warehouse_pipeline.py
[2026-09-17T08:52:50.582+0000] {processor.py:914} INFO - Processing file /opt/airflow/dags/youtube_warehouse_pipeline.py for tasks to queue
[2026-09-17T08:52:50.585+0000] {logging_mixin.py:190} INFO - [2026-09-17T08:52:50.584+0000] {dagbag.py:588} INFO - Filling up the DagBag from /opt/airflow/dags/youtube_warehouse_pipeline.py
[2026-09-17T08:52:50.668+0000] {logging_mixin.py:190} INFO - [2026-09-17T08:52:50.663+0000] {dagbag.py:387} ERROR - Failed to import: /opt/airflow/dags/youtube_warehouse_pipeline.py
Traceback (most recent call last):
  File "/home/airflow/.local/lib/python3.10/site-packages/airflow/models/dagbag.py", line 383, in parse
    loader.exec_module(new_module)
  File "<frozen importlib._bootstrap_external>", line 883, in exec_module
  File "<frozen importlib._bootstrap>", line 241, in _call_with_frames_removed
  File "/opt/airflow/dags/youtube_warehouse_pipeline.py", line 37, in <module>
    python_callable=transform_videos.transform,
AttributeError: module 'include.transform.youtube_transform' has no attribute 'transform'
[2026-09-17T08:52:50.670+0000] {processor.py:927} WARNING - No viable dags retrieved from /opt/airflow/dags/youtube_warehouse_pipeline.py
[2026-09-17T08:52:50.692+0000] {processor.py:208} INFO - Processing /opt/airflow/dags/youtube_warehouse_pipeline.py took 0.118 seconds
[2026-09-17T08:53:21.015+0000] {processor.py:186} INFO - Started process (PID=756) to work on /opt/airflow/dags/youtube_warehouse_pipeline.py
[2026-09-17T08:53:21.017+0000] {processor.py:914} INFO - Processing file /opt/airflow/dags/youtube_warehouse_pipeline.py for tasks to queue
[2026-09-17T08:53:21.020+0000] {logging_mixin.py:190} INFO - [2026-09-17T08:53:21.020+0000] {dagbag.py:588} INFO - Filling up the DagBag from /opt/airflow/dags/youtube_warehouse_pipeline.py
[2026-09-17T08:53:21.112+0000] {logging_mixin.py:190} INFO - [2026-09-17T08:53:21.108+0000] {dagbag.py:387} ERROR - Failed to import: /opt/airflow/dags/youtube_warehouse_pipeline.py
Traceback (most recent call last):
  File "/home/airflow/.local/lib/python3.10/site-packages/airflow/models/dagbag.py", line 383, in parse
    loader.exec_module(new_module)
  File "<frozen importlib._bootstrap_external>", line 883, in exec_module
  File "<frozen importlib._bootstrap>", line 241, in _call_with_frames_removed
  File "/opt/airflow/dags/youtube_warehouse_pipeline.py", line 37, in <module>
    python_callable=transform_videos.transform,
AttributeError: module 'include.transform.youtube_transform' has no attribute 'transform'
[2026-09-17T08:53:21.114+0000] {processor.py:927} WARNING - No viable dags retrieved from /opt/airflow/dags/youtube_warehouse_pipeline.py
[2026-09-17T08:53:21.133+0000] {processor.py:208} INFO - Processing /opt/airflow/dags/youtube_warehouse_pipeline.py took 0.127 seconds
[2026-09-17T08:53:51.482+0000] {processor.py:186} INFO - Started process (PID=763) to work on /opt/airflow/dags/youtube_warehouse_pipeline.py
[2026-09-17T08:53:51.485+0000] {processor.py:914} INFO - Processing file /opt/airflow/dags/youtube_warehouse_pipeline.py for tasks to queue
[2026-09-17T08:53:51.488+0000] {logging_mixin.py:190} INFO - [2026-09-17T08:53:51.487+0000] {dagbag.py:588} INFO - Filling up the DagBag from /opt/airflow/dags/youtube_warehouse_pipeline.py
[2026-09-17T08:53:51.598+0000] {logging_mixin.py:190} INFO - [2026-09-17T08:53:51.592+0000] {dagbag.py:387} ERROR - Failed to import: /opt/airflow/dags/youtube_warehouse_pipeline.py
Traceback (most recent call last):
  File "/home/airflow/.local/lib/python3.10/site-packages/airflow/models/dagbag.py", line 383, in parse
    loader.exec_module(new_module)
  File "<frozen importlib._bootstrap_external>", line 883, in exec_module
  File "<frozen importlib._bootstrap>", line 241, in _call_with_frames_removed
  File "/opt/airflow/dags/youtube_warehouse_pipeline.py", line 37, in <module>
    python_callable=transform_videos.transform,
AttributeError: module 'include.transform.youtube_transform' has no attribute 'transform'
[2026-09-17T08:53:51.602+0000] {processor.py:927} WARNING - No viable dags retrieved from /opt/airflow/dags/youtube_warehouse_pipeline.py
[2026-09-17T08:53:51.631+0000] {processor.py:208} INFO - Processing /opt/airflow/dags/youtube_warehouse_pipeline.py took 0.157 seconds
[2026-09-17T08:54:21.999+0000] {processor.py:186} INFO - Started process (PID=771) to work on /opt/airflow/dags/youtube_warehouse_pipeline.py
[2026-09-17T08:54:22.002+0000] {processor.py:914} INFO - Processing file /opt/airflow/dags/youtube_warehouse_pipeline.py for tasks to queue
[2026-09-17T08:54:22.007+0000] {logging_mixin.py:190} INFO - [2026-09-17T08:54:22.006+0000] {dagbag.py:588} INFO - Filling up the DagBag from /opt/airflow/dags/youtube_warehouse_pipeline.py
[2026-09-17T08:54:22.142+0000] {logging_mixin.py:190} INFO - [2026-09-17T08:54:22.138+0000] {dagbag.py:387} ERROR - Failed to import: /opt/airflow/dags/youtube_warehouse_pipeline.py
Traceback (most recent call last):
  File "/home/airflow/.local/lib/python3.10/site-packages/airflow/models/dagbag.py", line 383, in parse
    loader.exec_module(new_module)
  File "<frozen importlib._bootstrap_external>", line 883, in exec_module
  File "<frozen importlib._bootstrap>", line 241, in _call_with_frames_removed
  File "/opt/airflow/dags/youtube_warehouse_pipeline.py", line 37, in <module>
    python_callable=transform_videos.transform,
AttributeError: module 'include.transform.youtube_transform' has no attribute 'transform'
[2026-09-17T08:54:22.144+0000] {processor.py:927} WARNING - No viable dags retrieved from /opt/airflow/dags/youtube_warehouse_pipeline.py
[2026-09-17T08:54:22.166+0000] {processor.py:208} INFO - Processing /opt/airflow/dags/youtube_warehouse_pipeline.py took 0.181 seconds
[2026-09-17T08:54:52.571+0000] {processor.py:186} INFO - Started process (PID=779) to work on /opt/airflow/dags/youtube_warehouse_pipeline.py
[2026-09-17T08:54:52.574+0000] {processor.py:914} INFO - Processing file /opt/airflow/dags/youtube_warehouse_pipeline.py for tasks to queue
[2026-09-17T08:54:52.579+0000] {logging_mixin.py:190} INFO - [2026-09-17T08:54:52.578+0000] {dagbag.py:588} INFO - Filling up the DagBag from /opt/airflow/dags/youtube_warehouse_pipeline.py
[2026-09-17T08:54:52.771+0000] {logging_mixin.py:190} INFO - [2026-09-17T08:54:52.762+0000] {dagbag.py:387} ERROR - Failed to import: /opt/airflow/dags/youtube_warehouse_pipeline.py
Traceback (most recent call last):
  File "/home/airflow/.local/lib/python3.10/site-packages/airflow/models/dagbag.py", line 383, in parse
    loader.exec_module(new_module)
  File "<frozen importlib._bootstrap_external>", line 883, in exec_module
  File "<frozen importlib._bootstrap>", line 241, in _call_with_frames_removed
  File "/opt/airflow/dags/youtube_warehouse_pipeline.py", line 37, in <module>
    python_callable=transform_videos.transform,
AttributeError: module 'include.transform.youtube_transform' has no attribute 'transform'
[2026-09-17T08:54:52.778+0000] {processor.py:927} WARNING - No viable dags retrieved from /opt/airflow/dags/youtube_warehouse_pipeline.py
[2026-09-17T08:54:52.838+0000] {processor.py:208} INFO - Processing /opt/airflow/dags/youtube_warehouse_pipeline.py took 0.279 seconds
[2026-09-17T08:55:23.222+0000] {processor.py:186} INFO - Started process (PID=787) to work on /opt/airflow/dags/youtube_warehouse_pipeline.py
[2026-09-17T08:55:23.224+0000] {processor.py:914} INFO - Processing file /opt/airflow/dags/youtube_warehouse_pipeline.py for tasks to queue
[2026-09-17T08:55:23.226+0000] {logging_mixin.py:190} INFO - [2026-09-17T08:55:23.226+0000] {dagbag.py:588} INFO - Filling up the DagBag from /opt/airflow/dags/youtube_warehouse_pipeline.py
[2026-09-17T08:55:23.331+0000] {logging_mixin.py:190} INFO - [2026-09-17T08:55:23.327+0000] {dagbag.py:387} ERROR - Failed to import: /opt/airflow/dags/youtube_warehouse_pipeline.py
Traceback (most recent call last):
  File "/home/airflow/.local/lib/python3.10/site-packages/airflow/models/dagbag.py", line 383, in parse
    loader.exec_module(new_module)
  File "<frozen importlib._bootstrap_external>", line 883, in exec_module
  File "<frozen importlib._bootstrap>", line 241, in _call_with_frames_removed
  File "/opt/airflow/dags/youtube_warehouse_pipeline.py", line 37, in <module>
    python_callable=transform_videos.transform,
AttributeError: module 'include.transform.youtube_transform' has no attribute 'transform'
[2026-09-17T08:55:23.334+0000] {processor.py:927} WARNING - No viable dags retrieved from /opt/airflow/dags/youtube_warehouse_pipeline.py
[2026-09-17T08:55:23.355+0000] {processor.py:208} INFO - Processing /opt/airflow/dags/youtube_warehouse_pipeline.py took 0.140 seconds
[2026-09-17T08:55:53.692+0000] {processor.py:186} INFO - Started process (PID=795) to work on /opt/airflow/dags/youtube_warehouse_pipeline.py
[2026-09-17T08:55:53.694+0000] {processor.py:914} INFO - Processing file /opt/airflow/dags/youtube_warehouse_pipeline.py for tasks to queue
[2026-09-17T08:55:53.696+0000] {logging_mixin.py:190} INFO - [2026-09-17T08:55:53.696+0000] {dagbag.py:588} INFO - Filling up the DagBag from /opt/airflow/dags/youtube_warehouse_pipeline.py
[2026-09-17T08:55:53.810+0000] {logging_mixin.py:190} INFO - [2026-09-17T08:55:53.805+0000] {dagbag.py:387} ERROR - Failed to import: /opt/airflow/dags/youtube_warehouse_pipeline.py
Traceback (most recent call last):
  File "/home/airflow/.local/lib/python3.10/site-packages/airflow/models/dagbag.py", line 383, in parse
    loader.exec_module(new_module)
  File "<frozen importlib._bootstrap_external>", line 883, in exec_module
  File "<frozen importlib._bootstrap>", line 241, in _call_with_frames_removed
  File "/opt/airflow/dags/youtube_warehouse_pipeline.py", line 37, in <module>
    python_callable=transform_videos.transform,
AttributeError: module 'include.transform.youtube_transform' has no attribute 'transform'
[2026-09-17T08:55:53.812+0000] {processor.py:927} WARNING - No viable dags retrieved from /opt/airflow/dags/youtube_warehouse_pipeline.py
[2026-09-17T08:55:53.837+0000] {processor.py:208} INFO - Processing /opt/airflow/dags/youtube_warehouse_pipeline.py took 0.152 seconds
[2026-09-17T08:56:24.227+0000] {processor.py:186} INFO - Started process (PID=803) to work on /opt/airflow/dags/youtube_warehouse_pipeline.py
[2026-09-17T08:56:24.230+0000] {processor.py:914} INFO - Processing file /opt/airflow/dags/youtube_warehouse_pipeline.py for tasks to queue
[2026-09-17T08:56:24.234+0000] {logging_mixin.py:190} INFO - [2026-09-17T08:56:24.233+0000] {dagbag.py:588} INFO - Filling up the DagBag from /opt/airflow/dags/youtube_warehouse_pipeline.py
[2026-09-17T08:56:24.351+0000] {logging_mixin.py:190} INFO - [2026-09-17T08:56:24.345+0000] {dagbag.py:387} ERROR - Failed to import: /opt/airflow/dags/youtube_warehouse_pipeline.py
Traceback (most recent call last):
  File "/home/airflow/.local/lib/python3.10/site-packages/airflow/models/dagbag.py", line 383, in parse
    loader.exec_module(new_module)
  File "<frozen importlib._bootstrap_external>", line 883, in exec_module
  File "<frozen importlib._bootstrap>", line 241, in _call_with_frames_removed
  File "/opt/airflow/dags/youtube_warehouse_pipeline.py", line 37, in <module>
    python_callable=transform_videos.transform,
AttributeError: module 'include.transform.youtube_transform' has no attribute 'transform'
[2026-09-17T08:56:24.354+0000] {processor.py:927} WARNING - No viable dags retrieved from /opt/airflow/dags/youtube_warehouse_pipeline.py
[2026-09-17T08:56:24.380+0000] {processor.py:208} INFO - Processing /opt/airflow/dags/youtube_warehouse_pipeline.py took 0.166 seconds
[2026-09-17T08:56:54.757+0000] {processor.py:186} INFO - Started process (PID=811) to work on /opt/airflow/dags/youtube_warehouse_pipeline.py
[2026-09-17T08:56:54.759+0000] {processor.py:914} INFO - Processing file /opt/airflow/dags/youtube_warehouse_pipeline.py for tasks to queue
[2026-09-17T08:56:54.762+0000] {logging_mixin.py:190} INFO - [2026-09-17T08:56:54.761+0000] {dagbag.py:588} INFO - Filling up the DagBag from /opt/airflow/dags/youtube_warehouse_pipeline.py
[2026-09-17T08:56:54.853+0000] {logging_mixin.py:190} INFO - [2026-09-17T08:56:54.848+0000] {dagbag.py:387} ERROR - Failed to import: /opt/airflow/dags/youtube_warehouse_pipeline.py
Traceback (most recent call last):
  File "/home/airflow/.local/lib/python3.10/site-packages/airflow/models/dagbag.py", line 383, in parse
    loader.exec_module(new_module)
  File "<frozen importlib._bootstrap_external>", line 883, in exec_module
  File "<frozen importlib._bootstrap>", line 241, in _call_with_frames_removed
  File "/opt/airflow/dags/youtube_warehouse_pipeline.py", line 37, in <module>
    python_callable=transform_videos.transform,
AttributeError: module 'include.transform.youtube_transform' has no attribute 'transform'
[2026-09-17T08:56:54.855+0000] {processor.py:927} WARNING - No viable dags retrieved from /opt/airflow/dags/youtube_warehouse_pipeline.py
[2026-09-17T08:56:54.879+0000] {processor.py:208} INFO - Processing /opt/airflow/dags/youtube_warehouse_pipeline.py took 0.128 seconds
[2026-09-17T08:57:25.233+0000] {processor.py:186} INFO - Started process (PID=819) to work on /opt/airflow/dags/youtube_warehouse_pipeline.py
[2026-09-17T08:57:25.237+0000] {processor.py:914} INFO - Processing file /opt/airflow/dags/youtube_warehouse_pipeline.py for tasks to queue
[2026-09-17T08:57:25.249+0000] {logging_mixin.py:190} INFO - [2026-09-17T08:57:25.244+0000] {dagbag.py:588} INFO - Filling up the DagBag from /opt/airflow/dags/youtube_warehouse_pipeline.py
[2026-09-17T08:57:25.398+0000] {logging_mixin.py:190} INFO - [2026-09-17T08:57:25.391+0000] {dagbag.py:387} ERROR - Failed to import: /opt/airflow/dags/youtube_warehouse_pipeline.py
Traceback (most recent call last):
  File "/home/airflow/.local/lib/python3.10/site-packages/airflow/models/dagbag.py", line 383, in parse
    loader.exec_module(new_module)
  File "<frozen importlib._bootstrap_external>", line 883, in exec_module
  File "<frozen importlib._bootstrap>", line 241, in _call_with_frames_removed
  File "/opt/airflow/dags/youtube_warehouse_pipeline.py", line 11, in <module>
    from include.transform import youtube_transform as transform_videos
  File "/opt/airflow/include/transform/youtube_transform.py", line 28
    
    ^
IndentationError: expected an indented block after function definition on line 26
[2026-09-17T08:57:25.403+0000] {processor.py:927} WARNING - No viable dags retrieved from /opt/airflow/dags/youtube_warehouse_pipeline.py
[2026-09-17T08:57:25.465+0000] {processor.py:208} INFO - Processing /opt/airflow/dags/youtube_warehouse_pipeline.py took 0.253 seconds
[2026-09-17T08:57:55.843+0000] {processor.py:186} INFO - Started process (PID=827) to work on /opt/airflow/dags/youtube_warehouse_pipeline.py
[2026-09-17T08:57:55.845+0000] {processor.py:914} INFO - Processing file /opt/airflow/dags/youtube_warehouse_pipeline.py for tasks to queue
[2026-09-17T08:57:55.847+0000] {logging_mixin.py:190} INFO - [2026-09-17T08:57:55.847+0000] {dagbag.py:588} INFO - Filling up the DagBag from /opt/airflow/dags/youtube_warehouse_pipeline.py
[2026-09-17T08:57:55.931+0000] {logging_mixin.py:190} INFO - [2026-09-17T08:57:55.926+0000] {dagbag.py:387} ERROR - Failed to import: /opt/airflow/dags/youtube_warehouse_pipeline.py
Traceback (most recent call last):
  File "/home/airflow/.local/lib/python3.10/site-packages/airflow/models/dagbag.py", line 383, in parse
    loader.exec_module(new_module)
  File "<frozen importlib._bootstrap_external>", line 883, in exec_module
  File "<frozen importlib._bootstrap>", line 241, in _call_with_frames_removed
  File "/opt/airflow/dags/youtube_warehouse_pipeline.py", line 11, in <module>
    from include.transform import youtube_transform as transform_videos
  File "/opt/airflow/include/transform/youtube_transform.py", line 28
    
    ^
IndentationError: expected an indented block after function definition on line 26
[2026-09-17T08:57:55.934+0000] {processor.py:927} WARNING - No viable dags retrieved from /opt/airflow/dags/youtube_warehouse_pipeline.py
[2026-09-17T08:57:55.955+0000] {processor.py:208} INFO - Processing /opt/airflow/dags/youtube_warehouse_pipeline.py took 0.119 seconds
[2026-09-17T08:58:26.356+0000] {processor.py:186} INFO - Started process (PID=835) to work on /opt/airflow/dags/youtube_warehouse_pipeline.py
[2026-09-17T08:58:26.357+0000] {processor.py:914} INFO - Processing file /opt/airflow/dags/youtube_warehouse_pipeline.py for tasks to queue
[2026-09-17T08:58:26.359+0000] {logging_mixin.py:190} INFO - [2026-09-17T08:58:26.359+0000] {dagbag.py:588} INFO - Filling up the DagBag from /opt/airflow/dags/youtube_warehouse_pipeline.py
[2026-09-17T08:58:26.442+0000] {logging_mixin.py:190} INFO - [2026-09-17T08:58:26.437+0000] {dagbag.py:387} ERROR - Failed to import: /opt/airflow/dags/youtube_warehouse_pipeline.py
Traceback (most recent call last):
  File "/home/airflow/.local/lib/python3.10/site-packages/airflow/models/dagbag.py", line 383, in parse
    loader.exec_module(new_module)
  File "<frozen importlib._bootstrap_external>", line 883, in exec_module
  File "<frozen importlib._bootstrap>", line 241, in _call_with_frames_removed
  File "/opt/airflow/dags/youtube_warehouse_pipeline.py", line 11, in <module>
    from include.transform import youtube_transform as transform_videos
  File "/opt/airflow/include/transform/youtube_transform.py", line 28
    
    ^
IndentationError: expected an indented block after function definition on line 26
[2026-09-17T08:58:26.445+0000] {processor.py:927} WARNING - No viable dags retrieved from /opt/airflow/dags/youtube_warehouse_pipeline.py
[2026-09-17T08:58:26.464+0000] {processor.py:208} INFO - Processing /opt/airflow/dags/youtube_warehouse_pipeline.py took 0.116 seconds
[2026-09-17T08:58:56.826+0000] {processor.py:186} INFO - Started process (PID=849) to work on /opt/airflow/dags/youtube_warehouse_pipeline.py
[2026-09-17T08:58:56.828+0000] {processor.py:914} INFO - Processing file /opt/airflow/dags/youtube_warehouse_pipeline.py for tasks to queue
[2026-09-17T08:58:56.831+0000] {logging_mixin.py:190} INFO - [2026-09-17T08:58:56.830+0000] {dagbag.py:588} INFO - Filling up the DagBag from /opt/airflow/dags/youtube_warehouse_pipeline.py
[2026-09-17T08:58:56.911+0000] {logging_mixin.py:190} INFO - [2026-09-17T08:58:56.906+0000] {dagbag.py:387} ERROR - Failed to import: /opt/airflow/dags/youtube_warehouse_pipeline.py
Traceback (most recent call last):
  File "/home/airflow/.local/lib/python3.10/site-packages/airflow/models/dagbag.py", line 383, in parse
    loader.exec_module(new_module)
  File "<frozen importlib._bootstrap_external>", line 883, in exec_module
  File "<frozen importlib._bootstrap>", line 241, in _call_with_frames_removed
  File "/opt/airflow/dags/youtube_warehouse_pipeline.py", line 11, in <module>
    from include.transform import youtube_transform as transform_videos
  File "/opt/airflow/include/transform/youtube_transform.py", line 28
    
    ^
IndentationError: expected an indented block after function definition on line 26
[2026-09-17T08:58:56.913+0000] {processor.py:927} WARNING - No viable dags retrieved from /opt/airflow/dags/youtube_warehouse_pipeline.py
[2026-09-17T08:58:56.933+0000] {processor.py:208} INFO - Processing /opt/airflow/dags/youtube_warehouse_pipeline.py took 0.113 seconds
[2026-09-17T08:59:27.280+0000] {processor.py:186} INFO - Started process (PID=857) to work on /opt/airflow/dags/youtube_warehouse_pipeline.py
[2026-09-17T08:59:27.281+0000] {processor.py:914} INFO - Processing file /opt/airflow/dags/youtube_warehouse_pipeline.py for tasks to queue
[2026-09-17T08:59:27.284+0000] {logging_mixin.py:190} INFO - [2026-09-17T08:59:27.283+0000] {dagbag.py:588} INFO - Filling up the DagBag from /opt/airflow/dags/youtube_warehouse_pipeline.py
[2026-09-17T08:59:27.374+0000] {logging_mixin.py:190} INFO - [2026-09-17T08:59:27.369+0000] {dagbag.py:387} ERROR - Failed to import: /opt/airflow/dags/youtube_warehouse_pipeline.py
Traceback (most recent call last):
  File "/home/airflow/.local/lib/python3.10/site-packages/airflow/models/dagbag.py", line 383, in parse
    loader.exec_module(new_module)
  File "<frozen importlib._bootstrap_external>", line 883, in exec_module
  File "<frozen importlib._bootstrap>", line 241, in _call_with_frames_removed
  File "/opt/airflow/dags/youtube_warehouse_pipeline.py", line 11, in <module>
    from include.transform import youtube_transform as transform_videos
  File "/opt/airflow/include/transform/youtube_transform.py", line 28
    
    ^
IndentationError: expected an indented block after function definition on line 26
[2026-09-17T08:59:27.377+0000] {processor.py:927} WARNING - No viable dags retrieved from /opt/airflow/dags/youtube_warehouse_pipeline.py
[2026-09-17T08:59:27.398+0000] {processor.py:208} INFO - Processing /opt/airflow/dags/youtube_warehouse_pipeline.py took 0.124 seconds
[2026-09-17T08:59:57.820+0000] {processor.py:186} INFO - Started process (PID=865) to work on /opt/airflow/dags/youtube_warehouse_pipeline.py
[2026-09-17T08:59:57.823+0000] {processor.py:914} INFO - Processing file /opt/airflow/dags/youtube_warehouse_pipeline.py for tasks to queue
[2026-09-17T08:59:57.827+0000] {logging_mixin.py:190} INFO - [2026-09-17T08:59:57.826+0000] {dagbag.py:588} INFO - Filling up the DagBag from /opt/airflow/dags/youtube_warehouse_pipeline.py
[2026-09-17T08:59:57.931+0000] {logging_mixin.py:190} INFO - [2026-09-17T08:59:57.926+0000] {dagbag.py:387} ERROR - Failed to import: /opt/airflow/dags/youtube_warehouse_pipeline.py
Traceback (most recent call last):
  File "/home/airflow/.local/lib/python3.10/site-packages/airflow/models/dagbag.py", line 383, in parse
    loader.exec_module(new_module)
  File "<frozen importlib._bootstrap_external>", line 883, in exec_module
  File "<frozen importlib._bootstrap>", line 241, in _call_with_frames_removed
  File "/opt/airflow/dags/youtube_warehouse_pipeline.py", line 11, in <module>
    from include.transform import youtube_transform as transform_videos
  File "/opt/airflow/include/transform/youtube_transform.py", line 28
    
    ^
IndentationError: expected an indented block after function definition on line 26
[2026-09-17T08:59:57.934+0000] {processor.py:927} WARNING - No viable dags retrieved from /opt/airflow/dags/youtube_warehouse_pipeline.py
[2026-09-17T08:59:57.954+0000] {processor.py:208} INFO - Processing /opt/airflow/dags/youtube_warehouse_pipeline.py took 0.142 seconds
[2026-09-17T09:00:28.335+0000] {processor.py:186} INFO - Started process (PID=873) to work on /opt/airflow/dags/youtube_warehouse_pipeline.py
[2026-09-17T09:00:28.338+0000] {processor.py:914} INFO - Processing file /opt/airflow/dags/youtube_warehouse_pipeline.py for tasks to queue
[2026-09-17T09:00:28.340+0000] {logging_mixin.py:190} INFO - [2026-09-17T09:00:28.340+0000] {dagbag.py:588} INFO - Filling up the DagBag from /opt/airflow/dags/youtube_warehouse_pipeline.py
[2026-09-17T09:00:28.431+0000] {logging_mixin.py:190} INFO - [2026-09-17T09:00:28.427+0000] {dagbag.py:387} ERROR - Failed to import: /opt/airflow/dags/youtube_warehouse_pipeline.py
Traceback (most recent call last):
  File "/home/airflow/.local/lib/python3.10/site-packages/airflow/models/dagbag.py", line 383, in parse
    loader.exec_module(new_module)
  File "<frozen importlib._bootstrap_external>", line 883, in exec_module
  File "<frozen importlib._bootstrap>", line 241, in _call_with_frames_removed
  File "/opt/airflow/dags/youtube_warehouse_pipeline.py", line 11, in <module>
    from include.transform import youtube_transform as transform_videos
  File "/opt/airflow/include/transform/youtube_transform.py", line 28
    
    ^
IndentationError: expected an indented block after function definition on line 26
[2026-09-17T09:00:28.434+0000] {processor.py:927} WARNING - No viable dags retrieved from /opt/airflow/dags/youtube_warehouse_pipeline.py
[2026-09-17T09:00:28.455+0000] {processor.py:208} INFO - Processing /opt/airflow/dags/youtube_warehouse_pipeline.py took 0.129 seconds
[2026-09-17T09:00:58.844+0000] {processor.py:186} INFO - Started process (PID=881) to work on /opt/airflow/dags/youtube_warehouse_pipeline.py
[2026-09-17T09:00:58.847+0000] {processor.py:914} INFO - Processing file /opt/airflow/dags/youtube_warehouse_pipeline.py for tasks to queue
[2026-09-17T09:00:58.850+0000] {logging_mixin.py:190} INFO - [2026-09-17T09:00:58.849+0000] {dagbag.py:588} INFO - Filling up the DagBag from /opt/airflow/dags/youtube_warehouse_pipeline.py
[2026-09-17T09:00:58.970+0000] {logging_mixin.py:190} INFO - [2026-09-17T09:00:58.966+0000] {dagbag.py:387} ERROR - Failed to import: /opt/airflow/dags/youtube_warehouse_pipeline.py
Traceback (most recent call last):
  File "/home/airflow/.local/lib/python3.10/site-packages/airflow/models/dagbag.py", line 383, in parse
    loader.exec_module(new_module)
  File "<frozen importlib._bootstrap_external>", line 883, in exec_module
  File "<frozen importlib._bootstrap>", line 241, in _call_with_frames_removed
  File "/opt/airflow/dags/youtube_warehouse_pipeline.py", line 11, in <module>
    from include.transform import youtube_transform as transform_videos
  File "/opt/airflow/include/transform/youtube_transform.py", line 28
    
    ^
IndentationError: expected an indented block after function definition on line 26
[2026-09-17T09:00:58.972+0000] {processor.py:927} WARNING - No viable dags retrieved from /opt/airflow/dags/youtube_warehouse_pipeline.py
[2026-09-17T09:00:58.993+0000] {processor.py:208} INFO - Processing /opt/airflow/dags/youtube_warehouse_pipeline.py took 0.160 seconds
[2026-09-17T09:01:29.354+0000] {processor.py:186} INFO - Started process (PID=889) to work on /opt/airflow/dags/youtube_warehouse_pipeline.py
[2026-09-17T09:01:29.356+0000] {processor.py:914} INFO - Processing file /opt/airflow/dags/youtube_warehouse_pipeline.py for tasks to queue
[2026-09-17T09:01:29.360+0000] {logging_mixin.py:190} INFO - [2026-09-17T09:01:29.358+0000] {dagbag.py:588} INFO - Filling up the DagBag from /opt/airflow/dags/youtube_warehouse_pipeline.py
[2026-09-17T09:01:29.442+0000] {logging_mixin.py:190} INFO - [2026-09-17T09:01:29.437+0000] {dagbag.py:387} ERROR - Failed to import: /opt/airflow/dags/youtube_warehouse_pipeline.py
Traceback (most recent call last):
  File "/home/airflow/.local/lib/python3.10/site-packages/airflow/models/dagbag.py", line 383, in parse
    loader.exec_module(new_module)
  File "<frozen importlib._bootstrap_external>", line 883, in exec_module
  File "<frozen importlib._bootstrap>", line 241, in _call_with_frames_removed
  File "/opt/airflow/dags/youtube_warehouse_pipeline.py", line 11, in <module>
    from include.transform import youtube_transform as transform_videos
  File "/opt/airflow/include/transform/youtube_transform.py", line 28
    
    ^
IndentationError: expected an indented block after function definition on line 26
[2026-09-17T09:01:29.444+0000] {processor.py:927} WARNING - No viable dags retrieved from /opt/airflow/dags/youtube_warehouse_pipeline.py
[2026-09-17T09:01:29.467+0000] {processor.py:208} INFO - Processing /opt/airflow/dags/youtube_warehouse_pipeline.py took 0.120 seconds
[2026-09-17T09:01:59.809+0000] {processor.py:186} INFO - Started process (PID=897) to work on /opt/airflow/dags/youtube_warehouse_pipeline.py
[2026-09-17T09:01:59.811+0000] {processor.py:914} INFO - Processing file /opt/airflow/dags/youtube_warehouse_pipeline.py for tasks to queue
[2026-09-17T09:01:59.814+0000] {logging_mixin.py:190} INFO - [2026-09-17T09:01:59.814+0000] {dagbag.py:588} INFO - Filling up the DagBag from /opt/airflow/dags/youtube_warehouse_pipeline.py
[2026-09-17T09:01:59.898+0000] {logging_mixin.py:190} INFO - [2026-09-17T09:01:59.892+0000] {dagbag.py:387} ERROR - Failed to import: /opt/airflow/dags/youtube_warehouse_pipeline.py
Traceback (most recent call last):
  File "/home/airflow/.local/lib/python3.10/site-packages/airflow/models/dagbag.py", line 383, in parse
    loader.exec_module(new_module)
  File "<frozen importlib._bootstrap_external>", line 883, in exec_module
  File "<frozen importlib._bootstrap>", line 241, in _call_with_frames_removed
  File "/opt/airflow/dags/youtube_warehouse_pipeline.py", line 11, in <module>
    from include.transform import youtube_transform as transform_videos
  File "/opt/airflow/include/transform/youtube_transform.py", line 28
    
    ^
IndentationError: expected an indented block after function definition on line 26
[2026-09-17T09:01:59.901+0000] {processor.py:927} WARNING - No viable dags retrieved from /opt/airflow/dags/youtube_warehouse_pipeline.py
[2026-09-17T09:01:59.922+0000] {processor.py:208} INFO - Processing /opt/airflow/dags/youtube_warehouse_pipeline.py took 0.119 seconds
[2026-09-17T09:02:30.245+0000] {processor.py:186} INFO - Started process (PID=905) to work on /opt/airflow/dags/youtube_warehouse_pipeline.py
[2026-09-17T09:02:30.247+0000] {processor.py:914} INFO - Processing file /opt/airflow/dags/youtube_warehouse_pipeline.py for tasks to queue
[2026-09-17T09:02:30.250+0000] {logging_mixin.py:190} INFO - [2026-09-17T09:02:30.250+0000] {dagbag.py:588} INFO - Filling up the DagBag from /opt/airflow/dags/youtube_warehouse_pipeline.py
[2026-09-17T09:02:30.342+0000] {logging_mixin.py:190} INFO - [2026-09-17T09:02:30.336+0000] {dagbag.py:387} ERROR - Failed to import: /opt/airflow/dags/youtube_warehouse_pipeline.py
Traceback (most recent call last):
  File "/home/airflow/.local/lib/python3.10/site-packages/airflow/models/dagbag.py", line 383, in parse
    loader.exec_module(new_module)
  File "<frozen importlib._bootstrap_external>", line 883, in exec_module
  File "<frozen importlib._bootstrap>", line 241, in _call_with_frames_removed
  File "/opt/airflow/dags/youtube_warehouse_pipeline.py", line 11, in <module>
    from include.transform import youtube_transform as transform_videos
  File "/opt/airflow/include/transform/youtube_transform.py", line 28
    
    ^
IndentationError: expected an indented block after function definition on line 26
[2026-09-17T09:02:30.344+0000] {processor.py:927} WARNING - No viable dags retrieved from /opt/airflow/dags/youtube_warehouse_pipeline.py
[2026-09-17T09:02:30.365+0000] {processor.py:208} INFO - Processing /opt/airflow/dags/youtube_warehouse_pipeline.py took 0.126 seconds
[2026-09-17T09:03:00.714+0000] {processor.py:186} INFO - Started process (PID=913) to work on /opt/airflow/dags/youtube_warehouse_pipeline.py
[2026-09-17T09:03:00.716+0000] {processor.py:914} INFO - Processing file /opt/airflow/dags/youtube_warehouse_pipeline.py for tasks to queue
[2026-09-17T09:03:00.718+0000] {logging_mixin.py:190} INFO - [2026-09-17T09:03:00.718+0000] {dagbag.py:588} INFO - Filling up the DagBag from /opt/airflow/dags/youtube_warehouse_pipeline.py
[2026-09-17T09:03:00.811+0000] {logging_mixin.py:190} INFO - [2026-09-17T09:03:00.806+0000] {dagbag.py:387} ERROR - Failed to import: /opt/airflow/dags/youtube_warehouse_pipeline.py
Traceback (most recent call last):
  File "/home/airflow/.local/lib/python3.10/site-packages/airflow/models/dagbag.py", line 383, in parse
    loader.exec_module(new_module)
  File "<frozen importlib._bootstrap_external>", line 883, in exec_module
  File "<frozen importlib._bootstrap>", line 241, in _call_with_frames_removed
  File "/opt/airflow/dags/youtube_warehouse_pipeline.py", line 11, in <module>
    from include.transform import youtube_transform as transform_videos
  File "/opt/airflow/include/transform/youtube_transform.py", line 28
    
    ^
IndentationError: expected an indented block after function definition on line 26
[2026-09-17T09:03:00.813+0000] {processor.py:927} WARNING - No viable dags retrieved from /opt/airflow/dags/youtube_warehouse_pipeline.py
[2026-09-17T09:03:00.834+0000] {processor.py:208} INFO - Processing /opt/airflow/dags/youtube_warehouse_pipeline.py took 0.126 seconds
[2026-09-17T09:03:31.214+0000] {processor.py:186} INFO - Started process (PID=921) to work on /opt/airflow/dags/youtube_warehouse_pipeline.py
[2026-09-17T09:03:31.216+0000] {processor.py:914} INFO - Processing file /opt/airflow/dags/youtube_warehouse_pipeline.py for tasks to queue
[2026-09-17T09:03:31.218+0000] {logging_mixin.py:190} INFO - [2026-09-17T09:03:31.218+0000] {dagbag.py:588} INFO - Filling up the DagBag from /opt/airflow/dags/youtube_warehouse_pipeline.py
[2026-09-17T09:03:31.314+0000] {logging_mixin.py:190} INFO - [2026-09-17T09:03:31.308+0000] {dagbag.py:387} ERROR - Failed to import: /opt/airflow/dags/youtube_warehouse_pipeline.py
Traceback (most recent call last):
  File "/home/airflow/.local/lib/python3.10/site-packages/airflow/models/dagbag.py", line 383, in parse
    loader.exec_module(new_module)
  File "<frozen importlib._bootstrap_external>", line 883, in exec_module
  File "<frozen importlib._bootstrap>", line 241, in _call_with_frames_removed
  File "/opt/airflow/dags/youtube_warehouse_pipeline.py", line 11, in <module>
    from include.transform import youtube_transform as transform_videos
  File "/opt/airflow/include/transform/youtube_transform.py", line 29
    
    ^
IndentationError: expected an indented block after function definition on line 27
[2026-09-17T09:03:31.317+0000] {processor.py:927} WARNING - No viable dags retrieved from /opt/airflow/dags/youtube_warehouse_pipeline.py
[2026-09-17T09:03:31.343+0000] {processor.py:208} INFO - Processing /opt/airflow/dags/youtube_warehouse_pipeline.py took 0.137 seconds
[2026-09-17T09:04:01.702+0000] {processor.py:186} INFO - Started process (PID=929) to work on /opt/airflow/dags/youtube_warehouse_pipeline.py
[2026-09-17T09:04:01.704+0000] {processor.py:914} INFO - Processing file /opt/airflow/dags/youtube_warehouse_pipeline.py for tasks to queue
[2026-09-17T09:04:01.706+0000] {logging_mixin.py:190} INFO - [2026-09-17T09:04:01.706+0000] {dagbag.py:588} INFO - Filling up the DagBag from /opt/airflow/dags/youtube_warehouse_pipeline.py
[2026-09-17T09:04:01.812+0000] {logging_mixin.py:190} INFO - [2026-09-17T09:04:01.804+0000] {dagbag.py:387} ERROR - Failed to import: /opt/airflow/dags/youtube_warehouse_pipeline.py
Traceback (most recent call last):
  File "/home/airflow/.local/lib/python3.10/site-packages/airflow/models/dagbag.py", line 383, in parse
    loader.exec_module(new_module)
  File "<frozen importlib._bootstrap_external>", line 883, in exec_module
  File "<frozen importlib._bootstrap>", line 241, in _call_with_frames_removed
  File "/opt/airflow/dags/youtube_warehouse_pipeline.py", line 37, in <module>
    python_callable=transform_videos.transform,
AttributeError: module 'include.transform.youtube_transform' has no attribute 'transform'
[2026-09-17T09:04:01.815+0000] {processor.py:927} WARNING - No viable dags retrieved from /opt/airflow/dags/youtube_warehouse_pipeline.py
[2026-09-17T09:04:01.835+0000] {processor.py:208} INFO - Processing /opt/airflow/dags/youtube_warehouse_pipeline.py took 0.141 seconds
[2026-09-17T09:04:32.083+0000] {processor.py:186} INFO - Started process (PID=937) to work on /opt/airflow/dags/youtube_warehouse_pipeline.py
[2026-09-17T09:04:32.086+0000] {processor.py:914} INFO - Processing file /opt/airflow/dags/youtube_warehouse_pipeline.py for tasks to queue
[2026-09-17T09:04:32.089+0000] {logging_mixin.py:190} INFO - [2026-09-17T09:04:32.088+0000] {dagbag.py:588} INFO - Filling up the DagBag from /opt/airflow/dags/youtube_warehouse_pipeline.py
[2026-09-17T09:04:32.248+0000] {logging_mixin.py:190} INFO - [2026-09-17T09:04:32.235+0000] {dagbag.py:387} ERROR - Failed to import: /opt/airflow/dags/youtube_warehouse_pipeline.py
Traceback (most recent call last):
  File "/home/airflow/.local/lib/python3.10/site-packages/airflow/models/dagbag.py", line 383, in parse
    loader.exec_module(new_module)
  File "<frozen importlib._bootstrap_external>", line 883, in exec_module
  File "<frozen importlib._bootstrap>", line 241, in _call_with_frames_removed
  File "/opt/airflow/dags/youtube_warehouse_pipeline.py", line 11, in <module>
    from include.transform import youtube_transform as transform_videos
  File "/opt/airflow/include/transform/youtube_transform.py", line 32, in <module>
    transfrom()
  File "/opt/airflow/include/transform/youtube_transform.py", line 28, in transfrom
    data = get_data()
  File "/opt/airflow/include/transform/youtube_transform.py", line 18, in get_data
    conn = get_connection()
  File "/opt/airflow/include/transform/youtube_transform.py", line 9, in get_connection
    return psycopg2.connect(
  File "/home/airflow/.local/lib/python3.10/site-packages/psycopg2/__init__.py", line 122, in connect
    conn = _connect(dsn, connection_factory=connection_factory, **kwasync)
psycopg2.OperationalError: connection to server at "localhost" (::1), port 5432 failed: Connection refused
	Is the server running on that host and accepting TCP/IP connections?
connection to server at "localhost" (127.0.0.1), port 5432 failed: Connection refused
	Is the server running on that host and accepting TCP/IP connections?
[2026-09-17T09:04:32.251+0000] {processor.py:927} WARNING - No viable dags retrieved from /opt/airflow/dags/youtube_warehouse_pipeline.py
[2026-09-17T09:04:32.272+0000] {processor.py:208} INFO - Processing /opt/airflow/dags/youtube_warehouse_pipeline.py took 0.196 seconds
[2026-09-17T09:05:03.729+0000] {processor.py:186} INFO - Started process (PID=945) to work on /opt/airflow/dags/youtube_warehouse_pipeline.py
[2026-09-17T09:05:03.802+0000] {processor.py:914} INFO - Processing file /opt/airflow/dags/youtube_warehouse_pipeline.py for tasks to queue
[2026-09-17T09:05:03.853+0000] {logging_mixin.py:190} INFO - [2026-09-17T09:05:03.849+0000] {dagbag.py:588} INFO - Filling up the DagBag from /opt/airflow/dags/youtube_warehouse_pipeline.py
[2026-09-17T09:05:05.757+0000] {logging_mixin.py:190} INFO - [2026-09-17T09:05:05.725+0000] {dagbag.py:387} ERROR - Failed to import: /opt/airflow/dags/youtube_warehouse_pipeline.py
Traceback (most recent call last):
  File "/home/airflow/.local/lib/python3.10/site-packages/airflow/models/dagbag.py", line 383, in parse
    loader.exec_module(new_module)
  File "<frozen importlib._bootstrap_external>", line 883, in exec_module
  File "<frozen importlib._bootstrap>", line 241, in _call_with_frames_removed
  File "/opt/airflow/dags/youtube_warehouse_pipeline.py", line 11, in <module>
    from include.transform import youtube_transform as transform_videos
  File "/opt/airflow/include/transform/youtube_transform.py", line 32, in <module>
    transfrom()
  File "/opt/airflow/include/transform/youtube_transform.py", line 28, in transfrom
    data = get_data()
  File "/opt/airflow/include/transform/youtube_transform.py", line 18, in get_data
    conn = get_connection()
  File "/opt/airflow/include/transform/youtube_transform.py", line 9, in get_connection
    return psycopg2.connect(
  File "/home/airflow/.local/lib/python3.10/site-packages/psycopg2/__init__.py", line 122, in connect
    conn = _connect(dsn, connection_factory=connection_factory, **kwasync)
psycopg2.OperationalError: connection to server at "localhost" (::1), port 5432 failed: Connection refused
	Is the server running on that host and accepting TCP/IP connections?
connection to server at "localhost" (127.0.0.1), port 5432 failed: Connection refused
	Is the server running on that host and accepting TCP/IP connections?
[2026-09-17T09:05:05.763+0000] {processor.py:927} WARNING - No viable dags retrieved from /opt/airflow/dags/youtube_warehouse_pipeline.py
[2026-09-17T09:05:06.344+0000] {processor.py:208} INFO - Processing /opt/airflow/dags/youtube_warehouse_pipeline.py took 3.039 seconds
[2026-09-17T09:05:36.574+0000] {processor.py:186} INFO - Started process (PID=953) to work on /opt/airflow/dags/youtube_warehouse_pipeline.py
[2026-09-17T09:05:36.576+0000] {processor.py:914} INFO - Processing file /opt/airflow/dags/youtube_warehouse_pipeline.py for tasks to queue
[2026-09-17T09:05:36.581+0000] {logging_mixin.py:190} INFO - [2026-09-17T09:05:36.580+0000] {dagbag.py:588} INFO - Filling up the DagBag from /opt/airflow/dags/youtube_warehouse_pipeline.py
[2026-09-17T09:05:36.690+0000] {logging_mixin.py:190} INFO - [2026-09-17T09:05:36.680+0000] {dagbag.py:387} ERROR - Failed to import: /opt/airflow/dags/youtube_warehouse_pipeline.py
Traceback (most recent call last):
  File "/home/airflow/.local/lib/python3.10/site-packages/airflow/models/dagbag.py", line 383, in parse
    loader.exec_module(new_module)
  File "<frozen importlib._bootstrap_external>", line 883, in exec_module
  File "<frozen importlib._bootstrap>", line 241, in _call_with_frames_removed
  File "/opt/airflow/dags/youtube_warehouse_pipeline.py", line 11, in <module>
    from include.transform import youtube_transform as transform_videos
  File "/opt/airflow/include/transform/youtube_transform.py", line 32, in <module>
    transfrom()
  File "/opt/airflow/include/transform/youtube_transform.py", line 28, in transfrom
    data = get_data()
  File "/opt/airflow/include/transform/youtube_transform.py", line 18, in get_data
    conn = get_connection()
  File "/opt/airflow/include/transform/youtube_transform.py", line 9, in get_connection
    return psycopg2.connect(
  File "/home/airflow/.local/lib/python3.10/site-packages/psycopg2/__init__.py", line 122, in connect
    conn = _connect(dsn, connection_factory=connection_factory, **kwasync)
psycopg2.OperationalError: connection to server at "localhost" (::1), port 5432 failed: Connection refused
	Is the server running on that host and accepting TCP/IP connections?
connection to server at "localhost" (127.0.0.1), port 5432 failed: Connection refused
	Is the server running on that host and accepting TCP/IP connections?
[2026-09-17T09:05:36.694+0000] {processor.py:927} WARNING - No viable dags retrieved from /opt/airflow/dags/youtube_warehouse_pipeline.py
[2026-09-17T09:05:36.738+0000] {processor.py:208} INFO - Processing /opt/airflow/dags/youtube_warehouse_pipeline.py took 0.180 seconds
[2026-09-17T09:05:45.935+0000] {processor.py:186} INFO - Started process (PID=955) to work on /opt/airflow/dags/youtube_warehouse_pipeline.py
[2026-09-17T09:05:45.937+0000] {processor.py:914} INFO - Processing file /opt/airflow/dags/youtube_warehouse_pipeline.py for tasks to queue
[2026-09-17T09:05:45.939+0000] {logging_mixin.py:190} INFO - [2026-09-17T09:05:45.938+0000] {dagbag.py:588} INFO - Filling up the DagBag from /opt/airflow/dags/youtube_warehouse_pipeline.py
[2026-09-17T09:05:46.046+0000] {logging_mixin.py:190} INFO - [2026-09-17T09:05:46.038+0000] {dagbag.py:387} ERROR - Failed to import: /opt/airflow/dags/youtube_warehouse_pipeline.py
Traceback (most recent call last):
  File "/home/airflow/.local/lib/python3.10/site-packages/airflow/models/dagbag.py", line 383, in parse
    loader.exec_module(new_module)
  File "<frozen importlib._bootstrap_external>", line 883, in exec_module
  File "<frozen importlib._bootstrap>", line 241, in _call_with_frames_removed
  File "/opt/airflow/dags/youtube_warehouse_pipeline.py", line 11, in <module>
    from include.transform import youtube_transform as transform_videos
  File "/opt/airflow/include/transform/youtube_transform.py", line 32, in <module>
    transfrom()
  File "/opt/airflow/include/transform/youtube_transform.py", line 28, in transfrom
    data = get_data()
  File "/opt/airflow/include/transform/youtube_transform.py", line 18, in get_data
    conn = get_connection()
  File "/opt/airflow/include/transform/youtube_transform.py", line 9, in get_connection
    return psycopg2.connect(
  File "/home/airflow/.local/lib/python3.10/site-packages/psycopg2/__init__.py", line 122, in connect
    conn = _connect(dsn, connection_factory=connection_factory, **kwasync)
psycopg2.OperationalError: connection to server at "localhost" (::1), port 5432 failed: Connection refused
	Is the server running on that host and accepting TCP/IP connections?
connection to server at "localhost" (127.0.0.1), port 5432 failed: Connection refused
	Is the server running on that host and accepting TCP/IP connections?
[2026-09-17T09:05:46.049+0000] {processor.py:927} WARNING - No viable dags retrieved from /opt/airflow/dags/youtube_warehouse_pipeline.py
[2026-09-17T09:05:46.070+0000] {processor.py:208} INFO - Processing /opt/airflow/dags/youtube_warehouse_pipeline.py took 0.142 seconds
[2026-09-17T09:06:16.467+0000] {processor.py:186} INFO - Started process (PID=963) to work on /opt/airflow/dags/youtube_warehouse_pipeline.py
[2026-09-17T09:06:16.469+0000] {processor.py:914} INFO - Processing file /opt/airflow/dags/youtube_warehouse_pipeline.py for tasks to queue
[2026-09-17T09:06:16.472+0000] {logging_mixin.py:190} INFO - [2026-09-17T09:06:16.471+0000] {dagbag.py:588} INFO - Filling up the DagBag from /opt/airflow/dags/youtube_warehouse_pipeline.py
[2026-09-17T09:06:16.618+0000] {logging_mixin.py:190} INFO - None
[2026-09-17T09:06:16.629+0000] {logging_mixin.py:190} INFO - [2026-09-17T09:06:16.623+0000] {dagbag.py:387} ERROR - Failed to import: /opt/airflow/dags/youtube_warehouse_pipeline.py
Traceback (most recent call last):
  File "/home/airflow/.local/lib/python3.10/site-packages/airflow/models/dagbag.py", line 383, in parse
    loader.exec_module(new_module)
  File "<frozen importlib._bootstrap_external>", line 883, in exec_module
  File "<frozen importlib._bootstrap>", line 241, in _call_with_frames_removed
  File "/opt/airflow/dags/youtube_warehouse_pipeline.py", line 37, in <module>
    python_callable=transform_videos.transform(),
AttributeError: module 'include.transform.youtube_transform' has no attribute 'transform'
[2026-09-17T09:06:16.632+0000] {processor.py:927} WARNING - No viable dags retrieved from /opt/airflow/dags/youtube_warehouse_pipeline.py
[2026-09-17T09:06:16.667+0000] {processor.py:208} INFO - Processing /opt/airflow/dags/youtube_warehouse_pipeline.py took 0.210 seconds
[2026-09-17T09:06:47.067+0000] {processor.py:186} INFO - Started process (PID=971) to work on /opt/airflow/dags/youtube_warehouse_pipeline.py
[2026-09-17T09:06:47.083+0000] {processor.py:914} INFO - Processing file /opt/airflow/dags/youtube_warehouse_pipeline.py for tasks to queue
[2026-09-17T09:06:47.096+0000] {logging_mixin.py:190} INFO - [2026-09-17T09:06:47.092+0000] {dagbag.py:588} INFO - Filling up the DagBag from /opt/airflow/dags/youtube_warehouse_pipeline.py
[2026-09-17T09:06:47.243+0000] {logging_mixin.py:190} INFO - None
[2026-09-17T09:06:47.252+0000] {logging_mixin.py:190} INFO - [2026-09-17T09:06:47.247+0000] {dagbag.py:387} ERROR - Failed to import: /opt/airflow/dags/youtube_warehouse_pipeline.py
Traceback (most recent call last):
  File "/home/airflow/.local/lib/python3.10/site-packages/airflow/models/dagbag.py", line 383, in parse
    loader.exec_module(new_module)
  File "<frozen importlib._bootstrap_external>", line 883, in exec_module
  File "<frozen importlib._bootstrap>", line 241, in _call_with_frames_removed
  File "/opt/airflow/dags/youtube_warehouse_pipeline.py", line 37, in <module>
    python_callable=transform_videos.transform(),
AttributeError: module 'include.transform.youtube_transform' has no attribute 'transform'
[2026-09-17T09:06:47.254+0000] {processor.py:927} WARNING - No viable dags retrieved from /opt/airflow/dags/youtube_warehouse_pipeline.py
[2026-09-17T09:06:47.278+0000] {processor.py:208} INFO - Processing /opt/airflow/dags/youtube_warehouse_pipeline.py took 0.281 seconds
[2026-09-17T09:07:17.459+0000] {processor.py:186} INFO - Started process (PID=979) to work on /opt/airflow/dags/youtube_warehouse_pipeline.py
[2026-09-17T09:07:17.463+0000] {processor.py:914} INFO - Processing file /opt/airflow/dags/youtube_warehouse_pipeline.py for tasks to queue
[2026-09-17T09:07:17.465+0000] {logging_mixin.py:190} INFO - [2026-09-17T09:07:17.465+0000] {dagbag.py:588} INFO - Filling up the DagBag from /opt/airflow/dags/youtube_warehouse_pipeline.py
[2026-09-17T09:07:17.544+0000] {logging_mixin.py:190} INFO - None
[2026-09-17T09:07:17.553+0000] {logging_mixin.py:190} INFO - [2026-09-17T09:07:17.549+0000] {dagbag.py:387} ERROR - Failed to import: /opt/airflow/dags/youtube_warehouse_pipeline.py
Traceback (most recent call last):
  File "/home/airflow/.local/lib/python3.10/site-packages/airflow/models/dagbag.py", line 383, in parse
    loader.exec_module(new_module)
  File "<frozen importlib._bootstrap_external>", line 883, in exec_module
  File "<frozen importlib._bootstrap>", line 241, in _call_with_frames_removed
  File "/opt/airflow/dags/youtube_warehouse_pipeline.py", line 37, in <module>
    python_callable=transform_videos.transform(),
AttributeError: module 'include.transform.youtube_transform' has no attribute 'transform'
[2026-09-17T09:07:17.555+0000] {processor.py:927} WARNING - No viable dags retrieved from /opt/airflow/dags/youtube_warehouse_pipeline.py
[2026-09-17T09:07:17.574+0000] {processor.py:208} INFO - Processing /opt/airflow/dags/youtube_warehouse_pipeline.py took 0.121 seconds
[2026-09-17T09:07:44.077+0000] {processor.py:186} INFO - Started process (PID=987) to work on /opt/airflow/dags/youtube_warehouse_pipeline.py
[2026-09-17T09:07:44.079+0000] {processor.py:914} INFO - Processing file /opt/airflow/dags/youtube_warehouse_pipeline.py for tasks to queue
[2026-09-17T09:07:44.082+0000] {logging_mixin.py:190} INFO - [2026-09-17T09:07:44.081+0000] {dagbag.py:588} INFO - Filling up the DagBag from /opt/airflow/dags/youtube_warehouse_pipeline.py
[2026-09-17T09:07:44.191+0000] {logging_mixin.py:190} INFO - None
[2026-09-17T09:07:44.200+0000] {logging_mixin.py:190} INFO - [2026-09-17T09:07:44.196+0000] {dagbag.py:387} ERROR - Failed to import: /opt/airflow/dags/youtube_warehouse_pipeline.py
Traceback (most recent call last):
  File "/home/airflow/.local/lib/python3.10/site-packages/airflow/models/dagbag.py", line 383, in parse
    loader.exec_module(new_module)
  File "<frozen importlib._bootstrap_external>", line 883, in exec_module
  File "<frozen importlib._bootstrap>", line 241, in _call_with_frames_removed
  File "/opt/airflow/dags/youtube_warehouse_pipeline.py", line 37, in <module>
    python_callable=transform_videos.transform(),
AttributeError: module 'include.transform.youtube_transform' has no attribute 'transform'
[2026-09-17T09:07:44.203+0000] {processor.py:927} WARNING - No viable dags retrieved from /opt/airflow/dags/youtube_warehouse_pipeline.py
[2026-09-17T09:07:44.226+0000] {processor.py:208} INFO - Processing /opt/airflow/dags/youtube_warehouse_pipeline.py took 0.154 seconds
[2026-09-17T09:08:14.401+0000] {processor.py:186} INFO - Started process (PID=995) to work on /opt/airflow/dags/youtube_warehouse_pipeline.py
[2026-09-17T09:08:14.403+0000] {processor.py:914} INFO - Processing file /opt/airflow/dags/youtube_warehouse_pipeline.py for tasks to queue
[2026-09-17T09:08:14.405+0000] {logging_mixin.py:190} INFO - [2026-09-17T09:08:14.405+0000] {dagbag.py:588} INFO - Filling up the DagBag from /opt/airflow/dags/youtube_warehouse_pipeline.py
[2026-09-17T09:08:14.486+0000] {logging_mixin.py:190} INFO - None
[2026-09-17T09:08:14.494+0000] {logging_mixin.py:190} INFO - [2026-09-17T09:08:14.489+0000] {dagbag.py:387} ERROR - Failed to import: /opt/airflow/dags/youtube_warehouse_pipeline.py
Traceback (most recent call last):
  File "/home/airflow/.local/lib/python3.10/site-packages/airflow/models/dagbag.py", line 383, in parse
    loader.exec_module(new_module)
  File "<frozen importlib._bootstrap_external>", line 883, in exec_module
  File "<frozen importlib._bootstrap>", line 241, in _call_with_frames_removed
  File "/opt/airflow/dags/youtube_warehouse_pipeline.py", line 37, in <module>
    python_callable=transform_videos.transform(),
AttributeError: module 'include.transform.youtube_transform' has no attribute 'transform'
[2026-09-17T09:08:14.498+0000] {processor.py:927} WARNING - No viable dags retrieved from /opt/airflow/dags/youtube_warehouse_pipeline.py
[2026-09-17T09:08:14.519+0000] {processor.py:208} INFO - Processing /opt/airflow/dags/youtube_warehouse_pipeline.py took 0.123 seconds
[2026-09-17T09:08:22.494+0000] {processor.py:186} INFO - Started process (PID=996) to work on /opt/airflow/dags/youtube_warehouse_pipeline.py
[2026-09-17T09:08:22.496+0000] {processor.py:914} INFO - Processing file /opt/airflow/dags/youtube_warehouse_pipeline.py for tasks to queue
[2026-09-17T09:08:22.498+0000] {logging_mixin.py:190} INFO - [2026-09-17T09:08:22.498+0000] {dagbag.py:588} INFO - Filling up the DagBag from /opt/airflow/dags/youtube_warehouse_pipeline.py
[2026-09-17T09:08:22.634+0000] {logging_mixin.py:190} INFO - None
[2026-09-17T09:08:22.642+0000] {logging_mixin.py:190} INFO - [2026-09-17T09:08:22.638+0000] {dagbag.py:387} ERROR - Failed to import: /opt/airflow/dags/youtube_warehouse_pipeline.py
Traceback (most recent call last):
  File "/home/airflow/.local/lib/python3.10/site-packages/airflow/models/dagbag.py", line 383, in parse
    loader.exec_module(new_module)
  File "<frozen importlib._bootstrap_external>", line 883, in exec_module
  File "<frozen importlib._bootstrap>", line 241, in _call_with_frames_removed
  File "/opt/airflow/dags/youtube_warehouse_pipeline.py", line 38, in <module>
    op_args=[transform_task.output]
NameError: name 'transform_task' is not defined
[2026-09-17T09:08:22.645+0000] {processor.py:927} WARNING - No viable dags retrieved from /opt/airflow/dags/youtube_warehouse_pipeline.py
[2026-09-17T09:08:22.661+0000] {processor.py:208} INFO - Processing /opt/airflow/dags/youtube_warehouse_pipeline.py took 0.173 seconds
[2026-09-17T09:08:26.715+0000] {processor.py:186} INFO - Started process (PID=997) to work on /opt/airflow/dags/youtube_warehouse_pipeline.py
[2026-09-17T09:08:26.724+0000] {processor.py:914} INFO - Processing file /opt/airflow/dags/youtube_warehouse_pipeline.py for tasks to queue
[2026-09-17T09:08:26.730+0000] {logging_mixin.py:190} INFO - [2026-09-17T09:08:26.728+0000] {dagbag.py:588} INFO - Filling up the DagBag from /opt/airflow/dags/youtube_warehouse_pipeline.py
[2026-09-17T09:08:26.877+0000] {logging_mixin.py:190} INFO - None
[2026-09-17T09:08:26.893+0000] {logging_mixin.py:190} INFO - [2026-09-17T09:08:26.889+0000] {dagbag.py:387} ERROR - Failed to import: /opt/airflow/dags/youtube_warehouse_pipeline.py
Traceback (most recent call last):
  File "/home/airflow/.local/lib/python3.10/site-packages/airflow/models/dagbag.py", line 383, in parse
    loader.exec_module(new_module)
  File "<frozen importlib._bootstrap_external>", line 883, in exec_module
  File "<frozen importlib._bootstrap>", line 241, in _call_with_frames_removed
  File "/opt/airflow/dags/youtube_warehouse_pipeline.py", line 38, in <module>
    op_args=[transform_task.output]
NameError: name 'transform_task' is not defined
[2026-09-17T09:08:26.895+0000] {processor.py:927} WARNING - No viable dags retrieved from /opt/airflow/dags/youtube_warehouse_pipeline.py
[2026-09-17T09:08:26.930+0000] {processor.py:208} INFO - Processing /opt/airflow/dags/youtube_warehouse_pipeline.py took 0.234 seconds
[2026-09-17T09:08:43.147+0000] {processor.py:186} INFO - Started process (PID=1005) to work on /opt/airflow/dags/youtube_warehouse_pipeline.py
[2026-09-17T09:08:43.149+0000] {processor.py:914} INFO - Processing file /opt/airflow/dags/youtube_warehouse_pipeline.py for tasks to queue
[2026-09-17T09:08:43.151+0000] {logging_mixin.py:190} INFO - [2026-09-17T09:08:43.151+0000] {dagbag.py:588} INFO - Filling up the DagBag from /opt/airflow/dags/youtube_warehouse_pipeline.py
[2026-09-17T09:08:43.281+0000] {logging_mixin.py:190} INFO - None
[2026-09-17T09:08:43.291+0000] {logging_mixin.py:190} INFO - [2026-09-17T09:08:43.285+0000] {dagbag.py:387} ERROR - Failed to import: /opt/airflow/dags/youtube_warehouse_pipeline.py
Traceback (most recent call last):
  File "/home/airflow/.local/lib/python3.10/site-packages/airflow/models/dagbag.py", line 383, in parse
    loader.exec_module(new_module)
  File "<frozen importlib._bootstrap_external>", line 883, in exec_module
  File "<frozen importlib._bootstrap>", line 241, in _call_with_frames_removed
  File "/opt/airflow/dags/youtube_warehouse_pipeline.py", line 38, in <module>
    op_args=[transform_task.output]
NameError: name 'transform_task' is not defined
[2026-09-17T09:08:43.294+0000] {processor.py:927} WARNING - No viable dags retrieved from /opt/airflow/dags/youtube_warehouse_pipeline.py
[2026-09-17T09:08:43.318+0000] {processor.py:208} INFO - Processing /opt/airflow/dags/youtube_warehouse_pipeline.py took 0.177 seconds
[2026-09-17T09:09:02.430+0000] {processor.py:186} INFO - Started process (PID=1012) to work on /opt/airflow/dags/youtube_warehouse_pipeline.py
[2026-09-17T09:09:02.433+0000] {processor.py:914} INFO - Processing file /opt/airflow/dags/youtube_warehouse_pipeline.py for tasks to queue
[2026-09-17T09:09:02.436+0000] {logging_mixin.py:190} INFO - [2026-09-17T09:09:02.435+0000] {dagbag.py:588} INFO - Filling up the DagBag from /opt/airflow/dags/youtube_warehouse_pipeline.py
[2026-09-17T09:09:02.556+0000] {logging_mixin.py:190} INFO - None
[2026-09-17T09:09:02.568+0000] {logging_mixin.py:190} INFO - [2026-09-17T09:09:02.562+0000] {dagbag.py:387} ERROR - Failed to import: /opt/airflow/dags/youtube_warehouse_pipeline.py
Traceback (most recent call last):
  File "/home/airflow/.local/lib/python3.10/site-packages/airflow/models/dagbag.py", line 383, in parse
    loader.exec_module(new_module)
  File "<frozen importlib._bootstrap_external>", line 883, in exec_module
  File "<frozen importlib._bootstrap>", line 241, in _call_with_frames_removed
  File "/opt/airflow/dags/youtube_warehouse_pipeline.py", line 38, in <module>
    op_args=[transform_task.output]
NameError: name 'transform_task' is not defined
[2026-09-17T09:09:02.571+0000] {processor.py:927} WARNING - No viable dags retrieved from /opt/airflow/dags/youtube_warehouse_pipeline.py
[2026-09-17T09:09:02.593+0000] {processor.py:208} INFO - Processing /opt/airflow/dags/youtube_warehouse_pipeline.py took 0.180 seconds
[2026-09-17T09:09:23.859+0000] {processor.py:186} INFO - Started process (PID=1014) to work on /opt/airflow/dags/youtube_warehouse_pipeline.py
[2026-09-17T09:09:23.865+0000] {processor.py:914} INFO - Processing file /opt/airflow/dags/youtube_warehouse_pipeline.py for tasks to queue
[2026-09-17T09:09:23.867+0000] {logging_mixin.py:190} INFO - [2026-09-17T09:09:23.867+0000] {dagbag.py:588} INFO - Filling up the DagBag from /opt/airflow/dags/youtube_warehouse_pipeline.py
[2026-09-17T09:09:23.979+0000] {logging_mixin.py:190} INFO - None
[2026-09-17T09:09:23.989+0000] {logging_mixin.py:190} INFO - [2026-09-17T09:09:23.984+0000] {dagbag.py:387} ERROR - Failed to import: /opt/airflow/dags/youtube_warehouse_pipeline.py
Traceback (most recent call last):
  File "/home/airflow/.local/lib/python3.10/site-packages/airflow/models/dagbag.py", line 383, in parse
    loader.exec_module(new_module)
  File "<frozen importlib._bootstrap_external>", line 883, in exec_module
  File "<frozen importlib._bootstrap>", line 241, in _call_with_frames_removed
  File "/opt/airflow/dags/youtube_warehouse_pipeline.py", line 38, in <module>
    op_args=[extract_task.output]
NameError: name 'extract_task' is not defined
[2026-09-17T09:09:23.992+0000] {processor.py:927} WARNING - No viable dags retrieved from /opt/airflow/dags/youtube_warehouse_pipeline.py
[2026-09-17T09:09:24.015+0000] {processor.py:208} INFO - Processing /opt/airflow/dags/youtube_warehouse_pipeline.py took 0.162 seconds
[2026-09-17T09:09:35.174+0000] {processor.py:186} INFO - Started process (PID=1021) to work on /opt/airflow/dags/youtube_warehouse_pipeline.py
[2026-09-17T09:09:35.176+0000] {processor.py:914} INFO - Processing file /opt/airflow/dags/youtube_warehouse_pipeline.py for tasks to queue
[2026-09-17T09:09:35.178+0000] {logging_mixin.py:190} INFO - [2026-09-17T09:09:35.178+0000] {dagbag.py:588} INFO - Filling up the DagBag from /opt/airflow/dags/youtube_warehouse_pipeline.py
[2026-09-17T09:09:35.286+0000] {logging_mixin.py:190} INFO - None
[2026-09-17T09:09:35.297+0000] {logging_mixin.py:190} INFO - [2026-09-17T09:09:35.292+0000] {dagbag.py:387} ERROR - Failed to import: /opt/airflow/dags/youtube_warehouse_pipeline.py
Traceback (most recent call last):
  File "/home/airflow/.local/lib/python3.10/site-packages/airflow/models/dagbag.py", line 383, in parse
    loader.exec_module(new_module)
  File "<frozen importlib._bootstrap_external>", line 883, in exec_module
  File "<frozen importlib._bootstrap>", line 241, in _call_with_frames_removed
  File "/opt/airflow/dags/youtube_warehouse_pipeline.py", line 43, in <module>
    python_callable=transform_videos.transform(),
AttributeError: module 'include.transform.youtube_transform' has no attribute 'transform'
[2026-09-17T09:09:35.300+0000] {processor.py:927} WARNING - No viable dags retrieved from /opt/airflow/dags/youtube_warehouse_pipeline.py
[2026-09-17T09:09:35.327+0000] {processor.py:208} INFO - Processing /opt/airflow/dags/youtube_warehouse_pipeline.py took 0.162 seconds
[2026-09-17T09:10:05.729+0000] {processor.py:186} INFO - Started process (PID=1029) to work on /opt/airflow/dags/youtube_warehouse_pipeline.py
[2026-09-17T09:10:05.731+0000] {processor.py:914} INFO - Processing file /opt/airflow/dags/youtube_warehouse_pipeline.py for tasks to queue
[2026-09-17T09:10:05.733+0000] {logging_mixin.py:190} INFO - [2026-09-17T09:10:05.733+0000] {dagbag.py:588} INFO - Filling up the DagBag from /opt/airflow/dags/youtube_warehouse_pipeline.py
[2026-09-17T09:10:05.812+0000] {logging_mixin.py:190} INFO - None
[2026-09-17T09:10:05.820+0000] {logging_mixin.py:190} INFO - [2026-09-17T09:10:05.816+0000] {dagbag.py:387} ERROR - Failed to import: /opt/airflow/dags/youtube_warehouse_pipeline.py
Traceback (most recent call last):
  File "/home/airflow/.local/lib/python3.10/site-packages/airflow/models/dagbag.py", line 383, in parse
    loader.exec_module(new_module)
  File "<frozen importlib._bootstrap_external>", line 883, in exec_module
  File "<frozen importlib._bootstrap>", line 241, in _call_with_frames_removed
  File "/opt/airflow/dags/youtube_warehouse_pipeline.py", line 43, in <module>
    python_callable=transform_videos.transform(),
AttributeError: module 'include.transform.youtube_transform' has no attribute 'transform'
[2026-09-17T09:10:05.823+0000] {processor.py:927} WARNING - No viable dags retrieved from /opt/airflow/dags/youtube_warehouse_pipeline.py
[2026-09-17T09:10:05.841+0000] {processor.py:208} INFO - Processing /opt/airflow/dags/youtube_warehouse_pipeline.py took 0.118 seconds
[2026-09-17T09:10:08.915+0000] {processor.py:186} INFO - Started process (PID=1030) to work on /opt/airflow/dags/youtube_warehouse_pipeline.py
[2026-09-17T09:10:08.917+0000] {processor.py:914} INFO - Processing file /opt/airflow/dags/youtube_warehouse_pipeline.py for tasks to queue
[2026-09-17T09:10:08.920+0000] {logging_mixin.py:190} INFO - [2026-09-17T09:10:08.920+0000] {dagbag.py:588} INFO - Filling up the DagBag from /opt/airflow/dags/youtube_warehouse_pipeline.py
[2026-09-17T09:10:09.039+0000] {logging_mixin.py:190} INFO - None
[2026-09-17T09:10:09.047+0000] {logging_mixin.py:190} INFO - [2026-09-17T09:10:09.043+0000] {dagbag.py:387} ERROR - Failed to import: /opt/airflow/dags/youtube_warehouse_pipeline.py
Traceback (most recent call last):
  File "/home/airflow/.local/lib/python3.10/site-packages/airflow/models/dagbag.py", line 383, in parse
    loader.exec_module(new_module)
  File "<frozen importlib._bootstrap_external>", line 883, in exec_module
  File "<frozen importlib._bootstrap>", line 241, in _call_with_frames_removed
  File "/opt/airflow/dags/youtube_warehouse_pipeline.py", line 43, in <module>
    python_callable=transform_videos.transform(),
AttributeError: module 'include.transform.youtube_transform' has no attribute 'transform'
[2026-09-17T09:10:09.049+0000] {processor.py:927} WARNING - No viable dags retrieved from /opt/airflow/dags/youtube_warehouse_pipeline.py
[2026-09-17T09:10:09.069+0000] {processor.py:208} INFO - Processing /opt/airflow/dags/youtube_warehouse_pipeline.py took 0.161 seconds
[2026-09-17T09:10:29.140+0000] {processor.py:186} INFO - Started process (PID=1032) to work on /opt/airflow/dags/youtube_warehouse_pipeline.py
[2026-09-17T09:10:29.142+0000] {processor.py:914} INFO - Processing file /opt/airflow/dags/youtube_warehouse_pipeline.py for tasks to queue
[2026-09-17T09:10:29.145+0000] {logging_mixin.py:190} INFO - [2026-09-17T09:10:29.145+0000] {dagbag.py:588} INFO - Filling up the DagBag from /opt/airflow/dags/youtube_warehouse_pipeline.py
[2026-09-17T09:10:29.264+0000] {logging_mixin.py:190} INFO - None
[2026-09-17T09:10:29.273+0000] {logging_mixin.py:190} INFO - [2026-09-17T09:10:29.269+0000] {dagbag.py:387} ERROR - Failed to import: /opt/airflow/dags/youtube_warehouse_pipeline.py
Traceback (most recent call last):
  File "/home/airflow/.local/lib/python3.10/site-packages/airflow/models/dagbag.py", line 383, in parse
    loader.exec_module(new_module)
  File "<frozen importlib._bootstrap_external>", line 883, in exec_module
  File "<frozen importlib._bootstrap>", line 241, in _call_with_frames_removed
  File "/opt/airflow/dags/youtube_warehouse_pipeline.py", line 43, in <module>
    python_callable=transform_videos.transform(),
AttributeError: module 'include.transform.youtube_transform' has no attribute 'transform'
[2026-09-17T09:10:29.276+0000] {processor.py:927} WARNING - No viable dags retrieved from /opt/airflow/dags/youtube_warehouse_pipeline.py
[2026-09-17T09:10:29.294+0000] {processor.py:208} INFO - Processing /opt/airflow/dags/youtube_warehouse_pipeline.py took 0.160 seconds
[2026-09-17T09:10:35.327+0000] {processor.py:186} INFO - Started process (PID=1039) to work on /opt/airflow/dags/youtube_warehouse_pipeline.py
[2026-09-17T09:10:35.328+0000] {processor.py:914} INFO - Processing file /opt/airflow/dags/youtube_warehouse_pipeline.py for tasks to queue
[2026-09-17T09:10:35.330+0000] {logging_mixin.py:190} INFO - [2026-09-17T09:10:35.330+0000] {dagbag.py:588} INFO - Filling up the DagBag from /opt/airflow/dags/youtube_warehouse_pipeline.py
[2026-09-17T09:10:35.430+0000] {logging_mixin.py:190} INFO - None
[2026-09-17T09:10:35.438+0000] {logging_mixin.py:190} INFO - [2026-09-17T09:10:35.434+0000] {dagbag.py:387} ERROR - Failed to import: /opt/airflow/dags/youtube_warehouse_pipeline.py
Traceback (most recent call last):
  File "/home/airflow/.local/lib/python3.10/site-packages/airflow/models/dagbag.py", line 383, in parse
    loader.exec_module(new_module)
  File "<frozen importlib._bootstrap_external>", line 883, in exec_module
  File "<frozen importlib._bootstrap>", line 241, in _call_with_frames_removed
  File "/opt/airflow/dags/youtube_warehouse_pipeline.py", line 43, in <module>
    python_callable=transform_videos.transform(),
AttributeError: module 'include.transform.youtube_transform' has no attribute 'transform'
[2026-09-17T09:10:35.440+0000] {processor.py:927} WARNING - No viable dags retrieved from /opt/airflow/dags/youtube_warehouse_pipeline.py
[2026-09-17T09:10:35.456+0000] {processor.py:208} INFO - Processing /opt/airflow/dags/youtube_warehouse_pipeline.py took 0.135 seconds
[2026-09-17T09:11:04.782+0000] {processor.py:186} INFO - Started process (PID=1047) to work on /opt/airflow/dags/youtube_warehouse_pipeline.py
[2026-09-17T09:11:04.784+0000] {processor.py:914} INFO - Processing file /opt/airflow/dags/youtube_warehouse_pipeline.py for tasks to queue
[2026-09-17T09:11:04.787+0000] {logging_mixin.py:190} INFO - [2026-09-17T09:11:04.787+0000] {dagbag.py:588} INFO - Filling up the DagBag from /opt/airflow/dags/youtube_warehouse_pipeline.py
[2026-09-17T09:11:04.884+0000] {logging_mixin.py:190} INFO - None
[2026-09-17T09:11:04.893+0000] {logging_mixin.py:190} INFO - [2026-09-17T09:11:04.888+0000] {dagbag.py:387} ERROR - Failed to import: /opt/airflow/dags/youtube_warehouse_pipeline.py
Traceback (most recent call last):
  File "/home/airflow/.local/lib/python3.10/site-packages/airflow/models/dagbag.py", line 383, in parse
    loader.exec_module(new_module)
  File "<frozen importlib._bootstrap_external>", line 883, in exec_module
  File "<frozen importlib._bootstrap>", line 241, in _call_with_frames_removed
  File "/opt/airflow/dags/youtube_warehouse_pipeline.py", line 42, in <module>
    python_callable=transform_videos.transform(),
AttributeError: module 'include.transform.youtube_transform' has no attribute 'transform'
[2026-09-17T09:11:04.896+0000] {processor.py:927} WARNING - No viable dags retrieved from /opt/airflow/dags/youtube_warehouse_pipeline.py
[2026-09-17T09:11:04.913+0000] {processor.py:208} INFO - Processing /opt/airflow/dags/youtube_warehouse_pipeline.py took 0.136 seconds
[2026-09-17T09:11:35.281+0000] {processor.py:186} INFO - Started process (PID=1055) to work on /opt/airflow/dags/youtube_warehouse_pipeline.py
[2026-09-17T09:11:35.284+0000] {processor.py:914} INFO - Processing file /opt/airflow/dags/youtube_warehouse_pipeline.py for tasks to queue
[2026-09-17T09:11:35.288+0000] {logging_mixin.py:190} INFO - [2026-09-17T09:11:35.288+0000] {dagbag.py:588} INFO - Filling up the DagBag from /opt/airflow/dags/youtube_warehouse_pipeline.py
[2026-09-17T09:11:35.426+0000] {logging_mixin.py:190} INFO - [2026-09-17T09:11:35.415+0000] {dagbag.py:387} ERROR - Failed to import: /opt/airflow/dags/youtube_warehouse_pipeline.py
Traceback (most recent call last):
  File "/home/airflow/.local/lib/python3.10/site-packages/airflow/models/dagbag.py", line 383, in parse
    loader.exec_module(new_module)
  File "<frozen importlib._bootstrap_external>", line 883, in exec_module
  File "<frozen importlib._bootstrap>", line 241, in _call_with_frames_removed
  File "/opt/airflow/dags/youtube_warehouse_pipeline.py", line 11, in <module>
    from include.transform import youtube_transform as transform_videos
  File "/opt/airflow/include/transform/youtube_transform.py", line 8, in <module>
    transfrom()
  File "/opt/airflow/include/transform/youtube_transform.py", line 4, in transfrom
    data = get_data()
NameError: name 'get_data' is not defined
[2026-09-17T09:11:35.430+0000] {processor.py:927} WARNING - No viable dags retrieved from /opt/airflow/dags/youtube_warehouse_pipeline.py
[2026-09-17T09:11:35.448+0000] {processor.py:208} INFO - Processing /opt/airflow/dags/youtube_warehouse_pipeline.py took 0.179 seconds
[2026-09-17T09:12:05.784+0000] {processor.py:186} INFO - Started process (PID=1063) to work on /opt/airflow/dags/youtube_warehouse_pipeline.py
[2026-09-17T09:12:05.785+0000] {processor.py:914} INFO - Processing file /opt/airflow/dags/youtube_warehouse_pipeline.py for tasks to queue
[2026-09-17T09:12:05.787+0000] {logging_mixin.py:190} INFO - [2026-09-17T09:12:05.787+0000] {dagbag.py:588} INFO - Filling up the DagBag from /opt/airflow/dags/youtube_warehouse_pipeline.py
[2026-09-17T09:12:05.875+0000] {logging_mixin.py:190} INFO - None
[2026-09-17T09:12:05.882+0000] {logging_mixin.py:190} INFO - [2026-09-17T09:12:05.878+0000] {dagbag.py:387} ERROR - Failed to import: /opt/airflow/dags/youtube_warehouse_pipeline.py
Traceback (most recent call last):
  File "/home/airflow/.local/lib/python3.10/site-packages/airflow/models/dagbag.py", line 383, in parse
    loader.exec_module(new_module)
  File "<frozen importlib._bootstrap_external>", line 883, in exec_module
  File "<frozen importlib._bootstrap>", line 241, in _call_with_frames_removed
  File "/opt/airflow/dags/youtube_warehouse_pipeline.py", line 42, in <module>
    python_callable=transform_videos.transform(),
AttributeError: module 'include.transform.youtube_transform' has no attribute 'transform'
[2026-09-17T09:12:05.884+0000] {processor.py:927} WARNING - No viable dags retrieved from /opt/airflow/dags/youtube_warehouse_pipeline.py
[2026-09-17T09:12:05.902+0000] {processor.py:208} INFO - Processing /opt/airflow/dags/youtube_warehouse_pipeline.py took 0.123 seconds
[2026-09-17T09:12:16.040+0000] {processor.py:186} INFO - Started process (PID=1065) to work on /opt/airflow/dags/youtube_warehouse_pipeline.py
[2026-09-17T09:12:16.041+0000] {processor.py:914} INFO - Processing file /opt/airflow/dags/youtube_warehouse_pipeline.py for tasks to queue
[2026-09-17T09:12:16.044+0000] {logging_mixin.py:190} INFO - [2026-09-17T09:12:16.043+0000] {dagbag.py:588} INFO - Filling up the DagBag from /opt/airflow/dags/youtube_warehouse_pipeline.py
[2026-09-17T09:12:16.142+0000] {logging_mixin.py:190} INFO - None
[2026-09-17T09:12:16.152+0000] {logging_mixin.py:190} INFO - [2026-09-17T09:12:16.146+0000] {dagbag.py:387} ERROR - Failed to import: /opt/airflow/dags/youtube_warehouse_pipeline.py
Traceback (most recent call last):
  File "/home/airflow/.local/lib/python3.10/site-packages/airflow/models/dagbag.py", line 383, in parse
    loader.exec_module(new_module)
  File "<frozen importlib._bootstrap_external>", line 883, in exec_module
  File "<frozen importlib._bootstrap>", line 241, in _call_with_frames_removed
  File "/opt/airflow/dags/youtube_warehouse_pipeline.py", line 42, in <module>
    python_callable=transform_videos.transform(),
AttributeError: module 'include.transform.youtube_transform' has no attribute 'transform'
[2026-09-17T09:12:16.155+0000] {processor.py:927} WARNING - No viable dags retrieved from /opt/airflow/dags/youtube_warehouse_pipeline.py
[2026-09-17T09:12:16.177+0000] {processor.py:208} INFO - Processing /opt/airflow/dags/youtube_warehouse_pipeline.py took 0.143 seconds
[2026-09-17T09:12:20.244+0000] {processor.py:186} INFO - Started process (PID=1066) to work on /opt/airflow/dags/youtube_warehouse_pipeline.py
[2026-09-17T09:12:20.246+0000] {processor.py:914} INFO - Processing file /opt/airflow/dags/youtube_warehouse_pipeline.py for tasks to queue
[2026-09-17T09:12:20.249+0000] {logging_mixin.py:190} INFO - [2026-09-17T09:12:20.249+0000] {dagbag.py:588} INFO - Filling up the DagBag from /opt/airflow/dags/youtube_warehouse_pipeline.py
[2026-09-17T09:12:20.364+0000] {logging_mixin.py:190} INFO - None
[2026-09-17T09:12:20.372+0000] {logging_mixin.py:190} INFO - [2026-09-17T09:12:20.368+0000] {dagbag.py:387} ERROR - Failed to import: /opt/airflow/dags/youtube_warehouse_pipeline.py
Traceback (most recent call last):
  File "/home/airflow/.local/lib/python3.10/site-packages/airflow/models/dagbag.py", line 383, in parse
    loader.exec_module(new_module)
  File "<frozen importlib._bootstrap_external>", line 883, in exec_module
  File "<frozen importlib._bootstrap>", line 241, in _call_with_frames_removed
  File "/opt/airflow/dags/youtube_warehouse_pipeline.py", line 37, in <module>
    python_callable=load_videos.load_table,
AttributeError: module 'include.load.youtube_load' has no attribute 'load_table'
[2026-09-17T09:12:20.375+0000] {processor.py:927} WARNING - No viable dags retrieved from /opt/airflow/dags/youtube_warehouse_pipeline.py
[2026-09-17T09:12:20.392+0000] {processor.py:208} INFO - Processing /opt/airflow/dags/youtube_warehouse_pipeline.py took 0.154 seconds
[2026-09-17T09:12:43.497+0000] {processor.py:186} INFO - Started process (PID=1073) to work on /opt/airflow/dags/youtube_warehouse_pipeline.py
[2026-09-17T09:12:43.499+0000] {processor.py:914} INFO - Processing file /opt/airflow/dags/youtube_warehouse_pipeline.py for tasks to queue
[2026-09-17T09:12:43.501+0000] {logging_mixin.py:190} INFO - [2026-09-17T09:12:43.501+0000] {dagbag.py:588} INFO - Filling up the DagBag from /opt/airflow/dags/youtube_warehouse_pipeline.py
[2026-09-17T09:12:43.650+0000] {logging_mixin.py:190} INFO - None
[2026-09-17T09:12:43.658+0000] {logging_mixin.py:190} INFO - [2026-09-17T09:12:43.654+0000] {dagbag.py:387} ERROR - Failed to import: /opt/airflow/dags/youtube_warehouse_pipeline.py
Traceback (most recent call last):
  File "/home/airflow/.local/lib/python3.10/site-packages/airflow/models/dagbag.py", line 383, in parse
    loader.exec_module(new_module)
  File "<frozen importlib._bootstrap_external>", line 883, in exec_module
  File "<frozen importlib._bootstrap>", line 241, in _call_with_frames_removed
  File "/opt/airflow/dags/youtube_warehouse_pipeline.py", line 32, in <module>
    python_callable=load_videos.create_staging_table
AttributeError: module 'include.load.youtube_load' has no attribute 'create_staging_table'
[2026-09-17T09:12:43.662+0000] {processor.py:927} WARNING - No viable dags retrieved from /opt/airflow/dags/youtube_warehouse_pipeline.py
[2026-09-17T09:12:43.687+0000] {processor.py:208} INFO - Processing /opt/airflow/dags/youtube_warehouse_pipeline.py took 0.196 seconds
[2026-09-17T09:12:57.898+0000] {processor.py:186} INFO - Started process (PID=1075) to work on /opt/airflow/dags/youtube_warehouse_pipeline.py
[2026-09-17T09:12:57.900+0000] {processor.py:914} INFO - Processing file /opt/airflow/dags/youtube_warehouse_pipeline.py for tasks to queue
[2026-09-17T09:12:57.902+0000] {logging_mixin.py:190} INFO - [2026-09-17T09:12:57.902+0000] {dagbag.py:588} INFO - Filling up the DagBag from /opt/airflow/dags/youtube_warehouse_pipeline.py
[2026-09-17T09:12:58.032+0000] {logging_mixin.py:190} INFO - None
[2026-09-17T09:12:58.041+0000] {logging_mixin.py:190} INFO - [2026-09-17T09:12:58.035+0000] {dagbag.py:387} ERROR - Failed to import: /opt/airflow/dags/youtube_warehouse_pipeline.py
Traceback (most recent call last):
  File "/home/airflow/.local/lib/python3.10/site-packages/airflow/models/dagbag.py", line 383, in parse
    loader.exec_module(new_module)
  File "<frozen importlib._bootstrap_external>", line 883, in exec_module
  File "<frozen importlib._bootstrap>", line 241, in _call_with_frames_removed
  File "/opt/airflow/dags/youtube_warehouse_pipeline.py", line 32, in <module>
    python_callable=load_videos.create_staging_table
AttributeError: module 'include.load.youtube_load' has no attribute 'create_staging_table'
[2026-09-17T09:12:58.044+0000] {processor.py:927} WARNING - No viable dags retrieved from /opt/airflow/dags/youtube_warehouse_pipeline.py
[2026-09-17T09:12:58.066+0000] {processor.py:208} INFO - Processing /opt/airflow/dags/youtube_warehouse_pipeline.py took 0.181 seconds
[2026-09-17T09:13:28.412+0000] {processor.py:186} INFO - Started process (PID=1083) to work on /opt/airflow/dags/youtube_warehouse_pipeline.py
[2026-09-17T09:13:28.414+0000] {processor.py:914} INFO - Processing file /opt/airflow/dags/youtube_warehouse_pipeline.py for tasks to queue
[2026-09-17T09:13:28.427+0000] {logging_mixin.py:190} INFO - [2026-09-17T09:13:28.426+0000] {dagbag.py:588} INFO - Filling up the DagBag from /opt/airflow/dags/youtube_warehouse_pipeline.py
[2026-09-17T09:13:28.508+0000] {logging_mixin.py:190} INFO - None
[2026-09-17T09:13:28.514+0000] {logging_mixin.py:190} INFO - [2026-09-17T09:13:28.511+0000] {dagbag.py:387} ERROR - Failed to import: /opt/airflow/dags/youtube_warehouse_pipeline.py
Traceback (most recent call last):
  File "/home/airflow/.local/lib/python3.10/site-packages/airflow/models/dagbag.py", line 383, in parse
    loader.exec_module(new_module)
  File "<frozen importlib._bootstrap_external>", line 883, in exec_module
  File "<frozen importlib._bootstrap>", line 241, in _call_with_frames_removed
  File "/opt/airflow/dags/youtube_warehouse_pipeline.py", line 32, in <module>
    python_callable=load_videos.create_staging_table
AttributeError: module 'include.load.youtube_load' has no attribute 'create_staging_table'
[2026-09-17T09:13:28.516+0000] {processor.py:927} WARNING - No viable dags retrieved from /opt/airflow/dags/youtube_warehouse_pipeline.py
[2026-09-17T09:13:28.533+0000] {processor.py:208} INFO - Processing /opt/airflow/dags/youtube_warehouse_pipeline.py took 0.126 seconds
[2026-09-17T09:13:58.877+0000] {processor.py:186} INFO - Started process (PID=1091) to work on /opt/airflow/dags/youtube_warehouse_pipeline.py
[2026-09-17T09:13:58.879+0000] {processor.py:914} INFO - Processing file /opt/airflow/dags/youtube_warehouse_pipeline.py for tasks to queue
[2026-09-17T09:13:58.882+0000] {logging_mixin.py:190} INFO - [2026-09-17T09:13:58.881+0000] {dagbag.py:588} INFO - Filling up the DagBag from /opt/airflow/dags/youtube_warehouse_pipeline.py
[2026-09-17T09:13:58.979+0000] {logging_mixin.py:190} INFO - None
[2026-09-17T09:13:58.985+0000] {logging_mixin.py:190} INFO - [2026-09-17T09:13:58.982+0000] {dagbag.py:387} ERROR - Failed to import: /opt/airflow/dags/youtube_warehouse_pipeline.py
Traceback (most recent call last):
  File "/home/airflow/.local/lib/python3.10/site-packages/airflow/models/dagbag.py", line 383, in parse
    loader.exec_module(new_module)
  File "<frozen importlib._bootstrap_external>", line 883, in exec_module
  File "<frozen importlib._bootstrap>", line 241, in _call_with_frames_removed
  File "/opt/airflow/dags/youtube_warehouse_pipeline.py", line 32, in <module>
    python_callable=load_videos.create_staging_table
AttributeError: module 'include.load.youtube_load' has no attribute 'create_staging_table'
[2026-09-17T09:13:58.988+0000] {processor.py:927} WARNING - No viable dags retrieved from /opt/airflow/dags/youtube_warehouse_pipeline.py
[2026-09-17T09:13:59.004+0000] {processor.py:208} INFO - Processing /opt/airflow/dags/youtube_warehouse_pipeline.py took 0.133 seconds
[2026-09-17T09:14:29.297+0000] {processor.py:186} INFO - Started process (PID=1099) to work on /opt/airflow/dags/youtube_warehouse_pipeline.py
[2026-09-17T09:14:29.299+0000] {processor.py:914} INFO - Processing file /opt/airflow/dags/youtube_warehouse_pipeline.py for tasks to queue
[2026-09-17T09:14:29.300+0000] {logging_mixin.py:190} INFO - [2026-09-17T09:14:29.300+0000] {dagbag.py:588} INFO - Filling up the DagBag from /opt/airflow/dags/youtube_warehouse_pipeline.py
[2026-09-17T09:14:29.384+0000] {logging_mixin.py:190} INFO - None
[2026-09-17T09:14:29.390+0000] {logging_mixin.py:190} INFO - [2026-09-17T09:14:29.387+0000] {dagbag.py:387} ERROR - Failed to import: /opt/airflow/dags/youtube_warehouse_pipeline.py
Traceback (most recent call last):
  File "/home/airflow/.local/lib/python3.10/site-packages/airflow/models/dagbag.py", line 383, in parse
    loader.exec_module(new_module)
  File "<frozen importlib._bootstrap_external>", line 883, in exec_module
  File "<frozen importlib._bootstrap>", line 241, in _call_with_frames_removed
  File "/opt/airflow/dags/youtube_warehouse_pipeline.py", line 42, in <module>
    python_callable=transform_videos.transform(),
AttributeError: module 'include.transform.youtube_transform' has no attribute 'transform'
[2026-09-17T09:14:29.392+0000] {processor.py:927} WARNING - No viable dags retrieved from /opt/airflow/dags/youtube_warehouse_pipeline.py
[2026-09-17T09:14:29.409+0000] {processor.py:208} INFO - Processing /opt/airflow/dags/youtube_warehouse_pipeline.py took 0.118 seconds
[2026-09-17T09:14:59.903+0000] {processor.py:186} INFO - Started process (PID=1113) to work on /opt/airflow/dags/youtube_warehouse_pipeline.py
[2026-09-17T09:14:59.906+0000] {processor.py:914} INFO - Processing file /opt/airflow/dags/youtube_warehouse_pipeline.py for tasks to queue
[2026-09-17T09:14:59.910+0000] {logging_mixin.py:190} INFO - [2026-09-17T09:14:59.909+0000] {dagbag.py:588} INFO - Filling up the DagBag from /opt/airflow/dags/youtube_warehouse_pipeline.py
[2026-09-17T09:15:00.062+0000] {logging_mixin.py:190} INFO - None
[2026-09-17T09:15:00.073+0000] {logging_mixin.py:190} INFO - [2026-09-17T09:15:00.066+0000] {dagbag.py:387} ERROR - Failed to import: /opt/airflow/dags/youtube_warehouse_pipeline.py
Traceback (most recent call last):
  File "/home/airflow/.local/lib/python3.10/site-packages/airflow/models/dagbag.py", line 383, in parse
    loader.exec_module(new_module)
  File "<frozen importlib._bootstrap_external>", line 883, in exec_module
  File "<frozen importlib._bootstrap>", line 241, in _call_with_frames_removed
  File "/opt/airflow/dags/youtube_warehouse_pipeline.py", line 42, in <module>
    python_callable=transform_videos.transform(),
AttributeError: module 'include.transform.youtube_transform' has no attribute 'transform'
[2026-09-17T09:15:00.076+0000] {processor.py:927} WARNING - No viable dags retrieved from /opt/airflow/dags/youtube_warehouse_pipeline.py
[2026-09-17T09:15:00.100+0000] {processor.py:208} INFO - Processing /opt/airflow/dags/youtube_warehouse_pipeline.py took 0.210 seconds
[2026-09-17T09:15:13.217+0000] {processor.py:186} INFO - Started process (PID=1114) to work on /opt/airflow/dags/youtube_warehouse_pipeline.py
[2026-09-17T09:15:13.219+0000] {processor.py:914} INFO - Processing file /opt/airflow/dags/youtube_warehouse_pipeline.py for tasks to queue
[2026-09-17T09:15:13.221+0000] {logging_mixin.py:190} INFO - [2026-09-17T09:15:13.221+0000] {dagbag.py:588} INFO - Filling up the DagBag from /opt/airflow/dags/youtube_warehouse_pipeline.py
[2026-09-17T09:15:13.322+0000] {logging_mixin.py:190} INFO - None
[2026-09-17T09:15:13.330+0000] {logging_mixin.py:190} INFO - [2026-09-17T09:15:13.325+0000] {dagbag.py:387} ERROR - Failed to import: /opt/airflow/dags/youtube_warehouse_pipeline.py
Traceback (most recent call last):
  File "/home/airflow/.local/lib/python3.10/site-packages/airflow/models/dagbag.py", line 383, in parse
    loader.exec_module(new_module)
  File "<frozen importlib._bootstrap_external>", line 883, in exec_module
  File "<frozen importlib._bootstrap>", line 241, in _call_with_frames_removed
  File "/opt/airflow/dags/youtube_warehouse_pipeline.py", line 42, in <module>
    python_callable=transform_videos.transform(),
AttributeError: module 'include.transform.youtube_transform' has no attribute 'transform'
[2026-09-17T09:15:13.332+0000] {processor.py:927} WARNING - No viable dags retrieved from /opt/airflow/dags/youtube_warehouse_pipeline.py
[2026-09-17T09:15:13.354+0000] {processor.py:208} INFO - Processing /opt/airflow/dags/youtube_warehouse_pipeline.py took 0.143 seconds
[2026-09-17T09:15:19.446+0000] {processor.py:186} INFO - Started process (PID=1116) to work on /opt/airflow/dags/youtube_warehouse_pipeline.py
[2026-09-17T09:15:19.448+0000] {processor.py:914} INFO - Processing file /opt/airflow/dags/youtube_warehouse_pipeline.py for tasks to queue
[2026-09-17T09:15:19.451+0000] {logging_mixin.py:190} INFO - [2026-09-17T09:15:19.450+0000] {dagbag.py:588} INFO - Filling up the DagBag from /opt/airflow/dags/youtube_warehouse_pipeline.py
[2026-09-17T09:15:19.581+0000] {logging_mixin.py:190} INFO - None
[2026-09-17T09:15:19.590+0000] {logging_mixin.py:190} INFO - [2026-09-17T09:15:19.584+0000] {dagbag.py:387} ERROR - Failed to import: /opt/airflow/dags/youtube_warehouse_pipeline.py
Traceback (most recent call last):
  File "/home/airflow/.local/lib/python3.10/site-packages/airflow/models/dagbag.py", line 383, in parse
    loader.exec_module(new_module)
  File "<frozen importlib._bootstrap_external>", line 883, in exec_module
  File "<frozen importlib._bootstrap>", line 241, in _call_with_frames_removed
  File "/opt/airflow/dags/youtube_warehouse_pipeline.py", line 42, in <module>
    python_callable=transform_videos.transform(),
AttributeError: module 'include.transform.youtube_transform' has no attribute 'transform'
[2026-09-17T09:15:19.592+0000] {processor.py:927} WARNING - No viable dags retrieved from /opt/airflow/dags/youtube_warehouse_pipeline.py
[2026-09-17T09:15:19.609+0000] {processor.py:208} INFO - Processing /opt/airflow/dags/youtube_warehouse_pipeline.py took 0.168 seconds
[2026-09-17T09:15:23.589+0000] {processor.py:186} INFO - Started process (PID=1117) to work on /opt/airflow/dags/youtube_warehouse_pipeline.py
[2026-09-17T09:15:23.592+0000] {processor.py:914} INFO - Processing file /opt/airflow/dags/youtube_warehouse_pipeline.py for tasks to queue
[2026-09-17T09:15:23.594+0000] {logging_mixin.py:190} INFO - [2026-09-17T09:15:23.594+0000] {dagbag.py:588} INFO - Filling up the DagBag from /opt/airflow/dags/youtube_warehouse_pipeline.py
[2026-09-17T09:15:23.712+0000] {logging_mixin.py:190} INFO - None
[2026-09-17T09:15:23.721+0000] {logging_mixin.py:190} INFO - [2026-09-17T09:15:23.716+0000] {dagbag.py:387} ERROR - Failed to import: /opt/airflow/dags/youtube_warehouse_pipeline.py
Traceback (most recent call last):
  File "/home/airflow/.local/lib/python3.10/site-packages/airflow/models/dagbag.py", line 383, in parse
    loader.exec_module(new_module)
  File "<frozen importlib._bootstrap_external>", line 883, in exec_module
  File "<frozen importlib._bootstrap>", line 241, in _call_with_frames_removed
  File "/opt/airflow/dags/youtube_warehouse_pipeline.py", line 42, in <module>
    python_callable=transform_videos.transform(),
AttributeError: module 'include.transform.youtube_transform' has no attribute 'transform'
[2026-09-17T09:15:23.724+0000] {processor.py:927} WARNING - No viable dags retrieved from /opt/airflow/dags/youtube_warehouse_pipeline.py
[2026-09-17T09:15:23.744+0000] {processor.py:208} INFO - Processing /opt/airflow/dags/youtube_warehouse_pipeline.py took 0.162 seconds
[2026-09-17T09:15:30.764+0000] {processor.py:186} INFO - Started process (PID=1125) to work on /opt/airflow/dags/youtube_warehouse_pipeline.py
[2026-09-17T09:15:30.766+0000] {processor.py:914} INFO - Processing file /opt/airflow/dags/youtube_warehouse_pipeline.py for tasks to queue
[2026-09-17T09:15:30.768+0000] {logging_mixin.py:190} INFO - [2026-09-17T09:15:30.768+0000] {dagbag.py:588} INFO - Filling up the DagBag from /opt/airflow/dags/youtube_warehouse_pipeline.py
[2026-09-17T09:15:30.891+0000] {logging_mixin.py:190} INFO - None
[2026-09-17T09:15:30.900+0000] {logging_mixin.py:190} INFO - [2026-09-17T09:15:30.894+0000] {dagbag.py:387} ERROR - Failed to import: /opt/airflow/dags/youtube_warehouse_pipeline.py
Traceback (most recent call last):
  File "/home/airflow/.local/lib/python3.10/site-packages/airflow/models/dagbag.py", line 383, in parse
    loader.exec_module(new_module)
  File "<frozen importlib._bootstrap_external>", line 883, in exec_module
  File "<frozen importlib._bootstrap>", line 241, in _call_with_frames_removed
  File "/opt/airflow/dags/youtube_warehouse_pipeline.py", line 42, in <module>
    python_callable=transform_videos.transform(),
AttributeError: module 'include.transform.youtube_transform' has no attribute 'transform'
[2026-09-17T09:15:30.903+0000] {processor.py:927} WARNING - No viable dags retrieved from /opt/airflow/dags/youtube_warehouse_pipeline.py
[2026-09-17T09:15:30.958+0000] {processor.py:208} INFO - Processing /opt/airflow/dags/youtube_warehouse_pipeline.py took 0.199 seconds
[2026-09-17T09:15:38.930+0000] {processor.py:186} INFO - Started process (PID=1126) to work on /opt/airflow/dags/youtube_warehouse_pipeline.py
[2026-09-17T09:15:38.932+0000] {processor.py:914} INFO - Processing file /opt/airflow/dags/youtube_warehouse_pipeline.py for tasks to queue
[2026-09-17T09:15:38.934+0000] {logging_mixin.py:190} INFO - [2026-09-17T09:15:38.934+0000] {dagbag.py:588} INFO - Filling up the DagBag from /opt/airflow/dags/youtube_warehouse_pipeline.py
[2026-09-17T09:15:39.037+0000] {logging_mixin.py:190} INFO - None
[2026-09-17T09:15:39.045+0000] {logging_mixin.py:190} INFO - [2026-09-17T09:15:39.041+0000] {dagbag.py:387} ERROR - Failed to import: /opt/airflow/dags/youtube_warehouse_pipeline.py
Traceback (most recent call last):
  File "/home/airflow/.local/lib/python3.10/site-packages/airflow/models/dagbag.py", line 383, in parse
    loader.exec_module(new_module)
  File "<frozen importlib._bootstrap_external>", line 883, in exec_module
  File "<frozen importlib._bootstrap>", line 241, in _call_with_frames_removed
  File "/opt/airflow/dags/youtube_warehouse_pipeline.py", line 42, in <module>
    python_callable=transform_videos.transform(),
AttributeError: module 'include.transform.youtube_transform' has no attribute 'transform'
[2026-09-17T09:15:39.047+0000] {processor.py:927} WARNING - No viable dags retrieved from /opt/airflow/dags/youtube_warehouse_pipeline.py
[2026-09-17T09:15:39.066+0000] {processor.py:208} INFO - Processing /opt/airflow/dags/youtube_warehouse_pipeline.py took 0.144 seconds
[2026-09-17T09:15:52.239+0000] {processor.py:186} INFO - Started process (PID=1128) to work on /opt/airflow/dags/youtube_warehouse_pipeline.py
[2026-09-17T09:15:52.241+0000] {processor.py:914} INFO - Processing file /opt/airflow/dags/youtube_warehouse_pipeline.py for tasks to queue
[2026-09-17T09:15:52.243+0000] {logging_mixin.py:190} INFO - [2026-09-17T09:15:52.243+0000] {dagbag.py:588} INFO - Filling up the DagBag from /opt/airflow/dags/youtube_warehouse_pipeline.py
[2026-09-17T09:15:52.350+0000] {logging_mixin.py:190} INFO - None
[2026-09-17T09:15:52.358+0000] {logging_mixin.py:190} INFO - [2026-09-17T09:15:52.353+0000] {dagbag.py:387} ERROR - Failed to import: /opt/airflow/dags/youtube_warehouse_pipeline.py
Traceback (most recent call last):
  File "/home/airflow/.local/lib/python3.10/site-packages/airflow/models/dagbag.py", line 383, in parse
    loader.exec_module(new_module)
  File "<frozen importlib._bootstrap_external>", line 883, in exec_module
  File "<frozen importlib._bootstrap>", line 241, in _call_with_frames_removed
  File "/opt/airflow/dags/youtube_warehouse_pipeline.py", line 42, in <module>
    python_callable=transform_videos.transform(),
AttributeError: module 'include.transform.youtube_transform' has no attribute 'transform'
[2026-09-17T09:15:52.360+0000] {processor.py:927} WARNING - No viable dags retrieved from /opt/airflow/dags/youtube_warehouse_pipeline.py
[2026-09-17T09:15:52.393+0000] {processor.py:208} INFO - Processing /opt/airflow/dags/youtube_warehouse_pipeline.py took 0.159 seconds
[2026-09-17T09:16:12.588+0000] {processor.py:186} INFO - Started process (PID=1135) to work on /opt/airflow/dags/youtube_warehouse_pipeline.py
[2026-09-17T09:16:12.589+0000] {processor.py:914} INFO - Processing file /opt/airflow/dags/youtube_warehouse_pipeline.py for tasks to queue
[2026-09-17T09:16:12.591+0000] {logging_mixin.py:190} INFO - [2026-09-17T09:16:12.591+0000] {dagbag.py:588} INFO - Filling up the DagBag from /opt/airflow/dags/youtube_warehouse_pipeline.py
[2026-09-17T09:16:12.720+0000] {logging_mixin.py:190} INFO - None
[2026-09-17T09:16:12.734+0000] {logging_mixin.py:190} INFO - [2026-09-17T09:16:12.728+0000] {dagbag.py:387} ERROR - Failed to import: /opt/airflow/dags/youtube_warehouse_pipeline.py
Traceback (most recent call last):
  File "/home/airflow/.local/lib/python3.10/site-packages/airflow/models/dagbag.py", line 383, in parse
    loader.exec_module(new_module)
  File "<frozen importlib._bootstrap_external>", line 883, in exec_module
  File "<frozen importlib._bootstrap>", line 241, in _call_with_frames_removed
  File "/opt/airflow/dags/youtube_warehouse_pipeline.py", line 42, in <module>
    python_callable=transform_videos.transform(),
AttributeError: module 'include.transform.youtube_transform' has no attribute 'transform'
[2026-09-17T09:16:12.739+0000] {processor.py:927} WARNING - No viable dags retrieved from /opt/airflow/dags/youtube_warehouse_pipeline.py
[2026-09-17T09:16:12.761+0000] {processor.py:208} INFO - Processing /opt/airflow/dags/youtube_warehouse_pipeline.py took 0.179 seconds
[2026-09-17T09:16:17.687+0000] {processor.py:186} INFO - Started process (PID=1136) to work on /opt/airflow/dags/youtube_warehouse_pipeline.py
[2026-09-17T09:16:17.689+0000] {processor.py:914} INFO - Processing file /opt/airflow/dags/youtube_warehouse_pipeline.py for tasks to queue
[2026-09-17T09:16:17.691+0000] {logging_mixin.py:190} INFO - [2026-09-17T09:16:17.690+0000] {dagbag.py:588} INFO - Filling up the DagBag from /opt/airflow/dags/youtube_warehouse_pipeline.py
[2026-09-17T09:16:17.797+0000] {logging_mixin.py:190} INFO - None
[2026-09-17T09:16:17.805+0000] {logging_mixin.py:190} INFO - [2026-09-17T09:16:17.800+0000] {dagbag.py:387} ERROR - Failed to import: /opt/airflow/dags/youtube_warehouse_pipeline.py
Traceback (most recent call last):
  File "/home/airflow/.local/lib/python3.10/site-packages/airflow/models/dagbag.py", line 383, in parse
    loader.exec_module(new_module)
  File "<frozen importlib._bootstrap_external>", line 883, in exec_module
  File "<frozen importlib._bootstrap>", line 241, in _call_with_frames_removed
  File "/opt/airflow/dags/youtube_warehouse_pipeline.py", line 42, in <module>
    python_callable=transform_videos.transform(),
AttributeError: module 'include.transform.youtube_transform' has no attribute 'transform'
[2026-09-17T09:16:17.807+0000] {processor.py:927} WARNING - No viable dags retrieved from /opt/airflow/dags/youtube_warehouse_pipeline.py
[2026-09-17T09:16:17.827+0000] {processor.py:208} INFO - Processing /opt/airflow/dags/youtube_warehouse_pipeline.py took 0.145 seconds
[2026-09-17T09:16:22.140+0000] {processor.py:186} INFO - Started process (PID=1138) to work on /opt/airflow/dags/youtube_warehouse_pipeline.py
[2026-09-17T09:16:22.142+0000] {processor.py:914} INFO - Processing file /opt/airflow/dags/youtube_warehouse_pipeline.py for tasks to queue
[2026-09-17T09:16:22.144+0000] {logging_mixin.py:190} INFO - [2026-09-17T09:16:22.144+0000] {dagbag.py:588} INFO - Filling up the DagBag from /opt/airflow/dags/youtube_warehouse_pipeline.py
[2026-09-17T09:16:22.275+0000] {logging_mixin.py:190} INFO - None
[2026-09-17T09:16:22.282+0000] {logging_mixin.py:190} INFO - [2026-09-17T09:16:22.278+0000] {dagbag.py:387} ERROR - Failed to import: /opt/airflow/dags/youtube_warehouse_pipeline.py
Traceback (most recent call last):
  File "/home/airflow/.local/lib/python3.10/site-packages/airflow/models/dagbag.py", line 383, in parse
    loader.exec_module(new_module)
  File "<frozen importlib._bootstrap_external>", line 883, in exec_module
  File "<frozen importlib._bootstrap>", line 241, in _call_with_frames_removed
  File "/opt/airflow/dags/youtube_warehouse_pipeline.py", line 42, in <module>
    python_callable=transform_videos.transform,
AttributeError: module 'include.transform.youtube_transform' has no attribute 'transform'
[2026-09-17T09:16:22.285+0000] {processor.py:927} WARNING - No viable dags retrieved from /opt/airflow/dags/youtube_warehouse_pipeline.py
[2026-09-17T09:16:22.306+0000] {processor.py:208} INFO - Processing /opt/airflow/dags/youtube_warehouse_pipeline.py took 0.173 seconds
[2026-09-17T09:16:52.649+0000] {processor.py:186} INFO - Started process (PID=1146) to work on /opt/airflow/dags/youtube_warehouse_pipeline.py
[2026-09-17T09:16:52.651+0000] {processor.py:914} INFO - Processing file /opt/airflow/dags/youtube_warehouse_pipeline.py for tasks to queue
[2026-09-17T09:16:52.653+0000] {logging_mixin.py:190} INFO - [2026-09-17T09:16:52.652+0000] {dagbag.py:588} INFO - Filling up the DagBag from /opt/airflow/dags/youtube_warehouse_pipeline.py
[2026-09-17T09:16:52.747+0000] {logging_mixin.py:190} INFO - [2026-09-17T09:16:52.738+0000] {dagbag.py:387} ERROR - Failed to import: /opt/airflow/dags/youtube_warehouse_pipeline.py
Traceback (most recent call last):
  File "/home/airflow/.local/lib/python3.10/site-packages/airflow/models/dagbag.py", line 383, in parse
    loader.exec_module(new_module)
  File "<frozen importlib._bootstrap_external>", line 883, in exec_module
  File "<frozen importlib._bootstrap>", line 241, in _call_with_frames_removed
  File "/opt/airflow/dags/youtube_warehouse_pipeline.py", line 11, in <module>
    from include.transform import youtube_transform as transform_videos
  File "/opt/airflow/include/transform/youtube_transform.py", line 13, in <module>
    transfrom()
  File "/opt/airflow/include/transform/youtube_transform.py", line 9, in transfrom
    data = get_data()
NameError: name 'get_data' is not defined
[2026-09-17T09:16:52.751+0000] {processor.py:927} WARNING - No viable dags retrieved from /opt/airflow/dags/youtube_warehouse_pipeline.py
[2026-09-17T09:16:52.794+0000] {processor.py:208} INFO - Processing /opt/airflow/dags/youtube_warehouse_pipeline.py took 0.149 seconds
[2026-09-17T09:16:55.876+0000] {processor.py:186} INFO - Started process (PID=1147) to work on /opt/airflow/dags/youtube_warehouse_pipeline.py
[2026-09-17T09:16:55.878+0000] {processor.py:914} INFO - Processing file /opt/airflow/dags/youtube_warehouse_pipeline.py for tasks to queue
[2026-09-17T09:16:55.879+0000] {logging_mixin.py:190} INFO - [2026-09-17T09:16:55.879+0000] {dagbag.py:588} INFO - Filling up the DagBag from /opt/airflow/dags/youtube_warehouse_pipeline.py
[2026-09-17T09:16:55.982+0000] {logging_mixin.py:190} INFO - [2026-09-17T09:16:55.972+0000] {dagbag.py:387} ERROR - Failed to import: /opt/airflow/dags/youtube_warehouse_pipeline.py
Traceback (most recent call last):
  File "/home/airflow/.local/lib/python3.10/site-packages/airflow/models/dagbag.py", line 383, in parse
    loader.exec_module(new_module)
  File "<frozen importlib._bootstrap_external>", line 883, in exec_module
  File "<frozen importlib._bootstrap>", line 241, in _call_with_frames_removed
  File "/opt/airflow/dags/youtube_warehouse_pipeline.py", line 11, in <module>
    from include.transform import youtube_transform as transform_videos
  File "/opt/airflow/include/transform/youtube_transform.py", line 13, in <module>
    transfrom()
  File "/opt/airflow/include/transform/youtube_transform.py", line 9, in transfrom
    data = get_data()
NameError: name 'get_data' is not defined
[2026-09-17T09:16:55.986+0000] {processor.py:927} WARNING - No viable dags retrieved from /opt/airflow/dags/youtube_warehouse_pipeline.py
[2026-09-17T09:16:56.005+0000] {processor.py:208} INFO - Processing /opt/airflow/dags/youtube_warehouse_pipeline.py took 0.135 seconds
[2026-09-17T09:17:07.021+0000] {processor.py:186} INFO - Started process (PID=1154) to work on /opt/airflow/dags/youtube_warehouse_pipeline.py
[2026-09-17T09:17:07.023+0000] {processor.py:914} INFO - Processing file /opt/airflow/dags/youtube_warehouse_pipeline.py for tasks to queue
[2026-09-17T09:17:07.025+0000] {logging_mixin.py:190} INFO - [2026-09-17T09:17:07.025+0000] {dagbag.py:588} INFO - Filling up the DagBag from /opt/airflow/dags/youtube_warehouse_pipeline.py
[2026-09-17T09:17:07.147+0000] {logging_mixin.py:190} INFO - [2026-09-17T09:17:07.134+0000] {dagbag.py:387} ERROR - Failed to import: /opt/airflow/dags/youtube_warehouse_pipeline.py
Traceback (most recent call last):
  File "/home/airflow/.local/lib/python3.10/site-packages/airflow/models/dagbag.py", line 383, in parse
    loader.exec_module(new_module)
  File "<frozen importlib._bootstrap_external>", line 883, in exec_module
  File "<frozen importlib._bootstrap>", line 241, in _call_with_frames_removed
  File "/opt/airflow/dags/youtube_warehouse_pipeline.py", line 11, in <module>
    from include.transform import youtube_transform as transform_videos
  File "/opt/airflow/include/transform/youtube_transform.py", line 13, in <module>
    transfrom()
  File "/opt/airflow/include/transform/youtube_transform.py", line 9, in transfrom
    data = get_data()
NameError: name 'get_data' is not defined
[2026-09-17T09:17:07.151+0000] {processor.py:927} WARNING - No viable dags retrieved from /opt/airflow/dags/youtube_warehouse_pipeline.py
[2026-09-17T09:17:07.168+0000] {processor.py:208} INFO - Processing /opt/airflow/dags/youtube_warehouse_pipeline.py took 0.155 seconds
[2026-09-17T09:17:11.203+0000] {processor.py:186} INFO - Started process (PID=1155) to work on /opt/airflow/dags/youtube_warehouse_pipeline.py
[2026-09-17T09:17:11.205+0000] {processor.py:914} INFO - Processing file /opt/airflow/dags/youtube_warehouse_pipeline.py for tasks to queue
[2026-09-17T09:17:11.207+0000] {logging_mixin.py:190} INFO - [2026-09-17T09:17:11.207+0000] {dagbag.py:588} INFO - Filling up the DagBag from /opt/airflow/dags/youtube_warehouse_pipeline.py
[2026-09-17T09:17:11.324+0000] {logging_mixin.py:190} INFO - [2026-09-17T09:17:11.315+0000] {dagbag.py:387} ERROR - Failed to import: /opt/airflow/dags/youtube_warehouse_pipeline.py
Traceback (most recent call last):
  File "/home/airflow/.local/lib/python3.10/site-packages/airflow/models/dagbag.py", line 383, in parse
    loader.exec_module(new_module)
  File "<frozen importlib._bootstrap_external>", line 883, in exec_module
  File "<frozen importlib._bootstrap>", line 241, in _call_with_frames_removed
  File "/opt/airflow/dags/youtube_warehouse_pipeline.py", line 11, in <module>
    from include.transform import youtube_transform as transform_videos
  File "/opt/airflow/include/transform/youtube_transform.py", line 13, in <module>
    transfrom()
  File "/opt/airflow/include/transform/youtube_transform.py", line 9, in transfrom
    data = get_data()
NameError: name 'get_data' is not defined
[2026-09-17T09:17:11.327+0000] {processor.py:927} WARNING - No viable dags retrieved from /opt/airflow/dags/youtube_warehouse_pipeline.py
[2026-09-17T09:17:11.353+0000] {processor.py:208} INFO - Processing /opt/airflow/dags/youtube_warehouse_pipeline.py took 0.156 seconds
[2026-09-17T09:17:41.697+0000] {processor.py:186} INFO - Started process (PID=1163) to work on /opt/airflow/dags/youtube_warehouse_pipeline.py
[2026-09-17T09:17:41.699+0000] {processor.py:914} INFO - Processing file /opt/airflow/dags/youtube_warehouse_pipeline.py for tasks to queue
[2026-09-17T09:17:41.701+0000] {logging_mixin.py:190} INFO - [2026-09-17T09:17:41.701+0000] {dagbag.py:588} INFO - Filling up the DagBag from /opt/airflow/dags/youtube_warehouse_pipeline.py
[2026-09-17T09:17:41.797+0000] {logging_mixin.py:190} INFO - [2026-09-17T09:17:41.787+0000] {dagbag.py:387} ERROR - Failed to import: /opt/airflow/dags/youtube_warehouse_pipeline.py
Traceback (most recent call last):
  File "/home/airflow/.local/lib/python3.10/site-packages/airflow/models/dagbag.py", line 383, in parse
    loader.exec_module(new_module)
  File "<frozen importlib._bootstrap_external>", line 883, in exec_module
  File "<frozen importlib._bootstrap>", line 241, in _call_with_frames_removed
  File "/opt/airflow/dags/youtube_warehouse_pipeline.py", line 11, in <module>
    from include.transform import youtube_transform as transform_videos
  File "/opt/airflow/include/transform/youtube_transform.py", line 13, in <module>
    transfrom()
  File "/opt/airflow/include/transform/youtube_transform.py", line 9, in transfrom
    data = get_data()
NameError: name 'get_data' is not defined
[2026-09-17T09:17:41.800+0000] {processor.py:927} WARNING - No viable dags retrieved from /opt/airflow/dags/youtube_warehouse_pipeline.py
[2026-09-17T09:17:41.820+0000] {processor.py:208} INFO - Processing /opt/airflow/dags/youtube_warehouse_pipeline.py took 0.129 seconds
[2026-09-17T09:17:54.009+0000] {processor.py:186} INFO - Started process (PID=1165) to work on /opt/airflow/dags/youtube_warehouse_pipeline.py
[2026-09-17T09:17:54.012+0000] {processor.py:914} INFO - Processing file /opt/airflow/dags/youtube_warehouse_pipeline.py for tasks to queue
[2026-09-17T09:17:54.014+0000] {logging_mixin.py:190} INFO - [2026-09-17T09:17:54.013+0000] {dagbag.py:588} INFO - Filling up the DagBag from /opt/airflow/dags/youtube_warehouse_pipeline.py
[2026-09-17T09:17:54.147+0000] {logging_mixin.py:190} INFO - [2026-09-17T09:17:54.136+0000] {dagbag.py:387} ERROR - Failed to import: /opt/airflow/dags/youtube_warehouse_pipeline.py
Traceback (most recent call last):
  File "/home/airflow/.local/lib/python3.10/site-packages/airflow/models/dagbag.py", line 383, in parse
    loader.exec_module(new_module)
  File "<frozen importlib._bootstrap_external>", line 883, in exec_module
  File "<frozen importlib._bootstrap>", line 241, in _call_with_frames_removed
  File "/opt/airflow/dags/youtube_warehouse_pipeline.py", line 11, in <module>
    from include.transform import youtube_transform as transform_videos
  File "/opt/airflow/include/transform/youtube_transform.py", line 13, in <module>
    transfrom()
  File "/opt/airflow/include/transform/youtube_transform.py", line 9, in transfrom
    data = get_data()
NameError: name 'get_data' is not defined
[2026-09-17T09:17:54.151+0000] {processor.py:927} WARNING - No viable dags retrieved from /opt/airflow/dags/youtube_warehouse_pipeline.py
[2026-09-17T09:17:54.176+0000] {processor.py:208} INFO - Processing /opt/airflow/dags/youtube_warehouse_pipeline.py took 0.172 seconds
[2026-09-17T09:17:56.198+0000] {processor.py:186} INFO - Started process (PID=1166) to work on /opt/airflow/dags/youtube_warehouse_pipeline.py
[2026-09-17T09:17:56.200+0000] {processor.py:914} INFO - Processing file /opt/airflow/dags/youtube_warehouse_pipeline.py for tasks to queue
[2026-09-17T09:17:56.202+0000] {logging_mixin.py:190} INFO - [2026-09-17T09:17:56.202+0000] {dagbag.py:588} INFO - Filling up the DagBag from /opt/airflow/dags/youtube_warehouse_pipeline.py
[2026-09-17T09:17:56.370+0000] {logging_mixin.py:190} INFO - [2026-09-17T09:17:56.356+0000] {dagbag.py:387} ERROR - Failed to import: /opt/airflow/dags/youtube_warehouse_pipeline.py
Traceback (most recent call last):
  File "/home/airflow/.local/lib/python3.10/site-packages/airflow/models/dagbag.py", line 383, in parse
    loader.exec_module(new_module)
  File "<frozen importlib._bootstrap_external>", line 883, in exec_module
  File "<frozen importlib._bootstrap>", line 241, in _call_with_frames_removed
  File "/opt/airflow/dags/youtube_warehouse_pipeline.py", line 11, in <module>
    from include.transform import youtube_transform as transform_videos
  File "/opt/airflow/include/transform/youtube_transform.py", line 13, in <module>
    transfrom()
  File "/opt/airflow/include/transform/youtube_transform.py", line 9, in transfrom
    data = get_data()
NameError: name 'get_data' is not defined
[2026-09-17T09:17:56.374+0000] {processor.py:927} WARNING - No viable dags retrieved from /opt/airflow/dags/youtube_warehouse_pipeline.py
[2026-09-17T09:17:56.396+0000] {processor.py:208} INFO - Processing /opt/airflow/dags/youtube_warehouse_pipeline.py took 0.204 seconds
[2026-09-17T09:18:26.739+0000] {processor.py:186} INFO - Started process (PID=1174) to work on /opt/airflow/dags/youtube_warehouse_pipeline.py
[2026-09-17T09:18:26.741+0000] {processor.py:914} INFO - Processing file /opt/airflow/dags/youtube_warehouse_pipeline.py for tasks to queue
[2026-09-17T09:18:26.744+0000] {logging_mixin.py:190} INFO - [2026-09-17T09:18:26.744+0000] {dagbag.py:588} INFO - Filling up the DagBag from /opt/airflow/dags/youtube_warehouse_pipeline.py
[2026-09-17T09:18:26.872+0000] {logging_mixin.py:190} INFO - [2026-09-17T09:18:26.861+0000] {dagbag.py:387} ERROR - Failed to import: /opt/airflow/dags/youtube_warehouse_pipeline.py
Traceback (most recent call last):
  File "/home/airflow/.local/lib/python3.10/site-packages/airflow/models/dagbag.py", line 383, in parse
    loader.exec_module(new_module)
  File "<frozen importlib._bootstrap_external>", line 883, in exec_module
  File "<frozen importlib._bootstrap>", line 241, in _call_with_frames_removed
  File "/opt/airflow/dags/youtube_warehouse_pipeline.py", line 11, in <module>
    from include.transform import youtube_transform as transform_videos
  File "/opt/airflow/include/transform/youtube_transform.py", line 6, in <module>
    transfrom()
NameError: name 'transfrom' is not defined
[2026-09-17T09:18:26.877+0000] {processor.py:927} WARNING - No viable dags retrieved from /opt/airflow/dags/youtube_warehouse_pipeline.py
[2026-09-17T09:18:26.898+0000] {processor.py:208} INFO - Processing /opt/airflow/dags/youtube_warehouse_pipeline.py took 0.165 seconds
[2026-09-17T09:18:57.203+0000] {processor.py:186} INFO - Started process (PID=1182) to work on /opt/airflow/dags/youtube_warehouse_pipeline.py
[2026-09-17T09:18:57.205+0000] {processor.py:914} INFO - Processing file /opt/airflow/dags/youtube_warehouse_pipeline.py for tasks to queue
[2026-09-17T09:18:57.206+0000] {logging_mixin.py:190} INFO - [2026-09-17T09:18:57.206+0000] {dagbag.py:588} INFO - Filling up the DagBag from /opt/airflow/dags/youtube_warehouse_pipeline.py
[2026-09-17T09:18:57.315+0000] {logging_mixin.py:190} INFO - [2026-09-17T09:18:57.304+0000] {dagbag.py:387} ERROR - Failed to import: /opt/airflow/dags/youtube_warehouse_pipeline.py
Traceback (most recent call last):
  File "/home/airflow/.local/lib/python3.10/site-packages/airflow/models/dagbag.py", line 383, in parse
    loader.exec_module(new_module)
  File "<frozen importlib._bootstrap_external>", line 883, in exec_module
  File "<frozen importlib._bootstrap>", line 241, in _call_with_frames_removed
  File "/opt/airflow/dags/youtube_warehouse_pipeline.py", line 11, in <module>
    from include.transform import youtube_transform as transform_videos
  File "/opt/airflow/include/transform/youtube_transform.py", line 4, in <module>
    transform()
TypeError: transform() missing 1 required positional argument: 'staging_data'
[2026-09-17T09:18:57.319+0000] {processor.py:927} WARNING - No viable dags retrieved from /opt/airflow/dags/youtube_warehouse_pipeline.py
[2026-09-17T09:18:57.337+0000] {processor.py:208} INFO - Processing /opt/airflow/dags/youtube_warehouse_pipeline.py took 0.139 seconds
[2026-09-17T09:19:17.477+0000] {processor.py:186} INFO - Started process (PID=1189) to work on /opt/airflow/dags/youtube_warehouse_pipeline.py
[2026-09-17T09:19:17.479+0000] {processor.py:914} INFO - Processing file /opt/airflow/dags/youtube_warehouse_pipeline.py for tasks to queue
[2026-09-17T09:19:17.482+0000] {logging_mixin.py:190} INFO - [2026-09-17T09:19:17.482+0000] {dagbag.py:588} INFO - Filling up the DagBag from /opt/airflow/dags/youtube_warehouse_pipeline.py
[2026-09-17T09:19:17.653+0000] {logging_mixin.py:190} INFO - [2026-09-17T09:19:17.642+0000] {dagbag.py:387} ERROR - Failed to import: /opt/airflow/dags/youtube_warehouse_pipeline.py
Traceback (most recent call last):
  File "/home/airflow/.local/lib/python3.10/site-packages/airflow/models/dagbag.py", line 383, in parse
    loader.exec_module(new_module)
  File "<frozen importlib._bootstrap_external>", line 883, in exec_module
  File "<frozen importlib._bootstrap>", line 241, in _call_with_frames_removed
  File "/opt/airflow/dags/youtube_warehouse_pipeline.py", line 11, in <module>
    from include.transform import youtube_transform as transform_videos
  File "/opt/airflow/include/transform/youtube_transform.py", line 4, in <module>
    transform()
TypeError: transform() missing 1 required positional argument: 'staging_data'
[2026-09-17T09:19:17.658+0000] {processor.py:927} WARNING - No viable dags retrieved from /opt/airflow/dags/youtube_warehouse_pipeline.py
[2026-09-17T09:19:17.682+0000] {processor.py:208} INFO - Processing /opt/airflow/dags/youtube_warehouse_pipeline.py took 0.213 seconds
[2026-09-17T09:19:48.082+0000] {processor.py:186} INFO - Started process (PID=1198) to work on /opt/airflow/dags/youtube_warehouse_pipeline.py
[2026-09-17T09:19:48.084+0000] {processor.py:914} INFO - Processing file /opt/airflow/dags/youtube_warehouse_pipeline.py for tasks to queue
[2026-09-17T09:19:48.085+0000] {logging_mixin.py:190} INFO - [2026-09-17T09:19:48.085+0000] {dagbag.py:588} INFO - Filling up the DagBag from /opt/airflow/dags/youtube_warehouse_pipeline.py
[2026-09-17T09:19:48.158+0000] {logging_mixin.py:190} INFO - [2026-09-17T09:19:48.150+0000] {dagbag.py:387} ERROR - Failed to import: /opt/airflow/dags/youtube_warehouse_pipeline.py
Traceback (most recent call last):
  File "/home/airflow/.local/lib/python3.10/site-packages/airflow/models/dagbag.py", line 383, in parse
    loader.exec_module(new_module)
  File "<frozen importlib._bootstrap_external>", line 883, in exec_module
  File "<frozen importlib._bootstrap>", line 241, in _call_with_frames_removed
  File "/opt/airflow/dags/youtube_warehouse_pipeline.py", line 11, in <module>
    from include.transform import youtube_transform as transform_videos
  File "/opt/airflow/include/transform/youtube_transform.py", line 4, in <module>
    transform()
TypeError: transform() missing 1 required positional argument: 'staging_data'
[2026-09-17T09:19:48.162+0000] {processor.py:927} WARNING - No viable dags retrieved from /opt/airflow/dags/youtube_warehouse_pipeline.py
[2026-09-17T09:19:48.182+0000] {processor.py:208} INFO - Processing /opt/airflow/dags/youtube_warehouse_pipeline.py took 0.106 seconds
[2026-09-17T09:20:18.516+0000] {processor.py:186} INFO - Started process (PID=1206) to work on /opt/airflow/dags/youtube_warehouse_pipeline.py
[2026-09-17T09:20:18.518+0000] {processor.py:914} INFO - Processing file /opt/airflow/dags/youtube_warehouse_pipeline.py for tasks to queue
[2026-09-17T09:20:18.520+0000] {logging_mixin.py:190} INFO - [2026-09-17T09:20:18.520+0000] {dagbag.py:588} INFO - Filling up the DagBag from /opt/airflow/dags/youtube_warehouse_pipeline.py
[2026-09-17T09:20:18.613+0000] {logging_mixin.py:190} INFO - [2026-09-17T09:20:18.598+0000] {dagbag.py:387} ERROR - Failed to import: /opt/airflow/dags/youtube_warehouse_pipeline.py
Traceback (most recent call last):
  File "/home/airflow/.local/lib/python3.10/site-packages/airflow/models/dagbag.py", line 383, in parse
    loader.exec_module(new_module)
  File "<frozen importlib._bootstrap_external>", line 883, in exec_module
  File "<frozen importlib._bootstrap>", line 241, in _call_with_frames_removed
  File "/opt/airflow/dags/youtube_warehouse_pipeline.py", line 11, in <module>
    from include.transform import youtube_transform as transform_videos
  File "/opt/airflow/include/transform/youtube_transform.py", line 4, in <module>
    transform()
TypeError: transform() missing 1 required positional argument: 'staging_data'
[2026-09-17T09:20:18.618+0000] {processor.py:927} WARNING - No viable dags retrieved from /opt/airflow/dags/youtube_warehouse_pipeline.py
[2026-09-17T09:20:18.646+0000] {processor.py:208} INFO - Processing /opt/airflow/dags/youtube_warehouse_pipeline.py took 0.137 seconds
[2026-09-17T09:20:49.033+0000] {processor.py:186} INFO - Started process (PID=1214) to work on /opt/airflow/dags/youtube_warehouse_pipeline.py
[2026-09-17T09:20:49.037+0000] {processor.py:914} INFO - Processing file /opt/airflow/dags/youtube_warehouse_pipeline.py for tasks to queue
[2026-09-17T09:20:49.042+0000] {logging_mixin.py:190} INFO - [2026-09-17T09:20:49.042+0000] {dagbag.py:588} INFO - Filling up the DagBag from /opt/airflow/dags/youtube_warehouse_pipeline.py
[2026-09-17T09:20:49.165+0000] {processor.py:925} INFO - DAG(s) 'youtube_pipeline_warehouse' retrieved from /opt/airflow/dags/youtube_warehouse_pipeline.py
[2026-09-17T09:20:49.642+0000] {logging_mixin.py:190} INFO - [2026-09-17T09:20:49.641+0000] {dag.py:3239} INFO - Sync 1 DAGs
[2026-09-17T09:20:49.657+0000] {logging_mixin.py:190} INFO - [2026-09-17T09:20:49.656+0000] {dag.py:4180} INFO - Setting next_dagrun for youtube_pipeline_warehouse to None, run_after=None
[2026-09-17T09:20:49.696+0000] {processor.py:208} INFO - Processing /opt/airflow/dags/youtube_warehouse_pipeline.py took 0.676 seconds
[2026-09-17T09:21:20.394+0000] {processor.py:186} INFO - Started process (PID=1226) to work on /opt/airflow/dags/youtube_warehouse_pipeline.py
[2026-09-17T09:21:20.397+0000] {processor.py:914} INFO - Processing file /opt/airflow/dags/youtube_warehouse_pipeline.py for tasks to queue
[2026-09-17T09:21:20.400+0000] {logging_mixin.py:190} INFO - [2026-09-17T09:21:20.399+0000] {dagbag.py:588} INFO - Filling up the DagBag from /opt/airflow/dags/youtube_warehouse_pipeline.py
[2026-09-17T09:21:20.507+0000] {processor.py:925} INFO - DAG(s) 'youtube_pipeline_warehouse' retrieved from /opt/airflow/dags/youtube_warehouse_pipeline.py
[2026-09-17T09:21:20.536+0000] {logging_mixin.py:190} INFO - [2026-09-17T09:21:20.536+0000] {dag.py:3239} INFO - Sync 1 DAGs
[2026-09-17T09:21:20.556+0000] {logging_mixin.py:190} INFO - [2026-09-17T09:21:20.556+0000] {dag.py:4180} INFO - Setting next_dagrun for youtube_pipeline_warehouse to None, run_after=None
[2026-09-17T09:21:20.591+0000] {processor.py:208} INFO - Processing /opt/airflow/dags/youtube_warehouse_pipeline.py took 0.213 seconds
[2026-09-17T09:21:28.800+0000] {processor.py:186} INFO - Started process (PID=1232) to work on /opt/airflow/dags/youtube_warehouse_pipeline.py
[2026-09-17T09:21:28.802+0000] {processor.py:914} INFO - Processing file /opt/airflow/dags/youtube_warehouse_pipeline.py for tasks to queue
[2026-09-17T09:21:28.804+0000] {logging_mixin.py:190} INFO - [2026-09-17T09:21:28.804+0000] {dagbag.py:588} INFO - Filling up the DagBag from /opt/airflow/dags/youtube_warehouse_pipeline.py
[2026-09-17T09:21:28.935+0000] {processor.py:925} INFO - DAG(s) 'youtube_pipeline_warehouse' retrieved from /opt/airflow/dags/youtube_warehouse_pipeline.py
[2026-09-17T09:21:28.982+0000] {logging_mixin.py:190} INFO - [2026-09-17T09:21:28.982+0000] {dag.py:3239} INFO - Sync 1 DAGs
[2026-09-17T09:21:29.033+0000] {logging_mixin.py:190} INFO - [2026-09-17T09:21:29.032+0000] {dag.py:4180} INFO - Setting next_dagrun for youtube_pipeline_warehouse to None, run_after=None
[2026-09-17T09:21:29.131+0000] {processor.py:208} INFO - Processing /opt/airflow/dags/youtube_warehouse_pipeline.py took 0.341 seconds
[2026-09-17T09:21:59.282+0000] {processor.py:186} INFO - Started process (PID=1240) to work on /opt/airflow/dags/youtube_warehouse_pipeline.py
[2026-09-17T09:21:59.284+0000] {processor.py:914} INFO - Processing file /opt/airflow/dags/youtube_warehouse_pipeline.py for tasks to queue
[2026-09-17T09:21:59.286+0000] {logging_mixin.py:190} INFO - [2026-09-17T09:21:59.285+0000] {dagbag.py:588} INFO - Filling up the DagBag from /opt/airflow/dags/youtube_warehouse_pipeline.py
[2026-09-17T09:21:59.355+0000] {processor.py:925} INFO - DAG(s) 'youtube_pipeline_warehouse' retrieved from /opt/airflow/dags/youtube_warehouse_pipeline.py
[2026-09-17T09:21:59.376+0000] {logging_mixin.py:190} INFO - [2026-09-17T09:21:59.376+0000] {dag.py:3239} INFO - Sync 1 DAGs
[2026-09-17T09:21:59.391+0000] {logging_mixin.py:190} INFO - [2026-09-17T09:21:59.391+0000] {dag.py:4180} INFO - Setting next_dagrun for youtube_pipeline_warehouse to None, run_after=None
[2026-09-17T09:21:59.422+0000] {processor.py:208} INFO - Processing /opt/airflow/dags/youtube_warehouse_pipeline.py took 0.146 seconds
[2026-09-17T09:22:02.495+0000] {processor.py:186} INFO - Started process (PID=1247) to work on /opt/airflow/dags/youtube_warehouse_pipeline.py
[2026-09-17T09:22:02.497+0000] {processor.py:914} INFO - Processing file /opt/airflow/dags/youtube_warehouse_pipeline.py for tasks to queue
[2026-09-17T09:22:02.500+0000] {logging_mixin.py:190} INFO - [2026-09-17T09:22:02.500+0000] {dagbag.py:588} INFO - Filling up the DagBag from /opt/airflow/dags/youtube_warehouse_pipeline.py
[2026-09-17T09:22:02.650+0000] {processor.py:925} INFO - DAG(s) 'youtube_warehouse_pipeline' retrieved from /opt/airflow/dags/youtube_warehouse_pipeline.py
[2026-09-17T09:22:02.934+0000] {logging_mixin.py:190} INFO - [2026-09-17T09:22:02.931+0000] {override.py:1932} INFO - Created Permission View: can delete on DAG:youtube_warehouse_pipeline
[2026-09-17T09:22:02.956+0000] {logging_mixin.py:190} INFO - [2026-09-17T09:22:02.955+0000] {override.py:1932} INFO - Created Permission View: can edit on DAG:youtube_warehouse_pipeline
[2026-09-17T09:22:02.967+0000] {logging_mixin.py:190} INFO - [2026-09-17T09:22:02.966+0000] {override.py:1932} INFO - Created Permission View: can read on DAG:youtube_warehouse_pipeline
[2026-09-17T09:22:02.983+0000] {logging_mixin.py:190} INFO - [2026-09-17T09:22:02.982+0000] {override.py:1932} INFO - Created Permission View: menu access on DAG Run:youtube_warehouse_pipeline
[2026-09-17T09:22:02.995+0000] {logging_mixin.py:190} INFO - [2026-09-17T09:22:02.994+0000] {override.py:1932} INFO - Created Permission View: can create on DAG Run:youtube_warehouse_pipeline
[2026-09-17T09:22:03.006+0000] {logging_mixin.py:190} INFO - [2026-09-17T09:22:03.006+0000] {override.py:1932} INFO - Created Permission View: can delete on DAG Run:youtube_warehouse_pipeline
[2026-09-17T09:22:03.017+0000] {logging_mixin.py:190} INFO - [2026-09-17T09:22:03.017+0000] {override.py:1932} INFO - Created Permission View: can read on DAG Run:youtube_warehouse_pipeline
[2026-09-17T09:22:03.019+0000] {logging_mixin.py:190} INFO - [2026-09-17T09:22:03.019+0000] {dag.py:3239} INFO - Sync 1 DAGs
[2026-09-17T09:22:03.041+0000] {logging_mixin.py:190} INFO - [2026-09-17T09:22:03.041+0000] {dag.py:3262} INFO - Creating ORM DAG for youtube_warehouse_pipeline
[2026-09-17T09:22:03.043+0000] {logging_mixin.py:190} INFO - [2026-09-17T09:22:03.043+0000] {dag.py:4180} INFO - Setting next_dagrun for youtube_warehouse_pipeline to None, run_after=None
[2026-09-17T09:22:03.076+0000] {processor.py:208} INFO - Processing /opt/airflow/dags/youtube_warehouse_pipeline.py took 0.586 seconds
[2026-09-17T09:22:33.843+0000] {processor.py:186} INFO - Started process (PID=1255) to work on /opt/airflow/dags/youtube_warehouse_pipeline.py
[2026-09-17T09:22:33.846+0000] {processor.py:914} INFO - Processing file /opt/airflow/dags/youtube_warehouse_pipeline.py for tasks to queue
[2026-09-17T09:22:33.849+0000] {logging_mixin.py:190} INFO - [2026-09-17T09:22:33.849+0000] {dagbag.py:588} INFO - Filling up the DagBag from /opt/airflow/dags/youtube_warehouse_pipeline.py
[2026-09-17T09:22:33.957+0000] {processor.py:925} INFO - DAG(s) 'youtube_warehouse_pipeline' retrieved from /opt/airflow/dags/youtube_warehouse_pipeline.py
[2026-09-17T09:22:34.082+0000] {logging_mixin.py:190} INFO - [2026-09-17T09:22:34.082+0000] {dag.py:3239} INFO - Sync 1 DAGs
[2026-09-17T09:22:34.095+0000] {logging_mixin.py:190} INFO - [2026-09-17T09:22:34.095+0000] {dag.py:3262} INFO - Creating ORM DAG for youtube_warehouse_pipeline
[2026-09-17T09:22:34.097+0000] {logging_mixin.py:190} INFO - [2026-09-17T09:22:34.097+0000] {dag.py:4180} INFO - Setting next_dagrun for youtube_warehouse_pipeline to None, run_after=None
[2026-09-17T09:22:34.116+0000] {processor.py:208} INFO - Processing /opt/airflow/dags/youtube_warehouse_pipeline.py took 0.281 seconds
[2026-09-17T09:23:04.438+0000] {processor.py:186} INFO - Started process (PID=1263) to work on /opt/airflow/dags/youtube_warehouse_pipeline.py
[2026-09-17T09:23:04.439+0000] {processor.py:914} INFO - Processing file /opt/airflow/dags/youtube_warehouse_pipeline.py for tasks to queue
[2026-09-17T09:23:04.441+0000] {logging_mixin.py:190} INFO - [2026-09-17T09:23:04.441+0000] {dagbag.py:588} INFO - Filling up the DagBag from /opt/airflow/dags/youtube_warehouse_pipeline.py
[2026-09-17T09:23:04.492+0000] {processor.py:925} INFO - DAG(s) 'youtube_warehouse_pipeline' retrieved from /opt/airflow/dags/youtube_warehouse_pipeline.py
[2026-09-17T09:23:04.517+0000] {logging_mixin.py:190} INFO - [2026-09-17T09:23:04.517+0000] {dag.py:3239} INFO - Sync 1 DAGs
[2026-09-17T09:23:04.532+0000] {logging_mixin.py:190} INFO - [2026-09-17T09:23:04.531+0000] {dag.py:4180} INFO - Setting next_dagrun for youtube_warehouse_pipeline to None, run_after=None
[2026-09-17T09:23:04.550+0000] {processor.py:208} INFO - Processing /opt/airflow/dags/youtube_warehouse_pipeline.py took 0.117 seconds
[2026-09-17T09:23:34.882+0000] {processor.py:186} INFO - Started process (PID=1270) to work on /opt/airflow/dags/youtube_warehouse_pipeline.py
[2026-09-17T09:23:34.884+0000] {processor.py:914} INFO - Processing file /opt/airflow/dags/youtube_warehouse_pipeline.py for tasks to queue
[2026-09-17T09:23:34.886+0000] {logging_mixin.py:190} INFO - [2026-09-17T09:23:34.885+0000] {dagbag.py:588} INFO - Filling up the DagBag from /opt/airflow/dags/youtube_warehouse_pipeline.py
[2026-09-17T09:23:34.965+0000] {processor.py:925} INFO - DAG(s) 'youtube_warehouse_pipeline' retrieved from /opt/airflow/dags/youtube_warehouse_pipeline.py
[2026-09-17T09:23:34.988+0000] {logging_mixin.py:190} INFO - [2026-09-17T09:23:34.988+0000] {dag.py:3239} INFO - Sync 1 DAGs
[2026-09-17T09:23:35.004+0000] {logging_mixin.py:190} INFO - [2026-09-17T09:23:35.004+0000] {dag.py:4180} INFO - Setting next_dagrun for youtube_warehouse_pipeline to None, run_after=None
[2026-09-17T09:23:35.025+0000] {processor.py:208} INFO - Processing /opt/airflow/dags/youtube_warehouse_pipeline.py took 0.149 seconds
[2026-09-17T09:24:05.338+0000] {processor.py:186} INFO - Started process (PID=1278) to work on /opt/airflow/dags/youtube_warehouse_pipeline.py
[2026-09-17T09:24:05.339+0000] {processor.py:914} INFO - Processing file /opt/airflow/dags/youtube_warehouse_pipeline.py for tasks to queue
[2026-09-17T09:24:05.341+0000] {logging_mixin.py:190} INFO - [2026-09-17T09:24:05.341+0000] {dagbag.py:588} INFO - Filling up the DagBag from /opt/airflow/dags/youtube_warehouse_pipeline.py
[2026-09-17T09:24:05.424+0000] {processor.py:925} INFO - DAG(s) 'youtube_warehouse_pipeline' retrieved from /opt/airflow/dags/youtube_warehouse_pipeline.py
[2026-09-17T09:24:05.453+0000] {logging_mixin.py:190} INFO - [2026-09-17T09:24:05.453+0000] {dag.py:3239} INFO - Sync 1 DAGs
[2026-09-17T09:24:05.465+0000] {logging_mixin.py:190} INFO - [2026-09-17T09:24:05.465+0000] {dag.py:4180} INFO - Setting next_dagrun for youtube_warehouse_pipeline to None, run_after=None
[2026-09-17T09:24:05.485+0000] {processor.py:208} INFO - Processing /opt/airflow/dags/youtube_warehouse_pipeline.py took 0.153 seconds
[2026-09-17T09:24:35.798+0000] {processor.py:186} INFO - Started process (PID=1286) to work on /opt/airflow/dags/youtube_warehouse_pipeline.py
[2026-09-17T09:24:35.801+0000] {processor.py:914} INFO - Processing file /opt/airflow/dags/youtube_warehouse_pipeline.py for tasks to queue
[2026-09-17T09:24:35.804+0000] {logging_mixin.py:190} INFO - [2026-09-17T09:24:35.803+0000] {dagbag.py:588} INFO - Filling up the DagBag from /opt/airflow/dags/youtube_warehouse_pipeline.py
[2026-09-17T09:24:35.888+0000] {processor.py:925} INFO - DAG(s) 'youtube_warehouse_pipeline' retrieved from /opt/airflow/dags/youtube_warehouse_pipeline.py
[2026-09-17T09:24:35.916+0000] {logging_mixin.py:190} INFO - [2026-09-17T09:24:35.915+0000] {dag.py:3239} INFO - Sync 1 DAGs
[2026-09-17T09:24:35.931+0000] {logging_mixin.py:190} INFO - [2026-09-17T09:24:35.931+0000] {dag.py:4180} INFO - Setting next_dagrun for youtube_warehouse_pipeline to None, run_after=None
[2026-09-17T09:24:35.954+0000] {processor.py:208} INFO - Processing /opt/airflow/dags/youtube_warehouse_pipeline.py took 0.162 seconds
[2026-09-17T09:25:06.335+0000] {processor.py:186} INFO - Started process (PID=1294) to work on /opt/airflow/dags/youtube_warehouse_pipeline.py
[2026-09-17T09:25:06.336+0000] {processor.py:914} INFO - Processing file /opt/airflow/dags/youtube_warehouse_pipeline.py for tasks to queue
[2026-09-17T09:25:06.338+0000] {logging_mixin.py:190} INFO - [2026-09-17T09:25:06.338+0000] {dagbag.py:588} INFO - Filling up the DagBag from /opt/airflow/dags/youtube_warehouse_pipeline.py
[2026-09-17T09:25:06.403+0000] {processor.py:925} INFO - DAG(s) 'youtube_warehouse_pipeline' retrieved from /opt/airflow/dags/youtube_warehouse_pipeline.py
[2026-09-17T09:25:06.421+0000] {logging_mixin.py:190} INFO - [2026-09-17T09:25:06.421+0000] {dag.py:3239} INFO - Sync 1 DAGs
[2026-09-17T09:25:06.433+0000] {logging_mixin.py:190} INFO - [2026-09-17T09:25:06.433+0000] {dag.py:4180} INFO - Setting next_dagrun for youtube_warehouse_pipeline to None, run_after=None
[2026-09-17T09:25:06.451+0000] {processor.py:208} INFO - Processing /opt/airflow/dags/youtube_warehouse_pipeline.py took 0.121 seconds
[2026-09-17T09:25:36.798+0000] {processor.py:186} INFO - Started process (PID=1302) to work on /opt/airflow/dags/youtube_warehouse_pipeline.py
[2026-09-17T09:25:36.800+0000] {processor.py:914} INFO - Processing file /opt/airflow/dags/youtube_warehouse_pipeline.py for tasks to queue
[2026-09-17T09:25:36.801+0000] {logging_mixin.py:190} INFO - [2026-09-17T09:25:36.801+0000] {dagbag.py:588} INFO - Filling up the DagBag from /opt/airflow/dags/youtube_warehouse_pipeline.py
[2026-09-17T09:25:36.856+0000] {processor.py:925} INFO - DAG(s) 'youtube_warehouse_pipeline' retrieved from /opt/airflow/dags/youtube_warehouse_pipeline.py
[2026-09-17T09:25:36.894+0000] {logging_mixin.py:190} INFO - [2026-09-17T09:25:36.894+0000] {dag.py:3239} INFO - Sync 1 DAGs
[2026-09-17T09:25:36.906+0000] {logging_mixin.py:190} INFO - [2026-09-17T09:25:36.906+0000] {dag.py:4180} INFO - Setting next_dagrun for youtube_warehouse_pipeline to None, run_after=None
[2026-09-17T09:25:36.925+0000] {processor.py:208} INFO - Processing /opt/airflow/dags/youtube_warehouse_pipeline.py took 0.131 seconds
[2026-09-17T09:26:07.249+0000] {processor.py:186} INFO - Started process (PID=1310) to work on /opt/airflow/dags/youtube_warehouse_pipeline.py
[2026-09-17T09:26:07.251+0000] {processor.py:914} INFO - Processing file /opt/airflow/dags/youtube_warehouse_pipeline.py for tasks to queue
[2026-09-17T09:26:07.252+0000] {logging_mixin.py:190} INFO - [2026-09-17T09:26:07.252+0000] {dagbag.py:588} INFO - Filling up the DagBag from /opt/airflow/dags/youtube_warehouse_pipeline.py
[2026-09-17T09:26:07.320+0000] {processor.py:925} INFO - DAG(s) 'youtube_warehouse_pipeline' retrieved from /opt/airflow/dags/youtube_warehouse_pipeline.py
[2026-09-17T09:26:07.343+0000] {logging_mixin.py:190} INFO - [2026-09-17T09:26:07.342+0000] {dag.py:3239} INFO - Sync 1 DAGs
[2026-09-17T09:26:07.358+0000] {logging_mixin.py:190} INFO - [2026-09-17T09:26:07.358+0000] {dag.py:4180} INFO - Setting next_dagrun for youtube_warehouse_pipeline to None, run_after=None
[2026-09-17T09:26:07.379+0000] {processor.py:208} INFO - Processing /opt/airflow/dags/youtube_warehouse_pipeline.py took 0.135 seconds
[2026-09-17T09:26:37.709+0000] {processor.py:186} INFO - Started process (PID=1318) to work on /opt/airflow/dags/youtube_warehouse_pipeline.py
[2026-09-17T09:26:37.711+0000] {processor.py:914} INFO - Processing file /opt/airflow/dags/youtube_warehouse_pipeline.py for tasks to queue
[2026-09-17T09:26:37.713+0000] {logging_mixin.py:190} INFO - [2026-09-17T09:26:37.713+0000] {dagbag.py:588} INFO - Filling up the DagBag from /opt/airflow/dags/youtube_warehouse_pipeline.py
[2026-09-17T09:26:37.794+0000] {processor.py:925} INFO - DAG(s) 'youtube_warehouse_pipeline' retrieved from /opt/airflow/dags/youtube_warehouse_pipeline.py
[2026-09-17T09:26:37.824+0000] {logging_mixin.py:190} INFO - [2026-09-17T09:26:37.824+0000] {dag.py:3239} INFO - Sync 1 DAGs
[2026-09-17T09:26:37.838+0000] {logging_mixin.py:190} INFO - [2026-09-17T09:26:37.838+0000] {dag.py:4180} INFO - Setting next_dagrun for youtube_warehouse_pipeline to None, run_after=None
[2026-09-17T09:26:37.859+0000] {processor.py:208} INFO - Processing /opt/airflow/dags/youtube_warehouse_pipeline.py took 0.154 seconds
[2026-09-17T09:27:08.237+0000] {processor.py:186} INFO - Started process (PID=1326) to work on /opt/airflow/dags/youtube_warehouse_pipeline.py
[2026-09-17T09:27:08.240+0000] {processor.py:914} INFO - Processing file /opt/airflow/dags/youtube_warehouse_pipeline.py for tasks to queue
[2026-09-17T09:27:08.241+0000] {logging_mixin.py:190} INFO - [2026-09-17T09:27:08.241+0000] {dagbag.py:588} INFO - Filling up the DagBag from /opt/airflow/dags/youtube_warehouse_pipeline.py
[2026-09-17T09:27:08.329+0000] {processor.py:925} INFO - DAG(s) 'youtube_warehouse_pipeline' retrieved from /opt/airflow/dags/youtube_warehouse_pipeline.py
[2026-09-17T09:27:08.351+0000] {logging_mixin.py:190} INFO - [2026-09-17T09:27:08.351+0000] {dag.py:3239} INFO - Sync 1 DAGs
[2026-09-17T09:27:08.363+0000] {logging_mixin.py:190} INFO - [2026-09-17T09:27:08.363+0000] {dag.py:4180} INFO - Setting next_dagrun for youtube_warehouse_pipeline to None, run_after=None
[2026-09-17T09:27:08.381+0000] {processor.py:208} INFO - Processing /opt/airflow/dags/youtube_warehouse_pipeline.py took 0.151 seconds
[2026-09-17T09:27:38.738+0000] {processor.py:186} INFO - Started process (PID=1334) to work on /opt/airflow/dags/youtube_warehouse_pipeline.py
[2026-09-17T09:27:38.740+0000] {processor.py:914} INFO - Processing file /opt/airflow/dags/youtube_warehouse_pipeline.py for tasks to queue
[2026-09-17T09:27:38.742+0000] {logging_mixin.py:190} INFO - [2026-09-17T09:27:38.742+0000] {dagbag.py:588} INFO - Filling up the DagBag from /opt/airflow/dags/youtube_warehouse_pipeline.py
[2026-09-17T09:27:38.824+0000] {processor.py:925} INFO - DAG(s) 'youtube_warehouse_pipeline' retrieved from /opt/airflow/dags/youtube_warehouse_pipeline.py
[2026-09-17T09:27:38.842+0000] {logging_mixin.py:190} INFO - [2026-09-17T09:27:38.842+0000] {dag.py:3239} INFO - Sync 1 DAGs
[2026-09-17T09:27:38.855+0000] {logging_mixin.py:190} INFO - [2026-09-17T09:27:38.855+0000] {dag.py:4180} INFO - Setting next_dagrun for youtube_warehouse_pipeline to None, run_after=None
[2026-09-17T09:27:38.874+0000] {processor.py:208} INFO - Processing /opt/airflow/dags/youtube_warehouse_pipeline.py took 0.141 seconds
[2026-09-17T09:28:09.183+0000] {processor.py:186} INFO - Started process (PID=1342) to work on /opt/airflow/dags/youtube_warehouse_pipeline.py
[2026-09-17T09:28:09.185+0000] {processor.py:914} INFO - Processing file /opt/airflow/dags/youtube_warehouse_pipeline.py for tasks to queue
[2026-09-17T09:28:09.186+0000] {logging_mixin.py:190} INFO - [2026-09-17T09:28:09.186+0000] {dagbag.py:588} INFO - Filling up the DagBag from /opt/airflow/dags/youtube_warehouse_pipeline.py
[2026-09-17T09:28:09.237+0000] {processor.py:925} INFO - DAG(s) 'youtube_warehouse_pipeline' retrieved from /opt/airflow/dags/youtube_warehouse_pipeline.py
[2026-09-17T09:28:09.255+0000] {logging_mixin.py:190} INFO - [2026-09-17T09:28:09.255+0000] {dag.py:3239} INFO - Sync 1 DAGs
[2026-09-17T09:28:09.267+0000] {logging_mixin.py:190} INFO - [2026-09-17T09:28:09.267+0000] {dag.py:4180} INFO - Setting next_dagrun for youtube_warehouse_pipeline to None, run_after=None
[2026-09-17T09:28:09.286+0000] {processor.py:208} INFO - Processing /opt/airflow/dags/youtube_warehouse_pipeline.py took 0.108 seconds
[2026-09-17T09:28:39.668+0000] {processor.py:186} INFO - Started process (PID=1350) to work on /opt/airflow/dags/youtube_warehouse_pipeline.py
[2026-09-17T09:28:39.669+0000] {processor.py:914} INFO - Processing file /opt/airflow/dags/youtube_warehouse_pipeline.py for tasks to queue
[2026-09-17T09:28:39.671+0000] {logging_mixin.py:190} INFO - [2026-09-17T09:28:39.671+0000] {dagbag.py:588} INFO - Filling up the DagBag from /opt/airflow/dags/youtube_warehouse_pipeline.py
[2026-09-17T09:28:39.732+0000] {processor.py:925} INFO - DAG(s) 'youtube_warehouse_pipeline' retrieved from /opt/airflow/dags/youtube_warehouse_pipeline.py
[2026-09-17T09:28:39.754+0000] {logging_mixin.py:190} INFO - [2026-09-17T09:28:39.753+0000] {dag.py:3239} INFO - Sync 1 DAGs
[2026-09-17T09:28:39.767+0000] {logging_mixin.py:190} INFO - [2026-09-17T09:28:39.767+0000] {dag.py:4180} INFO - Setting next_dagrun for youtube_warehouse_pipeline to None, run_after=None
[2026-09-17T09:28:39.785+0000] {processor.py:208} INFO - Processing /opt/airflow/dags/youtube_warehouse_pipeline.py took 0.123 seconds
[2026-09-17T09:29:10.163+0000] {processor.py:186} INFO - Started process (PID=1358) to work on /opt/airflow/dags/youtube_warehouse_pipeline.py
[2026-09-17T09:29:10.164+0000] {processor.py:914} INFO - Processing file /opt/airflow/dags/youtube_warehouse_pipeline.py for tasks to queue
[2026-09-17T09:29:10.166+0000] {logging_mixin.py:190} INFO - [2026-09-17T09:29:10.166+0000] {dagbag.py:588} INFO - Filling up the DagBag from /opt/airflow/dags/youtube_warehouse_pipeline.py
[2026-09-17T09:29:10.219+0000] {processor.py:925} INFO - DAG(s) 'youtube_warehouse_pipeline' retrieved from /opt/airflow/dags/youtube_warehouse_pipeline.py
[2026-09-17T09:29:10.252+0000] {logging_mixin.py:190} INFO - [2026-09-17T09:29:10.252+0000] {dag.py:3239} INFO - Sync 1 DAGs
[2026-09-17T09:29:10.265+0000] {logging_mixin.py:190} INFO - [2026-09-17T09:29:10.265+0000] {dag.py:4180} INFO - Setting next_dagrun for youtube_warehouse_pipeline to None, run_after=None
[2026-09-17T09:29:10.284+0000] {processor.py:208} INFO - Processing /opt/airflow/dags/youtube_warehouse_pipeline.py took 0.126 seconds
[2026-09-17T09:29:40.650+0000] {processor.py:186} INFO - Started process (PID=1366) to work on /opt/airflow/dags/youtube_warehouse_pipeline.py
[2026-09-17T09:29:40.651+0000] {processor.py:914} INFO - Processing file /opt/airflow/dags/youtube_warehouse_pipeline.py for tasks to queue
[2026-09-17T09:29:40.653+0000] {logging_mixin.py:190} INFO - [2026-09-17T09:29:40.653+0000] {dagbag.py:588} INFO - Filling up the DagBag from /opt/airflow/dags/youtube_warehouse_pipeline.py
[2026-09-17T09:29:40.703+0000] {processor.py:925} INFO - DAG(s) 'youtube_warehouse_pipeline' retrieved from /opt/airflow/dags/youtube_warehouse_pipeline.py
[2026-09-17T09:29:40.722+0000] {logging_mixin.py:190} INFO - [2026-09-17T09:29:40.722+0000] {dag.py:3239} INFO - Sync 1 DAGs
[2026-09-17T09:29:40.735+0000] {logging_mixin.py:190} INFO - [2026-09-17T09:29:40.735+0000] {dag.py:4180} INFO - Setting next_dagrun for youtube_warehouse_pipeline to None, run_after=None
[2026-09-17T09:29:40.754+0000] {processor.py:208} INFO - Processing /opt/airflow/dags/youtube_warehouse_pipeline.py took 0.110 seconds
[2026-09-17T09:30:11.113+0000] {processor.py:186} INFO - Started process (PID=1374) to work on /opt/airflow/dags/youtube_warehouse_pipeline.py
[2026-09-17T09:30:11.115+0000] {processor.py:914} INFO - Processing file /opt/airflow/dags/youtube_warehouse_pipeline.py for tasks to queue
[2026-09-17T09:30:11.116+0000] {logging_mixin.py:190} INFO - [2026-09-17T09:30:11.116+0000] {dagbag.py:588} INFO - Filling up the DagBag from /opt/airflow/dags/youtube_warehouse_pipeline.py
[2026-09-17T09:30:11.176+0000] {processor.py:925} INFO - DAG(s) 'youtube_warehouse_pipeline' retrieved from /opt/airflow/dags/youtube_warehouse_pipeline.py
[2026-09-17T09:30:11.195+0000] {logging_mixin.py:190} INFO - [2026-09-17T09:30:11.195+0000] {dag.py:3239} INFO - Sync 1 DAGs
[2026-09-17T09:30:11.209+0000] {logging_mixin.py:190} INFO - [2026-09-17T09:30:11.209+0000] {dag.py:4180} INFO - Setting next_dagrun for youtube_warehouse_pipeline to None, run_after=None
[2026-09-17T09:30:11.228+0000] {processor.py:208} INFO - Processing /opt/airflow/dags/youtube_warehouse_pipeline.py took 0.121 seconds
[2026-09-17T09:30:41.569+0000] {processor.py:186} INFO - Started process (PID=1382) to work on /opt/airflow/dags/youtube_warehouse_pipeline.py
[2026-09-17T09:30:41.571+0000] {processor.py:914} INFO - Processing file /opt/airflow/dags/youtube_warehouse_pipeline.py for tasks to queue
[2026-09-17T09:30:41.574+0000] {logging_mixin.py:190} INFO - [2026-09-17T09:30:41.573+0000] {dagbag.py:588} INFO - Filling up the DagBag from /opt/airflow/dags/youtube_warehouse_pipeline.py
[2026-09-17T09:30:41.637+0000] {processor.py:925} INFO - DAG(s) 'youtube_warehouse_pipeline' retrieved from /opt/airflow/dags/youtube_warehouse_pipeline.py
[2026-09-17T09:30:41.655+0000] {logging_mixin.py:190} INFO - [2026-09-17T09:30:41.655+0000] {dag.py:3239} INFO - Sync 1 DAGs
[2026-09-17T09:30:41.667+0000] {logging_mixin.py:190} INFO - [2026-09-17T09:30:41.667+0000] {dag.py:4180} INFO - Setting next_dagrun for youtube_warehouse_pipeline to None, run_after=None
[2026-09-17T09:30:41.685+0000] {processor.py:208} INFO - Processing /opt/airflow/dags/youtube_warehouse_pipeline.py took 0.121 seconds
[2026-09-17T09:31:12.033+0000] {processor.py:186} INFO - Started process (PID=1390) to work on /opt/airflow/dags/youtube_warehouse_pipeline.py
[2026-09-17T09:31:12.036+0000] {processor.py:914} INFO - Processing file /opt/airflow/dags/youtube_warehouse_pipeline.py for tasks to queue
[2026-09-17T09:31:12.040+0000] {logging_mixin.py:190} INFO - [2026-09-17T09:31:12.039+0000] {dagbag.py:588} INFO - Filling up the DagBag from /opt/airflow/dags/youtube_warehouse_pipeline.py
[2026-09-17T09:31:12.142+0000] {processor.py:925} INFO - DAG(s) 'youtube_warehouse_pipeline' retrieved from /opt/airflow/dags/youtube_warehouse_pipeline.py
[2026-09-17T09:31:12.178+0000] {logging_mixin.py:190} INFO - [2026-09-17T09:31:12.178+0000] {dag.py:3239} INFO - Sync 1 DAGs
[2026-09-17T09:31:12.195+0000] {logging_mixin.py:190} INFO - [2026-09-17T09:31:12.194+0000] {dag.py:4180} INFO - Setting next_dagrun for youtube_warehouse_pipeline to None, run_after=None
[2026-09-17T09:31:12.212+0000] {processor.py:208} INFO - Processing /opt/airflow/dags/youtube_warehouse_pipeline.py took 0.186 seconds
[2026-09-17T09:31:42.582+0000] {processor.py:186} INFO - Started process (PID=1398) to work on /opt/airflow/dags/youtube_warehouse_pipeline.py
[2026-09-17T09:31:42.584+0000] {processor.py:914} INFO - Processing file /opt/airflow/dags/youtube_warehouse_pipeline.py for tasks to queue
[2026-09-17T09:31:42.586+0000] {logging_mixin.py:190} INFO - [2026-09-17T09:31:42.585+0000] {dagbag.py:588} INFO - Filling up the DagBag from /opt/airflow/dags/youtube_warehouse_pipeline.py
[2026-09-17T09:31:42.676+0000] {processor.py:925} INFO - DAG(s) 'youtube_warehouse_pipeline' retrieved from /opt/airflow/dags/youtube_warehouse_pipeline.py
[2026-09-17T09:31:42.702+0000] {logging_mixin.py:190} INFO - [2026-09-17T09:31:42.701+0000] {dag.py:3239} INFO - Sync 1 DAGs
[2026-09-17T09:31:42.715+0000] {logging_mixin.py:190} INFO - [2026-09-17T09:31:42.715+0000] {dag.py:4180} INFO - Setting next_dagrun for youtube_warehouse_pipeline to None, run_after=None
[2026-09-17T09:31:42.734+0000] {processor.py:208} INFO - Processing /opt/airflow/dags/youtube_warehouse_pipeline.py took 0.157 seconds
[2026-09-17T09:32:13.085+0000] {processor.py:186} INFO - Started process (PID=1407) to work on /opt/airflow/dags/youtube_warehouse_pipeline.py
[2026-09-17T09:32:13.087+0000] {processor.py:914} INFO - Processing file /opt/airflow/dags/youtube_warehouse_pipeline.py for tasks to queue
[2026-09-17T09:32:13.089+0000] {logging_mixin.py:190} INFO - [2026-09-17T09:32:13.089+0000] {dagbag.py:588} INFO - Filling up the DagBag from /opt/airflow/dags/youtube_warehouse_pipeline.py
[2026-09-17T09:32:13.172+0000] {processor.py:925} INFO - DAG(s) 'youtube_warehouse_pipeline' retrieved from /opt/airflow/dags/youtube_warehouse_pipeline.py
[2026-09-17T09:32:13.194+0000] {logging_mixin.py:190} INFO - [2026-09-17T09:32:13.194+0000] {dag.py:3239} INFO - Sync 1 DAGs
[2026-09-17T09:32:13.207+0000] {logging_mixin.py:190} INFO - [2026-09-17T09:32:13.207+0000] {dag.py:4180} INFO - Setting next_dagrun for youtube_warehouse_pipeline to None, run_after=None
[2026-09-17T09:32:13.224+0000] {processor.py:208} INFO - Processing /opt/airflow/dags/youtube_warehouse_pipeline.py took 0.145 seconds
[2026-09-17T09:32:43.581+0000] {processor.py:186} INFO - Started process (PID=1415) to work on /opt/airflow/dags/youtube_warehouse_pipeline.py
[2026-09-17T09:32:43.583+0000] {processor.py:914} INFO - Processing file /opt/airflow/dags/youtube_warehouse_pipeline.py for tasks to queue
[2026-09-17T09:32:43.585+0000] {logging_mixin.py:190} INFO - [2026-09-17T09:32:43.585+0000] {dagbag.py:588} INFO - Filling up the DagBag from /opt/airflow/dags/youtube_warehouse_pipeline.py
[2026-09-17T09:32:43.662+0000] {processor.py:925} INFO - DAG(s) 'youtube_warehouse_pipeline' retrieved from /opt/airflow/dags/youtube_warehouse_pipeline.py
[2026-09-17T09:32:43.714+0000] {logging_mixin.py:190} INFO - [2026-09-17T09:32:43.714+0000] {dag.py:3239} INFO - Sync 1 DAGs
[2026-09-17T09:32:43.727+0000] {logging_mixin.py:190} INFO - [2026-09-17T09:32:43.726+0000] {dag.py:4180} INFO - Setting next_dagrun for youtube_warehouse_pipeline to None, run_after=None
[2026-09-17T09:32:43.745+0000] {processor.py:208} INFO - Processing /opt/airflow/dags/youtube_warehouse_pipeline.py took 0.169 seconds
[2026-09-17T09:33:14.093+0000] {processor.py:186} INFO - Started process (PID=1422) to work on /opt/airflow/dags/youtube_warehouse_pipeline.py
[2026-09-17T09:33:14.095+0000] {processor.py:914} INFO - Processing file /opt/airflow/dags/youtube_warehouse_pipeline.py for tasks to queue
[2026-09-17T09:33:14.097+0000] {logging_mixin.py:190} INFO - [2026-09-17T09:33:14.096+0000] {dagbag.py:588} INFO - Filling up the DagBag from /opt/airflow/dags/youtube_warehouse_pipeline.py
[2026-09-17T09:33:14.160+0000] {processor.py:925} INFO - DAG(s) 'youtube_warehouse_pipeline' retrieved from /opt/airflow/dags/youtube_warehouse_pipeline.py
[2026-09-17T09:33:14.181+0000] {logging_mixin.py:190} INFO - [2026-09-17T09:33:14.181+0000] {dag.py:3239} INFO - Sync 1 DAGs
[2026-09-17T09:33:14.194+0000] {logging_mixin.py:190} INFO - [2026-09-17T09:33:14.194+0000] {dag.py:4180} INFO - Setting next_dagrun for youtube_warehouse_pipeline to None, run_after=None
[2026-09-17T09:33:14.214+0000] {processor.py:208} INFO - Processing /opt/airflow/dags/youtube_warehouse_pipeline.py took 0.126 seconds
[2026-09-17T09:33:44.557+0000] {processor.py:186} INFO - Started process (PID=1430) to work on /opt/airflow/dags/youtube_warehouse_pipeline.py
[2026-09-17T09:33:44.559+0000] {processor.py:914} INFO - Processing file /opt/airflow/dags/youtube_warehouse_pipeline.py for tasks to queue
[2026-09-17T09:33:44.562+0000] {logging_mixin.py:190} INFO - [2026-09-17T09:33:44.561+0000] {dagbag.py:588} INFO - Filling up the DagBag from /opt/airflow/dags/youtube_warehouse_pipeline.py
[2026-09-17T09:33:44.645+0000] {processor.py:925} INFO - DAG(s) 'youtube_warehouse_pipeline' retrieved from /opt/airflow/dags/youtube_warehouse_pipeline.py
[2026-09-17T09:33:44.669+0000] {logging_mixin.py:190} INFO - [2026-09-17T09:33:44.668+0000] {dag.py:3239} INFO - Sync 1 DAGs
[2026-09-17T09:33:44.682+0000] {logging_mixin.py:190} INFO - [2026-09-17T09:33:44.682+0000] {dag.py:4180} INFO - Setting next_dagrun for youtube_warehouse_pipeline to None, run_after=None
[2026-09-17T09:33:44.705+0000] {processor.py:208} INFO - Processing /opt/airflow/dags/youtube_warehouse_pipeline.py took 0.154 seconds
[2026-09-17T09:34:15.055+0000] {processor.py:186} INFO - Started process (PID=1438) to work on /opt/airflow/dags/youtube_warehouse_pipeline.py
[2026-09-17T09:34:15.057+0000] {processor.py:914} INFO - Processing file /opt/airflow/dags/youtube_warehouse_pipeline.py for tasks to queue
[2026-09-17T09:34:15.058+0000] {logging_mixin.py:190} INFO - [2026-09-17T09:34:15.058+0000] {dagbag.py:588} INFO - Filling up the DagBag from /opt/airflow/dags/youtube_warehouse_pipeline.py
[2026-09-17T09:34:15.108+0000] {processor.py:925} INFO - DAG(s) 'youtube_warehouse_pipeline' retrieved from /opt/airflow/dags/youtube_warehouse_pipeline.py
[2026-09-17T09:34:15.143+0000] {logging_mixin.py:190} INFO - [2026-09-17T09:34:15.143+0000] {dag.py:3239} INFO - Sync 1 DAGs
[2026-09-17T09:34:15.158+0000] {logging_mixin.py:190} INFO - [2026-09-17T09:34:15.158+0000] {dag.py:4180} INFO - Setting next_dagrun for youtube_warehouse_pipeline to None, run_after=None
[2026-09-17T09:34:15.177+0000] {processor.py:208} INFO - Processing /opt/airflow/dags/youtube_warehouse_pipeline.py took 0.127 seconds
[2026-09-17T09:34:45.598+0000] {processor.py:186} INFO - Started process (PID=1446) to work on /opt/airflow/dags/youtube_warehouse_pipeline.py
[2026-09-17T09:34:45.600+0000] {processor.py:914} INFO - Processing file /opt/airflow/dags/youtube_warehouse_pipeline.py for tasks to queue
[2026-09-17T09:34:45.602+0000] {logging_mixin.py:190} INFO - [2026-09-17T09:34:45.602+0000] {dagbag.py:588} INFO - Filling up the DagBag from /opt/airflow/dags/youtube_warehouse_pipeline.py
[2026-09-17T09:34:45.672+0000] {processor.py:925} INFO - DAG(s) 'youtube_warehouse_pipeline' retrieved from /opt/airflow/dags/youtube_warehouse_pipeline.py
[2026-09-17T09:34:45.690+0000] {logging_mixin.py:190} INFO - [2026-09-17T09:34:45.690+0000] {dag.py:3239} INFO - Sync 1 DAGs
[2026-09-17T09:34:45.702+0000] {logging_mixin.py:190} INFO - [2026-09-17T09:34:45.702+0000] {dag.py:4180} INFO - Setting next_dagrun for youtube_warehouse_pipeline to None, run_after=None
[2026-09-17T09:34:45.734+0000] {processor.py:208} INFO - Processing /opt/airflow/dags/youtube_warehouse_pipeline.py took 0.141 seconds
[2026-09-17T09:38:44.275+0000] {processor.py:186} INFO - Started process (PID=1447) to work on /opt/airflow/dags/youtube_warehouse_pipeline.py
[2026-09-17T09:38:44.278+0000] {processor.py:914} INFO - Processing file /opt/airflow/dags/youtube_warehouse_pipeline.py for tasks to queue
[2026-09-17T09:38:44.283+0000] {logging_mixin.py:190} INFO - [2026-09-17T09:38:44.282+0000] {dagbag.py:588} INFO - Filling up the DagBag from /opt/airflow/dags/youtube_warehouse_pipeline.py
[2026-09-17T09:38:44.378+0000] {processor.py:925} INFO - DAG(s) 'youtube_warehouse_pipeline' retrieved from /opt/airflow/dags/youtube_warehouse_pipeline.py
[2026-09-17T09:38:44.405+0000] {logging_mixin.py:190} INFO - [2026-09-17T09:38:44.404+0000] {dag.py:3239} INFO - Sync 1 DAGs
[2026-09-17T09:38:44.420+0000] {logging_mixin.py:190} INFO - [2026-09-17T09:38:44.419+0000] {dag.py:4180} INFO - Setting next_dagrun for youtube_warehouse_pipeline to None, run_after=None
[2026-09-17T09:38:44.443+0000] {processor.py:208} INFO - Processing /opt/airflow/dags/youtube_warehouse_pipeline.py took 0.181 seconds
[2026-09-17T09:39:14.671+0000] {processor.py:186} INFO - Started process (PID=1455) to work on /opt/airflow/dags/youtube_warehouse_pipeline.py
[2026-09-17T09:39:14.673+0000] {processor.py:914} INFO - Processing file /opt/airflow/dags/youtube_warehouse_pipeline.py for tasks to queue
[2026-09-17T09:39:14.676+0000] {logging_mixin.py:190} INFO - [2026-09-17T09:39:14.674+0000] {dagbag.py:588} INFO - Filling up the DagBag from /opt/airflow/dags/youtube_warehouse_pipeline.py
[2026-09-17T09:39:14.743+0000] {processor.py:925} INFO - DAG(s) 'youtube_warehouse_pipeline' retrieved from /opt/airflow/dags/youtube_warehouse_pipeline.py
[2026-09-17T09:39:14.768+0000] {logging_mixin.py:190} INFO - [2026-09-17T09:39:14.768+0000] {dag.py:3239} INFO - Sync 1 DAGs
[2026-09-17T09:39:14.780+0000] {logging_mixin.py:190} INFO - [2026-09-17T09:39:14.780+0000] {dag.py:4180} INFO - Setting next_dagrun for youtube_warehouse_pipeline to None, run_after=None
[2026-09-17T09:39:14.799+0000] {processor.py:208} INFO - Processing /opt/airflow/dags/youtube_warehouse_pipeline.py took 0.133 seconds
[2026-09-17T09:39:45.132+0000] {processor.py:186} INFO - Started process (PID=1463) to work on /opt/airflow/dags/youtube_warehouse_pipeline.py
[2026-09-17T09:39:45.134+0000] {processor.py:914} INFO - Processing file /opt/airflow/dags/youtube_warehouse_pipeline.py for tasks to queue
[2026-09-17T09:39:45.136+0000] {logging_mixin.py:190} INFO - [2026-09-17T09:39:45.136+0000] {dagbag.py:588} INFO - Filling up the DagBag from /opt/airflow/dags/youtube_warehouse_pipeline.py
[2026-09-17T09:39:45.223+0000] {processor.py:925} INFO - DAG(s) 'youtube_warehouse_pipeline' retrieved from /opt/airflow/dags/youtube_warehouse_pipeline.py
[2026-09-17T09:39:45.241+0000] {logging_mixin.py:190} INFO - [2026-09-17T09:39:45.241+0000] {dag.py:3239} INFO - Sync 1 DAGs
[2026-09-17T09:39:45.253+0000] {logging_mixin.py:190} INFO - [2026-09-17T09:39:45.253+0000] {dag.py:4180} INFO - Setting next_dagrun for youtube_warehouse_pipeline to None, run_after=None
[2026-09-17T09:39:45.271+0000] {processor.py:208} INFO - Processing /opt/airflow/dags/youtube_warehouse_pipeline.py took 0.147 seconds
[2026-09-17T09:40:15.559+0000] {processor.py:186} INFO - Started process (PID=1471) to work on /opt/airflow/dags/youtube_warehouse_pipeline.py
[2026-09-17T09:40:15.561+0000] {processor.py:914} INFO - Processing file /opt/airflow/dags/youtube_warehouse_pipeline.py for tasks to queue
[2026-09-17T09:40:15.563+0000] {logging_mixin.py:190} INFO - [2026-09-17T09:40:15.563+0000] {dagbag.py:588} INFO - Filling up the DagBag from /opt/airflow/dags/youtube_warehouse_pipeline.py
[2026-09-17T09:40:15.642+0000] {processor.py:925} INFO - DAG(s) 'youtube_warehouse_pipeline' retrieved from /opt/airflow/dags/youtube_warehouse_pipeline.py
[2026-09-17T09:40:15.660+0000] {logging_mixin.py:190} INFO - [2026-09-17T09:40:15.660+0000] {dag.py:3239} INFO - Sync 1 DAGs
[2026-09-17T09:40:15.674+0000] {logging_mixin.py:190} INFO - [2026-09-17T09:40:15.673+0000] {dag.py:4180} INFO - Setting next_dagrun for youtube_warehouse_pipeline to None, run_after=None
[2026-09-17T09:40:15.695+0000] {processor.py:208} INFO - Processing /opt/airflow/dags/youtube_warehouse_pipeline.py took 0.141 seconds
[2026-09-17T09:40:45.955+0000] {processor.py:186} INFO - Started process (PID=1479) to work on /opt/airflow/dags/youtube_warehouse_pipeline.py
[2026-09-17T09:40:45.957+0000] {processor.py:914} INFO - Processing file /opt/airflow/dags/youtube_warehouse_pipeline.py for tasks to queue
[2026-09-17T09:40:45.959+0000] {logging_mixin.py:190} INFO - [2026-09-17T09:40:45.959+0000] {dagbag.py:588} INFO - Filling up the DagBag from /opt/airflow/dags/youtube_warehouse_pipeline.py
[2026-09-17T09:40:46.032+0000] {processor.py:925} INFO - DAG(s) 'youtube_warehouse_pipeline' retrieved from /opt/airflow/dags/youtube_warehouse_pipeline.py
[2026-09-17T09:40:46.053+0000] {logging_mixin.py:190} INFO - [2026-09-17T09:40:46.053+0000] {dag.py:3239} INFO - Sync 1 DAGs
[2026-09-17T09:40:46.067+0000] {logging_mixin.py:190} INFO - [2026-09-17T09:40:46.067+0000] {dag.py:4180} INFO - Setting next_dagrun for youtube_warehouse_pipeline to None, run_after=None
[2026-09-17T09:40:46.086+0000] {processor.py:208} INFO - Processing /opt/airflow/dags/youtube_warehouse_pipeline.py took 0.137 seconds
[2026-09-17T09:41:16.348+0000] {processor.py:186} INFO - Started process (PID=1487) to work on /opt/airflow/dags/youtube_warehouse_pipeline.py
[2026-09-17T09:41:16.350+0000] {processor.py:914} INFO - Processing file /opt/airflow/dags/youtube_warehouse_pipeline.py for tasks to queue
[2026-09-17T09:41:16.352+0000] {logging_mixin.py:190} INFO - [2026-09-17T09:41:16.352+0000] {dagbag.py:588} INFO - Filling up the DagBag from /opt/airflow/dags/youtube_warehouse_pipeline.py
[2026-09-17T09:41:16.427+0000] {processor.py:925} INFO - DAG(s) 'youtube_warehouse_pipeline' retrieved from /opt/airflow/dags/youtube_warehouse_pipeline.py
[2026-09-17T09:41:16.447+0000] {logging_mixin.py:190} INFO - [2026-09-17T09:41:16.447+0000] {dag.py:3239} INFO - Sync 1 DAGs
[2026-09-17T09:41:16.461+0000] {logging_mixin.py:190} INFO - [2026-09-17T09:41:16.461+0000] {dag.py:4180} INFO - Setting next_dagrun for youtube_warehouse_pipeline to None, run_after=None
[2026-09-17T09:41:16.481+0000] {processor.py:208} INFO - Processing /opt/airflow/dags/youtube_warehouse_pipeline.py took 0.138 seconds
[2026-09-17T09:41:46.741+0000] {processor.py:186} INFO - Started process (PID=1495) to work on /opt/airflow/dags/youtube_warehouse_pipeline.py
[2026-09-17T09:41:46.743+0000] {processor.py:914} INFO - Processing file /opt/airflow/dags/youtube_warehouse_pipeline.py for tasks to queue
[2026-09-17T09:41:46.745+0000] {logging_mixin.py:190} INFO - [2026-09-17T09:41:46.744+0000] {dagbag.py:588} INFO - Filling up the DagBag from /opt/airflow/dags/youtube_warehouse_pipeline.py
[2026-09-17T09:41:46.840+0000] {processor.py:925} INFO - DAG(s) 'youtube_warehouse_pipeline' retrieved from /opt/airflow/dags/youtube_warehouse_pipeline.py
[2026-09-17T09:41:46.860+0000] {logging_mixin.py:190} INFO - [2026-09-17T09:41:46.860+0000] {dag.py:3239} INFO - Sync 1 DAGs
[2026-09-17T09:41:46.875+0000] {logging_mixin.py:190} INFO - [2026-09-17T09:41:46.874+0000] {dag.py:4180} INFO - Setting next_dagrun for youtube_warehouse_pipeline to None, run_after=None
[2026-09-17T09:41:46.893+0000] {processor.py:208} INFO - Processing /opt/airflow/dags/youtube_warehouse_pipeline.py took 0.159 seconds
[2026-09-17T09:42:17.179+0000] {processor.py:186} INFO - Started process (PID=1504) to work on /opt/airflow/dags/youtube_warehouse_pipeline.py
[2026-09-17T09:42:17.180+0000] {processor.py:914} INFO - Processing file /opt/airflow/dags/youtube_warehouse_pipeline.py for tasks to queue
[2026-09-17T09:42:17.183+0000] {logging_mixin.py:190} INFO - [2026-09-17T09:42:17.181+0000] {dagbag.py:588} INFO - Filling up the DagBag from /opt/airflow/dags/youtube_warehouse_pipeline.py
[2026-09-17T09:42:17.255+0000] {processor.py:925} INFO - DAG(s) 'youtube_warehouse_pipeline' retrieved from /opt/airflow/dags/youtube_warehouse_pipeline.py
[2026-09-17T09:42:17.285+0000] {logging_mixin.py:190} INFO - [2026-09-17T09:42:17.285+0000] {dag.py:3239} INFO - Sync 1 DAGs
[2026-09-17T09:42:17.297+0000] {logging_mixin.py:190} INFO - [2026-09-17T09:42:17.296+0000] {dag.py:4180} INFO - Setting next_dagrun for youtube_warehouse_pipeline to None, run_after=None
[2026-09-17T09:42:17.315+0000] {processor.py:208} INFO - Processing /opt/airflow/dags/youtube_warehouse_pipeline.py took 0.142 seconds
[2026-09-17T09:42:47.676+0000] {processor.py:186} INFO - Started process (PID=1512) to work on /opt/airflow/dags/youtube_warehouse_pipeline.py
[2026-09-17T09:42:47.680+0000] {processor.py:914} INFO - Processing file /opt/airflow/dags/youtube_warehouse_pipeline.py for tasks to queue
[2026-09-17T09:42:47.682+0000] {logging_mixin.py:190} INFO - [2026-09-17T09:42:47.681+0000] {dagbag.py:588} INFO - Filling up the DagBag from /opt/airflow/dags/youtube_warehouse_pipeline.py
[2026-09-17T09:42:47.761+0000] {processor.py:925} INFO - DAG(s) 'youtube_warehouse_pipeline' retrieved from /opt/airflow/dags/youtube_warehouse_pipeline.py
[2026-09-17T09:42:47.781+0000] {logging_mixin.py:190} INFO - [2026-09-17T09:42:47.781+0000] {dag.py:3239} INFO - Sync 1 DAGs
[2026-09-17T09:42:47.795+0000] {logging_mixin.py:190} INFO - [2026-09-17T09:42:47.795+0000] {dag.py:4180} INFO - Setting next_dagrun for youtube_warehouse_pipeline to None, run_after=None
[2026-09-17T09:42:47.817+0000] {processor.py:208} INFO - Processing /opt/airflow/dags/youtube_warehouse_pipeline.py took 0.148 seconds
[2026-09-17T09:43:18.029+0000] {processor.py:186} INFO - Started process (PID=1520) to work on /opt/airflow/dags/youtube_warehouse_pipeline.py
[2026-09-17T09:43:18.031+0000] {processor.py:914} INFO - Processing file /opt/airflow/dags/youtube_warehouse_pipeline.py for tasks to queue
[2026-09-17T09:43:18.033+0000] {logging_mixin.py:190} INFO - [2026-09-17T09:43:18.033+0000] {dagbag.py:588} INFO - Filling up the DagBag from /opt/airflow/dags/youtube_warehouse_pipeline.py
[2026-09-17T09:43:18.101+0000] {logging_mixin.py:190} INFO - [2026-09-17T09:43:18.096+0000] {dagbag.py:387} ERROR - Failed to import: /opt/airflow/dags/youtube_warehouse_pipeline.py
Traceback (most recent call last):
  File "/home/airflow/.local/lib/python3.10/site-packages/airflow/models/dagbag.py", line 383, in parse
    loader.exec_module(new_module)
  File "<frozen importlib._bootstrap_external>", line 883, in exec_module
  File "<frozen importlib._bootstrap>", line 241, in _call_with_frames_removed
  File "/opt/airflow/dags/youtube_warehouse_pipeline.py", line 10, in <module>
    from include.load import youtube_load as load_videos
  File "<frozen importlib._bootstrap>", line 1027, in _find_and_load
  File "<frozen importlib._bootstrap>", line 1002, in _find_and_load_unlocked
  File "<frozen importlib._bootstrap>", line 945, in _find_spec
  File "<frozen importlib._bootstrap_external>", line 1439, in find_spec
  File "<frozen importlib._bootstrap_external>", line 1411, in _get_spec
  File "<frozen importlib._bootstrap_external>", line 1548, in find_spec
  File "<frozen importlib._bootstrap_external>", line 1591, in _fill_cache
OSError: [Errno 12] Cannot allocate memory: '/opt/airflow/include'
[2026-09-17T09:43:18.102+0000] {processor.py:927} WARNING - No viable dags retrieved from /opt/airflow/dags/youtube_warehouse_pipeline.py
[2026-09-17T09:43:18.121+0000] {processor.py:208} INFO - Processing /opt/airflow/dags/youtube_warehouse_pipeline.py took 0.098 seconds
[2026-09-17T09:43:48.475+0000] {processor.py:186} INFO - Started process (PID=1528) to work on /opt/airflow/dags/youtube_warehouse_pipeline.py
[2026-09-17T09:43:48.478+0000] {processor.py:914} INFO - Processing file /opt/airflow/dags/youtube_warehouse_pipeline.py for tasks to queue
[2026-09-17T09:43:48.482+0000] {logging_mixin.py:190} INFO - [2026-09-17T09:43:48.481+0000] {dagbag.py:588} INFO - Filling up the DagBag from /opt/airflow/dags/youtube_warehouse_pipeline.py
[2026-09-17T09:43:48.595+0000] {processor.py:925} INFO - DAG(s) 'youtube_warehouse_pipeline' retrieved from /opt/airflow/dags/youtube_warehouse_pipeline.py
[2026-09-17T09:43:48.646+0000] {logging_mixin.py:190} INFO - [2026-09-17T09:43:48.645+0000] {dag.py:3239} INFO - Sync 1 DAGs
[2026-09-17T09:43:48.664+0000] {logging_mixin.py:190} INFO - [2026-09-17T09:43:48.663+0000] {dag.py:4180} INFO - Setting next_dagrun for youtube_warehouse_pipeline to None, run_after=None
[2026-09-17T09:43:48.693+0000] {processor.py:208} INFO - Processing /opt/airflow/dags/youtube_warehouse_pipeline.py took 0.233 seconds
[2026-09-17T09:44:18.880+0000] {processor.py:186} INFO - Started process (PID=1536) to work on /opt/airflow/dags/youtube_warehouse_pipeline.py
[2026-09-17T09:44:18.881+0000] {processor.py:914} INFO - Processing file /opt/airflow/dags/youtube_warehouse_pipeline.py for tasks to queue
[2026-09-17T09:44:18.885+0000] {logging_mixin.py:190} INFO - [2026-09-17T09:44:18.884+0000] {dagbag.py:588} INFO - Filling up the DagBag from /opt/airflow/dags/youtube_warehouse_pipeline.py
[2026-09-17T09:44:19.000+0000] {processor.py:925} INFO - DAG(s) 'youtube_warehouse_pipeline' retrieved from /opt/airflow/dags/youtube_warehouse_pipeline.py
[2026-09-17T09:44:19.044+0000] {logging_mixin.py:190} INFO - [2026-09-17T09:44:19.044+0000] {dag.py:3239} INFO - Sync 1 DAGs
[2026-09-17T09:44:19.067+0000] {logging_mixin.py:190} INFO - [2026-09-17T09:44:19.067+0000] {dag.py:4180} INFO - Setting next_dagrun for youtube_warehouse_pipeline to None, run_after=None
[2026-09-17T09:44:19.103+0000] {processor.py:208} INFO - Processing /opt/airflow/dags/youtube_warehouse_pipeline.py took 0.229 seconds
[2026-09-17T09:44:49.526+0000] {processor.py:186} INFO - Started process (PID=1544) to work on /opt/airflow/dags/youtube_warehouse_pipeline.py
[2026-09-17T09:44:49.528+0000] {processor.py:914} INFO - Processing file /opt/airflow/dags/youtube_warehouse_pipeline.py for tasks to queue
[2026-09-17T09:44:49.530+0000] {logging_mixin.py:190} INFO - [2026-09-17T09:44:49.529+0000] {dagbag.py:588} INFO - Filling up the DagBag from /opt/airflow/dags/youtube_warehouse_pipeline.py
[2026-09-17T09:44:49.611+0000] {processor.py:925} INFO - DAG(s) 'youtube_warehouse_pipeline' retrieved from /opt/airflow/dags/youtube_warehouse_pipeline.py
[2026-09-17T09:44:49.630+0000] {logging_mixin.py:190} INFO - [2026-09-17T09:44:49.630+0000] {dag.py:3239} INFO - Sync 1 DAGs
[2026-09-17T09:44:49.643+0000] {logging_mixin.py:190} INFO - [2026-09-17T09:44:49.642+0000] {dag.py:4180} INFO - Setting next_dagrun for youtube_warehouse_pipeline to None, run_after=None
[2026-09-17T09:44:49.663+0000] {processor.py:208} INFO - Processing /opt/airflow/dags/youtube_warehouse_pipeline.py took 0.143 seconds
[2026-09-17T09:45:19.892+0000] {processor.py:186} INFO - Started process (PID=1552) to work on /opt/airflow/dags/youtube_warehouse_pipeline.py
[2026-09-17T09:45:19.893+0000] {processor.py:914} INFO - Processing file /opt/airflow/dags/youtube_warehouse_pipeline.py for tasks to queue
[2026-09-17T09:45:19.895+0000] {logging_mixin.py:190} INFO - [2026-09-17T09:45:19.895+0000] {dagbag.py:588} INFO - Filling up the DagBag from /opt/airflow/dags/youtube_warehouse_pipeline.py
[2026-09-17T09:45:19.967+0000] {processor.py:925} INFO - DAG(s) 'youtube_warehouse_pipeline' retrieved from /opt/airflow/dags/youtube_warehouse_pipeline.py
[2026-09-17T09:45:19.990+0000] {logging_mixin.py:190} INFO - [2026-09-17T09:45:19.989+0000] {dag.py:3239} INFO - Sync 1 DAGs
[2026-09-17T09:45:20.005+0000] {logging_mixin.py:190} INFO - [2026-09-17T09:45:20.005+0000] {dag.py:4180} INFO - Setting next_dagrun for youtube_warehouse_pipeline to None, run_after=None
[2026-09-17T09:45:20.027+0000] {processor.py:208} INFO - Processing /opt/airflow/dags/youtube_warehouse_pipeline.py took 0.141 seconds
[2026-09-17T09:45:50.337+0000] {processor.py:186} INFO - Started process (PID=1560) to work on /opt/airflow/dags/youtube_warehouse_pipeline.py
[2026-09-17T09:45:50.339+0000] {processor.py:914} INFO - Processing file /opt/airflow/dags/youtube_warehouse_pipeline.py for tasks to queue
[2026-09-17T09:45:50.342+0000] {logging_mixin.py:190} INFO - [2026-09-17T09:45:50.342+0000] {dagbag.py:588} INFO - Filling up the DagBag from /opt/airflow/dags/youtube_warehouse_pipeline.py
[2026-09-17T09:45:50.442+0000] {processor.py:925} INFO - DAG(s) 'youtube_warehouse_pipeline' retrieved from /opt/airflow/dags/youtube_warehouse_pipeline.py
[2026-09-17T09:45:50.464+0000] {logging_mixin.py:190} INFO - [2026-09-17T09:45:50.464+0000] {dag.py:3239} INFO - Sync 1 DAGs
[2026-09-17T09:45:50.478+0000] {logging_mixin.py:190} INFO - [2026-09-17T09:45:50.478+0000] {dag.py:4180} INFO - Setting next_dagrun for youtube_warehouse_pipeline to None, run_after=None
[2026-09-17T09:45:50.499+0000] {processor.py:208} INFO - Processing /opt/airflow/dags/youtube_warehouse_pipeline.py took 0.170 seconds
[2026-09-17T09:46:20.902+0000] {processor.py:186} INFO - Started process (PID=1568) to work on /opt/airflow/dags/youtube_warehouse_pipeline.py
[2026-09-17T09:46:20.904+0000] {processor.py:914} INFO - Processing file /opt/airflow/dags/youtube_warehouse_pipeline.py for tasks to queue
[2026-09-17T09:46:20.906+0000] {logging_mixin.py:190} INFO - [2026-09-17T09:46:20.906+0000] {dagbag.py:588} INFO - Filling up the DagBag from /opt/airflow/dags/youtube_warehouse_pipeline.py
[2026-09-17T09:46:20.986+0000] {processor.py:925} INFO - DAG(s) 'youtube_warehouse_pipeline' retrieved from /opt/airflow/dags/youtube_warehouse_pipeline.py
[2026-09-17T09:46:21.007+0000] {logging_mixin.py:190} INFO - [2026-09-17T09:46:21.007+0000] {dag.py:3239} INFO - Sync 1 DAGs
[2026-09-17T09:46:21.021+0000] {logging_mixin.py:190} INFO - [2026-09-17T09:46:21.021+0000] {dag.py:4180} INFO - Setting next_dagrun for youtube_warehouse_pipeline to None, run_after=None
[2026-09-17T09:46:21.041+0000] {processor.py:208} INFO - Processing /opt/airflow/dags/youtube_warehouse_pipeline.py took 0.146 seconds
[2026-09-17T09:46:51.267+0000] {processor.py:186} INFO - Started process (PID=1576) to work on /opt/airflow/dags/youtube_warehouse_pipeline.py
[2026-09-17T09:46:51.269+0000] {processor.py:914} INFO - Processing file /opt/airflow/dags/youtube_warehouse_pipeline.py for tasks to queue
[2026-09-17T09:46:51.271+0000] {logging_mixin.py:190} INFO - [2026-09-17T09:46:51.271+0000] {dagbag.py:588} INFO - Filling up the DagBag from /opt/airflow/dags/youtube_warehouse_pipeline.py
[2026-09-17T09:46:51.365+0000] {processor.py:925} INFO - DAG(s) 'youtube_warehouse_pipeline' retrieved from /opt/airflow/dags/youtube_warehouse_pipeline.py
[2026-09-17T09:46:51.384+0000] {logging_mixin.py:190} INFO - [2026-09-17T09:46:51.384+0000] {dag.py:3239} INFO - Sync 1 DAGs
[2026-09-17T09:46:51.398+0000] {logging_mixin.py:190} INFO - [2026-09-17T09:46:51.398+0000] {dag.py:4180} INFO - Setting next_dagrun for youtube_warehouse_pipeline to None, run_after=None
[2026-09-17T09:46:51.418+0000] {processor.py:208} INFO - Processing /opt/airflow/dags/youtube_warehouse_pipeline.py took 0.156 seconds
[2026-09-17T09:47:21.794+0000] {processor.py:186} INFO - Started process (PID=1584) to work on /opt/airflow/dags/youtube_warehouse_pipeline.py
[2026-09-17T09:47:21.797+0000] {processor.py:914} INFO - Processing file /opt/airflow/dags/youtube_warehouse_pipeline.py for tasks to queue
[2026-09-17T09:47:21.799+0000] {logging_mixin.py:190} INFO - [2026-09-17T09:47:21.798+0000] {dagbag.py:588} INFO - Filling up the DagBag from /opt/airflow/dags/youtube_warehouse_pipeline.py
[2026-09-17T09:47:21.881+0000] {processor.py:925} INFO - DAG(s) 'youtube_warehouse_pipeline' retrieved from /opt/airflow/dags/youtube_warehouse_pipeline.py
[2026-09-17T09:47:21.913+0000] {logging_mixin.py:190} INFO - [2026-09-17T09:47:21.913+0000] {dag.py:3239} INFO - Sync 1 DAGs
[2026-09-17T09:47:21.926+0000] {logging_mixin.py:190} INFO - [2026-09-17T09:47:21.926+0000] {dag.py:4180} INFO - Setting next_dagrun for youtube_warehouse_pipeline to None, run_after=None
[2026-09-17T09:47:21.947+0000] {processor.py:208} INFO - Processing /opt/airflow/dags/youtube_warehouse_pipeline.py took 0.161 seconds
[2026-09-17T09:47:52.292+0000] {processor.py:186} INFO - Started process (PID=1592) to work on /opt/airflow/dags/youtube_warehouse_pipeline.py
[2026-09-17T09:47:52.295+0000] {processor.py:914} INFO - Processing file /opt/airflow/dags/youtube_warehouse_pipeline.py for tasks to queue
[2026-09-17T09:47:52.298+0000] {logging_mixin.py:190} INFO - [2026-09-17T09:47:52.298+0000] {dagbag.py:588} INFO - Filling up the DagBag from /opt/airflow/dags/youtube_warehouse_pipeline.py
[2026-09-17T09:47:52.419+0000] {processor.py:925} INFO - DAG(s) 'youtube_warehouse_pipeline' retrieved from /opt/airflow/dags/youtube_warehouse_pipeline.py
[2026-09-17T09:47:52.447+0000] {logging_mixin.py:190} INFO - [2026-09-17T09:47:52.446+0000] {dag.py:3239} INFO - Sync 1 DAGs
[2026-09-17T09:47:52.463+0000] {logging_mixin.py:190} INFO - [2026-09-17T09:47:52.462+0000] {dag.py:4180} INFO - Setting next_dagrun for youtube_warehouse_pipeline to None, run_after=None
[2026-09-17T09:47:52.486+0000] {processor.py:208} INFO - Processing /opt/airflow/dags/youtube_warehouse_pipeline.py took 0.203 seconds
[2026-09-17T09:48:22.868+0000] {processor.py:186} INFO - Started process (PID=1600) to work on /opt/airflow/dags/youtube_warehouse_pipeline.py
[2026-09-17T09:48:22.870+0000] {processor.py:914} INFO - Processing file /opt/airflow/dags/youtube_warehouse_pipeline.py for tasks to queue
[2026-09-17T09:48:22.872+0000] {logging_mixin.py:190} INFO - [2026-09-17T09:48:22.872+0000] {dagbag.py:588} INFO - Filling up the DagBag from /opt/airflow/dags/youtube_warehouse_pipeline.py
[2026-09-17T09:48:22.947+0000] {processor.py:925} INFO - DAG(s) 'youtube_warehouse_pipeline' retrieved from /opt/airflow/dags/youtube_warehouse_pipeline.py
[2026-09-17T09:48:22.970+0000] {logging_mixin.py:190} INFO - [2026-09-17T09:48:22.970+0000] {dag.py:3239} INFO - Sync 1 DAGs
[2026-09-17T09:48:22.987+0000] {logging_mixin.py:190} INFO - [2026-09-17T09:48:22.986+0000] {dag.py:4180} INFO - Setting next_dagrun for youtube_warehouse_pipeline to None, run_after=None
[2026-09-17T09:48:23.006+0000] {processor.py:208} INFO - Processing /opt/airflow/dags/youtube_warehouse_pipeline.py took 0.143 seconds
[2026-09-17T09:48:53.221+0000] {processor.py:186} INFO - Started process (PID=1608) to work on /opt/airflow/dags/youtube_warehouse_pipeline.py
[2026-09-17T09:48:53.222+0000] {processor.py:914} INFO - Processing file /opt/airflow/dags/youtube_warehouse_pipeline.py for tasks to queue
[2026-09-17T09:48:53.224+0000] {logging_mixin.py:190} INFO - [2026-09-17T09:48:53.224+0000] {dagbag.py:588} INFO - Filling up the DagBag from /opt/airflow/dags/youtube_warehouse_pipeline.py
[2026-09-17T09:48:53.294+0000] {processor.py:925} INFO - DAG(s) 'youtube_warehouse_pipeline' retrieved from /opt/airflow/dags/youtube_warehouse_pipeline.py
[2026-09-17T09:48:53.326+0000] {logging_mixin.py:190} INFO - [2026-09-17T09:48:53.326+0000] {dag.py:3239} INFO - Sync 1 DAGs
[2026-09-17T09:48:53.341+0000] {logging_mixin.py:190} INFO - [2026-09-17T09:48:53.341+0000] {dag.py:4180} INFO - Setting next_dagrun for youtube_warehouse_pipeline to None, run_after=None
[2026-09-17T09:48:53.363+0000] {processor.py:208} INFO - Processing /opt/airflow/dags/youtube_warehouse_pipeline.py took 0.148 seconds
[2026-09-17T09:49:23.751+0000] {processor.py:186} INFO - Started process (PID=1616) to work on /opt/airflow/dags/youtube_warehouse_pipeline.py
[2026-09-17T09:49:23.757+0000] {processor.py:914} INFO - Processing file /opt/airflow/dags/youtube_warehouse_pipeline.py for tasks to queue
[2026-09-17T09:49:23.761+0000] {logging_mixin.py:190} INFO - [2026-09-17T09:49:23.761+0000] {dagbag.py:588} INFO - Filling up the DagBag from /opt/airflow/dags/youtube_warehouse_pipeline.py
[2026-09-17T09:49:23.858+0000] {processor.py:925} INFO - DAG(s) 'youtube_warehouse_pipeline' retrieved from /opt/airflow/dags/youtube_warehouse_pipeline.py
[2026-09-17T09:49:23.921+0000] {logging_mixin.py:190} INFO - [2026-09-17T09:49:23.921+0000] {dag.py:3239} INFO - Sync 1 DAGs
[2026-09-17T09:49:23.935+0000] {logging_mixin.py:190} INFO - [2026-09-17T09:49:23.935+0000] {dag.py:4180} INFO - Setting next_dagrun for youtube_warehouse_pipeline to None, run_after=None
[2026-09-17T09:49:23.960+0000] {processor.py:208} INFO - Processing /opt/airflow/dags/youtube_warehouse_pipeline.py took 0.217 seconds
[2026-09-17T09:49:54.397+0000] {processor.py:186} INFO - Started process (PID=1630) to work on /opt/airflow/dags/youtube_warehouse_pipeline.py
[2026-09-17T09:49:54.400+0000] {processor.py:914} INFO - Processing file /opt/airflow/dags/youtube_warehouse_pipeline.py for tasks to queue
[2026-09-17T09:49:54.404+0000] {logging_mixin.py:190} INFO - [2026-09-17T09:49:54.402+0000] {dagbag.py:588} INFO - Filling up the DagBag from /opt/airflow/dags/youtube_warehouse_pipeline.py
[2026-09-17T09:49:54.495+0000] {processor.py:925} INFO - DAG(s) 'youtube_warehouse_pipeline' retrieved from /opt/airflow/dags/youtube_warehouse_pipeline.py
[2026-09-17T09:49:54.519+0000] {logging_mixin.py:190} INFO - [2026-09-17T09:49:54.519+0000] {dag.py:3239} INFO - Sync 1 DAGs
[2026-09-17T09:49:54.533+0000] {logging_mixin.py:190} INFO - [2026-09-17T09:49:54.533+0000] {dag.py:4180} INFO - Setting next_dagrun for youtube_warehouse_pipeline to None, run_after=None
[2026-09-17T09:49:54.553+0000] {processor.py:208} INFO - Processing /opt/airflow/dags/youtube_warehouse_pipeline.py took 0.166 seconds
[2026-09-17T09:50:24.919+0000] {processor.py:186} INFO - Started process (PID=1638) to work on /opt/airflow/dags/youtube_warehouse_pipeline.py
[2026-09-17T09:50:24.921+0000] {processor.py:914} INFO - Processing file /opt/airflow/dags/youtube_warehouse_pipeline.py for tasks to queue
[2026-09-17T09:50:24.923+0000] {logging_mixin.py:190} INFO - [2026-09-17T09:50:24.923+0000] {dagbag.py:588} INFO - Filling up the DagBag from /opt/airflow/dags/youtube_warehouse_pipeline.py
[2026-09-17T09:50:25.004+0000] {processor.py:925} INFO - DAG(s) 'youtube_warehouse_pipeline' retrieved from /opt/airflow/dags/youtube_warehouse_pipeline.py
[2026-09-17T09:50:25.026+0000] {logging_mixin.py:190} INFO - [2026-09-17T09:50:25.025+0000] {dag.py:3239} INFO - Sync 1 DAGs
[2026-09-17T09:50:25.039+0000] {logging_mixin.py:190} INFO - [2026-09-17T09:50:25.038+0000] {dag.py:4180} INFO - Setting next_dagrun for youtube_warehouse_pipeline to None, run_after=None
[2026-09-17T09:50:25.061+0000] {processor.py:208} INFO - Processing /opt/airflow/dags/youtube_warehouse_pipeline.py took 0.151 seconds
[2026-09-17T09:50:55.266+0000] {processor.py:186} INFO - Started process (PID=1646) to work on /opt/airflow/dags/youtube_warehouse_pipeline.py
[2026-09-17T09:50:55.268+0000] {processor.py:914} INFO - Processing file /opt/airflow/dags/youtube_warehouse_pipeline.py for tasks to queue
[2026-09-17T09:50:55.270+0000] {logging_mixin.py:190} INFO - [2026-09-17T09:50:55.270+0000] {dagbag.py:588} INFO - Filling up the DagBag from /opt/airflow/dags/youtube_warehouse_pipeline.py
[2026-09-17T09:50:55.342+0000] {processor.py:925} INFO - DAG(s) 'youtube_warehouse_pipeline' retrieved from /opt/airflow/dags/youtube_warehouse_pipeline.py
[2026-09-17T09:50:55.364+0000] {logging_mixin.py:190} INFO - [2026-09-17T09:50:55.363+0000] {dag.py:3239} INFO - Sync 1 DAGs
[2026-09-17T09:50:55.376+0000] {logging_mixin.py:190} INFO - [2026-09-17T09:50:55.376+0000] {dag.py:4180} INFO - Setting next_dagrun for youtube_warehouse_pipeline to None, run_after=None
[2026-09-17T09:50:55.394+0000] {processor.py:208} INFO - Processing /opt/airflow/dags/youtube_warehouse_pipeline.py took 0.143 seconds
[2026-09-17T09:51:25.750+0000] {processor.py:186} INFO - Started process (PID=1654) to work on /opt/airflow/dags/youtube_warehouse_pipeline.py
[2026-09-17T09:51:25.751+0000] {processor.py:914} INFO - Processing file /opt/airflow/dags/youtube_warehouse_pipeline.py for tasks to queue
[2026-09-17T09:51:25.755+0000] {logging_mixin.py:190} INFO - [2026-09-17T09:51:25.754+0000] {dagbag.py:588} INFO - Filling up the DagBag from /opt/airflow/dags/youtube_warehouse_pipeline.py
[2026-09-17T09:51:25.857+0000] {processor.py:925} INFO - DAG(s) 'youtube_warehouse_pipeline' retrieved from /opt/airflow/dags/youtube_warehouse_pipeline.py
[2026-09-17T09:51:25.875+0000] {logging_mixin.py:190} INFO - [2026-09-17T09:51:25.875+0000] {dag.py:3239} INFO - Sync 1 DAGs
[2026-09-17T09:51:25.888+0000] {logging_mixin.py:190} INFO - [2026-09-17T09:51:25.887+0000] {dag.py:4180} INFO - Setting next_dagrun for youtube_warehouse_pipeline to None, run_after=None
[2026-09-17T09:51:25.909+0000] {processor.py:208} INFO - Processing /opt/airflow/dags/youtube_warehouse_pipeline.py took 0.165 seconds
[2026-09-17T09:51:56.278+0000] {processor.py:186} INFO - Started process (PID=1662) to work on /opt/airflow/dags/youtube_warehouse_pipeline.py
[2026-09-17T09:51:56.280+0000] {processor.py:914} INFO - Processing file /opt/airflow/dags/youtube_warehouse_pipeline.py for tasks to queue
[2026-09-17T09:51:56.282+0000] {logging_mixin.py:190} INFO - [2026-09-17T09:51:56.282+0000] {dagbag.py:588} INFO - Filling up the DagBag from /opt/airflow/dags/youtube_warehouse_pipeline.py
[2026-09-17T09:51:56.359+0000] {processor.py:925} INFO - DAG(s) 'youtube_warehouse_pipeline' retrieved from /opt/airflow/dags/youtube_warehouse_pipeline.py
[2026-09-17T09:51:56.382+0000] {logging_mixin.py:190} INFO - [2026-09-17T09:51:56.382+0000] {dag.py:3239} INFO - Sync 1 DAGs
[2026-09-17T09:51:56.396+0000] {logging_mixin.py:190} INFO - [2026-09-17T09:51:56.395+0000] {dag.py:4180} INFO - Setting next_dagrun for youtube_warehouse_pipeline to None, run_after=None
[2026-09-17T09:51:56.416+0000] {processor.py:208} INFO - Processing /opt/airflow/dags/youtube_warehouse_pipeline.py took 0.145 seconds
[2026-09-17T09:52:26.774+0000] {processor.py:186} INFO - Started process (PID=1670) to work on /opt/airflow/dags/youtube_warehouse_pipeline.py
[2026-09-17T09:52:26.776+0000] {processor.py:914} INFO - Processing file /opt/airflow/dags/youtube_warehouse_pipeline.py for tasks to queue
[2026-09-17T09:52:26.778+0000] {logging_mixin.py:190} INFO - [2026-09-17T09:52:26.777+0000] {dagbag.py:588} INFO - Filling up the DagBag from /opt/airflow/dags/youtube_warehouse_pipeline.py
[2026-09-17T09:52:26.856+0000] {processor.py:925} INFO - DAG(s) 'youtube_warehouse_pipeline' retrieved from /opt/airflow/dags/youtube_warehouse_pipeline.py
[2026-09-17T09:52:26.891+0000] {logging_mixin.py:190} INFO - [2026-09-17T09:52:26.890+0000] {dag.py:3239} INFO - Sync 1 DAGs
[2026-09-17T09:52:26.908+0000] {logging_mixin.py:190} INFO - [2026-09-17T09:52:26.908+0000] {dag.py:4180} INFO - Setting next_dagrun for youtube_warehouse_pipeline to None, run_after=None
[2026-09-17T09:52:26.935+0000] {processor.py:208} INFO - Processing /opt/airflow/dags/youtube_warehouse_pipeline.py took 0.168 seconds
[2026-09-17T09:52:57.313+0000] {processor.py:186} INFO - Started process (PID=1678) to work on /opt/airflow/dags/youtube_warehouse_pipeline.py
[2026-09-17T09:52:57.315+0000] {processor.py:914} INFO - Processing file /opt/airflow/dags/youtube_warehouse_pipeline.py for tasks to queue
[2026-09-17T09:52:57.319+0000] {logging_mixin.py:190} INFO - [2026-09-17T09:52:57.318+0000] {dagbag.py:588} INFO - Filling up the DagBag from /opt/airflow/dags/youtube_warehouse_pipeline.py
[2026-09-17T09:52:57.389+0000] {processor.py:925} INFO - DAG(s) 'youtube_warehouse_pipeline' retrieved from /opt/airflow/dags/youtube_warehouse_pipeline.py
[2026-09-17T09:52:57.409+0000] {logging_mixin.py:190} INFO - [2026-09-17T09:52:57.409+0000] {dag.py:3239} INFO - Sync 1 DAGs
[2026-09-17T09:52:57.422+0000] {logging_mixin.py:190} INFO - [2026-09-17T09:52:57.421+0000] {dag.py:4180} INFO - Setting next_dagrun for youtube_warehouse_pipeline to None, run_after=None
[2026-09-17T09:52:57.444+0000] {processor.py:208} INFO - Processing /opt/airflow/dags/youtube_warehouse_pipeline.py took 0.138 seconds
[2026-09-17T09:53:27.645+0000] {processor.py:186} INFO - Started process (PID=1687) to work on /opt/airflow/dags/youtube_warehouse_pipeline.py
[2026-09-17T09:53:27.647+0000] {processor.py:914} INFO - Processing file /opt/airflow/dags/youtube_warehouse_pipeline.py for tasks to queue
[2026-09-17T09:53:27.650+0000] {logging_mixin.py:190} INFO - [2026-09-17T09:53:27.649+0000] {dagbag.py:588} INFO - Filling up the DagBag from /opt/airflow/dags/youtube_warehouse_pipeline.py
[2026-09-17T09:53:27.728+0000] {processor.py:925} INFO - DAG(s) 'youtube_warehouse_pipeline' retrieved from /opt/airflow/dags/youtube_warehouse_pipeline.py
[2026-09-17T09:53:27.749+0000] {logging_mixin.py:190} INFO - [2026-09-17T09:53:27.749+0000] {dag.py:3239} INFO - Sync 1 DAGs
[2026-09-17T09:53:27.763+0000] {logging_mixin.py:190} INFO - [2026-09-17T09:53:27.763+0000] {dag.py:4180} INFO - Setting next_dagrun for youtube_warehouse_pipeline to None, run_after=None
[2026-09-17T09:53:27.783+0000] {processor.py:208} INFO - Processing /opt/airflow/dags/youtube_warehouse_pipeline.py took 0.144 seconds
[2026-09-17T09:53:58.167+0000] {processor.py:186} INFO - Started process (PID=1695) to work on /opt/airflow/dags/youtube_warehouse_pipeline.py
[2026-09-17T09:53:58.168+0000] {processor.py:914} INFO - Processing file /opt/airflow/dags/youtube_warehouse_pipeline.py for tasks to queue
[2026-09-17T09:53:58.171+0000] {logging_mixin.py:190} INFO - [2026-09-17T09:53:58.171+0000] {dagbag.py:588} INFO - Filling up the DagBag from /opt/airflow/dags/youtube_warehouse_pipeline.py
[2026-09-17T09:53:58.240+0000] {processor.py:925} INFO - DAG(s) 'youtube_warehouse_pipeline' retrieved from /opt/airflow/dags/youtube_warehouse_pipeline.py
[2026-09-17T09:53:58.259+0000] {logging_mixin.py:190} INFO - [2026-09-17T09:53:58.259+0000] {dag.py:3239} INFO - Sync 1 DAGs
[2026-09-17T09:53:58.271+0000] {logging_mixin.py:190} INFO - [2026-09-17T09:53:58.271+0000] {dag.py:4180} INFO - Setting next_dagrun for youtube_warehouse_pipeline to None, run_after=None
[2026-09-17T09:53:58.308+0000] {processor.py:208} INFO - Processing /opt/airflow/dags/youtube_warehouse_pipeline.py took 0.148 seconds
[2026-09-17T09:54:28.555+0000] {processor.py:186} INFO - Started process (PID=1703) to work on /opt/airflow/dags/youtube_warehouse_pipeline.py
[2026-09-17T09:54:28.557+0000] {processor.py:914} INFO - Processing file /opt/airflow/dags/youtube_warehouse_pipeline.py for tasks to queue
[2026-09-17T09:54:28.559+0000] {logging_mixin.py:190} INFO - [2026-09-17T09:54:28.559+0000] {dagbag.py:588} INFO - Filling up the DagBag from /opt/airflow/dags/youtube_warehouse_pipeline.py
[2026-09-17T09:54:28.637+0000] {processor.py:925} INFO - DAG(s) 'youtube_warehouse_pipeline' retrieved from /opt/airflow/dags/youtube_warehouse_pipeline.py
[2026-09-17T09:54:28.657+0000] {logging_mixin.py:190} INFO - [2026-09-17T09:54:28.656+0000] {dag.py:3239} INFO - Sync 1 DAGs
[2026-09-17T09:54:28.669+0000] {logging_mixin.py:190} INFO - [2026-09-17T09:54:28.669+0000] {dag.py:4180} INFO - Setting next_dagrun for youtube_warehouse_pipeline to None, run_after=None
[2026-09-17T09:54:28.688+0000] {processor.py:208} INFO - Processing /opt/airflow/dags/youtube_warehouse_pipeline.py took 0.139 seconds
[2026-09-17T09:54:58.997+0000] {processor.py:186} INFO - Started process (PID=1710) to work on /opt/airflow/dags/youtube_warehouse_pipeline.py
[2026-09-17T09:54:58.999+0000] {processor.py:914} INFO - Processing file /opt/airflow/dags/youtube_warehouse_pipeline.py for tasks to queue
[2026-09-17T09:54:59.002+0000] {logging_mixin.py:190} INFO - [2026-09-17T09:54:59.002+0000] {dagbag.py:588} INFO - Filling up the DagBag from /opt/airflow/dags/youtube_warehouse_pipeline.py
[2026-09-17T09:54:59.074+0000] {processor.py:925} INFO - DAG(s) 'youtube_warehouse_pipeline' retrieved from /opt/airflow/dags/youtube_warehouse_pipeline.py
[2026-09-17T09:54:59.094+0000] {logging_mixin.py:190} INFO - [2026-09-17T09:54:59.094+0000] {dag.py:3239} INFO - Sync 1 DAGs
[2026-09-17T09:54:59.107+0000] {logging_mixin.py:190} INFO - [2026-09-17T09:54:59.106+0000] {dag.py:4180} INFO - Setting next_dagrun for youtube_warehouse_pipeline to None, run_after=None
[2026-09-17T09:54:59.125+0000] {processor.py:208} INFO - Processing /opt/airflow/dags/youtube_warehouse_pipeline.py took 0.136 seconds
[2026-09-17T09:55:29.540+0000] {processor.py:186} INFO - Started process (PID=1718) to work on /opt/airflow/dags/youtube_warehouse_pipeline.py
[2026-09-17T09:55:29.544+0000] {processor.py:914} INFO - Processing file /opt/airflow/dags/youtube_warehouse_pipeline.py for tasks to queue
[2026-09-17T09:55:29.548+0000] {logging_mixin.py:190} INFO - [2026-09-17T09:55:29.547+0000] {dagbag.py:588} INFO - Filling up the DagBag from /opt/airflow/dags/youtube_warehouse_pipeline.py
[2026-09-17T09:55:29.677+0000] {processor.py:925} INFO - DAG(s) 'youtube_warehouse_pipeline' retrieved from /opt/airflow/dags/youtube_warehouse_pipeline.py
[2026-09-17T09:55:29.709+0000] {logging_mixin.py:190} INFO - [2026-09-17T09:55:29.709+0000] {dag.py:3239} INFO - Sync 1 DAGs
[2026-09-17T09:55:29.735+0000] {logging_mixin.py:190} INFO - [2026-09-17T09:55:29.734+0000] {dag.py:4180} INFO - Setting next_dagrun for youtube_warehouse_pipeline to None, run_after=None
[2026-09-17T09:55:29.762+0000] {processor.py:208} INFO - Processing /opt/airflow/dags/youtube_warehouse_pipeline.py took 0.239 seconds
[2026-09-17T09:55:59.904+0000] {processor.py:186} INFO - Started process (PID=1726) to work on /opt/airflow/dags/youtube_warehouse_pipeline.py
[2026-09-17T09:55:59.906+0000] {processor.py:914} INFO - Processing file /opt/airflow/dags/youtube_warehouse_pipeline.py for tasks to queue
[2026-09-17T09:55:59.909+0000] {logging_mixin.py:190} INFO - [2026-09-17T09:55:59.908+0000] {dagbag.py:588} INFO - Filling up the DagBag from /opt/airflow/dags/youtube_warehouse_pipeline.py
[2026-09-17T09:55:59.979+0000] {processor.py:925} INFO - DAG(s) 'youtube_warehouse_pipeline' retrieved from /opt/airflow/dags/youtube_warehouse_pipeline.py
[2026-09-17T09:56:00.004+0000] {logging_mixin.py:190} INFO - [2026-09-17T09:56:00.004+0000] {dag.py:3239} INFO - Sync 1 DAGs
[2026-09-17T09:56:00.022+0000] {logging_mixin.py:190} INFO - [2026-09-17T09:56:00.021+0000] {dag.py:4180} INFO - Setting next_dagrun for youtube_warehouse_pipeline to None, run_after=None
[2026-09-17T09:56:00.042+0000] {processor.py:208} INFO - Processing /opt/airflow/dags/youtube_warehouse_pipeline.py took 0.146 seconds
[2026-09-17T09:56:30.238+0000] {processor.py:186} INFO - Started process (PID=1734) to work on /opt/airflow/dags/youtube_warehouse_pipeline.py
[2026-09-17T09:56:30.240+0000] {processor.py:914} INFO - Processing file /opt/airflow/dags/youtube_warehouse_pipeline.py for tasks to queue
[2026-09-17T09:56:30.242+0000] {logging_mixin.py:190} INFO - [2026-09-17T09:56:30.241+0000] {dagbag.py:588} INFO - Filling up the DagBag from /opt/airflow/dags/youtube_warehouse_pipeline.py
[2026-09-17T09:56:30.316+0000] {processor.py:925} INFO - DAG(s) 'youtube_warehouse_pipeline' retrieved from /opt/airflow/dags/youtube_warehouse_pipeline.py
[2026-09-17T09:56:30.341+0000] {logging_mixin.py:190} INFO - [2026-09-17T09:56:30.340+0000] {dag.py:3239} INFO - Sync 1 DAGs
[2026-09-17T09:56:30.354+0000] {logging_mixin.py:190} INFO - [2026-09-17T09:56:30.354+0000] {dag.py:4180} INFO - Setting next_dagrun for youtube_warehouse_pipeline to None, run_after=None
[2026-09-17T09:56:30.375+0000] {processor.py:208} INFO - Processing /opt/airflow/dags/youtube_warehouse_pipeline.py took 0.142 seconds
[2026-09-17T09:57:00.683+0000] {processor.py:186} INFO - Started process (PID=1742) to work on /opt/airflow/dags/youtube_warehouse_pipeline.py
[2026-09-17T09:57:00.685+0000] {processor.py:914} INFO - Processing file /opt/airflow/dags/youtube_warehouse_pipeline.py for tasks to queue
[2026-09-17T09:57:00.687+0000] {logging_mixin.py:190} INFO - [2026-09-17T09:57:00.687+0000] {dagbag.py:588} INFO - Filling up the DagBag from /opt/airflow/dags/youtube_warehouse_pipeline.py
[2026-09-17T09:57:00.768+0000] {processor.py:925} INFO - DAG(s) 'youtube_warehouse_pipeline' retrieved from /opt/airflow/dags/youtube_warehouse_pipeline.py
[2026-09-17T09:57:00.795+0000] {logging_mixin.py:190} INFO - [2026-09-17T09:57:00.795+0000] {dag.py:3239} INFO - Sync 1 DAGs
[2026-09-17T09:57:00.808+0000] {logging_mixin.py:190} INFO - [2026-09-17T09:57:00.808+0000] {dag.py:4180} INFO - Setting next_dagrun for youtube_warehouse_pipeline to None, run_after=None
[2026-09-17T09:57:00.835+0000] {processor.py:208} INFO - Processing /opt/airflow/dags/youtube_warehouse_pipeline.py took 0.159 seconds
[2026-09-17T09:57:31.017+0000] {processor.py:186} INFO - Started process (PID=1750) to work on /opt/airflow/dags/youtube_warehouse_pipeline.py
[2026-09-17T09:57:31.019+0000] {processor.py:914} INFO - Processing file /opt/airflow/dags/youtube_warehouse_pipeline.py for tasks to queue
[2026-09-17T09:57:31.021+0000] {logging_mixin.py:190} INFO - [2026-09-17T09:57:31.021+0000] {dagbag.py:588} INFO - Filling up the DagBag from /opt/airflow/dags/youtube_warehouse_pipeline.py
[2026-09-17T09:57:31.097+0000] {processor.py:925} INFO - DAG(s) 'youtube_warehouse_pipeline' retrieved from /opt/airflow/dags/youtube_warehouse_pipeline.py
[2026-09-17T09:57:31.121+0000] {logging_mixin.py:190} INFO - [2026-09-17T09:57:31.121+0000] {dag.py:3239} INFO - Sync 1 DAGs
[2026-09-17T09:57:31.135+0000] {logging_mixin.py:190} INFO - [2026-09-17T09:57:31.134+0000] {dag.py:4180} INFO - Setting next_dagrun for youtube_warehouse_pipeline to None, run_after=None
[2026-09-17T09:57:31.153+0000] {processor.py:208} INFO - Processing /opt/airflow/dags/youtube_warehouse_pipeline.py took 0.141 seconds
[2026-09-17T09:58:01.463+0000] {processor.py:186} INFO - Started process (PID=1758) to work on /opt/airflow/dags/youtube_warehouse_pipeline.py
[2026-09-17T09:58:01.465+0000] {processor.py:914} INFO - Processing file /opt/airflow/dags/youtube_warehouse_pipeline.py for tasks to queue
[2026-09-17T09:58:01.467+0000] {logging_mixin.py:190} INFO - [2026-09-17T09:58:01.467+0000] {dagbag.py:588} INFO - Filling up the DagBag from /opt/airflow/dags/youtube_warehouse_pipeline.py
[2026-09-17T09:58:01.541+0000] {processor.py:925} INFO - DAG(s) 'youtube_warehouse_pipeline' retrieved from /opt/airflow/dags/youtube_warehouse_pipeline.py
[2026-09-17T09:58:01.562+0000] {logging_mixin.py:190} INFO - [2026-09-17T09:58:01.561+0000] {dag.py:3239} INFO - Sync 1 DAGs
[2026-09-17T09:58:01.576+0000] {logging_mixin.py:190} INFO - [2026-09-17T09:58:01.575+0000] {dag.py:4180} INFO - Setting next_dagrun for youtube_warehouse_pipeline to None, run_after=None
[2026-09-17T09:58:01.611+0000] {processor.py:208} INFO - Processing /opt/airflow/dags/youtube_warehouse_pipeline.py took 0.154 seconds
[2026-09-17T09:58:31.834+0000] {processor.py:186} INFO - Started process (PID=1766) to work on /opt/airflow/dags/youtube_warehouse_pipeline.py
[2026-09-17T09:58:31.837+0000] {processor.py:914} INFO - Processing file /opt/airflow/dags/youtube_warehouse_pipeline.py for tasks to queue
[2026-09-17T09:58:31.841+0000] {logging_mixin.py:190} INFO - [2026-09-17T09:58:31.841+0000] {dagbag.py:588} INFO - Filling up the DagBag from /opt/airflow/dags/youtube_warehouse_pipeline.py
[2026-09-17T09:58:31.941+0000] {processor.py:925} INFO - DAG(s) 'youtube_warehouse_pipeline' retrieved from /opt/airflow/dags/youtube_warehouse_pipeline.py
[2026-09-17T09:58:31.965+0000] {logging_mixin.py:190} INFO - [2026-09-17T09:58:31.964+0000] {dag.py:3239} INFO - Sync 1 DAGs
[2026-09-17T09:58:31.981+0000] {logging_mixin.py:190} INFO - [2026-09-17T09:58:31.981+0000] {dag.py:4180} INFO - Setting next_dagrun for youtube_warehouse_pipeline to None, run_after=None
[2026-09-17T09:58:32.002+0000] {processor.py:208} INFO - Processing /opt/airflow/dags/youtube_warehouse_pipeline.py took 0.178 seconds
[2026-09-17T09:59:02.265+0000] {processor.py:186} INFO - Started process (PID=1774) to work on /opt/airflow/dags/youtube_warehouse_pipeline.py
[2026-09-17T09:59:02.268+0000] {processor.py:914} INFO - Processing file /opt/airflow/dags/youtube_warehouse_pipeline.py for tasks to queue
[2026-09-17T09:59:02.271+0000] {logging_mixin.py:190} INFO - [2026-09-17T09:59:02.271+0000] {dagbag.py:588} INFO - Filling up the DagBag from /opt/airflow/dags/youtube_warehouse_pipeline.py
[2026-09-17T09:59:02.363+0000] {processor.py:925} INFO - DAG(s) 'youtube_warehouse_pipeline' retrieved from /opt/airflow/dags/youtube_warehouse_pipeline.py
[2026-09-17T09:59:02.384+0000] {logging_mixin.py:190} INFO - [2026-09-17T09:59:02.383+0000] {dag.py:3239} INFO - Sync 1 DAGs
[2026-09-17T09:59:02.395+0000] {logging_mixin.py:190} INFO - [2026-09-17T09:59:02.395+0000] {dag.py:4180} INFO - Setting next_dagrun for youtube_warehouse_pipeline to None, run_after=None
[2026-09-17T09:59:02.414+0000] {processor.py:208} INFO - Processing /opt/airflow/dags/youtube_warehouse_pipeline.py took 0.157 seconds
[2026-09-17T09:59:32.724+0000] {processor.py:186} INFO - Started process (PID=1782) to work on /opt/airflow/dags/youtube_warehouse_pipeline.py
[2026-09-17T09:59:32.727+0000] {processor.py:914} INFO - Processing file /opt/airflow/dags/youtube_warehouse_pipeline.py for tasks to queue
[2026-09-17T09:59:32.731+0000] {logging_mixin.py:190} INFO - [2026-09-17T09:59:32.730+0000] {dagbag.py:588} INFO - Filling up the DagBag from /opt/airflow/dags/youtube_warehouse_pipeline.py
[2026-09-17T09:59:32.847+0000] {processor.py:925} INFO - DAG(s) 'youtube_warehouse_pipeline' retrieved from /opt/airflow/dags/youtube_warehouse_pipeline.py
[2026-09-17T09:59:32.880+0000] {logging_mixin.py:190} INFO - [2026-09-17T09:59:32.880+0000] {dag.py:3239} INFO - Sync 1 DAGs
[2026-09-17T09:59:32.901+0000] {logging_mixin.py:190} INFO - [2026-09-17T09:59:32.900+0000] {dag.py:4180} INFO - Setting next_dagrun for youtube_warehouse_pipeline to None, run_after=None
[2026-09-17T09:59:32.932+0000] {processor.py:208} INFO - Processing /opt/airflow/dags/youtube_warehouse_pipeline.py took 0.215 seconds
[2026-09-17T10:00:03.349+0000] {processor.py:186} INFO - Started process (PID=1798) to work on /opt/airflow/dags/youtube_warehouse_pipeline.py
[2026-09-17T10:00:03.390+0000] {processor.py:914} INFO - Processing file /opt/airflow/dags/youtube_warehouse_pipeline.py for tasks to queue
[2026-09-17T10:00:03.394+0000] {logging_mixin.py:190} INFO - [2026-09-17T10:00:03.394+0000] {dagbag.py:588} INFO - Filling up the DagBag from /opt/airflow/dags/youtube_warehouse_pipeline.py
[2026-09-17T10:00:03.590+0000] {processor.py:925} INFO - DAG(s) 'youtube_warehouse_pipeline' retrieved from /opt/airflow/dags/youtube_warehouse_pipeline.py
[2026-09-17T10:00:03.638+0000] {logging_mixin.py:190} INFO - [2026-09-17T10:00:03.638+0000] {dag.py:3239} INFO - Sync 1 DAGs
[2026-09-17T10:00:03.663+0000] {logging_mixin.py:190} INFO - [2026-09-17T10:00:03.663+0000] {dag.py:4180} INFO - Setting next_dagrun for youtube_warehouse_pipeline to None, run_after=None
[2026-09-17T10:00:03.702+0000] {processor.py:208} INFO - Processing /opt/airflow/dags/youtube_warehouse_pipeline.py took 0.362 seconds
[2026-09-17T10:00:34.186+0000] {processor.py:186} INFO - Started process (PID=1822) to work on /opt/airflow/dags/youtube_warehouse_pipeline.py
[2026-09-17T10:00:34.187+0000] {processor.py:914} INFO - Processing file /opt/airflow/dags/youtube_warehouse_pipeline.py for tasks to queue
[2026-09-17T10:00:34.189+0000] {logging_mixin.py:190} INFO - [2026-09-17T10:00:34.189+0000] {dagbag.py:588} INFO - Filling up the DagBag from /opt/airflow/dags/youtube_warehouse_pipeline.py
[2026-09-17T10:00:34.276+0000] {processor.py:925} INFO - DAG(s) 'youtube_warehouse_pipeline' retrieved from /opt/airflow/dags/youtube_warehouse_pipeline.py
[2026-09-17T10:00:34.300+0000] {logging_mixin.py:190} INFO - [2026-09-17T10:00:34.300+0000] {dag.py:3239} INFO - Sync 1 DAGs
[2026-09-17T10:00:34.322+0000] {logging_mixin.py:190} INFO - [2026-09-17T10:00:34.322+0000] {dag.py:4180} INFO - Setting next_dagrun for youtube_warehouse_pipeline to None, run_after=None
[2026-09-17T10:00:34.351+0000] {processor.py:208} INFO - Processing /opt/airflow/dags/youtube_warehouse_pipeline.py took 0.170 seconds
[2026-09-17T10:01:04.542+0000] {processor.py:186} INFO - Started process (PID=1830) to work on /opt/airflow/dags/youtube_warehouse_pipeline.py
[2026-09-17T10:01:04.544+0000] {processor.py:914} INFO - Processing file /opt/airflow/dags/youtube_warehouse_pipeline.py for tasks to queue
[2026-09-17T10:01:04.546+0000] {logging_mixin.py:190} INFO - [2026-09-17T10:01:04.546+0000] {dagbag.py:588} INFO - Filling up the DagBag from /opt/airflow/dags/youtube_warehouse_pipeline.py
[2026-09-17T10:01:04.645+0000] {processor.py:925} INFO - DAG(s) 'youtube_warehouse_pipeline' retrieved from /opt/airflow/dags/youtube_warehouse_pipeline.py
[2026-09-17T10:01:04.664+0000] {logging_mixin.py:190} INFO - [2026-09-17T10:01:04.664+0000] {dag.py:3239} INFO - Sync 1 DAGs
[2026-09-17T10:01:04.679+0000] {logging_mixin.py:190} INFO - [2026-09-17T10:01:04.679+0000] {dag.py:4180} INFO - Setting next_dagrun for youtube_warehouse_pipeline to None, run_after=None
[2026-09-17T10:01:04.700+0000] {processor.py:208} INFO - Processing /opt/airflow/dags/youtube_warehouse_pipeline.py took 0.163 seconds
[2026-09-17T10:01:35.038+0000] {processor.py:186} INFO - Started process (PID=1838) to work on /opt/airflow/dags/youtube_warehouse_pipeline.py
[2026-09-17T10:01:35.040+0000] {processor.py:914} INFO - Processing file /opt/airflow/dags/youtube_warehouse_pipeline.py for tasks to queue
[2026-09-17T10:01:35.043+0000] {logging_mixin.py:190} INFO - [2026-09-17T10:01:35.042+0000] {dagbag.py:588} INFO - Filling up the DagBag from /opt/airflow/dags/youtube_warehouse_pipeline.py
[2026-09-17T10:01:35.121+0000] {processor.py:925} INFO - DAG(s) 'youtube_warehouse_pipeline' retrieved from /opt/airflow/dags/youtube_warehouse_pipeline.py
[2026-09-17T10:01:35.142+0000] {logging_mixin.py:190} INFO - [2026-09-17T10:01:35.142+0000] {dag.py:3239} INFO - Sync 1 DAGs
[2026-09-17T10:01:35.156+0000] {logging_mixin.py:190} INFO - [2026-09-17T10:01:35.155+0000] {dag.py:4180} INFO - Setting next_dagrun for youtube_warehouse_pipeline to None, run_after=None
[2026-09-17T10:01:35.174+0000] {processor.py:208} INFO - Processing /opt/airflow/dags/youtube_warehouse_pipeline.py took 0.145 seconds
[2026-09-17T10:02:05.340+0000] {processor.py:186} INFO - Started process (PID=1847) to work on /opt/airflow/dags/youtube_warehouse_pipeline.py
[2026-09-17T10:02:05.342+0000] {processor.py:914} INFO - Processing file /opt/airflow/dags/youtube_warehouse_pipeline.py for tasks to queue
[2026-09-17T10:02:05.344+0000] {logging_mixin.py:190} INFO - [2026-09-17T10:02:05.344+0000] {dagbag.py:588} INFO - Filling up the DagBag from /opt/airflow/dags/youtube_warehouse_pipeline.py
[2026-09-17T10:02:05.436+0000] {processor.py:925} INFO - DAG(s) 'youtube_warehouse_pipeline' retrieved from /opt/airflow/dags/youtube_warehouse_pipeline.py
[2026-09-17T10:02:05.461+0000] {logging_mixin.py:190} INFO - [2026-09-17T10:02:05.461+0000] {dag.py:3239} INFO - Sync 1 DAGs
[2026-09-17T10:02:05.477+0000] {logging_mixin.py:190} INFO - [2026-09-17T10:02:05.477+0000] {dag.py:4180} INFO - Setting next_dagrun for youtube_warehouse_pipeline to None, run_after=None
[2026-09-17T10:02:05.499+0000] {processor.py:208} INFO - Processing /opt/airflow/dags/youtube_warehouse_pipeline.py took 0.165 seconds
[2026-09-17T10:02:35.824+0000] {processor.py:186} INFO - Started process (PID=1855) to work on /opt/airflow/dags/youtube_warehouse_pipeline.py
[2026-09-17T10:02:35.826+0000] {processor.py:914} INFO - Processing file /opt/airflow/dags/youtube_warehouse_pipeline.py for tasks to queue
[2026-09-17T10:02:35.828+0000] {logging_mixin.py:190} INFO - [2026-09-17T10:02:35.828+0000] {dagbag.py:588} INFO - Filling up the DagBag from /opt/airflow/dags/youtube_warehouse_pipeline.py
[2026-09-17T10:02:35.906+0000] {processor.py:925} INFO - DAG(s) 'youtube_warehouse_pipeline' retrieved from /opt/airflow/dags/youtube_warehouse_pipeline.py
[2026-09-17T10:02:35.926+0000] {logging_mixin.py:190} INFO - [2026-09-17T10:02:35.925+0000] {dag.py:3239} INFO - Sync 1 DAGs
[2026-09-17T10:02:35.938+0000] {logging_mixin.py:190} INFO - [2026-09-17T10:02:35.938+0000] {dag.py:4180} INFO - Setting next_dagrun for youtube_warehouse_pipeline to None, run_after=None
[2026-09-17T10:02:35.956+0000] {processor.py:208} INFO - Processing /opt/airflow/dags/youtube_warehouse_pipeline.py took 0.139 seconds
[2026-09-17T10:03:06.200+0000] {processor.py:186} INFO - Started process (PID=1863) to work on /opt/airflow/dags/youtube_warehouse_pipeline.py
[2026-09-17T10:03:06.202+0000] {processor.py:914} INFO - Processing file /opt/airflow/dags/youtube_warehouse_pipeline.py for tasks to queue
[2026-09-17T10:03:06.208+0000] {logging_mixin.py:190} INFO - [2026-09-17T10:03:06.207+0000] {dagbag.py:588} INFO - Filling up the DagBag from /opt/airflow/dags/youtube_warehouse_pipeline.py
[2026-09-17T10:03:06.330+0000] {processor.py:925} INFO - DAG(s) 'youtube_warehouse_pipeline' retrieved from /opt/airflow/dags/youtube_warehouse_pipeline.py
[2026-09-17T10:03:06.359+0000] {logging_mixin.py:190} INFO - [2026-09-17T10:03:06.359+0000] {dag.py:3239} INFO - Sync 1 DAGs
[2026-09-17T10:03:06.376+0000] {logging_mixin.py:190} INFO - [2026-09-17T10:03:06.375+0000] {dag.py:4180} INFO - Setting next_dagrun for youtube_warehouse_pipeline to None, run_after=None
[2026-09-17T10:03:06.401+0000] {processor.py:208} INFO - Processing /opt/airflow/dags/youtube_warehouse_pipeline.py took 0.209 seconds
[2026-09-17T10:03:36.722+0000] {processor.py:186} INFO - Started process (PID=1871) to work on /opt/airflow/dags/youtube_warehouse_pipeline.py
[2026-09-17T10:03:36.724+0000] {processor.py:914} INFO - Processing file /opt/airflow/dags/youtube_warehouse_pipeline.py for tasks to queue
[2026-09-17T10:03:36.727+0000] {logging_mixin.py:190} INFO - [2026-09-17T10:03:36.727+0000] {dagbag.py:588} INFO - Filling up the DagBag from /opt/airflow/dags/youtube_warehouse_pipeline.py
[2026-09-17T10:03:36.819+0000] {processor.py:925} INFO - DAG(s) 'youtube_warehouse_pipeline' retrieved from /opt/airflow/dags/youtube_warehouse_pipeline.py
[2026-09-17T10:03:36.853+0000] {logging_mixin.py:190} INFO - [2026-09-17T10:03:36.853+0000] {dag.py:3239} INFO - Sync 1 DAGs
[2026-09-17T10:03:36.871+0000] {logging_mixin.py:190} INFO - [2026-09-17T10:03:36.871+0000] {dag.py:4180} INFO - Setting next_dagrun for youtube_warehouse_pipeline to None, run_after=None
[2026-09-17T10:03:36.896+0000] {processor.py:208} INFO - Processing /opt/airflow/dags/youtube_warehouse_pipeline.py took 0.184 seconds
[2026-09-17T10:04:07.252+0000] {processor.py:186} INFO - Started process (PID=1879) to work on /opt/airflow/dags/youtube_warehouse_pipeline.py
[2026-09-17T10:04:07.254+0000] {processor.py:914} INFO - Processing file /opt/airflow/dags/youtube_warehouse_pipeline.py for tasks to queue
[2026-09-17T10:04:07.258+0000] {logging_mixin.py:190} INFO - [2026-09-17T10:04:07.257+0000] {dagbag.py:588} INFO - Filling up the DagBag from /opt/airflow/dags/youtube_warehouse_pipeline.py
[2026-09-17T10:04:07.342+0000] {processor.py:925} INFO - DAG(s) 'youtube_warehouse_pipeline' retrieved from /opt/airflow/dags/youtube_warehouse_pipeline.py
[2026-09-17T10:04:07.364+0000] {logging_mixin.py:190} INFO - [2026-09-17T10:04:07.364+0000] {dag.py:3239} INFO - Sync 1 DAGs
[2026-09-17T10:04:07.378+0000] {logging_mixin.py:190} INFO - [2026-09-17T10:04:07.378+0000] {dag.py:4180} INFO - Setting next_dagrun for youtube_warehouse_pipeline to None, run_after=None
[2026-09-17T10:04:07.399+0000] {processor.py:208} INFO - Processing /opt/airflow/dags/youtube_warehouse_pipeline.py took 0.154 seconds
[2026-09-17T10:04:37.733+0000] {processor.py:186} INFO - Started process (PID=1887) to work on /opt/airflow/dags/youtube_warehouse_pipeline.py
[2026-09-17T10:04:37.734+0000] {processor.py:914} INFO - Processing file /opt/airflow/dags/youtube_warehouse_pipeline.py for tasks to queue
[2026-09-17T10:04:37.736+0000] {logging_mixin.py:190} INFO - [2026-09-17T10:04:37.736+0000] {dagbag.py:588} INFO - Filling up the DagBag from /opt/airflow/dags/youtube_warehouse_pipeline.py
[2026-09-17T10:04:37.813+0000] {processor.py:925} INFO - DAG(s) 'youtube_warehouse_pipeline' retrieved from /opt/airflow/dags/youtube_warehouse_pipeline.py
[2026-09-17T10:04:37.834+0000] {logging_mixin.py:190} INFO - [2026-09-17T10:04:37.833+0000] {dag.py:3239} INFO - Sync 1 DAGs
[2026-09-17T10:04:37.849+0000] {logging_mixin.py:190} INFO - [2026-09-17T10:04:37.849+0000] {dag.py:4180} INFO - Setting next_dagrun for youtube_warehouse_pipeline to None, run_after=None
[2026-09-17T10:04:37.870+0000] {processor.py:208} INFO - Processing /opt/airflow/dags/youtube_warehouse_pipeline.py took 0.144 seconds
[2026-09-17T10:05:08.134+0000] {processor.py:186} INFO - Started process (PID=1895) to work on /opt/airflow/dags/youtube_warehouse_pipeline.py
[2026-09-17T10:05:08.135+0000] {processor.py:914} INFO - Processing file /opt/airflow/dags/youtube_warehouse_pipeline.py for tasks to queue
[2026-09-17T10:05:08.137+0000] {logging_mixin.py:190} INFO - [2026-09-17T10:05:08.137+0000] {dagbag.py:588} INFO - Filling up the DagBag from /opt/airflow/dags/youtube_warehouse_pipeline.py
[2026-09-17T10:05:08.207+0000] {processor.py:925} INFO - DAG(s) 'youtube_warehouse_pipeline' retrieved from /opt/airflow/dags/youtube_warehouse_pipeline.py
[2026-09-17T10:05:08.225+0000] {logging_mixin.py:190} INFO - [2026-09-17T10:05:08.225+0000] {dag.py:3239} INFO - Sync 1 DAGs
[2026-09-17T10:05:08.238+0000] {logging_mixin.py:190} INFO - [2026-09-17T10:05:08.238+0000] {dag.py:4180} INFO - Setting next_dagrun for youtube_warehouse_pipeline to None, run_after=None
[2026-09-17T10:05:08.257+0000] {processor.py:208} INFO - Processing /opt/airflow/dags/youtube_warehouse_pipeline.py took 0.130 seconds
[2026-09-17T10:05:38.605+0000] {processor.py:186} INFO - Started process (PID=1903) to work on /opt/airflow/dags/youtube_warehouse_pipeline.py
[2026-09-17T10:05:38.607+0000] {processor.py:914} INFO - Processing file /opt/airflow/dags/youtube_warehouse_pipeline.py for tasks to queue
[2026-09-17T10:05:38.611+0000] {logging_mixin.py:190} INFO - [2026-09-17T10:05:38.610+0000] {dagbag.py:588} INFO - Filling up the DagBag from /opt/airflow/dags/youtube_warehouse_pipeline.py
[2026-09-17T10:05:38.720+0000] {processor.py:925} INFO - DAG(s) 'youtube_warehouse_pipeline' retrieved from /opt/airflow/dags/youtube_warehouse_pipeline.py
[2026-09-17T10:05:38.744+0000] {logging_mixin.py:190} INFO - [2026-09-17T10:05:38.744+0000] {dag.py:3239} INFO - Sync 1 DAGs
[2026-09-17T10:05:38.766+0000] {logging_mixin.py:190} INFO - [2026-09-17T10:05:38.766+0000] {dag.py:4180} INFO - Setting next_dagrun for youtube_warehouse_pipeline to None, run_after=None
[2026-09-17T10:05:38.791+0000] {processor.py:208} INFO - Processing /opt/airflow/dags/youtube_warehouse_pipeline.py took 0.199 seconds
[2026-09-17T10:06:08.934+0000] {processor.py:186} INFO - Started process (PID=1911) to work on /opt/airflow/dags/youtube_warehouse_pipeline.py
[2026-09-17T10:06:08.936+0000] {processor.py:914} INFO - Processing file /opt/airflow/dags/youtube_warehouse_pipeline.py for tasks to queue
[2026-09-17T10:06:08.938+0000] {logging_mixin.py:190} INFO - [2026-09-17T10:06:08.937+0000] {dagbag.py:588} INFO - Filling up the DagBag from /opt/airflow/dags/youtube_warehouse_pipeline.py
[2026-09-17T10:06:09.009+0000] {processor.py:925} INFO - DAG(s) 'youtube_warehouse_pipeline' retrieved from /opt/airflow/dags/youtube_warehouse_pipeline.py
[2026-09-17T10:06:09.032+0000] {logging_mixin.py:190} INFO - [2026-09-17T10:06:09.031+0000] {dag.py:3239} INFO - Sync 1 DAGs
[2026-09-17T10:06:09.046+0000] {logging_mixin.py:190} INFO - [2026-09-17T10:06:09.046+0000] {dag.py:4180} INFO - Setting next_dagrun for youtube_warehouse_pipeline to None, run_after=None
[2026-09-17T10:06:09.067+0000] {processor.py:208} INFO - Processing /opt/airflow/dags/youtube_warehouse_pipeline.py took 0.139 seconds
[2026-09-17T10:06:39.240+0000] {processor.py:186} INFO - Started process (PID=1919) to work on /opt/airflow/dags/youtube_warehouse_pipeline.py
[2026-09-17T10:06:39.241+0000] {processor.py:914} INFO - Processing file /opt/airflow/dags/youtube_warehouse_pipeline.py for tasks to queue
[2026-09-17T10:06:39.245+0000] {logging_mixin.py:190} INFO - [2026-09-17T10:06:39.244+0000] {dagbag.py:588} INFO - Filling up the DagBag from /opt/airflow/dags/youtube_warehouse_pipeline.py
[2026-09-17T10:06:39.328+0000] {processor.py:925} INFO - DAG(s) 'youtube_warehouse_pipeline' retrieved from /opt/airflow/dags/youtube_warehouse_pipeline.py
[2026-09-17T10:06:39.354+0000] {logging_mixin.py:190} INFO - [2026-09-17T10:06:39.353+0000] {dag.py:3239} INFO - Sync 1 DAGs
[2026-09-17T10:06:39.367+0000] {logging_mixin.py:190} INFO - [2026-09-17T10:06:39.367+0000] {dag.py:4180} INFO - Setting next_dagrun for youtube_warehouse_pipeline to None, run_after=None
[2026-09-17T10:06:39.389+0000] {processor.py:208} INFO - Processing /opt/airflow/dags/youtube_warehouse_pipeline.py took 0.155 seconds
[2026-09-17T10:07:09.727+0000] {processor.py:186} INFO - Started process (PID=1927) to work on /opt/airflow/dags/youtube_warehouse_pipeline.py
[2026-09-17T10:07:09.729+0000] {processor.py:914} INFO - Processing file /opt/airflow/dags/youtube_warehouse_pipeline.py for tasks to queue
[2026-09-17T10:07:09.732+0000] {logging_mixin.py:190} INFO - [2026-09-17T10:07:09.731+0000] {dagbag.py:588} INFO - Filling up the DagBag from /opt/airflow/dags/youtube_warehouse_pipeline.py
[2026-09-17T10:07:09.807+0000] {processor.py:925} INFO - DAG(s) 'youtube_warehouse_pipeline' retrieved from /opt/airflow/dags/youtube_warehouse_pipeline.py
[2026-09-17T10:07:09.829+0000] {logging_mixin.py:190} INFO - [2026-09-17T10:07:09.829+0000] {dag.py:3239} INFO - Sync 1 DAGs
[2026-09-17T10:07:09.842+0000] {logging_mixin.py:190} INFO - [2026-09-17T10:07:09.842+0000] {dag.py:4180} INFO - Setting next_dagrun for youtube_warehouse_pipeline to None, run_after=None
[2026-09-17T10:07:09.861+0000] {processor.py:208} INFO - Processing /opt/airflow/dags/youtube_warehouse_pipeline.py took 0.143 seconds
[2026-09-17T10:07:40.205+0000] {processor.py:186} INFO - Started process (PID=1935) to work on /opt/airflow/dags/youtube_warehouse_pipeline.py
[2026-09-17T10:07:40.208+0000] {processor.py:914} INFO - Processing file /opt/airflow/dags/youtube_warehouse_pipeline.py for tasks to queue
[2026-09-17T10:07:40.210+0000] {logging_mixin.py:190} INFO - [2026-09-17T10:07:40.210+0000] {dagbag.py:588} INFO - Filling up the DagBag from /opt/airflow/dags/youtube_warehouse_pipeline.py
[2026-09-17T10:07:40.288+0000] {processor.py:925} INFO - DAG(s) 'youtube_warehouse_pipeline' retrieved from /opt/airflow/dags/youtube_warehouse_pipeline.py
[2026-09-17T10:07:40.309+0000] {logging_mixin.py:190} INFO - [2026-09-17T10:07:40.309+0000] {dag.py:3239} INFO - Sync 1 DAGs
[2026-09-17T10:07:40.324+0000] {logging_mixin.py:190} INFO - [2026-09-17T10:07:40.324+0000] {dag.py:4180} INFO - Setting next_dagrun for youtube_warehouse_pipeline to None, run_after=None
[2026-09-17T10:07:40.347+0000] {processor.py:208} INFO - Processing /opt/airflow/dags/youtube_warehouse_pipeline.py took 0.150 seconds
[2026-09-17T10:08:10.558+0000] {processor.py:186} INFO - Started process (PID=1943) to work on /opt/airflow/dags/youtube_warehouse_pipeline.py
[2026-09-17T10:08:10.560+0000] {processor.py:914} INFO - Processing file /opt/airflow/dags/youtube_warehouse_pipeline.py for tasks to queue
[2026-09-17T10:08:10.562+0000] {logging_mixin.py:190} INFO - [2026-09-17T10:08:10.562+0000] {dagbag.py:588} INFO - Filling up the DagBag from /opt/airflow/dags/youtube_warehouse_pipeline.py
[2026-09-17T10:08:10.635+0000] {processor.py:925} INFO - DAG(s) 'youtube_warehouse_pipeline' retrieved from /opt/airflow/dags/youtube_warehouse_pipeline.py
[2026-09-17T10:08:10.658+0000] {logging_mixin.py:190} INFO - [2026-09-17T10:08:10.658+0000] {dag.py:3239} INFO - Sync 1 DAGs
[2026-09-17T10:08:10.673+0000] {logging_mixin.py:190} INFO - [2026-09-17T10:08:10.673+0000] {dag.py:4180} INFO - Setting next_dagrun for youtube_warehouse_pipeline to None, run_after=None
[2026-09-17T10:08:10.708+0000] {processor.py:208} INFO - Processing /opt/airflow/dags/youtube_warehouse_pipeline.py took 0.156 seconds
[2026-09-17T10:08:41.046+0000] {processor.py:186} INFO - Started process (PID=1951) to work on /opt/airflow/dags/youtube_warehouse_pipeline.py
[2026-09-17T10:08:41.048+0000] {processor.py:914} INFO - Processing file /opt/airflow/dags/youtube_warehouse_pipeline.py for tasks to queue
[2026-09-17T10:08:41.051+0000] {logging_mixin.py:190} INFO - [2026-09-17T10:08:41.050+0000] {dagbag.py:588} INFO - Filling up the DagBag from /opt/airflow/dags/youtube_warehouse_pipeline.py
[2026-09-17T10:08:41.136+0000] {processor.py:925} INFO - DAG(s) 'youtube_warehouse_pipeline' retrieved from /opt/airflow/dags/youtube_warehouse_pipeline.py
[2026-09-17T10:08:41.206+0000] {logging_mixin.py:190} INFO - [2026-09-17T10:08:41.206+0000] {dag.py:3239} INFO - Sync 1 DAGs
[2026-09-17T10:08:41.224+0000] {logging_mixin.py:190} INFO - [2026-09-17T10:08:41.224+0000] {dag.py:4180} INFO - Setting next_dagrun for youtube_warehouse_pipeline to None, run_after=None
[2026-09-17T10:08:41.356+0000] {processor.py:208} INFO - Processing /opt/airflow/dags/youtube_warehouse_pipeline.py took 0.318 seconds
[2026-09-17T10:09:11.746+0000] {processor.py:186} INFO - Started process (PID=1959) to work on /opt/airflow/dags/youtube_warehouse_pipeline.py
[2026-09-17T10:09:11.748+0000] {processor.py:914} INFO - Processing file /opt/airflow/dags/youtube_warehouse_pipeline.py for tasks to queue
[2026-09-17T10:09:11.750+0000] {logging_mixin.py:190} INFO - [2026-09-17T10:09:11.750+0000] {dagbag.py:588} INFO - Filling up the DagBag from /opt/airflow/dags/youtube_warehouse_pipeline.py
[2026-09-17T10:09:11.820+0000] {processor.py:925} INFO - DAG(s) 'youtube_warehouse_pipeline' retrieved from /opt/airflow/dags/youtube_warehouse_pipeline.py
[2026-09-17T10:09:11.840+0000] {logging_mixin.py:190} INFO - [2026-09-17T10:09:11.840+0000] {dag.py:3239} INFO - Sync 1 DAGs
[2026-09-17T10:09:11.853+0000] {logging_mixin.py:190} INFO - [2026-09-17T10:09:11.853+0000] {dag.py:4180} INFO - Setting next_dagrun for youtube_warehouse_pipeline to None, run_after=None
[2026-09-17T10:09:11.874+0000] {processor.py:208} INFO - Processing /opt/airflow/dags/youtube_warehouse_pipeline.py took 0.135 seconds
[2026-09-17T10:09:42.084+0000] {processor.py:186} INFO - Started process (PID=1967) to work on /opt/airflow/dags/youtube_warehouse_pipeline.py
[2026-09-17T10:09:42.085+0000] {processor.py:914} INFO - Processing file /opt/airflow/dags/youtube_warehouse_pipeline.py for tasks to queue
[2026-09-17T10:09:42.087+0000] {logging_mixin.py:190} INFO - [2026-09-17T10:09:42.087+0000] {dagbag.py:588} INFO - Filling up the DagBag from /opt/airflow/dags/youtube_warehouse_pipeline.py
[2026-09-17T10:09:42.159+0000] {processor.py:925} INFO - DAG(s) 'youtube_warehouse_pipeline' retrieved from /opt/airflow/dags/youtube_warehouse_pipeline.py
[2026-09-17T10:09:42.183+0000] {logging_mixin.py:190} INFO - [2026-09-17T10:09:42.182+0000] {dag.py:3239} INFO - Sync 1 DAGs
[2026-09-17T10:09:42.199+0000] {logging_mixin.py:190} INFO - [2026-09-17T10:09:42.199+0000] {dag.py:4180} INFO - Setting next_dagrun for youtube_warehouse_pipeline to None, run_after=None
[2026-09-17T10:09:42.219+0000] {processor.py:208} INFO - Processing /opt/airflow/dags/youtube_warehouse_pipeline.py took 0.141 seconds
[2026-09-17T10:10:12.627+0000] {processor.py:186} INFO - Started process (PID=1975) to work on /opt/airflow/dags/youtube_warehouse_pipeline.py
[2026-09-17T10:10:12.629+0000] {processor.py:914} INFO - Processing file /opt/airflow/dags/youtube_warehouse_pipeline.py for tasks to queue
[2026-09-17T10:10:12.631+0000] {logging_mixin.py:190} INFO - [2026-09-17T10:10:12.631+0000] {dagbag.py:588} INFO - Filling up the DagBag from /opt/airflow/dags/youtube_warehouse_pipeline.py
[2026-09-17T10:10:12.703+0000] {processor.py:925} INFO - DAG(s) 'youtube_warehouse_pipeline' retrieved from /opt/airflow/dags/youtube_warehouse_pipeline.py
[2026-09-17T10:10:12.723+0000] {logging_mixin.py:190} INFO - [2026-09-17T10:10:12.723+0000] {dag.py:3239} INFO - Sync 1 DAGs
[2026-09-17T10:10:12.736+0000] {logging_mixin.py:190} INFO - [2026-09-17T10:10:12.736+0000] {dag.py:4180} INFO - Setting next_dagrun for youtube_warehouse_pipeline to None, run_after=None
[2026-09-17T10:10:12.759+0000] {processor.py:208} INFO - Processing /opt/airflow/dags/youtube_warehouse_pipeline.py took 0.138 seconds
[2026-09-17T10:10:43.016+0000] {processor.py:186} INFO - Started process (PID=1983) to work on /opt/airflow/dags/youtube_warehouse_pipeline.py
[2026-09-17T10:10:43.018+0000] {processor.py:914} INFO - Processing file /opt/airflow/dags/youtube_warehouse_pipeline.py for tasks to queue
[2026-09-17T10:10:43.021+0000] {logging_mixin.py:190} INFO - [2026-09-17T10:10:43.020+0000] {dagbag.py:588} INFO - Filling up the DagBag from /opt/airflow/dags/youtube_warehouse_pipeline.py
[2026-09-17T10:10:43.108+0000] {processor.py:925} INFO - DAG(s) 'youtube_warehouse_pipeline' retrieved from /opt/airflow/dags/youtube_warehouse_pipeline.py
[2026-09-17T10:10:43.137+0000] {logging_mixin.py:190} INFO - [2026-09-17T10:10:43.136+0000] {dag.py:3239} INFO - Sync 1 DAGs
[2026-09-17T10:10:43.153+0000] {logging_mixin.py:190} INFO - [2026-09-17T10:10:43.153+0000] {dag.py:4180} INFO - Setting next_dagrun for youtube_warehouse_pipeline to None, run_after=None
[2026-09-17T10:10:43.180+0000] {processor.py:208} INFO - Processing /opt/airflow/dags/youtube_warehouse_pipeline.py took 0.170 seconds
[2026-09-17T10:11:13.426+0000] {processor.py:186} INFO - Started process (PID=1991) to work on /opt/airflow/dags/youtube_warehouse_pipeline.py
[2026-09-17T10:11:13.429+0000] {processor.py:914} INFO - Processing file /opt/airflow/dags/youtube_warehouse_pipeline.py for tasks to queue
[2026-09-17T10:11:13.433+0000] {logging_mixin.py:190} INFO - [2026-09-17T10:11:13.432+0000] {dagbag.py:588} INFO - Filling up the DagBag from /opt/airflow/dags/youtube_warehouse_pipeline.py
[2026-09-17T10:11:13.545+0000] {processor.py:925} INFO - DAG(s) 'youtube_warehouse_pipeline' retrieved from /opt/airflow/dags/youtube_warehouse_pipeline.py
[2026-09-17T10:11:13.573+0000] {logging_mixin.py:190} INFO - [2026-09-17T10:11:13.573+0000] {dag.py:3239} INFO - Sync 1 DAGs
[2026-09-17T10:11:13.592+0000] {logging_mixin.py:190} INFO - [2026-09-17T10:11:13.592+0000] {dag.py:4180} INFO - Setting next_dagrun for youtube_warehouse_pipeline to None, run_after=None
[2026-09-17T10:11:13.612+0000] {processor.py:208} INFO - Processing /opt/airflow/dags/youtube_warehouse_pipeline.py took 0.199 seconds
[2026-09-17T10:11:43.831+0000] {processor.py:186} INFO - Started process (PID=1999) to work on /opt/airflow/dags/youtube_warehouse_pipeline.py
[2026-09-17T10:11:43.832+0000] {processor.py:914} INFO - Processing file /opt/airflow/dags/youtube_warehouse_pipeline.py for tasks to queue
[2026-09-17T10:11:43.834+0000] {logging_mixin.py:190} INFO - [2026-09-17T10:11:43.834+0000] {dagbag.py:588} INFO - Filling up the DagBag from /opt/airflow/dags/youtube_warehouse_pipeline.py
[2026-09-17T10:11:43.904+0000] {processor.py:925} INFO - DAG(s) 'youtube_warehouse_pipeline' retrieved from /opt/airflow/dags/youtube_warehouse_pipeline.py
[2026-09-17T10:11:43.927+0000] {logging_mixin.py:190} INFO - [2026-09-17T10:11:43.927+0000] {dag.py:3239} INFO - Sync 1 DAGs
[2026-09-17T10:11:43.941+0000] {logging_mixin.py:190} INFO - [2026-09-17T10:11:43.941+0000] {dag.py:4180} INFO - Setting next_dagrun for youtube_warehouse_pipeline to None, run_after=None
[2026-09-17T10:11:43.979+0000] {processor.py:208} INFO - Processing /opt/airflow/dags/youtube_warehouse_pipeline.py took 0.153 seconds
[2026-09-17T10:12:14.359+0000] {processor.py:186} INFO - Started process (PID=2007) to work on /opt/airflow/dags/youtube_warehouse_pipeline.py
[2026-09-17T10:12:14.360+0000] {processor.py:914} INFO - Processing file /opt/airflow/dags/youtube_warehouse_pipeline.py for tasks to queue
[2026-09-17T10:12:14.362+0000] {logging_mixin.py:190} INFO - [2026-09-17T10:12:14.362+0000] {dagbag.py:588} INFO - Filling up the DagBag from /opt/airflow/dags/youtube_warehouse_pipeline.py
[2026-09-17T10:12:14.435+0000] {processor.py:925} INFO - DAG(s) 'youtube_warehouse_pipeline' retrieved from /opt/airflow/dags/youtube_warehouse_pipeline.py
[2026-09-17T10:12:14.462+0000] {logging_mixin.py:190} INFO - [2026-09-17T10:12:14.462+0000] {dag.py:3239} INFO - Sync 1 DAGs
[2026-09-17T10:12:14.477+0000] {logging_mixin.py:190} INFO - [2026-09-17T10:12:14.477+0000] {dag.py:4180} INFO - Setting next_dagrun for youtube_warehouse_pipeline to None, run_after=None
[2026-09-17T10:12:14.497+0000] {processor.py:208} INFO - Processing /opt/airflow/dags/youtube_warehouse_pipeline.py took 0.148 seconds
[2026-09-17T10:12:44.896+0000] {processor.py:186} INFO - Started process (PID=2015) to work on /opt/airflow/dags/youtube_warehouse_pipeline.py
[2026-09-17T10:12:44.897+0000] {processor.py:914} INFO - Processing file /opt/airflow/dags/youtube_warehouse_pipeline.py for tasks to queue
[2026-09-17T10:12:44.899+0000] {logging_mixin.py:190} INFO - [2026-09-17T10:12:44.899+0000] {dagbag.py:588} INFO - Filling up the DagBag from /opt/airflow/dags/youtube_warehouse_pipeline.py
[2026-09-17T10:12:44.965+0000] {processor.py:925} INFO - DAG(s) 'youtube_warehouse_pipeline' retrieved from /opt/airflow/dags/youtube_warehouse_pipeline.py
[2026-09-17T10:12:44.984+0000] {logging_mixin.py:190} INFO - [2026-09-17T10:12:44.984+0000] {dag.py:3239} INFO - Sync 1 DAGs
[2026-09-17T10:12:44.996+0000] {logging_mixin.py:190} INFO - [2026-09-17T10:12:44.995+0000] {dag.py:4180} INFO - Setting next_dagrun for youtube_warehouse_pipeline to None, run_after=None
[2026-09-17T10:12:45.014+0000] {processor.py:208} INFO - Processing /opt/airflow/dags/youtube_warehouse_pipeline.py took 0.125 seconds
[2026-09-17T10:13:15.247+0000] {processor.py:186} INFO - Started process (PID=2023) to work on /opt/airflow/dags/youtube_warehouse_pipeline.py
[2026-09-17T10:13:15.249+0000] {processor.py:914} INFO - Processing file /opt/airflow/dags/youtube_warehouse_pipeline.py for tasks to queue
[2026-09-17T10:13:15.251+0000] {logging_mixin.py:190} INFO - [2026-09-17T10:13:15.251+0000] {dagbag.py:588} INFO - Filling up the DagBag from /opt/airflow/dags/youtube_warehouse_pipeline.py
[2026-09-17T10:13:15.319+0000] {processor.py:925} INFO - DAG(s) 'youtube_warehouse_pipeline' retrieved from /opt/airflow/dags/youtube_warehouse_pipeline.py
[2026-09-17T10:13:15.340+0000] {logging_mixin.py:190} INFO - [2026-09-17T10:13:15.340+0000] {dag.py:3239} INFO - Sync 1 DAGs
[2026-09-17T10:13:15.355+0000] {logging_mixin.py:190} INFO - [2026-09-17T10:13:15.354+0000] {dag.py:4180} INFO - Setting next_dagrun for youtube_warehouse_pipeline to None, run_after=None
[2026-09-17T10:13:15.388+0000] {processor.py:208} INFO - Processing /opt/airflow/dags/youtube_warehouse_pipeline.py took 0.146 seconds
[2026-09-17T10:13:45.745+0000] {processor.py:186} INFO - Started process (PID=2031) to work on /opt/airflow/dags/youtube_warehouse_pipeline.py
[2026-09-17T10:13:45.747+0000] {processor.py:914} INFO - Processing file /opt/airflow/dags/youtube_warehouse_pipeline.py for tasks to queue
[2026-09-17T10:13:45.749+0000] {logging_mixin.py:190} INFO - [2026-09-17T10:13:45.748+0000] {dagbag.py:588} INFO - Filling up the DagBag from /opt/airflow/dags/youtube_warehouse_pipeline.py
[2026-09-17T10:13:45.825+0000] {processor.py:925} INFO - DAG(s) 'youtube_warehouse_pipeline' retrieved from /opt/airflow/dags/youtube_warehouse_pipeline.py
[2026-09-17T10:13:45.844+0000] {logging_mixin.py:190} INFO - [2026-09-17T10:13:45.844+0000] {dag.py:3239} INFO - Sync 1 DAGs
[2026-09-17T10:13:45.858+0000] {logging_mixin.py:190} INFO - [2026-09-17T10:13:45.857+0000] {dag.py:4180} INFO - Setting next_dagrun for youtube_warehouse_pipeline to None, run_after=None
[2026-09-17T10:13:45.880+0000] {processor.py:208} INFO - Processing /opt/airflow/dags/youtube_warehouse_pipeline.py took 0.141 seconds
[2026-09-17T10:14:16.255+0000] {processor.py:186} INFO - Started process (PID=2040) to work on /opt/airflow/dags/youtube_warehouse_pipeline.py
[2026-09-17T10:14:16.257+0000] {processor.py:914} INFO - Processing file /opt/airflow/dags/youtube_warehouse_pipeline.py for tasks to queue
[2026-09-17T10:14:16.259+0000] {logging_mixin.py:190} INFO - [2026-09-17T10:14:16.259+0000] {dagbag.py:588} INFO - Filling up the DagBag from /opt/airflow/dags/youtube_warehouse_pipeline.py
[2026-09-17T10:14:16.329+0000] {processor.py:925} INFO - DAG(s) 'youtube_warehouse_pipeline' retrieved from /opt/airflow/dags/youtube_warehouse_pipeline.py
[2026-09-17T10:14:16.355+0000] {logging_mixin.py:190} INFO - [2026-09-17T10:14:16.354+0000] {dag.py:3239} INFO - Sync 1 DAGs
[2026-09-17T10:14:16.370+0000] {logging_mixin.py:190} INFO - [2026-09-17T10:14:16.370+0000] {dag.py:4180} INFO - Setting next_dagrun for youtube_warehouse_pipeline to None, run_after=None
[2026-09-17T10:14:16.390+0000] {processor.py:208} INFO - Processing /opt/airflow/dags/youtube_warehouse_pipeline.py took 0.142 seconds
[2026-09-17T10:14:46.753+0000] {processor.py:186} INFO - Started process (PID=2048) to work on /opt/airflow/dags/youtube_warehouse_pipeline.py
[2026-09-17T10:14:46.755+0000] {processor.py:914} INFO - Processing file /opt/airflow/dags/youtube_warehouse_pipeline.py for tasks to queue
[2026-09-17T10:14:46.758+0000] {logging_mixin.py:190} INFO - [2026-09-17T10:14:46.757+0000] {dagbag.py:588} INFO - Filling up the DagBag from /opt/airflow/dags/youtube_warehouse_pipeline.py
[2026-09-17T10:14:46.832+0000] {processor.py:925} INFO - DAG(s) 'youtube_warehouse_pipeline' retrieved from /opt/airflow/dags/youtube_warehouse_pipeline.py
[2026-09-17T10:14:46.851+0000] {logging_mixin.py:190} INFO - [2026-09-17T10:14:46.851+0000] {dag.py:3239} INFO - Sync 1 DAGs
[2026-09-17T10:14:46.864+0000] {logging_mixin.py:190} INFO - [2026-09-17T10:14:46.864+0000] {dag.py:4180} INFO - Setting next_dagrun for youtube_warehouse_pipeline to None, run_after=None
[2026-09-17T10:14:46.894+0000] {processor.py:208} INFO - Processing /opt/airflow/dags/youtube_warehouse_pipeline.py took 0.148 seconds
[2026-09-17T10:15:17.168+0000] {processor.py:186} INFO - Started process (PID=2056) to work on /opt/airflow/dags/youtube_warehouse_pipeline.py
[2026-09-17T10:15:17.170+0000] {processor.py:914} INFO - Processing file /opt/airflow/dags/youtube_warehouse_pipeline.py for tasks to queue
[2026-09-17T10:15:17.173+0000] {logging_mixin.py:190} INFO - [2026-09-17T10:15:17.172+0000] {dagbag.py:588} INFO - Filling up the DagBag from /opt/airflow/dags/youtube_warehouse_pipeline.py
[2026-09-17T10:15:17.264+0000] {processor.py:925} INFO - DAG(s) 'youtube_warehouse_pipeline' retrieved from /opt/airflow/dags/youtube_warehouse_pipeline.py
[2026-09-17T10:15:17.286+0000] {logging_mixin.py:190} INFO - [2026-09-17T10:15:17.285+0000] {dag.py:3239} INFO - Sync 1 DAGs
[2026-09-17T10:15:17.300+0000] {logging_mixin.py:190} INFO - [2026-09-17T10:15:17.299+0000] {dag.py:4180} INFO - Setting next_dagrun for youtube_warehouse_pipeline to None, run_after=None
[2026-09-17T10:15:17.330+0000] {processor.py:208} INFO - Processing /opt/airflow/dags/youtube_warehouse_pipeline.py took 0.173 seconds
[2026-09-17T10:15:47.515+0000] {processor.py:186} INFO - Started process (PID=2064) to work on /opt/airflow/dags/youtube_warehouse_pipeline.py
[2026-09-17T10:15:47.517+0000] {processor.py:914} INFO - Processing file /opt/airflow/dags/youtube_warehouse_pipeline.py for tasks to queue
[2026-09-17T10:15:47.519+0000] {logging_mixin.py:190} INFO - [2026-09-17T10:15:47.519+0000] {dagbag.py:588} INFO - Filling up the DagBag from /opt/airflow/dags/youtube_warehouse_pipeline.py
[2026-09-17T10:15:47.607+0000] {processor.py:925} INFO - DAG(s) 'youtube_warehouse_pipeline' retrieved from /opt/airflow/dags/youtube_warehouse_pipeline.py
[2026-09-17T10:15:47.628+0000] {logging_mixin.py:190} INFO - [2026-09-17T10:15:47.628+0000] {dag.py:3239} INFO - Sync 1 DAGs
[2026-09-17T10:15:47.640+0000] {logging_mixin.py:190} INFO - [2026-09-17T10:15:47.640+0000] {dag.py:4180} INFO - Setting next_dagrun for youtube_warehouse_pipeline to None, run_after=None
[2026-09-17T10:15:47.663+0000] {processor.py:208} INFO - Processing /opt/airflow/dags/youtube_warehouse_pipeline.py took 0.153 seconds
[2026-09-17T10:16:17.884+0000] {processor.py:186} INFO - Started process (PID=2072) to work on /opt/airflow/dags/youtube_warehouse_pipeline.py
[2026-09-17T10:16:17.886+0000] {processor.py:914} INFO - Processing file /opt/airflow/dags/youtube_warehouse_pipeline.py for tasks to queue
[2026-09-17T10:16:17.888+0000] {logging_mixin.py:190} INFO - [2026-09-17T10:16:17.888+0000] {dagbag.py:588} INFO - Filling up the DagBag from /opt/airflow/dags/youtube_warehouse_pipeline.py
[2026-09-17T10:16:17.965+0000] {processor.py:925} INFO - DAG(s) 'youtube_warehouse_pipeline' retrieved from /opt/airflow/dags/youtube_warehouse_pipeline.py
[2026-09-17T10:16:17.985+0000] {logging_mixin.py:190} INFO - [2026-09-17T10:16:17.985+0000] {dag.py:3239} INFO - Sync 1 DAGs
[2026-09-17T10:16:18.000+0000] {logging_mixin.py:190} INFO - [2026-09-17T10:16:17.999+0000] {dag.py:4180} INFO - Setting next_dagrun for youtube_warehouse_pipeline to None, run_after=None
[2026-09-17T10:16:18.018+0000] {processor.py:208} INFO - Processing /opt/airflow/dags/youtube_warehouse_pipeline.py took 0.141 seconds
[2026-09-17T10:16:48.364+0000] {processor.py:186} INFO - Started process (PID=2081) to work on /opt/airflow/dags/youtube_warehouse_pipeline.py
[2026-09-17T10:16:48.366+0000] {processor.py:914} INFO - Processing file /opt/airflow/dags/youtube_warehouse_pipeline.py for tasks to queue
[2026-09-17T10:16:48.369+0000] {logging_mixin.py:190} INFO - [2026-09-17T10:16:48.368+0000] {dagbag.py:588} INFO - Filling up the DagBag from /opt/airflow/dags/youtube_warehouse_pipeline.py
[2026-09-17T10:16:48.455+0000] {processor.py:925} INFO - DAG(s) 'youtube_warehouse_pipeline' retrieved from /opt/airflow/dags/youtube_warehouse_pipeline.py
[2026-09-17T10:16:48.477+0000] {logging_mixin.py:190} INFO - [2026-09-17T10:16:48.477+0000] {dag.py:3239} INFO - Sync 1 DAGs
[2026-09-17T10:16:48.491+0000] {logging_mixin.py:190} INFO - [2026-09-17T10:16:48.490+0000] {dag.py:4180} INFO - Setting next_dagrun for youtube_warehouse_pipeline to None, run_after=None
[2026-09-17T10:16:48.513+0000] {processor.py:208} INFO - Processing /opt/airflow/dags/youtube_warehouse_pipeline.py took 0.160 seconds
[2026-09-17T10:17:18.725+0000] {processor.py:186} INFO - Started process (PID=2089) to work on /opt/airflow/dags/youtube_warehouse_pipeline.py
[2026-09-17T10:17:18.727+0000] {processor.py:914} INFO - Processing file /opt/airflow/dags/youtube_warehouse_pipeline.py for tasks to queue
[2026-09-17T10:17:18.729+0000] {logging_mixin.py:190} INFO - [2026-09-17T10:17:18.729+0000] {dagbag.py:588} INFO - Filling up the DagBag from /opt/airflow/dags/youtube_warehouse_pipeline.py
[2026-09-17T10:17:18.806+0000] {processor.py:925} INFO - DAG(s) 'youtube_warehouse_pipeline' retrieved from /opt/airflow/dags/youtube_warehouse_pipeline.py
[2026-09-17T10:17:18.829+0000] {logging_mixin.py:190} INFO - [2026-09-17T10:17:18.828+0000] {dag.py:3239} INFO - Sync 1 DAGs
[2026-09-17T10:17:18.843+0000] {logging_mixin.py:190} INFO - [2026-09-17T10:17:18.843+0000] {dag.py:4180} INFO - Setting next_dagrun for youtube_warehouse_pipeline to None, run_after=None
[2026-09-17T10:17:18.862+0000] {processor.py:208} INFO - Processing /opt/airflow/dags/youtube_warehouse_pipeline.py took 0.144 seconds
[2026-09-17T10:17:49.130+0000] {processor.py:186} INFO - Started process (PID=2097) to work on /opt/airflow/dags/youtube_warehouse_pipeline.py
[2026-09-17T10:17:49.132+0000] {processor.py:914} INFO - Processing file /opt/airflow/dags/youtube_warehouse_pipeline.py for tasks to queue
[2026-09-17T10:17:49.134+0000] {logging_mixin.py:190} INFO - [2026-09-17T10:17:49.133+0000] {dagbag.py:588} INFO - Filling up the DagBag from /opt/airflow/dags/youtube_warehouse_pipeline.py
[2026-09-17T10:17:49.207+0000] {processor.py:925} INFO - DAG(s) 'youtube_warehouse_pipeline' retrieved from /opt/airflow/dags/youtube_warehouse_pipeline.py
[2026-09-17T10:17:49.228+0000] {logging_mixin.py:190} INFO - [2026-09-17T10:17:49.228+0000] {dag.py:3239} INFO - Sync 1 DAGs
[2026-09-17T10:17:49.242+0000] {logging_mixin.py:190} INFO - [2026-09-17T10:17:49.242+0000] {dag.py:4180} INFO - Setting next_dagrun for youtube_warehouse_pipeline to None, run_after=None
[2026-09-17T10:17:49.271+0000] {processor.py:208} INFO - Processing /opt/airflow/dags/youtube_warehouse_pipeline.py took 0.147 seconds
[2026-09-17T10:18:19.490+0000] {processor.py:186} INFO - Started process (PID=2105) to work on /opt/airflow/dags/youtube_warehouse_pipeline.py
[2026-09-17T10:18:19.491+0000] {processor.py:914} INFO - Processing file /opt/airflow/dags/youtube_warehouse_pipeline.py for tasks to queue
[2026-09-17T10:18:19.493+0000] {logging_mixin.py:190} INFO - [2026-09-17T10:18:19.493+0000] {dagbag.py:588} INFO - Filling up the DagBag from /opt/airflow/dags/youtube_warehouse_pipeline.py
[2026-09-17T10:18:19.573+0000] {processor.py:925} INFO - DAG(s) 'youtube_warehouse_pipeline' retrieved from /opt/airflow/dags/youtube_warehouse_pipeline.py
[2026-09-17T10:18:19.597+0000] {logging_mixin.py:190} INFO - [2026-09-17T10:18:19.597+0000] {dag.py:3239} INFO - Sync 1 DAGs
[2026-09-17T10:18:19.611+0000] {logging_mixin.py:190} INFO - [2026-09-17T10:18:19.611+0000] {dag.py:4180} INFO - Setting next_dagrun for youtube_warehouse_pipeline to None, run_after=None
[2026-09-17T10:18:19.631+0000] {processor.py:208} INFO - Processing /opt/airflow/dags/youtube_warehouse_pipeline.py took 0.147 seconds
[2026-09-17T10:18:43.886+0000] {processor.py:186} INFO - Started process (PID=2113) to work on /opt/airflow/dags/youtube_warehouse_pipeline.py
[2026-09-17T10:18:43.892+0000] {processor.py:914} INFO - Processing file /opt/airflow/dags/youtube_warehouse_pipeline.py for tasks to queue
[2026-09-17T10:18:43.896+0000] {logging_mixin.py:190} INFO - [2026-09-17T10:18:43.896+0000] {dagbag.py:588} INFO - Filling up the DagBag from /opt/airflow/dags/youtube_warehouse_pipeline.py
[2026-09-17T10:18:44.024+0000] {processor.py:925} INFO - DAG(s) 'youtube_warehouse_pipeline' retrieved from /opt/airflow/dags/youtube_warehouse_pipeline.py
[2026-09-17T10:18:44.448+0000] {logging_mixin.py:190} INFO - [2026-09-17T10:18:44.448+0000] {dag.py:3239} INFO - Sync 1 DAGs
[2026-09-17T10:18:44.460+0000] {logging_mixin.py:190} INFO - [2026-09-17T10:18:44.460+0000] {dag.py:4180} INFO - Setting next_dagrun for youtube_warehouse_pipeline to None, run_after=None
[2026-09-17T10:18:44.495+0000] {processor.py:208} INFO - Processing /opt/airflow/dags/youtube_warehouse_pipeline.py took 0.619 seconds
[2026-09-17T10:19:15.221+0000] {processor.py:186} INFO - Started process (PID=2121) to work on /opt/airflow/dags/youtube_warehouse_pipeline.py
[2026-09-17T10:19:15.223+0000] {processor.py:914} INFO - Processing file /opt/airflow/dags/youtube_warehouse_pipeline.py for tasks to queue
[2026-09-17T10:19:15.225+0000] {logging_mixin.py:190} INFO - [2026-09-17T10:19:15.225+0000] {dagbag.py:588} INFO - Filling up the DagBag from /opt/airflow/dags/youtube_warehouse_pipeline.py
[2026-09-17T10:19:15.298+0000] {processor.py:925} INFO - DAG(s) 'youtube_warehouse_pipeline' retrieved from /opt/airflow/dags/youtube_warehouse_pipeline.py
[2026-09-17T10:19:15.322+0000] {logging_mixin.py:190} INFO - [2026-09-17T10:19:15.322+0000] {dag.py:3239} INFO - Sync 1 DAGs
[2026-09-17T10:19:15.336+0000] {logging_mixin.py:190} INFO - [2026-09-17T10:19:15.335+0000] {dag.py:4180} INFO - Setting next_dagrun for youtube_warehouse_pipeline to None, run_after=None
[2026-09-17T10:19:15.357+0000] {processor.py:208} INFO - Processing /opt/airflow/dags/youtube_warehouse_pipeline.py took 0.141 seconds
[2026-09-17T10:19:45.733+0000] {processor.py:186} INFO - Started process (PID=2129) to work on /opt/airflow/dags/youtube_warehouse_pipeline.py
[2026-09-17T10:19:45.736+0000] {processor.py:914} INFO - Processing file /opt/airflow/dags/youtube_warehouse_pipeline.py for tasks to queue
[2026-09-17T10:19:45.738+0000] {logging_mixin.py:190} INFO - [2026-09-17T10:19:45.738+0000] {dagbag.py:588} INFO - Filling up the DagBag from /opt/airflow/dags/youtube_warehouse_pipeline.py
[2026-09-17T10:19:45.837+0000] {processor.py:925} INFO - DAG(s) 'youtube_warehouse_pipeline' retrieved from /opt/airflow/dags/youtube_warehouse_pipeline.py
[2026-09-17T10:19:45.868+0000] {logging_mixin.py:190} INFO - [2026-09-17T10:19:45.868+0000] {dag.py:3239} INFO - Sync 1 DAGs
[2026-09-17T10:19:45.885+0000] {logging_mixin.py:190} INFO - [2026-09-17T10:19:45.885+0000] {dag.py:4180} INFO - Setting next_dagrun for youtube_warehouse_pipeline to None, run_after=None
[2026-09-17T10:19:45.908+0000] {processor.py:208} INFO - Processing /opt/airflow/dags/youtube_warehouse_pipeline.py took 0.184 seconds
[2026-09-17T10:20:16.047+0000] {processor.py:186} INFO - Started process (PID=2137) to work on /opt/airflow/dags/youtube_warehouse_pipeline.py
[2026-09-17T10:20:16.049+0000] {processor.py:914} INFO - Processing file /opt/airflow/dags/youtube_warehouse_pipeline.py for tasks to queue
[2026-09-17T10:20:16.052+0000] {logging_mixin.py:190} INFO - [2026-09-17T10:20:16.051+0000] {dagbag.py:588} INFO - Filling up the DagBag from /opt/airflow/dags/youtube_warehouse_pipeline.py
[2026-09-17T10:20:16.182+0000] {processor.py:925} INFO - DAG(s) 'youtube_warehouse_pipeline' retrieved from /opt/airflow/dags/youtube_warehouse_pipeline.py
[2026-09-17T10:20:16.236+0000] {logging_mixin.py:190} INFO - [2026-09-17T10:20:16.235+0000] {dag.py:3239} INFO - Sync 1 DAGs
[2026-09-17T10:20:16.266+0000] {logging_mixin.py:190} INFO - [2026-09-17T10:20:16.266+0000] {dag.py:4180} INFO - Setting next_dagrun for youtube_warehouse_pipeline to None, run_after=None
[2026-09-17T10:20:16.305+0000] {processor.py:208} INFO - Processing /opt/airflow/dags/youtube_warehouse_pipeline.py took 0.268 seconds
[2026-09-17T10:20:46.479+0000] {processor.py:186} INFO - Started process (PID=2145) to work on /opt/airflow/dags/youtube_warehouse_pipeline.py
[2026-09-17T10:20:46.483+0000] {processor.py:914} INFO - Processing file /opt/airflow/dags/youtube_warehouse_pipeline.py for tasks to queue
[2026-09-17T10:20:46.486+0000] {logging_mixin.py:190} INFO - [2026-09-17T10:20:46.485+0000] {dagbag.py:588} INFO - Filling up the DagBag from /opt/airflow/dags/youtube_warehouse_pipeline.py
[2026-09-17T10:20:46.577+0000] {processor.py:925} INFO - DAG(s) 'youtube_warehouse_pipeline' retrieved from /opt/airflow/dags/youtube_warehouse_pipeline.py
[2026-09-17T10:20:46.602+0000] {logging_mixin.py:190} INFO - [2026-09-17T10:20:46.601+0000] {dag.py:3239} INFO - Sync 1 DAGs
[2026-09-17T10:20:46.613+0000] {logging_mixin.py:190} INFO - [2026-09-17T10:20:46.613+0000] {dag.py:4180} INFO - Setting next_dagrun for youtube_warehouse_pipeline to None, run_after=None
[2026-09-17T10:20:46.633+0000] {processor.py:208} INFO - Processing /opt/airflow/dags/youtube_warehouse_pipeline.py took 0.163 seconds
[2026-09-17T10:21:16.961+0000] {processor.py:186} INFO - Started process (PID=2153) to work on /opt/airflow/dags/youtube_warehouse_pipeline.py
[2026-09-17T10:21:16.963+0000] {processor.py:914} INFO - Processing file /opt/airflow/dags/youtube_warehouse_pipeline.py for tasks to queue
[2026-09-17T10:21:16.965+0000] {logging_mixin.py:190} INFO - [2026-09-17T10:21:16.964+0000] {dagbag.py:588} INFO - Filling up the DagBag from /opt/airflow/dags/youtube_warehouse_pipeline.py
[2026-09-17T10:21:17.060+0000] {processor.py:925} INFO - DAG(s) 'youtube_warehouse_pipeline' retrieved from /opt/airflow/dags/youtube_warehouse_pipeline.py
[2026-09-17T10:21:17.095+0000] {logging_mixin.py:190} INFO - [2026-09-17T10:21:17.095+0000] {dag.py:3239} INFO - Sync 1 DAGs
[2026-09-17T10:21:17.111+0000] {logging_mixin.py:190} INFO - [2026-09-17T10:21:17.110+0000] {dag.py:4180} INFO - Setting next_dagrun for youtube_warehouse_pipeline to None, run_after=None
[2026-09-17T10:21:17.132+0000] {processor.py:208} INFO - Processing /opt/airflow/dags/youtube_warehouse_pipeline.py took 0.178 seconds
[2026-09-17T10:21:47.497+0000] {processor.py:186} INFO - Started process (PID=2161) to work on /opt/airflow/dags/youtube_warehouse_pipeline.py
[2026-09-17T10:21:47.499+0000] {processor.py:914} INFO - Processing file /opt/airflow/dags/youtube_warehouse_pipeline.py for tasks to queue
[2026-09-17T10:21:47.501+0000] {logging_mixin.py:190} INFO - [2026-09-17T10:21:47.501+0000] {dagbag.py:588} INFO - Filling up the DagBag from /opt/airflow/dags/youtube_warehouse_pipeline.py
[2026-09-17T10:21:47.600+0000] {processor.py:925} INFO - DAG(s) 'youtube_warehouse_pipeline' retrieved from /opt/airflow/dags/youtube_warehouse_pipeline.py
[2026-09-17T10:21:47.633+0000] {logging_mixin.py:190} INFO - [2026-09-17T10:21:47.633+0000] {dag.py:3239} INFO - Sync 1 DAGs
[2026-09-17T10:21:47.650+0000] {logging_mixin.py:190} INFO - [2026-09-17T10:21:47.649+0000] {dag.py:4180} INFO - Setting next_dagrun for youtube_warehouse_pipeline to None, run_after=None
[2026-09-17T10:21:47.672+0000] {processor.py:208} INFO - Processing /opt/airflow/dags/youtube_warehouse_pipeline.py took 0.182 seconds
[2026-09-17T10:22:17.995+0000] {processor.py:186} INFO - Started process (PID=2169) to work on /opt/airflow/dags/youtube_warehouse_pipeline.py
[2026-09-17T10:22:17.997+0000] {processor.py:914} INFO - Processing file /opt/airflow/dags/youtube_warehouse_pipeline.py for tasks to queue
[2026-09-17T10:22:17.999+0000] {logging_mixin.py:190} INFO - [2026-09-17T10:22:17.999+0000] {dagbag.py:588} INFO - Filling up the DagBag from /opt/airflow/dags/youtube_warehouse_pipeline.py
[2026-09-17T10:22:18.081+0000] {processor.py:925} INFO - DAG(s) 'youtube_warehouse_pipeline' retrieved from /opt/airflow/dags/youtube_warehouse_pipeline.py
[2026-09-17T10:22:18.108+0000] {logging_mixin.py:190} INFO - [2026-09-17T10:22:18.108+0000] {dag.py:3239} INFO - Sync 1 DAGs
[2026-09-17T10:22:18.121+0000] {logging_mixin.py:190} INFO - [2026-09-17T10:22:18.121+0000] {dag.py:4180} INFO - Setting next_dagrun for youtube_warehouse_pipeline to None, run_after=None
[2026-09-17T10:22:18.140+0000] {processor.py:208} INFO - Processing /opt/airflow/dags/youtube_warehouse_pipeline.py took 0.151 seconds
[2026-09-17T10:22:48.309+0000] {processor.py:186} INFO - Started process (PID=2177) to work on /opt/airflow/dags/youtube_warehouse_pipeline.py
[2026-09-17T10:22:48.311+0000] {processor.py:914} INFO - Processing file /opt/airflow/dags/youtube_warehouse_pipeline.py for tasks to queue
[2026-09-17T10:22:48.313+0000] {logging_mixin.py:190} INFO - [2026-09-17T10:22:48.313+0000] {dagbag.py:588} INFO - Filling up the DagBag from /opt/airflow/dags/youtube_warehouse_pipeline.py
[2026-09-17T10:22:48.387+0000] {processor.py:925} INFO - DAG(s) 'youtube_warehouse_pipeline' retrieved from /opt/airflow/dags/youtube_warehouse_pipeline.py
[2026-09-17T10:22:48.483+0000] {logging_mixin.py:190} INFO - [2026-09-17T10:22:48.483+0000] {dag.py:3239} INFO - Sync 1 DAGs
[2026-09-17T10:22:48.497+0000] {logging_mixin.py:190} INFO - [2026-09-17T10:22:48.497+0000] {dag.py:4180} INFO - Setting next_dagrun for youtube_warehouse_pipeline to None, run_after=None
[2026-09-17T10:22:48.521+0000] {processor.py:208} INFO - Processing /opt/airflow/dags/youtube_warehouse_pipeline.py took 0.216 seconds
[2026-09-17T10:23:18.886+0000] {processor.py:186} INFO - Started process (PID=2185) to work on /opt/airflow/dags/youtube_warehouse_pipeline.py
[2026-09-17T10:23:18.888+0000] {processor.py:914} INFO - Processing file /opt/airflow/dags/youtube_warehouse_pipeline.py for tasks to queue
[2026-09-17T10:23:18.892+0000] {logging_mixin.py:190} INFO - [2026-09-17T10:23:18.891+0000] {dagbag.py:588} INFO - Filling up the DagBag from /opt/airflow/dags/youtube_warehouse_pipeline.py
[2026-09-17T10:23:18.985+0000] {processor.py:925} INFO - DAG(s) 'youtube_warehouse_pipeline' retrieved from /opt/airflow/dags/youtube_warehouse_pipeline.py
[2026-09-17T10:23:19.012+0000] {logging_mixin.py:190} INFO - [2026-09-17T10:23:19.012+0000] {dag.py:3239} INFO - Sync 1 DAGs
[2026-09-17T10:23:19.032+0000] {logging_mixin.py:190} INFO - [2026-09-17T10:23:19.032+0000] {dag.py:4180} INFO - Setting next_dagrun for youtube_warehouse_pipeline to None, run_after=None
[2026-09-17T10:23:19.059+0000] {processor.py:208} INFO - Processing /opt/airflow/dags/youtube_warehouse_pipeline.py took 0.178 seconds
[2026-09-17T10:23:49.224+0000] {processor.py:186} INFO - Started process (PID=2193) to work on /opt/airflow/dags/youtube_warehouse_pipeline.py
[2026-09-17T10:23:49.226+0000] {processor.py:914} INFO - Processing file /opt/airflow/dags/youtube_warehouse_pipeline.py for tasks to queue
[2026-09-17T10:23:49.228+0000] {logging_mixin.py:190} INFO - [2026-09-17T10:23:49.228+0000] {dagbag.py:588} INFO - Filling up the DagBag from /opt/airflow/dags/youtube_warehouse_pipeline.py
[2026-09-17T10:23:49.309+0000] {processor.py:925} INFO - DAG(s) 'youtube_warehouse_pipeline' retrieved from /opt/airflow/dags/youtube_warehouse_pipeline.py
[2026-09-17T10:23:49.339+0000] {logging_mixin.py:190} INFO - [2026-09-17T10:23:49.339+0000] {dag.py:3239} INFO - Sync 1 DAGs
[2026-09-17T10:23:49.352+0000] {logging_mixin.py:190} INFO - [2026-09-17T10:23:49.352+0000] {dag.py:4180} INFO - Setting next_dagrun for youtube_warehouse_pipeline to None, run_after=None
[2026-09-17T10:23:49.372+0000] {processor.py:208} INFO - Processing /opt/airflow/dags/youtube_warehouse_pipeline.py took 0.154 seconds
[2026-09-17T10:24:19.693+0000] {processor.py:186} INFO - Started process (PID=2201) to work on /opt/airflow/dags/youtube_warehouse_pipeline.py
[2026-09-17T10:24:19.695+0000] {processor.py:914} INFO - Processing file /opt/airflow/dags/youtube_warehouse_pipeline.py for tasks to queue
[2026-09-17T10:24:19.698+0000] {logging_mixin.py:190} INFO - [2026-09-17T10:24:19.697+0000] {dagbag.py:588} INFO - Filling up the DagBag from /opt/airflow/dags/youtube_warehouse_pipeline.py
[2026-09-17T10:24:19.783+0000] {processor.py:925} INFO - DAG(s) 'youtube_warehouse_pipeline' retrieved from /opt/airflow/dags/youtube_warehouse_pipeline.py
[2026-09-17T10:24:19.812+0000] {logging_mixin.py:190} INFO - [2026-09-17T10:24:19.812+0000] {dag.py:3239} INFO - Sync 1 DAGs
[2026-09-17T10:24:19.827+0000] {logging_mixin.py:190} INFO - [2026-09-17T10:24:19.826+0000] {dag.py:4180} INFO - Setting next_dagrun for youtube_warehouse_pipeline to None, run_after=None
[2026-09-17T10:24:19.850+0000] {processor.py:208} INFO - Processing /opt/airflow/dags/youtube_warehouse_pipeline.py took 0.163 seconds
[2026-09-17T10:24:50.248+0000] {processor.py:186} INFO - Started process (PID=2209) to work on /opt/airflow/dags/youtube_warehouse_pipeline.py
[2026-09-17T10:24:50.250+0000] {processor.py:914} INFO - Processing file /opt/airflow/dags/youtube_warehouse_pipeline.py for tasks to queue
[2026-09-17T10:24:50.251+0000] {logging_mixin.py:190} INFO - [2026-09-17T10:24:50.251+0000] {dagbag.py:588} INFO - Filling up the DagBag from /opt/airflow/dags/youtube_warehouse_pipeline.py
[2026-09-17T10:24:50.332+0000] {processor.py:925} INFO - DAG(s) 'youtube_warehouse_pipeline' retrieved from /opt/airflow/dags/youtube_warehouse_pipeline.py
[2026-09-17T10:24:50.350+0000] {logging_mixin.py:190} INFO - [2026-09-17T10:24:50.350+0000] {dag.py:3239} INFO - Sync 1 DAGs
[2026-09-17T10:24:50.365+0000] {logging_mixin.py:190} INFO - [2026-09-17T10:24:50.365+0000] {dag.py:4180} INFO - Setting next_dagrun for youtube_warehouse_pipeline to None, run_after=None
[2026-09-17T10:24:50.386+0000] {processor.py:208} INFO - Processing /opt/airflow/dags/youtube_warehouse_pipeline.py took 0.143 seconds
[2026-09-17T10:25:20.732+0000] {processor.py:186} INFO - Started process (PID=2217) to work on /opt/airflow/dags/youtube_warehouse_pipeline.py
[2026-09-17T10:25:20.735+0000] {processor.py:914} INFO - Processing file /opt/airflow/dags/youtube_warehouse_pipeline.py for tasks to queue
[2026-09-17T10:25:20.738+0000] {logging_mixin.py:190} INFO - [2026-09-17T10:25:20.737+0000] {dagbag.py:588} INFO - Filling up the DagBag from /opt/airflow/dags/youtube_warehouse_pipeline.py
[2026-09-17T10:25:20.830+0000] {processor.py:925} INFO - DAG(s) 'youtube_warehouse_pipeline' retrieved from /opt/airflow/dags/youtube_warehouse_pipeline.py
[2026-09-17T10:25:20.863+0000] {logging_mixin.py:190} INFO - [2026-09-17T10:25:20.862+0000] {dag.py:3239} INFO - Sync 1 DAGs
[2026-09-17T10:25:20.878+0000] {logging_mixin.py:190} INFO - [2026-09-17T10:25:20.878+0000] {dag.py:4180} INFO - Setting next_dagrun for youtube_warehouse_pipeline to None, run_after=None
[2026-09-17T10:25:20.907+0000] {processor.py:208} INFO - Processing /opt/airflow/dags/youtube_warehouse_pipeline.py took 0.180 seconds
[2026-09-17T10:25:51.313+0000] {processor.py:186} INFO - Started process (PID=2225) to work on /opt/airflow/dags/youtube_warehouse_pipeline.py
[2026-09-17T10:25:51.316+0000] {processor.py:914} INFO - Processing file /opt/airflow/dags/youtube_warehouse_pipeline.py for tasks to queue
[2026-09-17T10:25:51.319+0000] {logging_mixin.py:190} INFO - [2026-09-17T10:25:51.318+0000] {dagbag.py:588} INFO - Filling up the DagBag from /opt/airflow/dags/youtube_warehouse_pipeline.py
[2026-09-17T10:25:51.359+0000] {logging_mixin.py:190} INFO - [2026-09-17T10:25:51.350+0000] {dagbag.py:387} ERROR - Failed to import: /opt/airflow/dags/youtube_warehouse_pipeline.py
Traceback (most recent call last):
  File "/home/airflow/.local/lib/python3.10/site-packages/airflow/models/dagbag.py", line 383, in parse
    loader.exec_module(new_module)
  File "<frozen importlib._bootstrap_external>", line 883, in exec_module
  File "<frozen importlib._bootstrap>", line 241, in _call_with_frames_removed
  File "/opt/airflow/dags/youtube_warehouse_pipeline.py", line 10, in <module>
    from include.load import youtube_load as load_videos
  File "<frozen importlib._bootstrap>", line 1027, in _find_and_load
  File "<frozen importlib._bootstrap>", line 1002, in _find_and_load_unlocked
  File "<frozen importlib._bootstrap>", line 945, in _find_spec
  File "<frozen importlib._bootstrap_external>", line 1439, in find_spec
  File "<frozen importlib._bootstrap_external>", line 1411, in _get_spec
  File "<frozen importlib._bootstrap_external>", line 1548, in find_spec
  File "<frozen importlib._bootstrap_external>", line 1591, in _fill_cache
OSError: [Errno 12] Cannot allocate memory: '/opt/airflow/include'
[2026-09-17T10:25:51.360+0000] {processor.py:927} WARNING - No viable dags retrieved from /opt/airflow/dags/youtube_warehouse_pipeline.py
[2026-09-17T10:25:51.408+0000] {processor.py:208} INFO - Processing /opt/airflow/dags/youtube_warehouse_pipeline.py took 0.101 seconds
[2026-09-17T10:26:21.746+0000] {processor.py:186} INFO - Started process (PID=2233) to work on /opt/airflow/dags/youtube_warehouse_pipeline.py
[2026-09-17T10:26:21.748+0000] {processor.py:914} INFO - Processing file /opt/airflow/dags/youtube_warehouse_pipeline.py for tasks to queue
[2026-09-17T10:26:21.750+0000] {logging_mixin.py:190} INFO - [2026-09-17T10:26:21.750+0000] {dagbag.py:588} INFO - Filling up the DagBag from /opt/airflow/dags/youtube_warehouse_pipeline.py
[2026-09-17T10:26:21.839+0000] {processor.py:925} INFO - DAG(s) 'youtube_warehouse_pipeline' retrieved from /opt/airflow/dags/youtube_warehouse_pipeline.py
[2026-09-17T10:26:21.877+0000] {logging_mixin.py:190} INFO - [2026-09-17T10:26:21.877+0000] {dag.py:3239} INFO - Sync 1 DAGs
[2026-09-17T10:26:21.895+0000] {logging_mixin.py:190} INFO - [2026-09-17T10:26:21.895+0000] {dag.py:4180} INFO - Setting next_dagrun for youtube_warehouse_pipeline to None, run_after=None
[2026-09-17T10:26:21.930+0000] {processor.py:208} INFO - Processing /opt/airflow/dags/youtube_warehouse_pipeline.py took 0.191 seconds
[2026-09-17T10:26:52.150+0000] {processor.py:186} INFO - Started process (PID=2241) to work on /opt/airflow/dags/youtube_warehouse_pipeline.py
[2026-09-17T10:26:52.153+0000] {processor.py:914} INFO - Processing file /opt/airflow/dags/youtube_warehouse_pipeline.py for tasks to queue
[2026-09-17T10:26:52.158+0000] {logging_mixin.py:190} INFO - [2026-09-17T10:26:52.155+0000] {dagbag.py:588} INFO - Filling up the DagBag from /opt/airflow/dags/youtube_warehouse_pipeline.py
[2026-09-17T10:26:52.287+0000] {processor.py:925} INFO - DAG(s) 'youtube_warehouse_pipeline' retrieved from /opt/airflow/dags/youtube_warehouse_pipeline.py
[2026-09-17T10:26:52.325+0000] {logging_mixin.py:190} INFO - [2026-09-17T10:26:52.325+0000] {dag.py:3239} INFO - Sync 1 DAGs
[2026-09-17T10:26:52.339+0000] {logging_mixin.py:190} INFO - [2026-09-17T10:26:52.339+0000] {dag.py:4180} INFO - Setting next_dagrun for youtube_warehouse_pipeline to None, run_after=None
[2026-09-17T10:26:52.358+0000] {processor.py:208} INFO - Processing /opt/airflow/dags/youtube_warehouse_pipeline.py took 0.229 seconds
[2026-09-17T10:27:22.712+0000] {processor.py:186} INFO - Started process (PID=2249) to work on /opt/airflow/dags/youtube_warehouse_pipeline.py
[2026-09-17T10:27:22.715+0000] {processor.py:914} INFO - Processing file /opt/airflow/dags/youtube_warehouse_pipeline.py for tasks to queue
[2026-09-17T10:27:22.717+0000] {logging_mixin.py:190} INFO - [2026-09-17T10:27:22.717+0000] {dagbag.py:588} INFO - Filling up the DagBag from /opt/airflow/dags/youtube_warehouse_pipeline.py
[2026-09-17T10:27:22.869+0000] {processor.py:925} INFO - DAG(s) 'youtube_warehouse_pipeline' retrieved from /opt/airflow/dags/youtube_warehouse_pipeline.py
[2026-09-17T10:27:22.922+0000] {logging_mixin.py:190} INFO - [2026-09-17T10:27:22.922+0000] {dag.py:3239} INFO - Sync 1 DAGs
[2026-09-17T10:27:22.939+0000] {logging_mixin.py:190} INFO - [2026-09-17T10:27:22.939+0000] {dag.py:4180} INFO - Setting next_dagrun for youtube_warehouse_pipeline to None, run_after=None
[2026-09-17T10:27:22.966+0000] {processor.py:208} INFO - Processing /opt/airflow/dags/youtube_warehouse_pipeline.py took 0.263 seconds
[2026-09-17T10:27:53.105+0000] {processor.py:186} INFO - Started process (PID=2257) to work on /opt/airflow/dags/youtube_warehouse_pipeline.py
[2026-09-17T10:27:53.107+0000] {processor.py:914} INFO - Processing file /opt/airflow/dags/youtube_warehouse_pipeline.py for tasks to queue
[2026-09-17T10:27:53.110+0000] {logging_mixin.py:190} INFO - [2026-09-17T10:27:53.110+0000] {dagbag.py:588} INFO - Filling up the DagBag from /opt/airflow/dags/youtube_warehouse_pipeline.py
[2026-09-17T10:27:53.235+0000] {processor.py:925} INFO - DAG(s) 'youtube_warehouse_pipeline' retrieved from /opt/airflow/dags/youtube_warehouse_pipeline.py
[2026-09-17T10:27:53.262+0000] {logging_mixin.py:190} INFO - [2026-09-17T10:27:53.262+0000] {dag.py:3239} INFO - Sync 1 DAGs
[2026-09-17T10:27:53.280+0000] {logging_mixin.py:190} INFO - [2026-09-17T10:27:53.279+0000] {dag.py:4180} INFO - Setting next_dagrun for youtube_warehouse_pipeline to None, run_after=None
[2026-09-17T10:27:53.304+0000] {processor.py:208} INFO - Processing /opt/airflow/dags/youtube_warehouse_pipeline.py took 0.208 seconds
[2026-09-17T10:28:23.665+0000] {processor.py:186} INFO - Started process (PID=2265) to work on /opt/airflow/dags/youtube_warehouse_pipeline.py
[2026-09-17T10:28:23.668+0000] {processor.py:914} INFO - Processing file /opt/airflow/dags/youtube_warehouse_pipeline.py for tasks to queue
[2026-09-17T10:28:23.672+0000] {logging_mixin.py:190} INFO - [2026-09-17T10:28:23.671+0000] {dagbag.py:588} INFO - Filling up the DagBag from /opt/airflow/dags/youtube_warehouse_pipeline.py
[2026-09-17T10:28:23.784+0000] {processor.py:925} INFO - DAG(s) 'youtube_warehouse_pipeline' retrieved from /opt/airflow/dags/youtube_warehouse_pipeline.py
[2026-09-17T10:28:23.811+0000] {logging_mixin.py:190} INFO - [2026-09-17T10:28:23.811+0000] {dag.py:3239} INFO - Sync 1 DAGs
[2026-09-17T10:28:23.826+0000] {logging_mixin.py:190} INFO - [2026-09-17T10:28:23.826+0000] {dag.py:4180} INFO - Setting next_dagrun for youtube_warehouse_pipeline to None, run_after=None
[2026-09-17T10:28:23.847+0000] {processor.py:208} INFO - Processing /opt/airflow/dags/youtube_warehouse_pipeline.py took 0.194 seconds
[2026-09-17T10:28:54.176+0000] {processor.py:186} INFO - Started process (PID=2273) to work on /opt/airflow/dags/youtube_warehouse_pipeline.py
[2026-09-17T10:28:54.178+0000] {processor.py:914} INFO - Processing file /opt/airflow/dags/youtube_warehouse_pipeline.py for tasks to queue
[2026-09-17T10:28:54.180+0000] {logging_mixin.py:190} INFO - [2026-09-17T10:28:54.179+0000] {dagbag.py:588} INFO - Filling up the DagBag from /opt/airflow/dags/youtube_warehouse_pipeline.py
[2026-09-17T10:28:54.322+0000] {processor.py:925} INFO - DAG(s) 'youtube_warehouse_pipeline' retrieved from /opt/airflow/dags/youtube_warehouse_pipeline.py
[2026-09-17T10:28:54.391+0000] {logging_mixin.py:190} INFO - [2026-09-17T10:28:54.391+0000] {dag.py:3239} INFO - Sync 1 DAGs
[2026-09-17T10:28:54.408+0000] {logging_mixin.py:190} INFO - [2026-09-17T10:28:54.408+0000] {dag.py:4180} INFO - Setting next_dagrun for youtube_warehouse_pipeline to None, run_after=None
[2026-09-17T10:28:54.431+0000] {processor.py:208} INFO - Processing /opt/airflow/dags/youtube_warehouse_pipeline.py took 0.265 seconds
[2026-09-17T10:29:24.540+0000] {processor.py:186} INFO - Started process (PID=2281) to work on /opt/airflow/dags/youtube_warehouse_pipeline.py
[2026-09-17T10:29:24.542+0000] {processor.py:914} INFO - Processing file /opt/airflow/dags/youtube_warehouse_pipeline.py for tasks to queue
[2026-09-17T10:29:24.544+0000] {logging_mixin.py:190} INFO - [2026-09-17T10:29:24.544+0000] {dagbag.py:588} INFO - Filling up the DagBag from /opt/airflow/dags/youtube_warehouse_pipeline.py
[2026-09-17T10:29:24.633+0000] {processor.py:925} INFO - DAG(s) 'youtube_warehouse_pipeline' retrieved from /opt/airflow/dags/youtube_warehouse_pipeline.py
[2026-09-17T10:29:24.659+0000] {logging_mixin.py:190} INFO - [2026-09-17T10:29:24.659+0000] {dag.py:3239} INFO - Sync 1 DAGs
[2026-09-17T10:29:24.680+0000] {logging_mixin.py:190} INFO - [2026-09-17T10:29:24.679+0000] {dag.py:4180} INFO - Setting next_dagrun for youtube_warehouse_pipeline to None, run_after=None
[2026-09-17T10:29:24.702+0000] {processor.py:208} INFO - Processing /opt/airflow/dags/youtube_warehouse_pipeline.py took 0.168 seconds
[2026-09-17T10:39:52.718+0000] {processor.py:186} INFO - Started process (PID=2411) to work on /opt/airflow/dags/youtube_warehouse_pipeline.py
[2026-09-17T10:39:52.721+0000] {processor.py:914} INFO - Processing file /opt/airflow/dags/youtube_warehouse_pipeline.py for tasks to queue
[2026-09-17T10:39:52.724+0000] {logging_mixin.py:190} INFO - [2026-09-17T10:39:52.723+0000] {dagbag.py:588} INFO - Filling up the DagBag from /opt/airflow/dags/youtube_warehouse_pipeline.py
[2026-09-17T10:39:52.850+0000] {processor.py:925} INFO - DAG(s) 'youtube_warehouse_pipeline' retrieved from /opt/airflow/dags/youtube_warehouse_pipeline.py
[2026-09-17T10:39:53.137+0000] {logging_mixin.py:190} INFO - [2026-09-17T10:39:53.137+0000] {dag.py:3239} INFO - Sync 1 DAGs
[2026-09-17T10:39:53.158+0000] {logging_mixin.py:190} INFO - [2026-09-17T10:39:53.157+0000] {dag.py:4180} INFO - Setting next_dagrun for youtube_warehouse_pipeline to None, run_after=None
[2026-09-17T10:39:53.187+0000] {processor.py:208} INFO - Processing /opt/airflow/dags/youtube_warehouse_pipeline.py took 0.489 seconds
[2026-09-17T10:40:23.690+0000] {processor.py:186} INFO - Started process (PID=2419) to work on /opt/airflow/dags/youtube_warehouse_pipeline.py
[2026-09-17T10:40:23.693+0000] {processor.py:914} INFO - Processing file /opt/airflow/dags/youtube_warehouse_pipeline.py for tasks to queue
[2026-09-17T10:40:23.697+0000] {logging_mixin.py:190} INFO - [2026-09-17T10:40:23.696+0000] {dagbag.py:588} INFO - Filling up the DagBag from /opt/airflow/dags/youtube_warehouse_pipeline.py
[2026-09-17T10:40:23.820+0000] {processor.py:925} INFO - DAG(s) 'youtube_warehouse_pipeline' retrieved from /opt/airflow/dags/youtube_warehouse_pipeline.py
[2026-09-17T10:40:23.878+0000] {logging_mixin.py:190} INFO - [2026-09-17T10:40:23.878+0000] {dag.py:3239} INFO - Sync 1 DAGs
[2026-09-17T10:40:23.898+0000] {logging_mixin.py:190} INFO - [2026-09-17T10:40:23.898+0000] {dag.py:4180} INFO - Setting next_dagrun for youtube_warehouse_pipeline to None, run_after=None
[2026-09-17T10:40:23.921+0000] {processor.py:208} INFO - Processing /opt/airflow/dags/youtube_warehouse_pipeline.py took 0.250 seconds
[2026-09-17T10:40:54.238+0000] {processor.py:186} INFO - Started process (PID=2427) to work on /opt/airflow/dags/youtube_warehouse_pipeline.py
[2026-09-17T10:40:54.239+0000] {processor.py:914} INFO - Processing file /opt/airflow/dags/youtube_warehouse_pipeline.py for tasks to queue
[2026-09-17T10:40:54.242+0000] {logging_mixin.py:190} INFO - [2026-09-17T10:40:54.241+0000] {dagbag.py:588} INFO - Filling up the DagBag from /opt/airflow/dags/youtube_warehouse_pipeline.py
[2026-09-17T10:40:54.325+0000] {processor.py:925} INFO - DAG(s) 'youtube_warehouse_pipeline' retrieved from /opt/airflow/dags/youtube_warehouse_pipeline.py
[2026-09-17T10:40:54.348+0000] {logging_mixin.py:190} INFO - [2026-09-17T10:40:54.348+0000] {dag.py:3239} INFO - Sync 1 DAGs
[2026-09-17T10:40:54.364+0000] {logging_mixin.py:190} INFO - [2026-09-17T10:40:54.363+0000] {dag.py:4180} INFO - Setting next_dagrun for youtube_warehouse_pipeline to None, run_after=None
[2026-09-17T10:40:54.385+0000] {processor.py:208} INFO - Processing /opt/airflow/dags/youtube_warehouse_pipeline.py took 0.154 seconds
[2026-09-17T10:41:24.579+0000] {processor.py:186} INFO - Started process (PID=2435) to work on /opt/airflow/dags/youtube_warehouse_pipeline.py
[2026-09-17T10:41:24.582+0000] {processor.py:914} INFO - Processing file /opt/airflow/dags/youtube_warehouse_pipeline.py for tasks to queue
[2026-09-17T10:41:24.584+0000] {logging_mixin.py:190} INFO - [2026-09-17T10:41:24.584+0000] {dagbag.py:588} INFO - Filling up the DagBag from /opt/airflow/dags/youtube_warehouse_pipeline.py
[2026-09-17T10:41:24.683+0000] {processor.py:925} INFO - DAG(s) 'youtube_warehouse_pipeline' retrieved from /opt/airflow/dags/youtube_warehouse_pipeline.py
[2026-09-17T10:41:24.735+0000] {logging_mixin.py:190} INFO - [2026-09-17T10:41:24.735+0000] {dag.py:3239} INFO - Sync 1 DAGs
[2026-09-17T10:41:24.752+0000] {logging_mixin.py:190} INFO - [2026-09-17T10:41:24.752+0000] {dag.py:4180} INFO - Setting next_dagrun for youtube_warehouse_pipeline to None, run_after=None
[2026-09-17T10:41:24.780+0000] {processor.py:208} INFO - Processing /opt/airflow/dags/youtube_warehouse_pipeline.py took 0.213 seconds
[2026-09-17T10:41:55.123+0000] {processor.py:186} INFO - Started process (PID=2443) to work on /opt/airflow/dags/youtube_warehouse_pipeline.py
[2026-09-17T10:41:55.125+0000] {processor.py:914} INFO - Processing file /opt/airflow/dags/youtube_warehouse_pipeline.py for tasks to queue
[2026-09-17T10:41:55.128+0000] {logging_mixin.py:190} INFO - [2026-09-17T10:41:55.127+0000] {dagbag.py:588} INFO - Filling up the DagBag from /opt/airflow/dags/youtube_warehouse_pipeline.py
[2026-09-17T10:41:55.215+0000] {processor.py:925} INFO - DAG(s) 'youtube_warehouse_pipeline' retrieved from /opt/airflow/dags/youtube_warehouse_pipeline.py
[2026-09-17T10:41:55.268+0000] {logging_mixin.py:190} INFO - [2026-09-17T10:41:55.268+0000] {dag.py:3239} INFO - Sync 1 DAGs
[2026-09-17T10:41:55.290+0000] {logging_mixin.py:190} INFO - [2026-09-17T10:41:55.290+0000] {dag.py:4180} INFO - Setting next_dagrun for youtube_warehouse_pipeline to None, run_after=None
[2026-09-17T10:41:55.312+0000] {processor.py:208} INFO - Processing /opt/airflow/dags/youtube_warehouse_pipeline.py took 0.199 seconds
[2026-09-17T10:42:25.659+0000] {processor.py:186} INFO - Started process (PID=2451) to work on /opt/airflow/dags/youtube_warehouse_pipeline.py
[2026-09-17T10:42:25.663+0000] {processor.py:914} INFO - Processing file /opt/airflow/dags/youtube_warehouse_pipeline.py for tasks to queue
[2026-09-17T10:42:25.665+0000] {logging_mixin.py:190} INFO - [2026-09-17T10:42:25.665+0000] {dagbag.py:588} INFO - Filling up the DagBag from /opt/airflow/dags/youtube_warehouse_pipeline.py
[2026-09-17T10:42:25.757+0000] {processor.py:925} INFO - DAG(s) 'youtube_warehouse_pipeline' retrieved from /opt/airflow/dags/youtube_warehouse_pipeline.py
[2026-09-17T10:42:25.784+0000] {logging_mixin.py:190} INFO - [2026-09-17T10:42:25.784+0000] {dag.py:3239} INFO - Sync 1 DAGs
[2026-09-17T10:42:25.798+0000] {logging_mixin.py:190} INFO - [2026-09-17T10:42:25.798+0000] {dag.py:4180} INFO - Setting next_dagrun for youtube_warehouse_pipeline to None, run_after=None
[2026-09-17T10:42:25.823+0000] {processor.py:208} INFO - Processing /opt/airflow/dags/youtube_warehouse_pipeline.py took 0.173 seconds
[2026-09-17T10:42:56.170+0000] {processor.py:186} INFO - Started process (PID=2460) to work on /opt/airflow/dags/youtube_warehouse_pipeline.py
[2026-09-17T10:42:56.173+0000] {processor.py:914} INFO - Processing file /opt/airflow/dags/youtube_warehouse_pipeline.py for tasks to queue
[2026-09-17T10:42:56.176+0000] {logging_mixin.py:190} INFO - [2026-09-17T10:42:56.175+0000] {dagbag.py:588} INFO - Filling up the DagBag from /opt/airflow/dags/youtube_warehouse_pipeline.py
[2026-09-17T10:42:56.271+0000] {processor.py:925} INFO - DAG(s) 'youtube_warehouse_pipeline' retrieved from /opt/airflow/dags/youtube_warehouse_pipeline.py
[2026-09-17T10:42:56.316+0000] {logging_mixin.py:190} INFO - [2026-09-17T10:42:56.316+0000] {dag.py:3239} INFO - Sync 1 DAGs
[2026-09-17T10:42:56.336+0000] {logging_mixin.py:190} INFO - [2026-09-17T10:42:56.336+0000] {dag.py:4180} INFO - Setting next_dagrun for youtube_warehouse_pipeline to None, run_after=None
[2026-09-17T10:42:56.365+0000] {processor.py:208} INFO - Processing /opt/airflow/dags/youtube_warehouse_pipeline.py took 0.205 seconds
[2026-09-17T10:43:26.752+0000] {processor.py:186} INFO - Started process (PID=2468) to work on /opt/airflow/dags/youtube_warehouse_pipeline.py
[2026-09-17T10:43:26.754+0000] {processor.py:914} INFO - Processing file /opt/airflow/dags/youtube_warehouse_pipeline.py for tasks to queue
[2026-09-17T10:43:26.757+0000] {logging_mixin.py:190} INFO - [2026-09-17T10:43:26.756+0000] {dagbag.py:588} INFO - Filling up the DagBag from /opt/airflow/dags/youtube_warehouse_pipeline.py
[2026-09-17T10:43:26.842+0000] {processor.py:925} INFO - DAG(s) 'youtube_warehouse_pipeline' retrieved from /opt/airflow/dags/youtube_warehouse_pipeline.py
[2026-09-17T10:43:26.877+0000] {logging_mixin.py:190} INFO - [2026-09-17T10:43:26.877+0000] {dag.py:3239} INFO - Sync 1 DAGs
[2026-09-17T10:43:26.891+0000] {logging_mixin.py:190} INFO - [2026-09-17T10:43:26.891+0000] {dag.py:4180} INFO - Setting next_dagrun for youtube_warehouse_pipeline to None, run_after=None
[2026-09-17T10:43:26.913+0000] {processor.py:208} INFO - Processing /opt/airflow/dags/youtube_warehouse_pipeline.py took 0.175 seconds
[2026-09-17T10:43:57.266+0000] {processor.py:186} INFO - Started process (PID=2477) to work on /opt/airflow/dags/youtube_warehouse_pipeline.py
[2026-09-17T10:43:57.268+0000] {processor.py:914} INFO - Processing file /opt/airflow/dags/youtube_warehouse_pipeline.py for tasks to queue
[2026-09-17T10:43:57.270+0000] {logging_mixin.py:190} INFO - [2026-09-17T10:43:57.270+0000] {dagbag.py:588} INFO - Filling up the DagBag from /opt/airflow/dags/youtube_warehouse_pipeline.py
[2026-09-17T10:43:57.356+0000] {processor.py:925} INFO - DAG(s) 'youtube_warehouse_pipeline' retrieved from /opt/airflow/dags/youtube_warehouse_pipeline.py
[2026-09-17T10:43:57.385+0000] {logging_mixin.py:190} INFO - [2026-09-17T10:43:57.384+0000] {dag.py:3239} INFO - Sync 1 DAGs
[2026-09-17T10:43:57.401+0000] {logging_mixin.py:190} INFO - [2026-09-17T10:43:57.401+0000] {dag.py:4180} INFO - Setting next_dagrun for youtube_warehouse_pipeline to None, run_after=None
[2026-09-17T10:43:57.425+0000] {processor.py:208} INFO - Processing /opt/airflow/dags/youtube_warehouse_pipeline.py took 0.172 seconds
[2026-09-17T10:44:27.787+0000] {processor.py:186} INFO - Started process (PID=2485) to work on /opt/airflow/dags/youtube_warehouse_pipeline.py
[2026-09-17T10:44:27.790+0000] {processor.py:914} INFO - Processing file /opt/airflow/dags/youtube_warehouse_pipeline.py for tasks to queue
[2026-09-17T10:44:27.793+0000] {logging_mixin.py:190} INFO - [2026-09-17T10:44:27.792+0000] {dagbag.py:588} INFO - Filling up the DagBag from /opt/airflow/dags/youtube_warehouse_pipeline.py
[2026-09-17T10:44:27.892+0000] {processor.py:925} INFO - DAG(s) 'youtube_warehouse_pipeline' retrieved from /opt/airflow/dags/youtube_warehouse_pipeline.py
[2026-09-17T10:44:27.949+0000] {logging_mixin.py:190} INFO - [2026-09-17T10:44:27.949+0000] {dag.py:3239} INFO - Sync 1 DAGs
[2026-09-17T10:44:27.964+0000] {logging_mixin.py:190} INFO - [2026-09-17T10:44:27.964+0000] {dag.py:4180} INFO - Setting next_dagrun for youtube_warehouse_pipeline to None, run_after=None
[2026-09-17T10:44:27.986+0000] {processor.py:208} INFO - Processing /opt/airflow/dags/youtube_warehouse_pipeline.py took 0.206 seconds
[2026-09-17T10:44:58.401+0000] {processor.py:186} INFO - Started process (PID=2493) to work on /opt/airflow/dags/youtube_warehouse_pipeline.py
[2026-09-17T10:44:58.403+0000] {processor.py:914} INFO - Processing file /opt/airflow/dags/youtube_warehouse_pipeline.py for tasks to queue
[2026-09-17T10:44:58.406+0000] {logging_mixin.py:190} INFO - [2026-09-17T10:44:58.405+0000] {dagbag.py:588} INFO - Filling up the DagBag from /opt/airflow/dags/youtube_warehouse_pipeline.py
[2026-09-17T10:44:58.510+0000] {processor.py:925} INFO - DAG(s) 'youtube_warehouse_pipeline' retrieved from /opt/airflow/dags/youtube_warehouse_pipeline.py
[2026-09-17T10:44:58.544+0000] {logging_mixin.py:190} INFO - [2026-09-17T10:44:58.544+0000] {dag.py:3239} INFO - Sync 1 DAGs
[2026-09-17T10:44:58.557+0000] {logging_mixin.py:190} INFO - [2026-09-17T10:44:58.557+0000] {dag.py:4180} INFO - Setting next_dagrun for youtube_warehouse_pipeline to None, run_after=None
[2026-09-17T10:44:58.578+0000] {processor.py:208} INFO - Processing /opt/airflow/dags/youtube_warehouse_pipeline.py took 0.189 seconds
[2026-09-17T10:45:28.962+0000] {processor.py:186} INFO - Started process (PID=2501) to work on /opt/airflow/dags/youtube_warehouse_pipeline.py
[2026-09-17T10:45:28.965+0000] {processor.py:914} INFO - Processing file /opt/airflow/dags/youtube_warehouse_pipeline.py for tasks to queue
[2026-09-17T10:45:28.967+0000] {logging_mixin.py:190} INFO - [2026-09-17T10:45:28.967+0000] {dagbag.py:588} INFO - Filling up the DagBag from /opt/airflow/dags/youtube_warehouse_pipeline.py
[2026-09-17T10:45:29.071+0000] {processor.py:925} INFO - DAG(s) 'youtube_warehouse_pipeline' retrieved from /opt/airflow/dags/youtube_warehouse_pipeline.py
[2026-09-17T10:45:29.138+0000] {logging_mixin.py:190} INFO - [2026-09-17T10:45:29.138+0000] {dag.py:3239} INFO - Sync 1 DAGs
[2026-09-17T10:45:29.160+0000] {logging_mixin.py:190} INFO - [2026-09-17T10:45:29.160+0000] {dag.py:4180} INFO - Setting next_dagrun for youtube_warehouse_pipeline to None, run_after=None
[2026-09-17T10:45:29.182+0000] {processor.py:208} INFO - Processing /opt/airflow/dags/youtube_warehouse_pipeline.py took 0.229 seconds
[2026-09-17T10:45:59.582+0000] {processor.py:186} INFO - Started process (PID=2509) to work on /opt/airflow/dags/youtube_warehouse_pipeline.py
[2026-09-17T10:45:59.587+0000] {processor.py:914} INFO - Processing file /opt/airflow/dags/youtube_warehouse_pipeline.py for tasks to queue
[2026-09-17T10:45:59.592+0000] {logging_mixin.py:190} INFO - [2026-09-17T10:45:59.591+0000] {dagbag.py:588} INFO - Filling up the DagBag from /opt/airflow/dags/youtube_warehouse_pipeline.py
[2026-09-17T10:45:59.743+0000] {processor.py:925} INFO - DAG(s) 'youtube_warehouse_pipeline' retrieved from /opt/airflow/dags/youtube_warehouse_pipeline.py
[2026-09-17T10:45:59.815+0000] {logging_mixin.py:190} INFO - [2026-09-17T10:45:59.814+0000] {dag.py:3239} INFO - Sync 1 DAGs
[2026-09-17T10:45:59.863+0000] {logging_mixin.py:190} INFO - [2026-09-17T10:45:59.862+0000] {dag.py:4180} INFO - Setting next_dagrun for youtube_warehouse_pipeline to None, run_after=None
[2026-09-17T10:45:59.921+0000] {processor.py:208} INFO - Processing /opt/airflow/dags/youtube_warehouse_pipeline.py took 0.357 seconds
[2026-09-17T10:46:30.324+0000] {processor.py:186} INFO - Started process (PID=2517) to work on /opt/airflow/dags/youtube_warehouse_pipeline.py
[2026-09-17T10:46:30.327+0000] {processor.py:914} INFO - Processing file /opt/airflow/dags/youtube_warehouse_pipeline.py for tasks to queue
[2026-09-17T10:46:30.331+0000] {logging_mixin.py:190} INFO - [2026-09-17T10:46:30.330+0000] {dagbag.py:588} INFO - Filling up the DagBag from /opt/airflow/dags/youtube_warehouse_pipeline.py
[2026-09-17T10:46:30.447+0000] {processor.py:925} INFO - DAG(s) 'youtube_warehouse_pipeline' retrieved from /opt/airflow/dags/youtube_warehouse_pipeline.py
[2026-09-17T10:46:30.501+0000] {logging_mixin.py:190} INFO - [2026-09-17T10:46:30.500+0000] {dag.py:3239} INFO - Sync 1 DAGs
[2026-09-17T10:46:30.518+0000] {logging_mixin.py:190} INFO - [2026-09-17T10:46:30.518+0000] {dag.py:4180} INFO - Setting next_dagrun for youtube_warehouse_pipeline to None, run_after=None
[2026-09-17T10:46:30.549+0000] {processor.py:208} INFO - Processing /opt/airflow/dags/youtube_warehouse_pipeline.py took 0.237 seconds
[2026-09-17T10:47:00.978+0000] {processor.py:186} INFO - Started process (PID=2525) to work on /opt/airflow/dags/youtube_warehouse_pipeline.py
[2026-09-17T10:47:00.981+0000] {processor.py:914} INFO - Processing file /opt/airflow/dags/youtube_warehouse_pipeline.py for tasks to queue
[2026-09-17T10:47:00.984+0000] {logging_mixin.py:190} INFO - [2026-09-17T10:47:00.984+0000] {dagbag.py:588} INFO - Filling up the DagBag from /opt/airflow/dags/youtube_warehouse_pipeline.py
[2026-09-17T10:47:01.091+0000] {processor.py:925} INFO - DAG(s) 'youtube_warehouse_pipeline' retrieved from /opt/airflow/dags/youtube_warehouse_pipeline.py
[2026-09-17T10:47:01.126+0000] {logging_mixin.py:190} INFO - [2026-09-17T10:47:01.126+0000] {dag.py:3239} INFO - Sync 1 DAGs
[2026-09-17T10:47:01.144+0000] {logging_mixin.py:190} INFO - [2026-09-17T10:47:01.144+0000] {dag.py:4180} INFO - Setting next_dagrun for youtube_warehouse_pipeline to None, run_after=None
[2026-09-17T10:47:01.169+0000] {processor.py:208} INFO - Processing /opt/airflow/dags/youtube_warehouse_pipeline.py took 0.205 seconds
[2026-09-17T10:47:31.377+0000] {processor.py:186} INFO - Started process (PID=2533) to work on /opt/airflow/dags/youtube_warehouse_pipeline.py
[2026-09-17T10:47:31.380+0000] {processor.py:914} INFO - Processing file /opt/airflow/dags/youtube_warehouse_pipeline.py for tasks to queue
[2026-09-17T10:47:31.385+0000] {logging_mixin.py:190} INFO - [2026-09-17T10:47:31.383+0000] {dagbag.py:588} INFO - Filling up the DagBag from /opt/airflow/dags/youtube_warehouse_pipeline.py
[2026-09-17T10:47:31.529+0000] {processor.py:925} INFO - DAG(s) 'youtube_warehouse_pipeline' retrieved from /opt/airflow/dags/youtube_warehouse_pipeline.py
[2026-09-17T10:47:31.576+0000] {logging_mixin.py:190} INFO - [2026-09-17T10:47:31.575+0000] {dag.py:3239} INFO - Sync 1 DAGs
[2026-09-17T10:47:31.598+0000] {logging_mixin.py:190} INFO - [2026-09-17T10:47:31.597+0000] {dag.py:4180} INFO - Setting next_dagrun for youtube_warehouse_pipeline to None, run_after=None
[2026-09-17T10:47:31.629+0000] {processor.py:208} INFO - Processing /opt/airflow/dags/youtube_warehouse_pipeline.py took 0.263 seconds
[2026-09-17T10:48:02.007+0000] {processor.py:186} INFO - Started process (PID=2541) to work on /opt/airflow/dags/youtube_warehouse_pipeline.py
[2026-09-17T10:48:02.009+0000] {processor.py:914} INFO - Processing file /opt/airflow/dags/youtube_warehouse_pipeline.py for tasks to queue
[2026-09-17T10:48:02.013+0000] {logging_mixin.py:190} INFO - [2026-09-17T10:48:02.011+0000] {dagbag.py:588} INFO - Filling up the DagBag from /opt/airflow/dags/youtube_warehouse_pipeline.py
[2026-09-17T10:48:02.122+0000] {processor.py:925} INFO - DAG(s) 'youtube_warehouse_pipeline' retrieved from /opt/airflow/dags/youtube_warehouse_pipeline.py
[2026-09-17T10:48:02.180+0000] {logging_mixin.py:190} INFO - [2026-09-17T10:48:02.179+0000] {dag.py:3239} INFO - Sync 1 DAGs
[2026-09-17T10:48:02.197+0000] {logging_mixin.py:190} INFO - [2026-09-17T10:48:02.196+0000] {dag.py:4180} INFO - Setting next_dagrun for youtube_warehouse_pipeline to None, run_after=None
[2026-09-17T10:48:02.217+0000] {processor.py:208} INFO - Processing /opt/airflow/dags/youtube_warehouse_pipeline.py took 0.221 seconds
[2026-09-17T10:48:32.571+0000] {processor.py:186} INFO - Started process (PID=2549) to work on /opt/airflow/dags/youtube_warehouse_pipeline.py
[2026-09-17T10:48:32.573+0000] {processor.py:914} INFO - Processing file /opt/airflow/dags/youtube_warehouse_pipeline.py for tasks to queue
[2026-09-17T10:48:32.578+0000] {logging_mixin.py:190} INFO - [2026-09-17T10:48:32.576+0000] {dagbag.py:588} INFO - Filling up the DagBag from /opt/airflow/dags/youtube_warehouse_pipeline.py
[2026-09-17T10:48:32.677+0000] {processor.py:925} INFO - DAG(s) 'youtube_warehouse_pipeline' retrieved from /opt/airflow/dags/youtube_warehouse_pipeline.py
[2026-09-17T10:48:32.713+0000] {logging_mixin.py:190} INFO - [2026-09-17T10:48:32.713+0000] {dag.py:3239} INFO - Sync 1 DAGs
[2026-09-17T10:48:32.728+0000] {logging_mixin.py:190} INFO - [2026-09-17T10:48:32.728+0000] {dag.py:4180} INFO - Setting next_dagrun for youtube_warehouse_pipeline to None, run_after=None
[2026-09-17T10:48:32.750+0000] {processor.py:208} INFO - Processing /opt/airflow/dags/youtube_warehouse_pipeline.py took 0.185 seconds
[2026-09-17T10:49:03.154+0000] {processor.py:186} INFO - Started process (PID=2557) to work on /opt/airflow/dags/youtube_warehouse_pipeline.py
[2026-09-17T10:49:03.157+0000] {processor.py:914} INFO - Processing file /opt/airflow/dags/youtube_warehouse_pipeline.py for tasks to queue
[2026-09-17T10:49:03.160+0000] {logging_mixin.py:190} INFO - [2026-09-17T10:49:03.159+0000] {dagbag.py:588} INFO - Filling up the DagBag from /opt/airflow/dags/youtube_warehouse_pipeline.py
[2026-09-17T10:49:03.274+0000] {processor.py:925} INFO - DAG(s) 'youtube_warehouse_pipeline' retrieved from /opt/airflow/dags/youtube_warehouse_pipeline.py
[2026-09-17T10:49:03.350+0000] {logging_mixin.py:190} INFO - [2026-09-17T10:49:03.350+0000] {dag.py:3239} INFO - Sync 1 DAGs
[2026-09-17T10:49:03.366+0000] {logging_mixin.py:190} INFO - [2026-09-17T10:49:03.366+0000] {dag.py:4180} INFO - Setting next_dagrun for youtube_warehouse_pipeline to None, run_after=None
[2026-09-17T10:49:03.387+0000] {processor.py:208} INFO - Processing /opt/airflow/dags/youtube_warehouse_pipeline.py took 0.247 seconds
[2026-09-17T10:49:33.738+0000] {processor.py:186} INFO - Started process (PID=2565) to work on /opt/airflow/dags/youtube_warehouse_pipeline.py
[2026-09-17T10:49:33.740+0000] {processor.py:914} INFO - Processing file /opt/airflow/dags/youtube_warehouse_pipeline.py for tasks to queue
[2026-09-17T10:49:33.743+0000] {logging_mixin.py:190} INFO - [2026-09-17T10:49:33.742+0000] {dagbag.py:588} INFO - Filling up the DagBag from /opt/airflow/dags/youtube_warehouse_pipeline.py
[2026-09-17T10:49:33.855+0000] {processor.py:925} INFO - DAG(s) 'youtube_warehouse_pipeline' retrieved from /opt/airflow/dags/youtube_warehouse_pipeline.py
[2026-09-17T10:49:33.890+0000] {logging_mixin.py:190} INFO - [2026-09-17T10:49:33.890+0000] {dag.py:3239} INFO - Sync 1 DAGs
[2026-09-17T10:49:33.906+0000] {logging_mixin.py:190} INFO - [2026-09-17T10:49:33.906+0000] {dag.py:4180} INFO - Setting next_dagrun for youtube_warehouse_pipeline to None, run_after=None
[2026-09-17T10:49:33.930+0000] {processor.py:208} INFO - Processing /opt/airflow/dags/youtube_warehouse_pipeline.py took 0.199 seconds
[2026-09-17T10:50:04.458+0000] {processor.py:186} INFO - Started process (PID=2573) to work on /opt/airflow/dags/youtube_warehouse_pipeline.py
[2026-09-17T10:50:04.468+0000] {processor.py:914} INFO - Processing file /opt/airflow/dags/youtube_warehouse_pipeline.py for tasks to queue
[2026-09-17T10:50:04.475+0000] {logging_mixin.py:190} INFO - [2026-09-17T10:50:04.474+0000] {dagbag.py:588} INFO - Filling up the DagBag from /opt/airflow/dags/youtube_warehouse_pipeline.py
[2026-09-17T10:50:04.737+0000] {processor.py:925} INFO - DAG(s) 'youtube_warehouse_pipeline' retrieved from /opt/airflow/dags/youtube_warehouse_pipeline.py
[2026-09-17T10:50:05.019+0000] {logging_mixin.py:190} INFO - [2026-09-17T10:50:05.018+0000] {dag.py:3239} INFO - Sync 1 DAGs
[2026-09-17T10:50:05.167+0000] {logging_mixin.py:190} INFO - [2026-09-17T10:50:05.166+0000] {dag.py:4180} INFO - Setting next_dagrun for youtube_warehouse_pipeline to None, run_after=None
[2026-09-17T10:50:05.341+0000] {processor.py:208} INFO - Processing /opt/airflow/dags/youtube_warehouse_pipeline.py took 0.944 seconds
[2026-09-17T10:50:35.902+0000] {processor.py:186} INFO - Started process (PID=2581) to work on /opt/airflow/dags/youtube_warehouse_pipeline.py
[2026-09-17T10:50:35.905+0000] {processor.py:914} INFO - Processing file /opt/airflow/dags/youtube_warehouse_pipeline.py for tasks to queue
[2026-09-17T10:50:35.909+0000] {logging_mixin.py:190} INFO - [2026-09-17T10:50:35.908+0000] {dagbag.py:588} INFO - Filling up the DagBag from /opt/airflow/dags/youtube_warehouse_pipeline.py
[2026-09-17T10:50:36.069+0000] {processor.py:925} INFO - DAG(s) 'youtube_warehouse_pipeline' retrieved from /opt/airflow/dags/youtube_warehouse_pipeline.py
[2026-09-17T10:50:36.186+0000] {logging_mixin.py:190} INFO - [2026-09-17T10:50:36.186+0000] {dag.py:3239} INFO - Sync 1 DAGs
[2026-09-17T10:50:36.221+0000] {logging_mixin.py:190} INFO - [2026-09-17T10:50:36.220+0000] {dag.py:4180} INFO - Setting next_dagrun for youtube_warehouse_pipeline to None, run_after=None
[2026-09-17T10:50:36.258+0000] {processor.py:208} INFO - Processing /opt/airflow/dags/youtube_warehouse_pipeline.py took 0.368 seconds
[2026-09-17T10:51:06.695+0000] {processor.py:186} INFO - Started process (PID=2589) to work on /opt/airflow/dags/youtube_warehouse_pipeline.py
[2026-09-17T10:51:06.697+0000] {processor.py:914} INFO - Processing file /opt/airflow/dags/youtube_warehouse_pipeline.py for tasks to queue
[2026-09-17T10:51:06.700+0000] {logging_mixin.py:190} INFO - [2026-09-17T10:51:06.699+0000] {dagbag.py:588} INFO - Filling up the DagBag from /opt/airflow/dags/youtube_warehouse_pipeline.py
[2026-09-17T10:51:06.811+0000] {processor.py:925} INFO - DAG(s) 'youtube_warehouse_pipeline' retrieved from /opt/airflow/dags/youtube_warehouse_pipeline.py
[2026-09-17T10:51:06.879+0000] {logging_mixin.py:190} INFO - [2026-09-17T10:51:06.879+0000] {dag.py:3239} INFO - Sync 1 DAGs
[2026-09-17T10:51:06.896+0000] {logging_mixin.py:190} INFO - [2026-09-17T10:51:06.896+0000] {dag.py:4180} INFO - Setting next_dagrun for youtube_warehouse_pipeline to None, run_after=None
[2026-09-17T10:51:06.925+0000] {processor.py:208} INFO - Processing /opt/airflow/dags/youtube_warehouse_pipeline.py took 0.241 seconds
[2026-09-17T10:51:37.777+0000] {processor.py:186} INFO - Started process (PID=2598) to work on /opt/airflow/dags/youtube_warehouse_pipeline.py
[2026-09-17T10:51:37.779+0000] {processor.py:914} INFO - Processing file /opt/airflow/dags/youtube_warehouse_pipeline.py for tasks to queue
[2026-09-17T10:51:37.781+0000] {logging_mixin.py:190} INFO - [2026-09-17T10:51:37.781+0000] {dagbag.py:588} INFO - Filling up the DagBag from /opt/airflow/dags/youtube_warehouse_pipeline.py
[2026-09-17T10:51:37.933+0000] {processor.py:925} INFO - DAG(s) 'youtube_warehouse_pipeline' retrieved from /opt/airflow/dags/youtube_warehouse_pipeline.py
[2026-09-17T10:51:38.044+0000] {logging_mixin.py:190} INFO - [2026-09-17T10:51:38.043+0000] {dag.py:3239} INFO - Sync 1 DAGs
[2026-09-17T10:51:38.066+0000] {logging_mixin.py:190} INFO - [2026-09-17T10:51:38.066+0000] {dag.py:4180} INFO - Setting next_dagrun for youtube_warehouse_pipeline to None, run_after=None
[2026-09-17T10:51:38.097+0000] {processor.py:208} INFO - Processing /opt/airflow/dags/youtube_warehouse_pipeline.py took 0.346 seconds
[2026-09-17T10:52:08.579+0000] {processor.py:186} INFO - Started process (PID=2606) to work on /opt/airflow/dags/youtube_warehouse_pipeline.py
[2026-09-17T10:52:08.584+0000] {processor.py:914} INFO - Processing file /opt/airflow/dags/youtube_warehouse_pipeline.py for tasks to queue
[2026-09-17T10:52:08.586+0000] {logging_mixin.py:190} INFO - [2026-09-17T10:52:08.586+0000] {dagbag.py:588} INFO - Filling up the DagBag from /opt/airflow/dags/youtube_warehouse_pipeline.py
[2026-09-17T10:52:08.699+0000] {processor.py:925} INFO - DAG(s) 'youtube_warehouse_pipeline' retrieved from /opt/airflow/dags/youtube_warehouse_pipeline.py
[2026-09-17T10:52:08.781+0000] {logging_mixin.py:190} INFO - [2026-09-17T10:52:08.781+0000] {dag.py:3239} INFO - Sync 1 DAGs
[2026-09-17T10:52:08.803+0000] {logging_mixin.py:190} INFO - [2026-09-17T10:52:08.802+0000] {dag.py:4180} INFO - Setting next_dagrun for youtube_warehouse_pipeline to None, run_after=None
[2026-09-17T10:52:08.828+0000] {processor.py:208} INFO - Processing /opt/airflow/dags/youtube_warehouse_pipeline.py took 0.265 seconds
[2026-09-17T10:52:39.185+0000] {processor.py:186} INFO - Started process (PID=2614) to work on /opt/airflow/dags/youtube_warehouse_pipeline.py
[2026-09-17T10:52:39.187+0000] {processor.py:914} INFO - Processing file /opt/airflow/dags/youtube_warehouse_pipeline.py for tasks to queue
[2026-09-17T10:52:39.189+0000] {logging_mixin.py:190} INFO - [2026-09-17T10:52:39.189+0000] {dagbag.py:588} INFO - Filling up the DagBag from /opt/airflow/dags/youtube_warehouse_pipeline.py
[2026-09-17T10:52:39.277+0000] {processor.py:925} INFO - DAG(s) 'youtube_warehouse_pipeline' retrieved from /opt/airflow/dags/youtube_warehouse_pipeline.py
[2026-09-17T10:52:39.316+0000] {logging_mixin.py:190} INFO - [2026-09-17T10:52:39.316+0000] {dag.py:3239} INFO - Sync 1 DAGs
[2026-09-17T10:52:39.334+0000] {logging_mixin.py:190} INFO - [2026-09-17T10:52:39.334+0000] {dag.py:4180} INFO - Setting next_dagrun for youtube_warehouse_pipeline to None, run_after=None
[2026-09-17T10:52:39.354+0000] {processor.py:208} INFO - Processing /opt/airflow/dags/youtube_warehouse_pipeline.py took 0.179 seconds
[2026-09-17T10:53:09.827+0000] {processor.py:186} INFO - Started process (PID=2622) to work on /opt/airflow/dags/youtube_warehouse_pipeline.py
[2026-09-17T10:53:09.829+0000] {processor.py:914} INFO - Processing file /opt/airflow/dags/youtube_warehouse_pipeline.py for tasks to queue
[2026-09-17T10:53:09.834+0000] {logging_mixin.py:190} INFO - [2026-09-17T10:53:09.831+0000] {dagbag.py:588} INFO - Filling up the DagBag from /opt/airflow/dags/youtube_warehouse_pipeline.py
[2026-09-17T10:53:09.948+0000] {processor.py:925} INFO - DAG(s) 'youtube_warehouse_pipeline' retrieved from /opt/airflow/dags/youtube_warehouse_pipeline.py
[2026-09-17T10:53:10.020+0000] {logging_mixin.py:190} INFO - [2026-09-17T10:53:10.019+0000] {dag.py:3239} INFO - Sync 1 DAGs
[2026-09-17T10:53:10.040+0000] {logging_mixin.py:190} INFO - [2026-09-17T10:53:10.039+0000] {dag.py:4180} INFO - Setting next_dagrun for youtube_warehouse_pipeline to None, run_after=None
[2026-09-17T10:53:10.061+0000] {processor.py:208} INFO - Processing /opt/airflow/dags/youtube_warehouse_pipeline.py took 0.247 seconds
[2026-09-17T10:53:40.688+0000] {processor.py:186} INFO - Started process (PID=2630) to work on /opt/airflow/dags/youtube_warehouse_pipeline.py
[2026-09-17T10:53:40.696+0000] {processor.py:914} INFO - Processing file /opt/airflow/dags/youtube_warehouse_pipeline.py for tasks to queue
[2026-09-17T10:53:40.704+0000] {logging_mixin.py:190} INFO - [2026-09-17T10:53:40.704+0000] {dagbag.py:588} INFO - Filling up the DagBag from /opt/airflow/dags/youtube_warehouse_pipeline.py
[2026-09-17T10:53:41.074+0000] {processor.py:925} INFO - DAG(s) 'youtube_warehouse_pipeline' retrieved from /opt/airflow/dags/youtube_warehouse_pipeline.py
[2026-09-17T10:53:41.576+0000] {logging_mixin.py:190} INFO - [2026-09-17T10:53:41.558+0000] {dag.py:3239} INFO - Sync 1 DAGs
[2026-09-17T10:53:41.696+0000] {logging_mixin.py:190} INFO - [2026-09-17T10:53:41.695+0000] {dag.py:4180} INFO - Setting next_dagrun for youtube_warehouse_pipeline to None, run_after=None
[2026-09-17T10:53:41.797+0000] {processor.py:208} INFO - Processing /opt/airflow/dags/youtube_warehouse_pipeline.py took 1.158 seconds
[2026-09-17T10:54:12.576+0000] {processor.py:186} INFO - Started process (PID=2638) to work on /opt/airflow/dags/youtube_warehouse_pipeline.py
[2026-09-17T10:54:12.578+0000] {processor.py:914} INFO - Processing file /opt/airflow/dags/youtube_warehouse_pipeline.py for tasks to queue
[2026-09-17T10:54:12.581+0000] {logging_mixin.py:190} INFO - [2026-09-17T10:54:12.580+0000] {dagbag.py:588} INFO - Filling up the DagBag from /opt/airflow/dags/youtube_warehouse_pipeline.py
[2026-09-17T10:54:12.732+0000] {processor.py:925} INFO - DAG(s) 'youtube_warehouse_pipeline' retrieved from /opt/airflow/dags/youtube_warehouse_pipeline.py
[2026-09-17T10:54:12.828+0000] {logging_mixin.py:190} INFO - [2026-09-17T10:54:12.827+0000] {dag.py:3239} INFO - Sync 1 DAGs
[2026-09-17T10:54:12.848+0000] {logging_mixin.py:190} INFO - [2026-09-17T10:54:12.847+0000] {dag.py:4180} INFO - Setting next_dagrun for youtube_warehouse_pipeline to None, run_after=None
[2026-09-17T10:54:12.874+0000] {processor.py:208} INFO - Processing /opt/airflow/dags/youtube_warehouse_pipeline.py took 0.318 seconds
[2026-09-17T10:54:43.301+0000] {processor.py:186} INFO - Started process (PID=2646) to work on /opt/airflow/dags/youtube_warehouse_pipeline.py
[2026-09-17T10:54:43.303+0000] {processor.py:914} INFO - Processing file /opt/airflow/dags/youtube_warehouse_pipeline.py for tasks to queue
[2026-09-17T10:54:43.305+0000] {logging_mixin.py:190} INFO - [2026-09-17T10:54:43.305+0000] {dagbag.py:588} INFO - Filling up the DagBag from /opt/airflow/dags/youtube_warehouse_pipeline.py
[2026-09-17T10:54:43.417+0000] {processor.py:925} INFO - DAG(s) 'youtube_warehouse_pipeline' retrieved from /opt/airflow/dags/youtube_warehouse_pipeline.py
[2026-09-17T10:54:43.439+0000] {logging_mixin.py:190} INFO - [2026-09-17T10:54:43.439+0000] {dag.py:3239} INFO - Sync 1 DAGs
[2026-09-17T10:54:43.458+0000] {logging_mixin.py:190} INFO - [2026-09-17T10:54:43.458+0000] {dag.py:4180} INFO - Setting next_dagrun for youtube_warehouse_pipeline to None, run_after=None
[2026-09-17T10:54:43.489+0000] {processor.py:208} INFO - Processing /opt/airflow/dags/youtube_warehouse_pipeline.py took 0.199 seconds
[2026-09-17T10:55:14.076+0000] {processor.py:186} INFO - Started process (PID=2654) to work on /opt/airflow/dags/youtube_warehouse_pipeline.py
[2026-09-17T10:55:14.079+0000] {processor.py:914} INFO - Processing file /opt/airflow/dags/youtube_warehouse_pipeline.py for tasks to queue
[2026-09-17T10:55:14.083+0000] {logging_mixin.py:190} INFO - [2026-09-17T10:55:14.082+0000] {dagbag.py:588} INFO - Filling up the DagBag from /opt/airflow/dags/youtube_warehouse_pipeline.py
[2026-09-17T10:55:14.213+0000] {processor.py:925} INFO - DAG(s) 'youtube_warehouse_pipeline' retrieved from /opt/airflow/dags/youtube_warehouse_pipeline.py
[2026-09-17T10:55:14.249+0000] {logging_mixin.py:190} INFO - [2026-09-17T10:55:14.248+0000] {dag.py:3239} INFO - Sync 1 DAGs
[2026-09-17T10:55:14.269+0000] {logging_mixin.py:190} INFO - [2026-09-17T10:55:14.269+0000] {dag.py:4180} INFO - Setting next_dagrun for youtube_warehouse_pipeline to None, run_after=None
[2026-09-17T10:55:14.298+0000] {processor.py:208} INFO - Processing /opt/airflow/dags/youtube_warehouse_pipeline.py took 0.228 seconds
[2026-09-17T10:55:44.721+0000] {processor.py:186} INFO - Started process (PID=2662) to work on /opt/airflow/dags/youtube_warehouse_pipeline.py
[2026-09-17T10:55:44.725+0000] {processor.py:914} INFO - Processing file /opt/airflow/dags/youtube_warehouse_pipeline.py for tasks to queue
[2026-09-17T10:55:44.728+0000] {logging_mixin.py:190} INFO - [2026-09-17T10:55:44.728+0000] {dagbag.py:588} INFO - Filling up the DagBag from /opt/airflow/dags/youtube_warehouse_pipeline.py
[2026-09-17T10:55:44.787+0000] {logging_mixin.py:190} INFO - [2026-09-17T10:55:44.772+0000] {dagbag.py:387} ERROR - Failed to import: /opt/airflow/dags/youtube_warehouse_pipeline.py
Traceback (most recent call last):
  File "/home/airflow/.local/lib/python3.10/site-packages/airflow/models/dagbag.py", line 383, in parse
    loader.exec_module(new_module)
  File "<frozen importlib._bootstrap_external>", line 883, in exec_module
  File "<frozen importlib._bootstrap>", line 241, in _call_with_frames_removed
  File "/opt/airflow/dags/youtube_warehouse_pipeline.py", line 10, in <module>
    from include.load import youtube_load as load_videos
  File "<frozen importlib._bootstrap>", line 1027, in _find_and_load
  File "<frozen importlib._bootstrap>", line 1002, in _find_and_load_unlocked
  File "<frozen importlib._bootstrap>", line 945, in _find_spec
  File "<frozen importlib._bootstrap_external>", line 1439, in find_spec
  File "<frozen importlib._bootstrap_external>", line 1411, in _get_spec
  File "<frozen importlib._bootstrap_external>", line 1548, in find_spec
  File "<frozen importlib._bootstrap_external>", line 1591, in _fill_cache
OSError: [Errno 12] Cannot allocate memory: '/opt/airflow/include'
[2026-09-17T10:55:44.790+0000] {processor.py:927} WARNING - No viable dags retrieved from /opt/airflow/dags/youtube_warehouse_pipeline.py
[2026-09-17T10:55:44.926+0000] {processor.py:208} INFO - Processing /opt/airflow/dags/youtube_warehouse_pipeline.py took 0.220 seconds
[2026-09-17T10:56:15.192+0000] {processor.py:186} INFO - Started process (PID=2670) to work on /opt/airflow/dags/youtube_warehouse_pipeline.py
[2026-09-17T10:56:15.194+0000] {processor.py:914} INFO - Processing file /opt/airflow/dags/youtube_warehouse_pipeline.py for tasks to queue
[2026-09-17T10:56:15.198+0000] {logging_mixin.py:190} INFO - [2026-09-17T10:56:15.197+0000] {dagbag.py:588} INFO - Filling up the DagBag from /opt/airflow/dags/youtube_warehouse_pipeline.py
[2026-09-17T10:56:15.348+0000] {processor.py:925} INFO - DAG(s) 'youtube_warehouse_pipeline' retrieved from /opt/airflow/dags/youtube_warehouse_pipeline.py
[2026-09-17T10:56:15.451+0000] {logging_mixin.py:190} INFO - [2026-09-17T10:56:15.451+0000] {dag.py:3239} INFO - Sync 1 DAGs
[2026-09-17T10:56:15.485+0000] {logging_mixin.py:190} INFO - [2026-09-17T10:56:15.485+0000] {dag.py:4180} INFO - Setting next_dagrun for youtube_warehouse_pipeline to None, run_after=None
[2026-09-17T10:56:15.530+0000] {processor.py:208} INFO - Processing /opt/airflow/dags/youtube_warehouse_pipeline.py took 0.355 seconds
[2026-09-17T10:56:46.562+0000] {processor.py:186} INFO - Started process (PID=2677) to work on /opt/airflow/dags/youtube_warehouse_pipeline.py
[2026-09-17T10:56:46.565+0000] {processor.py:914} INFO - Processing file /opt/airflow/dags/youtube_warehouse_pipeline.py for tasks to queue
[2026-09-17T10:56:46.568+0000] {logging_mixin.py:190} INFO - [2026-09-17T10:56:46.567+0000] {dagbag.py:588} INFO - Filling up the DagBag from /opt/airflow/dags/youtube_warehouse_pipeline.py
[2026-09-17T10:56:46.689+0000] {processor.py:925} INFO - DAG(s) 'youtube_warehouse_pipeline' retrieved from /opt/airflow/dags/youtube_warehouse_pipeline.py
[2026-09-17T10:56:46.751+0000] {logging_mixin.py:190} INFO - [2026-09-17T10:56:46.751+0000] {dag.py:3239} INFO - Sync 1 DAGs
[2026-09-17T10:56:46.777+0000] {logging_mixin.py:190} INFO - [2026-09-17T10:56:46.777+0000] {dag.py:4180} INFO - Setting next_dagrun for youtube_warehouse_pipeline to None, run_after=None
[2026-09-17T10:56:46.801+0000] {processor.py:208} INFO - Processing /opt/airflow/dags/youtube_warehouse_pipeline.py took 0.259 seconds
[2026-09-17T10:57:17.404+0000] {processor.py:186} INFO - Started process (PID=2686) to work on /opt/airflow/dags/youtube_warehouse_pipeline.py
[2026-09-17T10:57:17.410+0000] {processor.py:914} INFO - Processing file /opt/airflow/dags/youtube_warehouse_pipeline.py for tasks to queue
[2026-09-17T10:57:17.414+0000] {logging_mixin.py:190} INFO - [2026-09-17T10:57:17.413+0000] {dagbag.py:588} INFO - Filling up the DagBag from /opt/airflow/dags/youtube_warehouse_pipeline.py
[2026-09-17T10:57:18.036+0000] {processor.py:925} INFO - DAG(s) 'youtube_warehouse_pipeline' retrieved from /opt/airflow/dags/youtube_warehouse_pipeline.py
[2026-09-17T10:57:18.081+0000] {logging_mixin.py:190} INFO - [2026-09-17T10:57:18.081+0000] {dag.py:3239} INFO - Sync 1 DAGs
[2026-09-17T10:57:18.103+0000] {logging_mixin.py:190} INFO - [2026-09-17T10:57:18.102+0000] {dag.py:4180} INFO - Setting next_dagrun for youtube_warehouse_pipeline to None, run_after=None
[2026-09-17T10:57:18.132+0000] {processor.py:208} INFO - Processing /opt/airflow/dags/youtube_warehouse_pipeline.py took 0.769 seconds
[2026-09-17T10:57:48.509+0000] {processor.py:186} INFO - Started process (PID=2694) to work on /opt/airflow/dags/youtube_warehouse_pipeline.py
[2026-09-17T10:57:48.512+0000] {processor.py:914} INFO - Processing file /opt/airflow/dags/youtube_warehouse_pipeline.py for tasks to queue
[2026-09-17T10:57:48.516+0000] {logging_mixin.py:190} INFO - [2026-09-17T10:57:48.515+0000] {dagbag.py:588} INFO - Filling up the DagBag from /opt/airflow/dags/youtube_warehouse_pipeline.py
[2026-09-17T10:57:48.621+0000] {processor.py:925} INFO - DAG(s) 'youtube_warehouse_pipeline' retrieved from /opt/airflow/dags/youtube_warehouse_pipeline.py
[2026-09-17T10:57:48.651+0000] {logging_mixin.py:190} INFO - [2026-09-17T10:57:48.651+0000] {dag.py:3239} INFO - Sync 1 DAGs
[2026-09-17T10:57:48.667+0000] {logging_mixin.py:190} INFO - [2026-09-17T10:57:48.667+0000] {dag.py:4180} INFO - Setting next_dagrun for youtube_warehouse_pipeline to None, run_after=None
[2026-09-17T10:57:48.688+0000] {processor.py:208} INFO - Processing /opt/airflow/dags/youtube_warehouse_pipeline.py took 0.188 seconds
[2026-09-17T10:58:19.126+0000] {processor.py:186} INFO - Started process (PID=2702) to work on /opt/airflow/dags/youtube_warehouse_pipeline.py
[2026-09-17T10:58:19.129+0000] {processor.py:914} INFO - Processing file /opt/airflow/dags/youtube_warehouse_pipeline.py for tasks to queue
[2026-09-17T10:58:19.133+0000] {logging_mixin.py:190} INFO - [2026-09-17T10:58:19.132+0000] {dagbag.py:588} INFO - Filling up the DagBag from /opt/airflow/dags/youtube_warehouse_pipeline.py
[2026-09-17T10:58:19.248+0000] {processor.py:925} INFO - DAG(s) 'youtube_warehouse_pipeline' retrieved from /opt/airflow/dags/youtube_warehouse_pipeline.py
[2026-09-17T10:58:19.290+0000] {logging_mixin.py:190} INFO - [2026-09-17T10:58:19.289+0000] {dag.py:3239} INFO - Sync 1 DAGs
[2026-09-17T10:58:19.308+0000] {logging_mixin.py:190} INFO - [2026-09-17T10:58:19.308+0000] {dag.py:4180} INFO - Setting next_dagrun for youtube_warehouse_pipeline to None, run_after=None
[2026-09-17T10:58:19.341+0000] {processor.py:208} INFO - Processing /opt/airflow/dags/youtube_warehouse_pipeline.py took 0.225 seconds
[2026-09-17T10:58:49.773+0000] {processor.py:186} INFO - Started process (PID=2710) to work on /opt/airflow/dags/youtube_warehouse_pipeline.py
[2026-09-17T10:58:49.777+0000] {processor.py:914} INFO - Processing file /opt/airflow/dags/youtube_warehouse_pipeline.py for tasks to queue
[2026-09-17T10:58:49.780+0000] {logging_mixin.py:190} INFO - [2026-09-17T10:58:49.780+0000] {dagbag.py:588} INFO - Filling up the DagBag from /opt/airflow/dags/youtube_warehouse_pipeline.py
[2026-09-17T10:58:49.917+0000] {processor.py:925} INFO - DAG(s) 'youtube_warehouse_pipeline' retrieved from /opt/airflow/dags/youtube_warehouse_pipeline.py
[2026-09-17T10:58:49.992+0000] {logging_mixin.py:190} INFO - [2026-09-17T10:58:49.992+0000] {dag.py:3239} INFO - Sync 1 DAGs
[2026-09-17T10:58:50.027+0000] {logging_mixin.py:190} INFO - [2026-09-17T10:58:50.026+0000] {dag.py:4180} INFO - Setting next_dagrun for youtube_warehouse_pipeline to None, run_after=None
[2026-09-17T10:58:50.075+0000] {processor.py:208} INFO - Processing /opt/airflow/dags/youtube_warehouse_pipeline.py took 0.311 seconds
[2026-09-17T10:59:20.508+0000] {processor.py:186} INFO - Started process (PID=2724) to work on /opt/airflow/dags/youtube_warehouse_pipeline.py
[2026-09-17T10:59:20.514+0000] {processor.py:914} INFO - Processing file /opt/airflow/dags/youtube_warehouse_pipeline.py for tasks to queue
[2026-09-17T10:59:20.519+0000] {logging_mixin.py:190} INFO - [2026-09-17T10:59:20.518+0000] {dagbag.py:588} INFO - Filling up the DagBag from /opt/airflow/dags/youtube_warehouse_pipeline.py
[2026-09-17T10:59:20.663+0000] {processor.py:925} INFO - DAG(s) 'youtube_warehouse_pipeline' retrieved from /opt/airflow/dags/youtube_warehouse_pipeline.py
[2026-09-17T10:59:20.755+0000] {logging_mixin.py:190} INFO - [2026-09-17T10:59:20.754+0000] {dag.py:3239} INFO - Sync 1 DAGs
[2026-09-17T10:59:20.778+0000] {logging_mixin.py:190} INFO - [2026-09-17T10:59:20.777+0000] {dag.py:4180} INFO - Setting next_dagrun for youtube_warehouse_pipeline to None, run_after=None
[2026-09-17T10:59:20.809+0000] {processor.py:208} INFO - Processing /opt/airflow/dags/youtube_warehouse_pipeline.py took 0.319 seconds
[2026-09-17T10:59:51.318+0000] {processor.py:186} INFO - Started process (PID=2732) to work on /opt/airflow/dags/youtube_warehouse_pipeline.py
[2026-09-17T10:59:51.320+0000] {processor.py:914} INFO - Processing file /opt/airflow/dags/youtube_warehouse_pipeline.py for tasks to queue
[2026-09-17T10:59:51.324+0000] {logging_mixin.py:190} INFO - [2026-09-17T10:59:51.323+0000] {dagbag.py:588} INFO - Filling up the DagBag from /opt/airflow/dags/youtube_warehouse_pipeline.py
[2026-09-17T10:59:51.464+0000] {processor.py:925} INFO - DAG(s) 'youtube_warehouse_pipeline' retrieved from /opt/airflow/dags/youtube_warehouse_pipeline.py
[2026-09-17T10:59:51.548+0000] {logging_mixin.py:190} INFO - [2026-09-17T10:59:51.547+0000] {dag.py:3239} INFO - Sync 1 DAGs
[2026-09-17T10:59:51.575+0000] {logging_mixin.py:190} INFO - [2026-09-17T10:59:51.574+0000] {dag.py:4180} INFO - Setting next_dagrun for youtube_warehouse_pipeline to None, run_after=None
[2026-09-17T10:59:51.617+0000] {processor.py:208} INFO - Processing /opt/airflow/dags/youtube_warehouse_pipeline.py took 0.312 seconds
[2026-09-17T11:00:22.310+0000] {processor.py:186} INFO - Started process (PID=2740) to work on /opt/airflow/dags/youtube_warehouse_pipeline.py
[2026-09-17T11:00:22.313+0000] {processor.py:914} INFO - Processing file /opt/airflow/dags/youtube_warehouse_pipeline.py for tasks to queue
[2026-09-17T11:00:22.316+0000] {logging_mixin.py:190} INFO - [2026-09-17T11:00:22.315+0000] {dagbag.py:588} INFO - Filling up the DagBag from /opt/airflow/dags/youtube_warehouse_pipeline.py
[2026-09-17T11:00:22.444+0000] {processor.py:925} INFO - DAG(s) 'youtube_warehouse_pipeline' retrieved from /opt/airflow/dags/youtube_warehouse_pipeline.py
[2026-09-17T11:00:22.513+0000] {logging_mixin.py:190} INFO - [2026-09-17T11:00:22.512+0000] {dag.py:3239} INFO - Sync 1 DAGs
[2026-09-17T11:00:22.538+0000] {logging_mixin.py:190} INFO - [2026-09-17T11:00:22.537+0000] {dag.py:4180} INFO - Setting next_dagrun for youtube_warehouse_pipeline to None, run_after=None
[2026-09-17T11:00:22.567+0000] {processor.py:208} INFO - Processing /opt/airflow/dags/youtube_warehouse_pipeline.py took 0.264 seconds
[2026-09-17T11:00:53.320+0000] {processor.py:186} INFO - Started process (PID=2748) to work on /opt/airflow/dags/youtube_warehouse_pipeline.py
[2026-09-17T11:00:53.334+0000] {processor.py:914} INFO - Processing file /opt/airflow/dags/youtube_warehouse_pipeline.py for tasks to queue
[2026-09-17T11:00:53.341+0000] {logging_mixin.py:190} INFO - [2026-09-17T11:00:53.340+0000] {dagbag.py:588} INFO - Filling up the DagBag from /opt/airflow/dags/youtube_warehouse_pipeline.py
[2026-09-17T11:00:53.640+0000] {processor.py:925} INFO - DAG(s) 'youtube_warehouse_pipeline' retrieved from /opt/airflow/dags/youtube_warehouse_pipeline.py
[2026-09-17T11:00:53.812+0000] {logging_mixin.py:190} INFO - [2026-09-17T11:00:53.810+0000] {dag.py:3239} INFO - Sync 1 DAGs
[2026-09-17T11:00:53.854+0000] {logging_mixin.py:190} INFO - [2026-09-17T11:00:53.853+0000] {dag.py:4180} INFO - Setting next_dagrun for youtube_warehouse_pipeline to None, run_after=None
[2026-09-17T11:00:53.909+0000] {processor.py:208} INFO - Processing /opt/airflow/dags/youtube_warehouse_pipeline.py took 0.686 seconds
[2026-09-17T11:01:24.428+0000] {processor.py:186} INFO - Started process (PID=2756) to work on /opt/airflow/dags/youtube_warehouse_pipeline.py
[2026-09-17T11:01:24.430+0000] {processor.py:914} INFO - Processing file /opt/airflow/dags/youtube_warehouse_pipeline.py for tasks to queue
[2026-09-17T11:01:24.433+0000] {logging_mixin.py:190} INFO - [2026-09-17T11:01:24.433+0000] {dagbag.py:588} INFO - Filling up the DagBag from /opt/airflow/dags/youtube_warehouse_pipeline.py
[2026-09-17T11:01:24.544+0000] {processor.py:925} INFO - DAG(s) 'youtube_warehouse_pipeline' retrieved from /opt/airflow/dags/youtube_warehouse_pipeline.py
[2026-09-17T11:01:24.607+0000] {logging_mixin.py:190} INFO - [2026-09-17T11:01:24.606+0000] {dag.py:3239} INFO - Sync 1 DAGs
[2026-09-17T11:01:24.626+0000] {logging_mixin.py:190} INFO - [2026-09-17T11:01:24.626+0000] {dag.py:4180} INFO - Setting next_dagrun for youtube_warehouse_pipeline to None, run_after=None
[2026-09-17T11:01:24.652+0000] {processor.py:208} INFO - Processing /opt/airflow/dags/youtube_warehouse_pipeline.py took 0.235 seconds
[2026-09-17T11:01:55.069+0000] {processor.py:186} INFO - Started process (PID=2764) to work on /opt/airflow/dags/youtube_warehouse_pipeline.py
[2026-09-17T11:01:55.073+0000] {processor.py:914} INFO - Processing file /opt/airflow/dags/youtube_warehouse_pipeline.py for tasks to queue
[2026-09-17T11:01:55.078+0000] {logging_mixin.py:190} INFO - [2026-09-17T11:01:55.077+0000] {dagbag.py:588} INFO - Filling up the DagBag from /opt/airflow/dags/youtube_warehouse_pipeline.py
[2026-09-17T11:01:55.240+0000] {processor.py:925} INFO - DAG(s) 'youtube_warehouse_pipeline' retrieved from /opt/airflow/dags/youtube_warehouse_pipeline.py
[2026-09-17T11:01:55.431+0000] {logging_mixin.py:190} INFO - [2026-09-17T11:01:55.431+0000] {dag.py:3239} INFO - Sync 1 DAGs
[2026-09-17T11:01:55.472+0000] {logging_mixin.py:190} INFO - [2026-09-17T11:01:55.472+0000] {dag.py:4180} INFO - Setting next_dagrun for youtube_warehouse_pipeline to None, run_after=None
[2026-09-17T11:01:55.531+0000] {processor.py:208} INFO - Processing /opt/airflow/dags/youtube_warehouse_pipeline.py took 0.486 seconds
[2026-09-17T11:02:26.005+0000] {processor.py:186} INFO - Started process (PID=2772) to work on /opt/airflow/dags/youtube_warehouse_pipeline.py
[2026-09-17T11:02:26.007+0000] {processor.py:914} INFO - Processing file /opt/airflow/dags/youtube_warehouse_pipeline.py for tasks to queue
[2026-09-17T11:02:26.010+0000] {logging_mixin.py:190} INFO - [2026-09-17T11:02:26.009+0000] {dagbag.py:588} INFO - Filling up the DagBag from /opt/airflow/dags/youtube_warehouse_pipeline.py
[2026-09-17T11:02:26.124+0000] {processor.py:925} INFO - DAG(s) 'youtube_warehouse_pipeline' retrieved from /opt/airflow/dags/youtube_warehouse_pipeline.py
[2026-09-17T11:02:26.169+0000] {logging_mixin.py:190} INFO - [2026-09-17T11:02:26.169+0000] {dag.py:3239} INFO - Sync 1 DAGs
[2026-09-17T11:02:26.189+0000] {logging_mixin.py:190} INFO - [2026-09-17T11:02:26.188+0000] {dag.py:4180} INFO - Setting next_dagrun for youtube_warehouse_pipeline to None, run_after=None
[2026-09-17T11:02:26.213+0000] {processor.py:208} INFO - Processing /opt/airflow/dags/youtube_warehouse_pipeline.py took 0.220 seconds
[2026-09-17T11:02:56.415+0000] {processor.py:186} INFO - Started process (PID=2780) to work on /opt/airflow/dags/youtube_warehouse_pipeline.py
[2026-09-17T11:02:56.419+0000] {processor.py:914} INFO - Processing file /opt/airflow/dags/youtube_warehouse_pipeline.py for tasks to queue
[2026-09-17T11:02:56.423+0000] {logging_mixin.py:190} INFO - [2026-09-17T11:02:56.423+0000] {dagbag.py:588} INFO - Filling up the DagBag from /opt/airflow/dags/youtube_warehouse_pipeline.py
[2026-09-17T11:02:56.533+0000] {processor.py:925} INFO - DAG(s) 'youtube_warehouse_pipeline' retrieved from /opt/airflow/dags/youtube_warehouse_pipeline.py
[2026-09-17T11:02:56.605+0000] {logging_mixin.py:190} INFO - [2026-09-17T11:02:56.605+0000] {dag.py:3239} INFO - Sync 1 DAGs
[2026-09-17T11:02:56.622+0000] {logging_mixin.py:190} INFO - [2026-09-17T11:02:56.621+0000] {dag.py:4180} INFO - Setting next_dagrun for youtube_warehouse_pipeline to None, run_after=None
[2026-09-17T11:02:56.644+0000] {processor.py:208} INFO - Processing /opt/airflow/dags/youtube_warehouse_pipeline.py took 0.243 seconds
[2026-09-17T11:03:27.138+0000] {processor.py:186} INFO - Started process (PID=2788) to work on /opt/airflow/dags/youtube_warehouse_pipeline.py
[2026-09-17T11:03:27.147+0000] {processor.py:914} INFO - Processing file /opt/airflow/dags/youtube_warehouse_pipeline.py for tasks to queue
[2026-09-17T11:03:27.154+0000] {logging_mixin.py:190} INFO - [2026-09-17T11:03:27.153+0000] {dagbag.py:588} INFO - Filling up the DagBag from /opt/airflow/dags/youtube_warehouse_pipeline.py
[2026-09-17T11:03:27.288+0000] {processor.py:925} INFO - DAG(s) 'youtube_warehouse_pipeline' retrieved from /opt/airflow/dags/youtube_warehouse_pipeline.py
[2026-09-17T11:03:27.329+0000] {logging_mixin.py:190} INFO - [2026-09-17T11:03:27.329+0000] {dag.py:3239} INFO - Sync 1 DAGs
[2026-09-17T11:03:27.351+0000] {logging_mixin.py:190} INFO - [2026-09-17T11:03:27.351+0000] {dag.py:4180} INFO - Setting next_dagrun for youtube_warehouse_pipeline to None, run_after=None
[2026-09-17T11:03:27.389+0000] {processor.py:208} INFO - Processing /opt/airflow/dags/youtube_warehouse_pipeline.py took 0.264 seconds
[2026-09-17T11:03:57.791+0000] {processor.py:186} INFO - Started process (PID=2796) to work on /opt/airflow/dags/youtube_warehouse_pipeline.py
[2026-09-17T11:03:57.794+0000] {processor.py:914} INFO - Processing file /opt/airflow/dags/youtube_warehouse_pipeline.py for tasks to queue
[2026-09-17T11:03:57.796+0000] {logging_mixin.py:190} INFO - [2026-09-17T11:03:57.796+0000] {dagbag.py:588} INFO - Filling up the DagBag from /opt/airflow/dags/youtube_warehouse_pipeline.py
[2026-09-17T11:03:57.905+0000] {processor.py:925} INFO - DAG(s) 'youtube_warehouse_pipeline' retrieved from /opt/airflow/dags/youtube_warehouse_pipeline.py
[2026-09-17T11:03:57.939+0000] {logging_mixin.py:190} INFO - [2026-09-17T11:03:57.938+0000] {dag.py:3239} INFO - Sync 1 DAGs
[2026-09-17T11:03:57.961+0000] {logging_mixin.py:190} INFO - [2026-09-17T11:03:57.960+0000] {dag.py:4180} INFO - Setting next_dagrun for youtube_warehouse_pipeline to None, run_after=None
[2026-09-17T11:03:57.989+0000] {processor.py:208} INFO - Processing /opt/airflow/dags/youtube_warehouse_pipeline.py took 0.212 seconds
[2026-09-17T11:04:28.373+0000] {processor.py:186} INFO - Started process (PID=2804) to work on /opt/airflow/dags/youtube_warehouse_pipeline.py
[2026-09-17T11:04:28.377+0000] {processor.py:914} INFO - Processing file /opt/airflow/dags/youtube_warehouse_pipeline.py for tasks to queue
[2026-09-17T11:04:28.379+0000] {logging_mixin.py:190} INFO - [2026-09-17T11:04:28.379+0000] {dagbag.py:588} INFO - Filling up the DagBag from /opt/airflow/dags/youtube_warehouse_pipeline.py
[2026-09-17T11:04:28.479+0000] {processor.py:925} INFO - DAG(s) 'youtube_warehouse_pipeline' retrieved from /opt/airflow/dags/youtube_warehouse_pipeline.py
[2026-09-17T11:04:28.543+0000] {logging_mixin.py:190} INFO - [2026-09-17T11:04:28.542+0000] {dag.py:3239} INFO - Sync 1 DAGs
[2026-09-17T11:04:28.562+0000] {logging_mixin.py:190} INFO - [2026-09-17T11:04:28.562+0000] {dag.py:4180} INFO - Setting next_dagrun for youtube_warehouse_pipeline to None, run_after=None
[2026-09-17T11:04:28.586+0000] {processor.py:208} INFO - Processing /opt/airflow/dags/youtube_warehouse_pipeline.py took 0.229 seconds
[2026-09-17T11:04:59.011+0000] {processor.py:186} INFO - Started process (PID=2812) to work on /opt/airflow/dags/youtube_warehouse_pipeline.py
[2026-09-17T11:04:59.013+0000] {processor.py:914} INFO - Processing file /opt/airflow/dags/youtube_warehouse_pipeline.py for tasks to queue
[2026-09-17T11:04:59.016+0000] {logging_mixin.py:190} INFO - [2026-09-17T11:04:59.015+0000] {dagbag.py:588} INFO - Filling up the DagBag from /opt/airflow/dags/youtube_warehouse_pipeline.py
[2026-09-17T11:04:59.097+0000] {processor.py:925} INFO - DAG(s) 'youtube_warehouse_pipeline' retrieved from /opt/airflow/dags/youtube_warehouse_pipeline.py
[2026-09-17T11:04:59.138+0000] {logging_mixin.py:190} INFO - [2026-09-17T11:04:59.138+0000] {dag.py:3239} INFO - Sync 1 DAGs
[2026-09-17T11:04:59.153+0000] {logging_mixin.py:190} INFO - [2026-09-17T11:04:59.153+0000] {dag.py:4180} INFO - Setting next_dagrun for youtube_warehouse_pipeline to None, run_after=None
[2026-09-17T11:04:59.175+0000] {processor.py:208} INFO - Processing /opt/airflow/dags/youtube_warehouse_pipeline.py took 0.171 seconds
[2026-09-17T11:05:29.611+0000] {processor.py:186} INFO - Started process (PID=2820) to work on /opt/airflow/dags/youtube_warehouse_pipeline.py
[2026-09-17T11:05:29.614+0000] {processor.py:914} INFO - Processing file /opt/airflow/dags/youtube_warehouse_pipeline.py for tasks to queue
[2026-09-17T11:05:29.619+0000] {logging_mixin.py:190} INFO - [2026-09-17T11:05:29.618+0000] {dagbag.py:588} INFO - Filling up the DagBag from /opt/airflow/dags/youtube_warehouse_pipeline.py
[2026-09-17T11:05:29.860+0000] {processor.py:925} INFO - DAG(s) 'youtube_warehouse_pipeline' retrieved from /opt/airflow/dags/youtube_warehouse_pipeline.py
[2026-09-17T11:05:30.345+0000] {logging_mixin.py:190} INFO - [2026-09-17T11:05:30.344+0000] {dag.py:3239} INFO - Sync 1 DAGs
[2026-09-17T11:05:30.411+0000] {logging_mixin.py:190} INFO - [2026-09-17T11:05:30.407+0000] {dag.py:4180} INFO - Setting next_dagrun for youtube_warehouse_pipeline to None, run_after=None
[2026-09-17T11:05:30.501+0000] {processor.py:208} INFO - Processing /opt/airflow/dags/youtube_warehouse_pipeline.py took 0.923 seconds
[2026-09-17T11:06:01.107+0000] {processor.py:186} INFO - Started process (PID=2828) to work on /opt/airflow/dags/youtube_warehouse_pipeline.py
[2026-09-17T11:06:01.109+0000] {processor.py:914} INFO - Processing file /opt/airflow/dags/youtube_warehouse_pipeline.py for tasks to queue
[2026-09-17T11:06:01.112+0000] {logging_mixin.py:190} INFO - [2026-09-17T11:06:01.111+0000] {dagbag.py:588} INFO - Filling up the DagBag from /opt/airflow/dags/youtube_warehouse_pipeline.py
[2026-09-17T11:06:01.203+0000] {processor.py:925} INFO - DAG(s) 'youtube_warehouse_pipeline' retrieved from /opt/airflow/dags/youtube_warehouse_pipeline.py
[2026-09-17T11:06:01.257+0000] {logging_mixin.py:190} INFO - [2026-09-17T11:06:01.257+0000] {dag.py:3239} INFO - Sync 1 DAGs
[2026-09-17T11:06:01.271+0000] {logging_mixin.py:190} INFO - [2026-09-17T11:06:01.271+0000] {dag.py:4180} INFO - Setting next_dagrun for youtube_warehouse_pipeline to None, run_after=None
[2026-09-17T11:06:01.291+0000] {processor.py:208} INFO - Processing /opt/airflow/dags/youtube_warehouse_pipeline.py took 0.195 seconds
[2026-09-17T11:06:31.707+0000] {processor.py:186} INFO - Started process (PID=2836) to work on /opt/airflow/dags/youtube_warehouse_pipeline.py
[2026-09-17T11:06:31.712+0000] {processor.py:914} INFO - Processing file /opt/airflow/dags/youtube_warehouse_pipeline.py for tasks to queue
[2026-09-17T11:06:31.714+0000] {logging_mixin.py:190} INFO - [2026-09-17T11:06:31.714+0000] {dagbag.py:588} INFO - Filling up the DagBag from /opt/airflow/dags/youtube_warehouse_pipeline.py
[2026-09-17T11:06:31.797+0000] {processor.py:925} INFO - DAG(s) 'youtube_warehouse_pipeline' retrieved from /opt/airflow/dags/youtube_warehouse_pipeline.py
[2026-09-17T11:06:31.826+0000] {logging_mixin.py:190} INFO - [2026-09-17T11:06:31.826+0000] {dag.py:3239} INFO - Sync 1 DAGs
[2026-09-17T11:06:31.843+0000] {logging_mixin.py:190} INFO - [2026-09-17T11:06:31.843+0000] {dag.py:4180} INFO - Setting next_dagrun for youtube_warehouse_pipeline to None, run_after=None
[2026-09-17T11:06:31.864+0000] {processor.py:208} INFO - Processing /opt/airflow/dags/youtube_warehouse_pipeline.py took 0.169 seconds
[2026-09-17T11:07:02.277+0000] {processor.py:186} INFO - Started process (PID=2845) to work on /opt/airflow/dags/youtube_warehouse_pipeline.py
[2026-09-17T11:07:02.280+0000] {processor.py:914} INFO - Processing file /opt/airflow/dags/youtube_warehouse_pipeline.py for tasks to queue
[2026-09-17T11:07:02.282+0000] {logging_mixin.py:190} INFO - [2026-09-17T11:07:02.282+0000] {dagbag.py:588} INFO - Filling up the DagBag from /opt/airflow/dags/youtube_warehouse_pipeline.py
[2026-09-17T11:07:02.380+0000] {processor.py:925} INFO - DAG(s) 'youtube_warehouse_pipeline' retrieved from /opt/airflow/dags/youtube_warehouse_pipeline.py
[2026-09-17T11:07:02.443+0000] {logging_mixin.py:190} INFO - [2026-09-17T11:07:02.443+0000] {dag.py:3239} INFO - Sync 1 DAGs
[2026-09-17T11:07:02.459+0000] {logging_mixin.py:190} INFO - [2026-09-17T11:07:02.458+0000] {dag.py:4180} INFO - Setting next_dagrun for youtube_warehouse_pipeline to None, run_after=None
[2026-09-17T11:07:02.481+0000] {processor.py:208} INFO - Processing /opt/airflow/dags/youtube_warehouse_pipeline.py took 0.216 seconds
[2026-09-17T11:07:32.858+0000] {processor.py:186} INFO - Started process (PID=2853) to work on /opt/airflow/dags/youtube_warehouse_pipeline.py
[2026-09-17T11:07:32.862+0000] {processor.py:914} INFO - Processing file /opt/airflow/dags/youtube_warehouse_pipeline.py for tasks to queue
[2026-09-17T11:07:32.867+0000] {logging_mixin.py:190} INFO - [2026-09-17T11:07:32.865+0000] {dagbag.py:588} INFO - Filling up the DagBag from /opt/airflow/dags/youtube_warehouse_pipeline.py
[2026-09-17T11:07:33.037+0000] {processor.py:925} INFO - DAG(s) 'youtube_warehouse_pipeline' retrieved from /opt/airflow/dags/youtube_warehouse_pipeline.py
[2026-09-17T11:07:33.148+0000] {logging_mixin.py:190} INFO - [2026-09-17T11:07:33.148+0000] {dag.py:3239} INFO - Sync 1 DAGs
[2026-09-17T11:07:33.172+0000] {logging_mixin.py:190} INFO - [2026-09-17T11:07:33.172+0000] {dag.py:4180} INFO - Setting next_dagrun for youtube_warehouse_pipeline to None, run_after=None
[2026-09-17T11:07:33.206+0000] {processor.py:208} INFO - Processing /opt/airflow/dags/youtube_warehouse_pipeline.py took 0.369 seconds
[2026-09-17T11:08:03.712+0000] {processor.py:186} INFO - Started process (PID=2861) to work on /opt/airflow/dags/youtube_warehouse_pipeline.py
[2026-09-17T11:08:03.714+0000] {processor.py:914} INFO - Processing file /opt/airflow/dags/youtube_warehouse_pipeline.py for tasks to queue
[2026-09-17T11:08:03.717+0000] {logging_mixin.py:190} INFO - [2026-09-17T11:08:03.716+0000] {dagbag.py:588} INFO - Filling up the DagBag from /opt/airflow/dags/youtube_warehouse_pipeline.py
[2026-09-17T11:08:03.814+0000] {processor.py:925} INFO - DAG(s) 'youtube_warehouse_pipeline' retrieved from /opt/airflow/dags/youtube_warehouse_pipeline.py
[2026-09-17T11:08:03.879+0000] {logging_mixin.py:190} INFO - [2026-09-17T11:08:03.879+0000] {dag.py:3239} INFO - Sync 1 DAGs
[2026-09-17T11:08:03.894+0000] {logging_mixin.py:190} INFO - [2026-09-17T11:08:03.894+0000] {dag.py:4180} INFO - Setting next_dagrun for youtube_warehouse_pipeline to None, run_after=None
[2026-09-17T11:08:03.918+0000] {processor.py:208} INFO - Processing /opt/airflow/dags/youtube_warehouse_pipeline.py took 0.225 seconds
[2026-09-17T11:08:34.284+0000] {processor.py:186} INFO - Started process (PID=2869) to work on /opt/airflow/dags/youtube_warehouse_pipeline.py
[2026-09-17T11:08:34.288+0000] {processor.py:914} INFO - Processing file /opt/airflow/dags/youtube_warehouse_pipeline.py for tasks to queue
[2026-09-17T11:08:34.290+0000] {logging_mixin.py:190} INFO - [2026-09-17T11:08:34.290+0000] {dagbag.py:588} INFO - Filling up the DagBag from /opt/airflow/dags/youtube_warehouse_pipeline.py
[2026-09-17T11:08:34.373+0000] {processor.py:925} INFO - DAG(s) 'youtube_warehouse_pipeline' retrieved from /opt/airflow/dags/youtube_warehouse_pipeline.py
[2026-09-17T11:08:34.419+0000] {logging_mixin.py:190} INFO - [2026-09-17T11:08:34.418+0000] {dag.py:3239} INFO - Sync 1 DAGs
[2026-09-17T11:08:34.435+0000] {logging_mixin.py:190} INFO - [2026-09-17T11:08:34.434+0000] {dag.py:4180} INFO - Setting next_dagrun for youtube_warehouse_pipeline to None, run_after=None
[2026-09-17T11:08:34.457+0000] {processor.py:208} INFO - Processing /opt/airflow/dags/youtube_warehouse_pipeline.py took 0.181 seconds
[2026-09-17T11:09:04.880+0000] {processor.py:186} INFO - Started process (PID=2877) to work on /opt/airflow/dags/youtube_warehouse_pipeline.py
[2026-09-17T11:09:04.883+0000] {processor.py:914} INFO - Processing file /opt/airflow/dags/youtube_warehouse_pipeline.py for tasks to queue
[2026-09-17T11:09:04.889+0000] {logging_mixin.py:190} INFO - [2026-09-17T11:09:04.885+0000] {dagbag.py:588} INFO - Filling up the DagBag from /opt/airflow/dags/youtube_warehouse_pipeline.py
[2026-09-17T11:09:05.001+0000] {processor.py:925} INFO - DAG(s) 'youtube_warehouse_pipeline' retrieved from /opt/airflow/dags/youtube_warehouse_pipeline.py
[2026-09-17T11:09:05.053+0000] {logging_mixin.py:190} INFO - [2026-09-17T11:09:05.052+0000] {dag.py:3239} INFO - Sync 1 DAGs
[2026-09-17T11:09:05.078+0000] {logging_mixin.py:190} INFO - [2026-09-17T11:09:05.078+0000] {dag.py:4180} INFO - Setting next_dagrun for youtube_warehouse_pipeline to None, run_after=None
[2026-09-17T11:09:05.117+0000] {processor.py:208} INFO - Processing /opt/airflow/dags/youtube_warehouse_pipeline.py took 0.260 seconds
[2026-09-17T11:09:35.491+0000] {processor.py:186} INFO - Started process (PID=2885) to work on /opt/airflow/dags/youtube_warehouse_pipeline.py
[2026-09-17T11:09:35.495+0000] {processor.py:914} INFO - Processing file /opt/airflow/dags/youtube_warehouse_pipeline.py for tasks to queue
[2026-09-17T11:09:35.498+0000] {logging_mixin.py:190} INFO - [2026-09-17T11:09:35.498+0000] {dagbag.py:588} INFO - Filling up the DagBag from /opt/airflow/dags/youtube_warehouse_pipeline.py
[2026-09-17T11:09:35.585+0000] {processor.py:925} INFO - DAG(s) 'youtube_warehouse_pipeline' retrieved from /opt/airflow/dags/youtube_warehouse_pipeline.py
[2026-09-17T11:09:35.605+0000] {logging_mixin.py:190} INFO - [2026-09-17T11:09:35.605+0000] {dag.py:3239} INFO - Sync 1 DAGs
[2026-09-17T11:09:35.620+0000] {logging_mixin.py:190} INFO - [2026-09-17T11:09:35.620+0000] {dag.py:4180} INFO - Setting next_dagrun for youtube_warehouse_pipeline to None, run_after=None
[2026-09-17T11:09:35.648+0000] {processor.py:208} INFO - Processing /opt/airflow/dags/youtube_warehouse_pipeline.py took 0.164 seconds
[2026-09-17T11:10:05.888+0000] {processor.py:186} INFO - Started process (PID=2894) to work on /opt/airflow/dags/youtube_warehouse_pipeline.py
[2026-09-17T11:10:05.890+0000] {processor.py:914} INFO - Processing file /opt/airflow/dags/youtube_warehouse_pipeline.py for tasks to queue
[2026-09-17T11:10:05.892+0000] {logging_mixin.py:190} INFO - [2026-09-17T11:10:05.892+0000] {dagbag.py:588} INFO - Filling up the DagBag from /opt/airflow/dags/youtube_warehouse_pipeline.py
[2026-09-17T11:10:05.976+0000] {processor.py:925} INFO - DAG(s) 'youtube_warehouse_pipeline' retrieved from /opt/airflow/dags/youtube_warehouse_pipeline.py
[2026-09-17T11:10:06.025+0000] {logging_mixin.py:190} INFO - [2026-09-17T11:10:06.024+0000] {dag.py:3239} INFO - Sync 1 DAGs
[2026-09-17T11:10:06.040+0000] {logging_mixin.py:190} INFO - [2026-09-17T11:10:06.040+0000] {dag.py:4180} INFO - Setting next_dagrun for youtube_warehouse_pipeline to None, run_after=None
[2026-09-17T11:10:06.059+0000] {processor.py:208} INFO - Processing /opt/airflow/dags/youtube_warehouse_pipeline.py took 0.183 seconds
[2026-09-17T11:10:36.414+0000] {processor.py:186} INFO - Started process (PID=2902) to work on /opt/airflow/dags/youtube_warehouse_pipeline.py
[2026-09-17T11:10:36.418+0000] {processor.py:914} INFO - Processing file /opt/airflow/dags/youtube_warehouse_pipeline.py for tasks to queue
[2026-09-17T11:10:36.420+0000] {logging_mixin.py:190} INFO - [2026-09-17T11:10:36.420+0000] {dagbag.py:588} INFO - Filling up the DagBag from /opt/airflow/dags/youtube_warehouse_pipeline.py
[2026-09-17T11:10:36.526+0000] {processor.py:925} INFO - DAG(s) 'youtube_warehouse_pipeline' retrieved from /opt/airflow/dags/youtube_warehouse_pipeline.py
[2026-09-17T11:10:36.602+0000] {logging_mixin.py:190} INFO - [2026-09-17T11:10:36.601+0000] {dag.py:3239} INFO - Sync 1 DAGs
[2026-09-17T11:10:36.617+0000] {logging_mixin.py:190} INFO - [2026-09-17T11:10:36.617+0000] {dag.py:4180} INFO - Setting next_dagrun for youtube_warehouse_pipeline to None, run_after=None
[2026-09-17T11:10:36.638+0000] {processor.py:208} INFO - Processing /opt/airflow/dags/youtube_warehouse_pipeline.py took 0.235 seconds
[2026-09-17T11:11:06.982+0000] {processor.py:186} INFO - Started process (PID=2910) to work on /opt/airflow/dags/youtube_warehouse_pipeline.py
[2026-09-17T11:11:06.984+0000] {processor.py:914} INFO - Processing file /opt/airflow/dags/youtube_warehouse_pipeline.py for tasks to queue
[2026-09-17T11:11:06.986+0000] {logging_mixin.py:190} INFO - [2026-09-17T11:11:06.986+0000] {dagbag.py:588} INFO - Filling up the DagBag from /opt/airflow/dags/youtube_warehouse_pipeline.py
[2026-09-17T11:11:07.071+0000] {processor.py:925} INFO - DAG(s) 'youtube_warehouse_pipeline' retrieved from /opt/airflow/dags/youtube_warehouse_pipeline.py
[2026-09-17T11:11:07.101+0000] {logging_mixin.py:190} INFO - [2026-09-17T11:11:07.100+0000] {dag.py:3239} INFO - Sync 1 DAGs
[2026-09-17T11:11:07.118+0000] {logging_mixin.py:190} INFO - [2026-09-17T11:11:07.117+0000] {dag.py:4180} INFO - Setting next_dagrun for youtube_warehouse_pipeline to None, run_after=None
[2026-09-17T11:11:07.139+0000] {processor.py:208} INFO - Processing /opt/airflow/dags/youtube_warehouse_pipeline.py took 0.167 seconds
[2026-09-17T11:11:37.523+0000] {processor.py:186} INFO - Started process (PID=2918) to work on /opt/airflow/dags/youtube_warehouse_pipeline.py
[2026-09-17T11:11:37.526+0000] {processor.py:914} INFO - Processing file /opt/airflow/dags/youtube_warehouse_pipeline.py for tasks to queue
[2026-09-17T11:11:37.529+0000] {logging_mixin.py:190} INFO - [2026-09-17T11:11:37.528+0000] {dagbag.py:588} INFO - Filling up the DagBag from /opt/airflow/dags/youtube_warehouse_pipeline.py
[2026-09-17T11:11:37.631+0000] {processor.py:925} INFO - DAG(s) 'youtube_warehouse_pipeline' retrieved from /opt/airflow/dags/youtube_warehouse_pipeline.py
[2026-09-17T11:11:37.671+0000] {logging_mixin.py:190} INFO - [2026-09-17T11:11:37.671+0000] {dag.py:3239} INFO - Sync 1 DAGs
[2026-09-17T11:11:37.685+0000] {logging_mixin.py:190} INFO - [2026-09-17T11:11:37.685+0000] {dag.py:4180} INFO - Setting next_dagrun for youtube_warehouse_pipeline to None, run_after=None
[2026-09-17T11:11:37.705+0000] {processor.py:208} INFO - Processing /opt/airflow/dags/youtube_warehouse_pipeline.py took 0.198 seconds
[2026-09-17T11:12:08.222+0000] {processor.py:186} INFO - Started process (PID=2926) to work on /opt/airflow/dags/youtube_warehouse_pipeline.py
[2026-09-17T11:12:08.224+0000] {processor.py:914} INFO - Processing file /opt/airflow/dags/youtube_warehouse_pipeline.py for tasks to queue
[2026-09-17T11:12:08.227+0000] {logging_mixin.py:190} INFO - [2026-09-17T11:12:08.226+0000] {dagbag.py:588} INFO - Filling up the DagBag from /opt/airflow/dags/youtube_warehouse_pipeline.py
[2026-09-17T11:12:08.314+0000] {processor.py:925} INFO - DAG(s) 'youtube_warehouse_pipeline' retrieved from /opt/airflow/dags/youtube_warehouse_pipeline.py
[2026-09-17T11:12:08.392+0000] {logging_mixin.py:190} INFO - [2026-09-17T11:12:08.392+0000] {dag.py:3239} INFO - Sync 1 DAGs
[2026-09-17T11:12:08.410+0000] {logging_mixin.py:190} INFO - [2026-09-17T11:12:08.410+0000] {dag.py:4180} INFO - Setting next_dagrun for youtube_warehouse_pipeline to None, run_after=None
[2026-09-17T11:12:08.433+0000] {processor.py:208} INFO - Processing /opt/airflow/dags/youtube_warehouse_pipeline.py took 0.226 seconds
[2026-09-17T11:12:38.780+0000] {processor.py:186} INFO - Started process (PID=2933) to work on /opt/airflow/dags/youtube_warehouse_pipeline.py
[2026-09-17T11:12:38.783+0000] {processor.py:914} INFO - Processing file /opt/airflow/dags/youtube_warehouse_pipeline.py for tasks to queue
[2026-09-17T11:12:38.786+0000] {logging_mixin.py:190} INFO - [2026-09-17T11:12:38.786+0000] {dagbag.py:588} INFO - Filling up the DagBag from /opt/airflow/dags/youtube_warehouse_pipeline.py
[2026-09-17T11:12:38.878+0000] {processor.py:925} INFO - DAG(s) 'youtube_warehouse_pipeline' retrieved from /opt/airflow/dags/youtube_warehouse_pipeline.py
[2026-09-17T11:12:38.914+0000] {logging_mixin.py:190} INFO - [2026-09-17T11:12:38.914+0000] {dag.py:3239} INFO - Sync 1 DAGs
[2026-09-17T11:12:38.930+0000] {logging_mixin.py:190} INFO - [2026-09-17T11:12:38.930+0000] {dag.py:4180} INFO - Setting next_dagrun for youtube_warehouse_pipeline to None, run_after=None
[2026-09-17T11:12:38.950+0000] {processor.py:208} INFO - Processing /opt/airflow/dags/youtube_warehouse_pipeline.py took 0.179 seconds
[2026-09-17T11:13:09.299+0000] {processor.py:186} INFO - Started process (PID=2941) to work on /opt/airflow/dags/youtube_warehouse_pipeline.py
[2026-09-17T11:13:09.302+0000] {processor.py:914} INFO - Processing file /opt/airflow/dags/youtube_warehouse_pipeline.py for tasks to queue
[2026-09-17T11:13:09.305+0000] {logging_mixin.py:190} INFO - [2026-09-17T11:13:09.304+0000] {dagbag.py:588} INFO - Filling up the DagBag from /opt/airflow/dags/youtube_warehouse_pipeline.py
[2026-09-17T11:13:09.405+0000] {processor.py:925} INFO - DAG(s) 'youtube_warehouse_pipeline' retrieved from /opt/airflow/dags/youtube_warehouse_pipeline.py
[2026-09-17T11:13:09.469+0000] {logging_mixin.py:190} INFO - [2026-09-17T11:13:09.469+0000] {dag.py:3239} INFO - Sync 1 DAGs
[2026-09-17T11:13:09.491+0000] {logging_mixin.py:190} INFO - [2026-09-17T11:13:09.490+0000] {dag.py:4180} INFO - Setting next_dagrun for youtube_warehouse_pipeline to None, run_after=None
[2026-09-17T11:13:09.520+0000] {processor.py:208} INFO - Processing /opt/airflow/dags/youtube_warehouse_pipeline.py took 0.232 seconds
[2026-09-17T11:13:39.736+0000] {processor.py:186} INFO - Started process (PID=2949) to work on /opt/airflow/dags/youtube_warehouse_pipeline.py
[2026-09-17T11:13:39.738+0000] {processor.py:914} INFO - Processing file /opt/airflow/dags/youtube_warehouse_pipeline.py for tasks to queue
[2026-09-17T11:13:39.740+0000] {logging_mixin.py:190} INFO - [2026-09-17T11:13:39.740+0000] {dagbag.py:588} INFO - Filling up the DagBag from /opt/airflow/dags/youtube_warehouse_pipeline.py
[2026-09-17T11:13:39.838+0000] {processor.py:925} INFO - DAG(s) 'youtube_warehouse_pipeline' retrieved from /opt/airflow/dags/youtube_warehouse_pipeline.py
[2026-09-17T11:13:39.866+0000] {logging_mixin.py:190} INFO - [2026-09-17T11:13:39.866+0000] {dag.py:3239} INFO - Sync 1 DAGs
[2026-09-17T11:13:39.882+0000] {logging_mixin.py:190} INFO - [2026-09-17T11:13:39.881+0000] {dag.py:4180} INFO - Setting next_dagrun for youtube_warehouse_pipeline to None, run_after=None
[2026-09-17T11:13:39.903+0000] {processor.py:208} INFO - Processing /opt/airflow/dags/youtube_warehouse_pipeline.py took 0.181 seconds
[2026-09-17T11:14:10.265+0000] {processor.py:186} INFO - Started process (PID=2957) to work on /opt/airflow/dags/youtube_warehouse_pipeline.py
[2026-09-17T11:14:10.269+0000] {processor.py:914} INFO - Processing file /opt/airflow/dags/youtube_warehouse_pipeline.py for tasks to queue
[2026-09-17T11:14:10.274+0000] {logging_mixin.py:190} INFO - [2026-09-17T11:14:10.273+0000] {dagbag.py:588} INFO - Filling up the DagBag from /opt/airflow/dags/youtube_warehouse_pipeline.py
[2026-09-17T11:14:10.396+0000] {processor.py:925} INFO - DAG(s) 'youtube_warehouse_pipeline' retrieved from /opt/airflow/dags/youtube_warehouse_pipeline.py
[2026-09-17T11:14:10.432+0000] {logging_mixin.py:190} INFO - [2026-09-17T11:14:10.432+0000] {dag.py:3239} INFO - Sync 1 DAGs
[2026-09-17T11:14:10.451+0000] {logging_mixin.py:190} INFO - [2026-09-17T11:14:10.451+0000] {dag.py:4180} INFO - Setting next_dagrun for youtube_warehouse_pipeline to None, run_after=None
[2026-09-17T11:14:10.482+0000] {processor.py:208} INFO - Processing /opt/airflow/dags/youtube_warehouse_pipeline.py took 0.226 seconds
[2026-09-17T11:14:41.007+0000] {processor.py:186} INFO - Started process (PID=2965) to work on /opt/airflow/dags/youtube_warehouse_pipeline.py
[2026-09-17T11:14:41.009+0000] {processor.py:914} INFO - Processing file /opt/airflow/dags/youtube_warehouse_pipeline.py for tasks to queue
[2026-09-17T11:14:41.011+0000] {logging_mixin.py:190} INFO - [2026-09-17T11:14:41.011+0000] {dagbag.py:588} INFO - Filling up the DagBag from /opt/airflow/dags/youtube_warehouse_pipeline.py
[2026-09-17T11:14:41.109+0000] {processor.py:925} INFO - DAG(s) 'youtube_warehouse_pipeline' retrieved from /opt/airflow/dags/youtube_warehouse_pipeline.py
[2026-09-17T11:14:41.202+0000] {logging_mixin.py:190} INFO - [2026-09-17T11:14:41.201+0000] {dag.py:3239} INFO - Sync 1 DAGs
[2026-09-17T11:14:41.218+0000] {logging_mixin.py:190} INFO - [2026-09-17T11:14:41.218+0000] {dag.py:4180} INFO - Setting next_dagrun for youtube_warehouse_pipeline to None, run_after=None
[2026-09-17T11:14:41.242+0000] {processor.py:208} INFO - Processing /opt/airflow/dags/youtube_warehouse_pipeline.py took 0.248 seconds
[2026-09-17T11:15:11.644+0000] {processor.py:186} INFO - Started process (PID=2973) to work on /opt/airflow/dags/youtube_warehouse_pipeline.py
[2026-09-17T11:15:11.646+0000] {processor.py:914} INFO - Processing file /opt/airflow/dags/youtube_warehouse_pipeline.py for tasks to queue
[2026-09-17T11:15:11.649+0000] {logging_mixin.py:190} INFO - [2026-09-17T11:15:11.648+0000] {dagbag.py:588} INFO - Filling up the DagBag from /opt/airflow/dags/youtube_warehouse_pipeline.py
[2026-09-17T11:15:11.754+0000] {processor.py:925} INFO - DAG(s) 'youtube_warehouse_pipeline' retrieved from /opt/airflow/dags/youtube_warehouse_pipeline.py
[2026-09-17T11:15:11.777+0000] {logging_mixin.py:190} INFO - [2026-09-17T11:15:11.776+0000] {dag.py:3239} INFO - Sync 1 DAGs
[2026-09-17T11:15:11.792+0000] {logging_mixin.py:190} INFO - [2026-09-17T11:15:11.792+0000] {dag.py:4180} INFO - Setting next_dagrun for youtube_warehouse_pipeline to None, run_after=None
[2026-09-17T11:15:11.817+0000] {processor.py:208} INFO - Processing /opt/airflow/dags/youtube_warehouse_pipeline.py took 0.182 seconds
[2026-09-17T11:15:41.990+0000] {processor.py:186} INFO - Started process (PID=2981) to work on /opt/airflow/dags/youtube_warehouse_pipeline.py
[2026-09-17T11:15:41.993+0000] {processor.py:914} INFO - Processing file /opt/airflow/dags/youtube_warehouse_pipeline.py for tasks to queue
[2026-09-17T11:15:41.996+0000] {logging_mixin.py:190} INFO - [2026-09-17T11:15:41.995+0000] {dagbag.py:588} INFO - Filling up the DagBag from /opt/airflow/dags/youtube_warehouse_pipeline.py
[2026-09-17T11:15:42.109+0000] {processor.py:925} INFO - DAG(s) 'youtube_warehouse_pipeline' retrieved from /opt/airflow/dags/youtube_warehouse_pipeline.py
[2026-09-17T11:15:42.181+0000] {logging_mixin.py:190} INFO - [2026-09-17T11:15:42.180+0000] {dag.py:3239} INFO - Sync 1 DAGs
[2026-09-17T11:15:42.197+0000] {logging_mixin.py:190} INFO - [2026-09-17T11:15:42.196+0000] {dag.py:4180} INFO - Setting next_dagrun for youtube_warehouse_pipeline to None, run_after=None
[2026-09-17T11:15:42.220+0000] {processor.py:208} INFO - Processing /opt/airflow/dags/youtube_warehouse_pipeline.py took 0.246 seconds
[2026-09-17T11:16:12.553+0000] {processor.py:186} INFO - Started process (PID=2989) to work on /opt/airflow/dags/youtube_warehouse_pipeline.py
[2026-09-17T11:16:12.558+0000] {processor.py:914} INFO - Processing file /opt/airflow/dags/youtube_warehouse_pipeline.py for tasks to queue
[2026-09-17T11:16:12.561+0000] {logging_mixin.py:190} INFO - [2026-09-17T11:16:12.561+0000] {dagbag.py:588} INFO - Filling up the DagBag from /opt/airflow/dags/youtube_warehouse_pipeline.py
[2026-09-17T11:16:12.666+0000] {processor.py:925} INFO - DAG(s) 'youtube_warehouse_pipeline' retrieved from /opt/airflow/dags/youtube_warehouse_pipeline.py
[2026-09-17T11:16:12.738+0000] {logging_mixin.py:190} INFO - [2026-09-17T11:16:12.737+0000] {dag.py:3239} INFO - Sync 1 DAGs
[2026-09-17T11:16:12.757+0000] {logging_mixin.py:190} INFO - [2026-09-17T11:16:12.757+0000] {dag.py:4180} INFO - Setting next_dagrun for youtube_warehouse_pipeline to None, run_after=None
[2026-09-17T11:16:12.784+0000] {processor.py:208} INFO - Processing /opt/airflow/dags/youtube_warehouse_pipeline.py took 0.240 seconds
[2026-09-17T11:16:43.165+0000] {processor.py:186} INFO - Started process (PID=2997) to work on /opt/airflow/dags/youtube_warehouse_pipeline.py
[2026-09-17T11:16:43.167+0000] {processor.py:914} INFO - Processing file /opt/airflow/dags/youtube_warehouse_pipeline.py for tasks to queue
[2026-09-17T11:16:43.170+0000] {logging_mixin.py:190} INFO - [2026-09-17T11:16:43.170+0000] {dagbag.py:588} INFO - Filling up the DagBag from /opt/airflow/dags/youtube_warehouse_pipeline.py
[2026-09-17T11:16:43.265+0000] {processor.py:925} INFO - DAG(s) 'youtube_warehouse_pipeline' retrieved from /opt/airflow/dags/youtube_warehouse_pipeline.py
[2026-09-17T11:16:43.343+0000] {logging_mixin.py:190} INFO - [2026-09-17T11:16:43.342+0000] {dag.py:3239} INFO - Sync 1 DAGs
[2026-09-17T11:16:43.366+0000] {logging_mixin.py:190} INFO - [2026-09-17T11:16:43.366+0000] {dag.py:4180} INFO - Setting next_dagrun for youtube_warehouse_pipeline to None, run_after=None
[2026-09-17T11:16:43.394+0000] {processor.py:208} INFO - Processing /opt/airflow/dags/youtube_warehouse_pipeline.py took 0.238 seconds
[2026-09-17T11:17:13.777+0000] {processor.py:186} INFO - Started process (PID=3005) to work on /opt/airflow/dags/youtube_warehouse_pipeline.py
[2026-09-17T11:17:13.779+0000] {processor.py:914} INFO - Processing file /opt/airflow/dags/youtube_warehouse_pipeline.py for tasks to queue
[2026-09-17T11:17:13.783+0000] {logging_mixin.py:190} INFO - [2026-09-17T11:17:13.782+0000] {dagbag.py:588} INFO - Filling up the DagBag from /opt/airflow/dags/youtube_warehouse_pipeline.py
[2026-09-17T11:17:13.897+0000] {processor.py:925} INFO - DAG(s) 'youtube_warehouse_pipeline' retrieved from /opt/airflow/dags/youtube_warehouse_pipeline.py
[2026-09-17T11:17:13.965+0000] {logging_mixin.py:190} INFO - [2026-09-17T11:17:13.964+0000] {dag.py:3239} INFO - Sync 1 DAGs
[2026-09-17T11:17:13.993+0000] {logging_mixin.py:190} INFO - [2026-09-17T11:17:13.992+0000] {dag.py:4180} INFO - Setting next_dagrun for youtube_warehouse_pipeline to None, run_after=None
[2026-09-17T11:17:14.027+0000] {processor.py:208} INFO - Processing /opt/airflow/dags/youtube_warehouse_pipeline.py took 0.272 seconds
[2026-09-17T11:17:44.187+0000] {processor.py:186} INFO - Started process (PID=3013) to work on /opt/airflow/dags/youtube_warehouse_pipeline.py
[2026-09-17T11:17:44.190+0000] {processor.py:914} INFO - Processing file /opt/airflow/dags/youtube_warehouse_pipeline.py for tasks to queue
[2026-09-17T11:17:44.193+0000] {logging_mixin.py:190} INFO - [2026-09-17T11:17:44.192+0000] {dagbag.py:588} INFO - Filling up the DagBag from /opt/airflow/dags/youtube_warehouse_pipeline.py
[2026-09-17T11:17:44.284+0000] {processor.py:925} INFO - DAG(s) 'youtube_warehouse_pipeline' retrieved from /opt/airflow/dags/youtube_warehouse_pipeline.py
[2026-09-17T11:17:44.338+0000] {logging_mixin.py:190} INFO - [2026-09-17T11:17:44.337+0000] {dag.py:3239} INFO - Sync 1 DAGs
[2026-09-17T11:17:44.355+0000] {logging_mixin.py:190} INFO - [2026-09-17T11:17:44.355+0000] {dag.py:4180} INFO - Setting next_dagrun for youtube_warehouse_pipeline to None, run_after=None
[2026-09-17T11:17:44.379+0000] {processor.py:208} INFO - Processing /opt/airflow/dags/youtube_warehouse_pipeline.py took 0.206 seconds
[2026-09-17T11:18:15.350+0000] {processor.py:186} INFO - Started process (PID=3021) to work on /opt/airflow/dags/youtube_warehouse_pipeline.py
[2026-09-17T11:18:15.353+0000] {processor.py:914} INFO - Processing file /opt/airflow/dags/youtube_warehouse_pipeline.py for tasks to queue
[2026-09-17T11:18:15.356+0000] {logging_mixin.py:190} INFO - [2026-09-17T11:18:15.355+0000] {dagbag.py:588} INFO - Filling up the DagBag from /opt/airflow/dags/youtube_warehouse_pipeline.py
[2026-09-17T11:18:15.448+0000] {processor.py:925} INFO - DAG(s) 'youtube_warehouse_pipeline' retrieved from /opt/airflow/dags/youtube_warehouse_pipeline.py
[2026-09-17T11:18:15.522+0000] {logging_mixin.py:190} INFO - [2026-09-17T11:18:15.521+0000] {dag.py:3239} INFO - Sync 1 DAGs
[2026-09-17T11:18:15.547+0000] {logging_mixin.py:190} INFO - [2026-09-17T11:18:15.546+0000] {dag.py:4180} INFO - Setting next_dagrun for youtube_warehouse_pipeline to None, run_after=None
[2026-09-17T11:18:15.571+0000] {processor.py:208} INFO - Processing /opt/airflow/dags/youtube_warehouse_pipeline.py took 0.503 seconds
[2026-09-17T11:18:45.956+0000] {processor.py:186} INFO - Started process (PID=3029) to work on /opt/airflow/dags/youtube_warehouse_pipeline.py
[2026-09-17T11:18:45.958+0000] {processor.py:914} INFO - Processing file /opt/airflow/dags/youtube_warehouse_pipeline.py for tasks to queue
[2026-09-17T11:18:45.961+0000] {logging_mixin.py:190} INFO - [2026-09-17T11:18:45.960+0000] {dagbag.py:588} INFO - Filling up the DagBag from /opt/airflow/dags/youtube_warehouse_pipeline.py
[2026-09-17T11:18:46.050+0000] {processor.py:925} INFO - DAG(s) 'youtube_warehouse_pipeline' retrieved from /opt/airflow/dags/youtube_warehouse_pipeline.py
[2026-09-17T11:18:46.089+0000] {logging_mixin.py:190} INFO - [2026-09-17T11:18:46.089+0000] {dag.py:3239} INFO - Sync 1 DAGs
[2026-09-17T11:18:46.104+0000] {logging_mixin.py:190} INFO - [2026-09-17T11:18:46.104+0000] {dag.py:4180} INFO - Setting next_dagrun for youtube_warehouse_pipeline to None, run_after=None
[2026-09-17T11:18:46.125+0000] {processor.py:208} INFO - Processing /opt/airflow/dags/youtube_warehouse_pipeline.py took 0.180 seconds
[2026-09-17T11:19:16.572+0000] {processor.py:186} INFO - Started process (PID=3037) to work on /opt/airflow/dags/youtube_warehouse_pipeline.py
[2026-09-17T11:19:16.576+0000] {processor.py:914} INFO - Processing file /opt/airflow/dags/youtube_warehouse_pipeline.py for tasks to queue
[2026-09-17T11:19:16.577+0000] {logging_mixin.py:190} INFO - [2026-09-17T11:19:16.577+0000] {dagbag.py:588} INFO - Filling up the DagBag from /opt/airflow/dags/youtube_warehouse_pipeline.py
[2026-09-17T11:19:16.675+0000] {processor.py:925} INFO - DAG(s) 'youtube_warehouse_pipeline' retrieved from /opt/airflow/dags/youtube_warehouse_pipeline.py
[2026-09-17T11:19:16.720+0000] {logging_mixin.py:190} INFO - [2026-09-17T11:19:16.720+0000] {dag.py:3239} INFO - Sync 1 DAGs
[2026-09-17T11:19:16.736+0000] {logging_mixin.py:190} INFO - [2026-09-17T11:19:16.735+0000] {dag.py:4180} INFO - Setting next_dagrun for youtube_warehouse_pipeline to None, run_after=None
[2026-09-17T11:19:16.755+0000] {processor.py:208} INFO - Processing /opt/airflow/dags/youtube_warehouse_pipeline.py took 0.192 seconds
[2026-09-17T11:19:47.137+0000] {processor.py:186} INFO - Started process (PID=3045) to work on /opt/airflow/dags/youtube_warehouse_pipeline.py
[2026-09-17T11:19:47.141+0000] {processor.py:914} INFO - Processing file /opt/airflow/dags/youtube_warehouse_pipeline.py for tasks to queue
[2026-09-17T11:19:47.146+0000] {logging_mixin.py:190} INFO - [2026-09-17T11:19:47.144+0000] {dagbag.py:588} INFO - Filling up the DagBag from /opt/airflow/dags/youtube_warehouse_pipeline.py
[2026-09-17T11:19:47.242+0000] {processor.py:925} INFO - DAG(s) 'youtube_warehouse_pipeline' retrieved from /opt/airflow/dags/youtube_warehouse_pipeline.py
[2026-09-17T11:19:47.267+0000] {logging_mixin.py:190} INFO - [2026-09-17T11:19:47.267+0000] {dag.py:3239} INFO - Sync 1 DAGs
[2026-09-17T11:19:47.279+0000] {logging_mixin.py:190} INFO - [2026-09-17T11:19:47.279+0000] {dag.py:4180} INFO - Setting next_dagrun for youtube_warehouse_pipeline to None, run_after=None
[2026-09-17T11:19:47.298+0000] {processor.py:208} INFO - Processing /opt/airflow/dags/youtube_warehouse_pipeline.py took 0.174 seconds
[2026-09-17T11:20:17.778+0000] {processor.py:186} INFO - Started process (PID=3053) to work on /opt/airflow/dags/youtube_warehouse_pipeline.py
[2026-09-17T11:20:17.782+0000] {processor.py:914} INFO - Processing file /opt/airflow/dags/youtube_warehouse_pipeline.py for tasks to queue
[2026-09-17T11:20:17.784+0000] {logging_mixin.py:190} INFO - [2026-09-17T11:20:17.784+0000] {dagbag.py:588} INFO - Filling up the DagBag from /opt/airflow/dags/youtube_warehouse_pipeline.py
[2026-09-17T11:20:17.926+0000] {processor.py:925} INFO - DAG(s) 'youtube_warehouse_pipeline' retrieved from /opt/airflow/dags/youtube_warehouse_pipeline.py
[2026-09-17T11:20:18.042+0000] {logging_mixin.py:190} INFO - [2026-09-17T11:20:18.042+0000] {dag.py:3239} INFO - Sync 1 DAGs
[2026-09-17T11:20:18.059+0000] {logging_mixin.py:190} INFO - [2026-09-17T11:20:18.058+0000] {dag.py:4180} INFO - Setting next_dagrun for youtube_warehouse_pipeline to None, run_after=None
[2026-09-17T11:20:18.080+0000] {processor.py:208} INFO - Processing /opt/airflow/dags/youtube_warehouse_pipeline.py took 0.314 seconds
[2026-09-17T11:20:48.496+0000] {processor.py:186} INFO - Started process (PID=3061) to work on /opt/airflow/dags/youtube_warehouse_pipeline.py
[2026-09-17T11:20:48.501+0000] {processor.py:914} INFO - Processing file /opt/airflow/dags/youtube_warehouse_pipeline.py for tasks to queue
[2026-09-17T11:20:48.506+0000] {logging_mixin.py:190} INFO - [2026-09-17T11:20:48.505+0000] {dagbag.py:588} INFO - Filling up the DagBag from /opt/airflow/dags/youtube_warehouse_pipeline.py
[2026-09-17T11:20:48.716+0000] {processor.py:925} INFO - DAG(s) 'youtube_warehouse_pipeline' retrieved from /opt/airflow/dags/youtube_warehouse_pipeline.py
[2026-09-17T11:20:49.302+0000] {logging_mixin.py:190} INFO - [2026-09-17T11:20:49.291+0000] {dag.py:3239} INFO - Sync 1 DAGs
[2026-09-17T11:20:49.343+0000] {logging_mixin.py:190} INFO - [2026-09-17T11:20:49.343+0000] {dag.py:4180} INFO - Setting next_dagrun for youtube_warehouse_pipeline to None, run_after=None
[2026-09-17T11:20:49.382+0000] {processor.py:208} INFO - Processing /opt/airflow/dags/youtube_warehouse_pipeline.py took 0.933 seconds
[2026-09-17T11:21:19.779+0000] {processor.py:186} INFO - Started process (PID=3069) to work on /opt/airflow/dags/youtube_warehouse_pipeline.py
[2026-09-17T11:21:19.781+0000] {processor.py:914} INFO - Processing file /opt/airflow/dags/youtube_warehouse_pipeline.py for tasks to queue
[2026-09-17T11:21:19.784+0000] {logging_mixin.py:190} INFO - [2026-09-17T11:21:19.784+0000] {dagbag.py:588} INFO - Filling up the DagBag from /opt/airflow/dags/youtube_warehouse_pipeline.py
[2026-09-17T11:21:19.885+0000] {processor.py:925} INFO - DAG(s) 'youtube_warehouse_pipeline' retrieved from /opt/airflow/dags/youtube_warehouse_pipeline.py
[2026-09-17T11:21:19.951+0000] {logging_mixin.py:190} INFO - [2026-09-17T11:21:19.951+0000] {dag.py:3239} INFO - Sync 1 DAGs
[2026-09-17T11:21:19.966+0000] {logging_mixin.py:190} INFO - [2026-09-17T11:21:19.966+0000] {dag.py:4180} INFO - Setting next_dagrun for youtube_warehouse_pipeline to None, run_after=None
[2026-09-17T11:21:19.986+0000] {processor.py:208} INFO - Processing /opt/airflow/dags/youtube_warehouse_pipeline.py took 0.224 seconds
[2026-09-17T11:21:50.323+0000] {processor.py:186} INFO - Started process (PID=3077) to work on /opt/airflow/dags/youtube_warehouse_pipeline.py
[2026-09-17T11:21:50.325+0000] {processor.py:914} INFO - Processing file /opt/airflow/dags/youtube_warehouse_pipeline.py for tasks to queue
[2026-09-17T11:21:50.327+0000] {logging_mixin.py:190} INFO - [2026-09-17T11:21:50.327+0000] {dagbag.py:588} INFO - Filling up the DagBag from /opt/airflow/dags/youtube_warehouse_pipeline.py
[2026-09-17T11:21:50.412+0000] {processor.py:925} INFO - DAG(s) 'youtube_warehouse_pipeline' retrieved from /opt/airflow/dags/youtube_warehouse_pipeline.py
[2026-09-17T11:21:50.454+0000] {logging_mixin.py:190} INFO - [2026-09-17T11:21:50.454+0000] {dag.py:3239} INFO - Sync 1 DAGs
[2026-09-17T11:21:50.467+0000] {logging_mixin.py:190} INFO - [2026-09-17T11:21:50.467+0000] {dag.py:4180} INFO - Setting next_dagrun for youtube_warehouse_pipeline to None, run_after=None
[2026-09-17T11:21:50.489+0000] {processor.py:208} INFO - Processing /opt/airflow/dags/youtube_warehouse_pipeline.py took 0.176 seconds
[2026-09-17T11:22:20.855+0000] {processor.py:186} INFO - Started process (PID=3085) to work on /opt/airflow/dags/youtube_warehouse_pipeline.py
[2026-09-17T11:22:20.857+0000] {processor.py:914} INFO - Processing file /opt/airflow/dags/youtube_warehouse_pipeline.py for tasks to queue
[2026-09-17T11:22:20.860+0000] {logging_mixin.py:190} INFO - [2026-09-17T11:22:20.860+0000] {dagbag.py:588} INFO - Filling up the DagBag from /opt/airflow/dags/youtube_warehouse_pipeline.py
[2026-09-17T11:22:20.943+0000] {processor.py:925} INFO - DAG(s) 'youtube_warehouse_pipeline' retrieved from /opt/airflow/dags/youtube_warehouse_pipeline.py
[2026-09-17T11:22:21.002+0000] {logging_mixin.py:190} INFO - [2026-09-17T11:22:21.002+0000] {dag.py:3239} INFO - Sync 1 DAGs
[2026-09-17T11:22:21.016+0000] {logging_mixin.py:190} INFO - [2026-09-17T11:22:21.016+0000] {dag.py:4180} INFO - Setting next_dagrun for youtube_warehouse_pipeline to None, run_after=None
[2026-09-17T11:22:21.036+0000] {processor.py:208} INFO - Processing /opt/airflow/dags/youtube_warehouse_pipeline.py took 0.192 seconds
[2026-09-17T11:22:51.380+0000] {processor.py:186} INFO - Started process (PID=3093) to work on /opt/airflow/dags/youtube_warehouse_pipeline.py
[2026-09-17T11:22:51.383+0000] {processor.py:914} INFO - Processing file /opt/airflow/dags/youtube_warehouse_pipeline.py for tasks to queue
[2026-09-17T11:22:51.385+0000] {logging_mixin.py:190} INFO - [2026-09-17T11:22:51.384+0000] {dagbag.py:588} INFO - Filling up the DagBag from /opt/airflow/dags/youtube_warehouse_pipeline.py
[2026-09-17T11:22:51.467+0000] {processor.py:925} INFO - DAG(s) 'youtube_warehouse_pipeline' retrieved from /opt/airflow/dags/youtube_warehouse_pipeline.py
[2026-09-17T11:22:51.539+0000] {logging_mixin.py:190} INFO - [2026-09-17T11:22:51.539+0000] {dag.py:3239} INFO - Sync 1 DAGs
[2026-09-17T11:22:51.556+0000] {logging_mixin.py:190} INFO - [2026-09-17T11:22:51.556+0000] {dag.py:4180} INFO - Setting next_dagrun for youtube_warehouse_pipeline to None, run_after=None
[2026-09-17T11:22:51.576+0000] {processor.py:208} INFO - Processing /opt/airflow/dags/youtube_warehouse_pipeline.py took 0.213 seconds
[2026-09-17T11:23:21.881+0000] {processor.py:186} INFO - Started process (PID=3101) to work on /opt/airflow/dags/youtube_warehouse_pipeline.py
[2026-09-17T11:23:21.883+0000] {processor.py:914} INFO - Processing file /opt/airflow/dags/youtube_warehouse_pipeline.py for tasks to queue
[2026-09-17T11:23:21.885+0000] {logging_mixin.py:190} INFO - [2026-09-17T11:23:21.885+0000] {dagbag.py:588} INFO - Filling up the DagBag from /opt/airflow/dags/youtube_warehouse_pipeline.py
[2026-09-17T11:23:21.964+0000] {processor.py:925} INFO - DAG(s) 'youtube_warehouse_pipeline' retrieved from /opt/airflow/dags/youtube_warehouse_pipeline.py
[2026-09-17T11:23:21.993+0000] {logging_mixin.py:190} INFO - [2026-09-17T11:23:21.993+0000] {dag.py:3239} INFO - Sync 1 DAGs
[2026-09-17T11:23:22.008+0000] {logging_mixin.py:190} INFO - [2026-09-17T11:23:22.007+0000] {dag.py:4180} INFO - Setting next_dagrun for youtube_warehouse_pipeline to None, run_after=None
[2026-09-17T11:23:22.028+0000] {processor.py:208} INFO - Processing /opt/airflow/dags/youtube_warehouse_pipeline.py took 0.154 seconds
[2026-09-17T11:23:52.436+0000] {processor.py:186} INFO - Started process (PID=3109) to work on /opt/airflow/dags/youtube_warehouse_pipeline.py
[2026-09-17T11:23:52.438+0000] {processor.py:914} INFO - Processing file /opt/airflow/dags/youtube_warehouse_pipeline.py for tasks to queue
[2026-09-17T11:23:52.442+0000] {logging_mixin.py:190} INFO - [2026-09-17T11:23:52.440+0000] {dagbag.py:588} INFO - Filling up the DagBag from /opt/airflow/dags/youtube_warehouse_pipeline.py
[2026-09-17T11:23:52.546+0000] {processor.py:925} INFO - DAG(s) 'youtube_warehouse_pipeline' retrieved from /opt/airflow/dags/youtube_warehouse_pipeline.py
[2026-09-17T11:23:52.618+0000] {logging_mixin.py:190} INFO - [2026-09-17T11:23:52.617+0000] {dag.py:3239} INFO - Sync 1 DAGs
[2026-09-17T11:23:52.646+0000] {logging_mixin.py:190} INFO - [2026-09-17T11:23:52.646+0000] {dag.py:4180} INFO - Setting next_dagrun for youtube_warehouse_pipeline to None, run_after=None
[2026-09-17T11:23:52.666+0000] {processor.py:208} INFO - Processing /opt/airflow/dags/youtube_warehouse_pipeline.py took 0.246 seconds
[2026-09-17T11:24:23.036+0000] {processor.py:186} INFO - Started process (PID=3117) to work on /opt/airflow/dags/youtube_warehouse_pipeline.py
[2026-09-17T11:24:23.040+0000] {processor.py:914} INFO - Processing file /opt/airflow/dags/youtube_warehouse_pipeline.py for tasks to queue
[2026-09-17T11:24:23.042+0000] {logging_mixin.py:190} INFO - [2026-09-17T11:24:23.042+0000] {dagbag.py:588} INFO - Filling up the DagBag from /opt/airflow/dags/youtube_warehouse_pipeline.py
[2026-09-17T11:24:23.154+0000] {processor.py:925} INFO - DAG(s) 'youtube_warehouse_pipeline' retrieved from /opt/airflow/dags/youtube_warehouse_pipeline.py
[2026-09-17T11:24:23.189+0000] {logging_mixin.py:190} INFO - [2026-09-17T11:24:23.189+0000] {dag.py:3239} INFO - Sync 1 DAGs
[2026-09-17T11:24:23.206+0000] {logging_mixin.py:190} INFO - [2026-09-17T11:24:23.205+0000] {dag.py:4180} INFO - Setting next_dagrun for youtube_warehouse_pipeline to None, run_after=None
[2026-09-17T11:24:23.228+0000] {processor.py:208} INFO - Processing /opt/airflow/dags/youtube_warehouse_pipeline.py took 0.203 seconds
[2026-09-17T11:24:53.615+0000] {processor.py:186} INFO - Started process (PID=3125) to work on /opt/airflow/dags/youtube_warehouse_pipeline.py
[2026-09-17T11:24:53.619+0000] {processor.py:914} INFO - Processing file /opt/airflow/dags/youtube_warehouse_pipeline.py for tasks to queue
[2026-09-17T11:24:53.622+0000] {logging_mixin.py:190} INFO - [2026-09-17T11:24:53.622+0000] {dagbag.py:588} INFO - Filling up the DagBag from /opt/airflow/dags/youtube_warehouse_pipeline.py
[2026-09-17T11:24:53.790+0000] {processor.py:925} INFO - DAG(s) 'youtube_warehouse_pipeline' retrieved from /opt/airflow/dags/youtube_warehouse_pipeline.py
[2026-09-17T11:24:53.847+0000] {logging_mixin.py:190} INFO - [2026-09-17T11:24:53.847+0000] {dag.py:3239} INFO - Sync 1 DAGs
[2026-09-17T11:24:53.868+0000] {logging_mixin.py:190} INFO - [2026-09-17T11:24:53.867+0000] {dag.py:4180} INFO - Setting next_dagrun for youtube_warehouse_pipeline to None, run_after=None
[2026-09-17T11:24:53.910+0000] {processor.py:208} INFO - Processing /opt/airflow/dags/youtube_warehouse_pipeline.py took 0.306 seconds
[2026-09-17T11:25:24.223+0000] {processor.py:186} INFO - Started process (PID=3133) to work on /opt/airflow/dags/youtube_warehouse_pipeline.py
[2026-09-17T11:25:24.224+0000] {processor.py:914} INFO - Processing file /opt/airflow/dags/youtube_warehouse_pipeline.py for tasks to queue
[2026-09-17T11:25:24.226+0000] {logging_mixin.py:190} INFO - [2026-09-17T11:25:24.226+0000] {dagbag.py:588} INFO - Filling up the DagBag from /opt/airflow/dags/youtube_warehouse_pipeline.py
[2026-09-17T11:25:24.315+0000] {processor.py:925} INFO - DAG(s) 'youtube_warehouse_pipeline' retrieved from /opt/airflow/dags/youtube_warehouse_pipeline.py
[2026-09-17T11:25:24.354+0000] {logging_mixin.py:190} INFO - [2026-09-17T11:25:24.353+0000] {dag.py:3239} INFO - Sync 1 DAGs
[2026-09-17T11:25:24.367+0000] {logging_mixin.py:190} INFO - [2026-09-17T11:25:24.367+0000] {dag.py:4180} INFO - Setting next_dagrun for youtube_warehouse_pipeline to None, run_after=None
[2026-09-17T11:25:24.389+0000] {processor.py:208} INFO - Processing /opt/airflow/dags/youtube_warehouse_pipeline.py took 0.173 seconds
[2026-09-17T11:25:54.720+0000] {processor.py:186} INFO - Started process (PID=3141) to work on /opt/airflow/dags/youtube_warehouse_pipeline.py
[2026-09-17T11:25:54.722+0000] {processor.py:914} INFO - Processing file /opt/airflow/dags/youtube_warehouse_pipeline.py for tasks to queue
[2026-09-17T11:25:54.725+0000] {logging_mixin.py:190} INFO - [2026-09-17T11:25:54.724+0000] {dagbag.py:588} INFO - Filling up the DagBag from /opt/airflow/dags/youtube_warehouse_pipeline.py
[2026-09-17T11:25:54.815+0000] {processor.py:925} INFO - DAG(s) 'youtube_warehouse_pipeline' retrieved from /opt/airflow/dags/youtube_warehouse_pipeline.py
[2026-09-17T11:25:54.840+0000] {logging_mixin.py:190} INFO - [2026-09-17T11:25:54.839+0000] {dag.py:3239} INFO - Sync 1 DAGs
[2026-09-17T11:25:54.854+0000] {logging_mixin.py:190} INFO - [2026-09-17T11:25:54.854+0000] {dag.py:4180} INFO - Setting next_dagrun for youtube_warehouse_pipeline to None, run_after=None
[2026-09-17T11:25:54.875+0000] {processor.py:208} INFO - Processing /opt/airflow/dags/youtube_warehouse_pipeline.py took 0.162 seconds
[2026-09-17T11:26:25.243+0000] {processor.py:186} INFO - Started process (PID=3149) to work on /opt/airflow/dags/youtube_warehouse_pipeline.py
[2026-09-17T11:26:25.247+0000] {processor.py:914} INFO - Processing file /opt/airflow/dags/youtube_warehouse_pipeline.py for tasks to queue
[2026-09-17T11:26:25.250+0000] {logging_mixin.py:190} INFO - [2026-09-17T11:26:25.250+0000] {dagbag.py:588} INFO - Filling up the DagBag from /opt/airflow/dags/youtube_warehouse_pipeline.py
[2026-09-17T11:26:25.336+0000] {processor.py:925} INFO - DAG(s) 'youtube_warehouse_pipeline' retrieved from /opt/airflow/dags/youtube_warehouse_pipeline.py
[2026-09-17T11:26:25.400+0000] {logging_mixin.py:190} INFO - [2026-09-17T11:26:25.400+0000] {dag.py:3239} INFO - Sync 1 DAGs
[2026-09-17T11:26:25.416+0000] {logging_mixin.py:190} INFO - [2026-09-17T11:26:25.416+0000] {dag.py:4180} INFO - Setting next_dagrun for youtube_warehouse_pipeline to None, run_after=None
[2026-09-17T11:26:25.442+0000] {processor.py:208} INFO - Processing /opt/airflow/dags/youtube_warehouse_pipeline.py took 0.213 seconds
[2026-09-17T11:26:55.832+0000] {processor.py:186} INFO - Started process (PID=3157) to work on /opt/airflow/dags/youtube_warehouse_pipeline.py
[2026-09-17T11:26:55.836+0000] {processor.py:914} INFO - Processing file /opt/airflow/dags/youtube_warehouse_pipeline.py for tasks to queue
[2026-09-17T11:26:55.840+0000] {logging_mixin.py:190} INFO - [2026-09-17T11:26:55.838+0000] {dagbag.py:588} INFO - Filling up the DagBag from /opt/airflow/dags/youtube_warehouse_pipeline.py
[2026-09-17T11:26:55.958+0000] {processor.py:925} INFO - DAG(s) 'youtube_warehouse_pipeline' retrieved from /opt/airflow/dags/youtube_warehouse_pipeline.py
[2026-09-17T11:26:56.031+0000] {logging_mixin.py:190} INFO - [2026-09-17T11:26:56.030+0000] {dag.py:3239} INFO - Sync 1 DAGs
[2026-09-17T11:26:56.051+0000] {logging_mixin.py:190} INFO - [2026-09-17T11:26:56.050+0000] {dag.py:4180} INFO - Setting next_dagrun for youtube_warehouse_pipeline to None, run_after=None
[2026-09-17T11:26:56.069+0000] {processor.py:208} INFO - Processing /opt/airflow/dags/youtube_warehouse_pipeline.py took 0.256 seconds
[2026-09-17T11:27:26.498+0000] {processor.py:186} INFO - Started process (PID=3165) to work on /opt/airflow/dags/youtube_warehouse_pipeline.py
[2026-09-17T11:27:26.501+0000] {processor.py:914} INFO - Processing file /opt/airflow/dags/youtube_warehouse_pipeline.py for tasks to queue
[2026-09-17T11:27:26.503+0000] {logging_mixin.py:190} INFO - [2026-09-17T11:27:26.503+0000] {dagbag.py:588} INFO - Filling up the DagBag from /opt/airflow/dags/youtube_warehouse_pipeline.py
[2026-09-17T11:27:26.585+0000] {processor.py:925} INFO - DAG(s) 'youtube_warehouse_pipeline' retrieved from /opt/airflow/dags/youtube_warehouse_pipeline.py
[2026-09-17T11:27:26.617+0000] {logging_mixin.py:190} INFO - [2026-09-17T11:27:26.617+0000] {dag.py:3239} INFO - Sync 1 DAGs
[2026-09-17T11:27:26.632+0000] {logging_mixin.py:190} INFO - [2026-09-17T11:27:26.632+0000] {dag.py:4180} INFO - Setting next_dagrun for youtube_warehouse_pipeline to None, run_after=None
[2026-09-17T11:27:26.651+0000] {processor.py:208} INFO - Processing /opt/airflow/dags/youtube_warehouse_pipeline.py took 0.162 seconds
[2026-09-17T11:27:57.076+0000] {processor.py:186} INFO - Started process (PID=3173) to work on /opt/airflow/dags/youtube_warehouse_pipeline.py
[2026-09-17T11:27:57.079+0000] {processor.py:914} INFO - Processing file /opt/airflow/dags/youtube_warehouse_pipeline.py for tasks to queue
[2026-09-17T11:27:57.082+0000] {logging_mixin.py:190} INFO - [2026-09-17T11:27:57.081+0000] {dagbag.py:588} INFO - Filling up the DagBag from /opt/airflow/dags/youtube_warehouse_pipeline.py
[2026-09-17T11:27:57.165+0000] {processor.py:925} INFO - DAG(s) 'youtube_warehouse_pipeline' retrieved from /opt/airflow/dags/youtube_warehouse_pipeline.py
[2026-09-17T11:27:57.188+0000] {logging_mixin.py:190} INFO - [2026-09-17T11:27:57.188+0000] {dag.py:3239} INFO - Sync 1 DAGs
[2026-09-17T11:27:57.202+0000] {logging_mixin.py:190} INFO - [2026-09-17T11:27:57.202+0000] {dag.py:4180} INFO - Setting next_dagrun for youtube_warehouse_pipeline to None, run_after=None
[2026-09-17T11:27:57.224+0000] {processor.py:208} INFO - Processing /opt/airflow/dags/youtube_warehouse_pipeline.py took 0.157 seconds
[2026-09-17T11:28:27.420+0000] {processor.py:186} INFO - Started process (PID=3181) to work on /opt/airflow/dags/youtube_warehouse_pipeline.py
[2026-09-17T11:28:27.422+0000] {processor.py:914} INFO - Processing file /opt/airflow/dags/youtube_warehouse_pipeline.py for tasks to queue
[2026-09-17T11:28:27.424+0000] {logging_mixin.py:190} INFO - [2026-09-17T11:28:27.424+0000] {dagbag.py:588} INFO - Filling up the DagBag from /opt/airflow/dags/youtube_warehouse_pipeline.py
[2026-09-17T11:28:27.508+0000] {processor.py:925} INFO - DAG(s) 'youtube_warehouse_pipeline' retrieved from /opt/airflow/dags/youtube_warehouse_pipeline.py
[2026-09-17T11:28:27.542+0000] {logging_mixin.py:190} INFO - [2026-09-17T11:28:27.542+0000] {dag.py:3239} INFO - Sync 1 DAGs
[2026-09-17T11:28:27.556+0000] {logging_mixin.py:190} INFO - [2026-09-17T11:28:27.556+0000] {dag.py:4180} INFO - Setting next_dagrun for youtube_warehouse_pipeline to None, run_after=None
[2026-09-17T11:28:27.577+0000] {processor.py:208} INFO - Processing /opt/airflow/dags/youtube_warehouse_pipeline.py took 0.165 seconds
[2026-09-17T11:28:58.021+0000] {processor.py:186} INFO - Started process (PID=3189) to work on /opt/airflow/dags/youtube_warehouse_pipeline.py
[2026-09-17T11:28:58.026+0000] {processor.py:914} INFO - Processing file /opt/airflow/dags/youtube_warehouse_pipeline.py for tasks to queue
[2026-09-17T11:28:58.028+0000] {logging_mixin.py:190} INFO - [2026-09-17T11:28:58.028+0000] {dagbag.py:588} INFO - Filling up the DagBag from /opt/airflow/dags/youtube_warehouse_pipeline.py
[2026-09-17T11:28:58.153+0000] {processor.py:925} INFO - DAG(s) 'youtube_warehouse_pipeline' retrieved from /opt/airflow/dags/youtube_warehouse_pipeline.py
[2026-09-17T11:28:58.188+0000] {logging_mixin.py:190} INFO - [2026-09-17T11:28:58.188+0000] {dag.py:3239} INFO - Sync 1 DAGs
[2026-09-17T11:28:58.204+0000] {logging_mixin.py:190} INFO - [2026-09-17T11:28:58.204+0000] {dag.py:4180} INFO - Setting next_dagrun for youtube_warehouse_pipeline to None, run_after=None
[2026-09-17T11:28:58.226+0000] {processor.py:208} INFO - Processing /opt/airflow/dags/youtube_warehouse_pipeline.py took 0.213 seconds
[2026-09-17T11:29:28.624+0000] {processor.py:186} INFO - Started process (PID=3197) to work on /opt/airflow/dags/youtube_warehouse_pipeline.py
[2026-09-17T11:29:28.626+0000] {processor.py:914} INFO - Processing file /opt/airflow/dags/youtube_warehouse_pipeline.py for tasks to queue
[2026-09-17T11:29:28.627+0000] {logging_mixin.py:190} INFO - [2026-09-17T11:29:28.627+0000] {dagbag.py:588} INFO - Filling up the DagBag from /opt/airflow/dags/youtube_warehouse_pipeline.py
[2026-09-17T11:29:28.708+0000] {processor.py:925} INFO - DAG(s) 'youtube_warehouse_pipeline' retrieved from /opt/airflow/dags/youtube_warehouse_pipeline.py
[2026-09-17T11:29:28.742+0000] {logging_mixin.py:190} INFO - [2026-09-17T11:29:28.742+0000] {dag.py:3239} INFO - Sync 1 DAGs
[2026-09-17T11:29:28.757+0000] {logging_mixin.py:190} INFO - [2026-09-17T11:29:28.756+0000] {dag.py:4180} INFO - Setting next_dagrun for youtube_warehouse_pipeline to None, run_after=None
[2026-09-17T11:29:28.779+0000] {processor.py:208} INFO - Processing /opt/airflow/dags/youtube_warehouse_pipeline.py took 0.165 seconds
[2026-09-17T11:29:59.186+0000] {processor.py:186} INFO - Started process (PID=3206) to work on /opt/airflow/dags/youtube_warehouse_pipeline.py
[2026-09-17T11:29:59.189+0000] {processor.py:914} INFO - Processing file /opt/airflow/dags/youtube_warehouse_pipeline.py for tasks to queue
[2026-09-17T11:29:59.195+0000] {logging_mixin.py:190} INFO - [2026-09-17T11:29:59.192+0000] {dagbag.py:588} INFO - Filling up the DagBag from /opt/airflow/dags/youtube_warehouse_pipeline.py
[2026-09-17T11:29:59.310+0000] {processor.py:925} INFO - DAG(s) 'youtube_warehouse_pipeline' retrieved from /opt/airflow/dags/youtube_warehouse_pipeline.py
[2026-09-17T11:29:59.427+0000] {logging_mixin.py:190} INFO - [2026-09-17T11:29:59.427+0000] {dag.py:3239} INFO - Sync 1 DAGs
[2026-09-17T11:29:59.443+0000] {logging_mixin.py:190} INFO - [2026-09-17T11:29:59.443+0000] {dag.py:4180} INFO - Setting next_dagrun for youtube_warehouse_pipeline to None, run_after=None
[2026-09-17T11:29:59.468+0000] {processor.py:208} INFO - Processing /opt/airflow/dags/youtube_warehouse_pipeline.py took 0.291 seconds
[2026-09-17T11:30:29.536+0000] {processor.py:186} INFO - Started process (PID=3214) to work on /opt/airflow/dags/youtube_warehouse_pipeline.py
[2026-09-17T11:30:29.538+0000] {processor.py:914} INFO - Processing file /opt/airflow/dags/youtube_warehouse_pipeline.py for tasks to queue
[2026-09-17T11:30:29.542+0000] {logging_mixin.py:190} INFO - [2026-09-17T11:30:29.540+0000] {dagbag.py:588} INFO - Filling up the DagBag from /opt/airflow/dags/youtube_warehouse_pipeline.py
[2026-09-17T11:30:29.626+0000] {processor.py:925} INFO - DAG(s) 'youtube_warehouse_pipeline' retrieved from /opt/airflow/dags/youtube_warehouse_pipeline.py
[2026-09-17T11:30:29.672+0000] {logging_mixin.py:190} INFO - [2026-09-17T11:30:29.672+0000] {dag.py:3239} INFO - Sync 1 DAGs
[2026-09-17T11:30:29.688+0000] {logging_mixin.py:190} INFO - [2026-09-17T11:30:29.688+0000] {dag.py:4180} INFO - Setting next_dagrun for youtube_warehouse_pipeline to None, run_after=None
[2026-09-17T11:30:29.707+0000] {processor.py:208} INFO - Processing /opt/airflow/dags/youtube_warehouse_pipeline.py took 0.177 seconds
[2026-09-17T11:31:00.139+0000] {processor.py:186} INFO - Started process (PID=3222) to work on /opt/airflow/dags/youtube_warehouse_pipeline.py
[2026-09-17T11:31:00.142+0000] {processor.py:914} INFO - Processing file /opt/airflow/dags/youtube_warehouse_pipeline.py for tasks to queue
[2026-09-17T11:31:00.144+0000] {logging_mixin.py:190} INFO - [2026-09-17T11:31:00.143+0000] {dagbag.py:588} INFO - Filling up the DagBag from /opt/airflow/dags/youtube_warehouse_pipeline.py
[2026-09-17T11:31:00.231+0000] {processor.py:925} INFO - DAG(s) 'youtube_warehouse_pipeline' retrieved from /opt/airflow/dags/youtube_warehouse_pipeline.py
[2026-09-17T11:31:00.292+0000] {logging_mixin.py:190} INFO - [2026-09-17T11:31:00.291+0000] {dag.py:3239} INFO - Sync 1 DAGs
[2026-09-17T11:31:00.307+0000] {logging_mixin.py:190} INFO - [2026-09-17T11:31:00.307+0000] {dag.py:4180} INFO - Setting next_dagrun for youtube_warehouse_pipeline to None, run_after=None
[2026-09-17T11:31:00.327+0000] {processor.py:208} INFO - Processing /opt/airflow/dags/youtube_warehouse_pipeline.py took 0.202 seconds
[2026-09-17T11:31:30.742+0000] {processor.py:186} INFO - Started process (PID=3230) to work on /opt/airflow/dags/youtube_warehouse_pipeline.py
[2026-09-17T11:31:30.744+0000] {processor.py:914} INFO - Processing file /opt/airflow/dags/youtube_warehouse_pipeline.py for tasks to queue
[2026-09-17T11:31:30.748+0000] {logging_mixin.py:190} INFO - [2026-09-17T11:31:30.746+0000] {dagbag.py:588} INFO - Filling up the DagBag from /opt/airflow/dags/youtube_warehouse_pipeline.py
[2026-09-17T11:31:30.830+0000] {processor.py:925} INFO - DAG(s) 'youtube_warehouse_pipeline' retrieved from /opt/airflow/dags/youtube_warehouse_pipeline.py
[2026-09-17T11:31:30.873+0000] {logging_mixin.py:190} INFO - [2026-09-17T11:31:30.872+0000] {dag.py:3239} INFO - Sync 1 DAGs
[2026-09-17T11:31:30.887+0000] {logging_mixin.py:190} INFO - [2026-09-17T11:31:30.887+0000] {dag.py:4180} INFO - Setting next_dagrun for youtube_warehouse_pipeline to None, run_after=None
[2026-09-17T11:31:30.907+0000] {processor.py:208} INFO - Processing /opt/airflow/dags/youtube_warehouse_pipeline.py took 0.176 seconds
[2026-09-17T11:32:01.278+0000] {processor.py:186} INFO - Started process (PID=3238) to work on /opt/airflow/dags/youtube_warehouse_pipeline.py
[2026-09-17T11:32:01.281+0000] {processor.py:914} INFO - Processing file /opt/airflow/dags/youtube_warehouse_pipeline.py for tasks to queue
[2026-09-17T11:32:01.283+0000] {logging_mixin.py:190} INFO - [2026-09-17T11:32:01.283+0000] {dagbag.py:588} INFO - Filling up the DagBag from /opt/airflow/dags/youtube_warehouse_pipeline.py
[2026-09-17T11:32:01.367+0000] {processor.py:925} INFO - DAG(s) 'youtube_warehouse_pipeline' retrieved from /opt/airflow/dags/youtube_warehouse_pipeline.py
[2026-09-17T11:32:01.401+0000] {logging_mixin.py:190} INFO - [2026-09-17T11:32:01.401+0000] {dag.py:3239} INFO - Sync 1 DAGs
[2026-09-17T11:32:01.415+0000] {logging_mixin.py:190} INFO - [2026-09-17T11:32:01.415+0000] {dag.py:4180} INFO - Setting next_dagrun for youtube_warehouse_pipeline to None, run_after=None
[2026-09-17T11:32:01.435+0000] {processor.py:208} INFO - Processing /opt/airflow/dags/youtube_warehouse_pipeline.py took 0.163 seconds
[2026-09-17T11:32:31.689+0000] {processor.py:186} INFO - Started process (PID=3246) to work on /opt/airflow/dags/youtube_warehouse_pipeline.py
[2026-09-17T11:32:31.692+0000] {processor.py:914} INFO - Processing file /opt/airflow/dags/youtube_warehouse_pipeline.py for tasks to queue
[2026-09-17T11:32:31.695+0000] {logging_mixin.py:190} INFO - [2026-09-17T11:32:31.694+0000] {dagbag.py:588} INFO - Filling up the DagBag from /opt/airflow/dags/youtube_warehouse_pipeline.py
[2026-09-17T11:32:31.784+0000] {processor.py:925} INFO - DAG(s) 'youtube_warehouse_pipeline' retrieved from /opt/airflow/dags/youtube_warehouse_pipeline.py
[2026-09-17T11:32:31.860+0000] {logging_mixin.py:190} INFO - [2026-09-17T11:32:31.859+0000] {dag.py:3239} INFO - Sync 1 DAGs
[2026-09-17T11:32:31.873+0000] {logging_mixin.py:190} INFO - [2026-09-17T11:32:31.873+0000] {dag.py:4180} INFO - Setting next_dagrun for youtube_warehouse_pipeline to None, run_after=None
[2026-09-17T11:32:31.892+0000] {processor.py:208} INFO - Processing /opt/airflow/dags/youtube_warehouse_pipeline.py took 0.217 seconds
[2026-09-17T11:33:02.252+0000] {processor.py:186} INFO - Started process (PID=3254) to work on /opt/airflow/dags/youtube_warehouse_pipeline.py
[2026-09-17T11:33:02.254+0000] {processor.py:914} INFO - Processing file /opt/airflow/dags/youtube_warehouse_pipeline.py for tasks to queue
[2026-09-17T11:33:02.256+0000] {logging_mixin.py:190} INFO - [2026-09-17T11:33:02.255+0000] {dagbag.py:588} INFO - Filling up the DagBag from /opt/airflow/dags/youtube_warehouse_pipeline.py
[2026-09-17T11:33:02.331+0000] {processor.py:925} INFO - DAG(s) 'youtube_warehouse_pipeline' retrieved from /opt/airflow/dags/youtube_warehouse_pipeline.py
[2026-09-17T11:33:02.358+0000] {logging_mixin.py:190} INFO - [2026-09-17T11:33:02.357+0000] {dag.py:3239} INFO - Sync 1 DAGs
[2026-09-17T11:33:02.372+0000] {logging_mixin.py:190} INFO - [2026-09-17T11:33:02.372+0000] {dag.py:4180} INFO - Setting next_dagrun for youtube_warehouse_pipeline to None, run_after=None
[2026-09-17T11:33:02.394+0000] {processor.py:208} INFO - Processing /opt/airflow/dags/youtube_warehouse_pipeline.py took 0.150 seconds
[2026-09-17T11:33:32.734+0000] {processor.py:186} INFO - Started process (PID=3262) to work on /opt/airflow/dags/youtube_warehouse_pipeline.py
[2026-09-17T11:33:32.736+0000] {processor.py:914} INFO - Processing file /opt/airflow/dags/youtube_warehouse_pipeline.py for tasks to queue
[2026-09-17T11:33:32.738+0000] {logging_mixin.py:190} INFO - [2026-09-17T11:33:32.738+0000] {dagbag.py:588} INFO - Filling up the DagBag from /opt/airflow/dags/youtube_warehouse_pipeline.py
[2026-09-17T11:33:32.841+0000] {processor.py:925} INFO - DAG(s) 'youtube_warehouse_pipeline' retrieved from /opt/airflow/dags/youtube_warehouse_pipeline.py
[2026-09-17T11:33:32.874+0000] {logging_mixin.py:190} INFO - [2026-09-17T11:33:32.874+0000] {dag.py:3239} INFO - Sync 1 DAGs
[2026-09-17T11:33:32.891+0000] {logging_mixin.py:190} INFO - [2026-09-17T11:33:32.891+0000] {dag.py:4180} INFO - Setting next_dagrun for youtube_warehouse_pipeline to None, run_after=None
[2026-09-17T11:33:32.915+0000] {processor.py:208} INFO - Processing /opt/airflow/dags/youtube_warehouse_pipeline.py took 0.188 seconds
[2026-09-17T11:34:03.256+0000] {processor.py:186} INFO - Started process (PID=3270) to work on /opt/airflow/dags/youtube_warehouse_pipeline.py
[2026-09-17T11:34:03.258+0000] {processor.py:914} INFO - Processing file /opt/airflow/dags/youtube_warehouse_pipeline.py for tasks to queue
[2026-09-17T11:34:03.261+0000] {logging_mixin.py:190} INFO - [2026-09-17T11:34:03.261+0000] {dagbag.py:588} INFO - Filling up the DagBag from /opt/airflow/dags/youtube_warehouse_pipeline.py
[2026-09-17T11:34:03.336+0000] {processor.py:925} INFO - DAG(s) 'youtube_warehouse_pipeline' retrieved from /opt/airflow/dags/youtube_warehouse_pipeline.py
[2026-09-17T11:34:03.359+0000] {logging_mixin.py:190} INFO - [2026-09-17T11:34:03.359+0000] {dag.py:3239} INFO - Sync 1 DAGs
[2026-09-17T11:34:03.373+0000] {logging_mixin.py:190} INFO - [2026-09-17T11:34:03.373+0000] {dag.py:4180} INFO - Setting next_dagrun for youtube_warehouse_pipeline to None, run_after=None
[2026-09-17T11:34:03.392+0000] {processor.py:208} INFO - Processing /opt/airflow/dags/youtube_warehouse_pipeline.py took 0.146 seconds
[2026-09-17T11:34:33.585+0000] {processor.py:186} INFO - Started process (PID=3278) to work on /opt/airflow/dags/youtube_warehouse_pipeline.py
[2026-09-17T11:34:33.587+0000] {processor.py:914} INFO - Processing file /opt/airflow/dags/youtube_warehouse_pipeline.py for tasks to queue
[2026-09-17T11:34:33.589+0000] {logging_mixin.py:190} INFO - [2026-09-17T11:34:33.589+0000] {dagbag.py:588} INFO - Filling up the DagBag from /opt/airflow/dags/youtube_warehouse_pipeline.py
[2026-09-17T11:34:33.668+0000] {processor.py:925} INFO - DAG(s) 'youtube_warehouse_pipeline' retrieved from /opt/airflow/dags/youtube_warehouse_pipeline.py
[2026-09-17T11:34:33.698+0000] {logging_mixin.py:190} INFO - [2026-09-17T11:34:33.698+0000] {dag.py:3239} INFO - Sync 1 DAGs
[2026-09-17T11:34:33.714+0000] {logging_mixin.py:190} INFO - [2026-09-17T11:34:33.714+0000] {dag.py:4180} INFO - Setting next_dagrun for youtube_warehouse_pipeline to None, run_after=None
[2026-09-17T11:34:33.737+0000] {processor.py:208} INFO - Processing /opt/airflow/dags/youtube_warehouse_pipeline.py took 0.160 seconds
[2026-09-17T11:35:04.143+0000] {processor.py:186} INFO - Started process (PID=3286) to work on /opt/airflow/dags/youtube_warehouse_pipeline.py
[2026-09-17T11:35:04.146+0000] {processor.py:914} INFO - Processing file /opt/airflow/dags/youtube_warehouse_pipeline.py for tasks to queue
[2026-09-17T11:35:04.150+0000] {logging_mixin.py:190} INFO - [2026-09-17T11:35:04.149+0000] {dagbag.py:588} INFO - Filling up the DagBag from /opt/airflow/dags/youtube_warehouse_pipeline.py
[2026-09-17T11:35:04.239+0000] {processor.py:925} INFO - DAG(s) 'youtube_warehouse_pipeline' retrieved from /opt/airflow/dags/youtube_warehouse_pipeline.py
[2026-09-17T11:35:04.261+0000] {logging_mixin.py:190} INFO - [2026-09-17T11:35:04.261+0000] {dag.py:3239} INFO - Sync 1 DAGs
[2026-09-17T11:35:04.276+0000] {logging_mixin.py:190} INFO - [2026-09-17T11:35:04.275+0000] {dag.py:4180} INFO - Setting next_dagrun for youtube_warehouse_pipeline to None, run_after=None
[2026-09-17T11:35:04.312+0000] {processor.py:208} INFO - Processing /opt/airflow/dags/youtube_warehouse_pipeline.py took 0.179 seconds
[2026-09-17T11:35:34.536+0000] {processor.py:186} INFO - Started process (PID=3294) to work on /opt/airflow/dags/youtube_warehouse_pipeline.py
[2026-09-17T11:35:34.538+0000] {processor.py:914} INFO - Processing file /opt/airflow/dags/youtube_warehouse_pipeline.py for tasks to queue
[2026-09-17T11:35:34.541+0000] {logging_mixin.py:190} INFO - [2026-09-17T11:35:34.541+0000] {dagbag.py:588} INFO - Filling up the DagBag from /opt/airflow/dags/youtube_warehouse_pipeline.py
[2026-09-17T11:35:34.620+0000] {processor.py:925} INFO - DAG(s) 'youtube_warehouse_pipeline' retrieved from /opt/airflow/dags/youtube_warehouse_pipeline.py
[2026-09-17T11:35:34.640+0000] {logging_mixin.py:190} INFO - [2026-09-17T11:35:34.640+0000] {dag.py:3239} INFO - Sync 1 DAGs
[2026-09-17T11:35:34.655+0000] {logging_mixin.py:190} INFO - [2026-09-17T11:35:34.654+0000] {dag.py:4180} INFO - Setting next_dagrun for youtube_warehouse_pipeline to None, run_after=None
[2026-09-17T11:35:34.674+0000] {processor.py:208} INFO - Processing /opt/airflow/dags/youtube_warehouse_pipeline.py took 0.143 seconds
[2026-09-17T11:36:04.967+0000] {processor.py:186} INFO - Started process (PID=3302) to work on /opt/airflow/dags/youtube_warehouse_pipeline.py
[2026-09-17T11:36:04.969+0000] {processor.py:914} INFO - Processing file /opt/airflow/dags/youtube_warehouse_pipeline.py for tasks to queue
[2026-09-17T11:36:04.971+0000] {logging_mixin.py:190} INFO - [2026-09-17T11:36:04.971+0000] {dagbag.py:588} INFO - Filling up the DagBag from /opt/airflow/dags/youtube_warehouse_pipeline.py
[2026-09-17T11:36:05.046+0000] {processor.py:925} INFO - DAG(s) 'youtube_warehouse_pipeline' retrieved from /opt/airflow/dags/youtube_warehouse_pipeline.py
[2026-09-17T11:36:05.066+0000] {logging_mixin.py:190} INFO - [2026-09-17T11:36:05.066+0000] {dag.py:3239} INFO - Sync 1 DAGs
[2026-09-17T11:36:05.081+0000] {logging_mixin.py:190} INFO - [2026-09-17T11:36:05.081+0000] {dag.py:4180} INFO - Setting next_dagrun for youtube_warehouse_pipeline to None, run_after=None
[2026-09-17T11:36:05.103+0000] {processor.py:208} INFO - Processing /opt/airflow/dags/youtube_warehouse_pipeline.py took 0.141 seconds
[2026-09-17T11:36:35.482+0000] {processor.py:186} INFO - Started process (PID=3310) to work on /opt/airflow/dags/youtube_warehouse_pipeline.py
[2026-09-17T11:36:35.484+0000] {processor.py:914} INFO - Processing file /opt/airflow/dags/youtube_warehouse_pipeline.py for tasks to queue
[2026-09-17T11:36:35.486+0000] {logging_mixin.py:190} INFO - [2026-09-17T11:36:35.486+0000] {dagbag.py:588} INFO - Filling up the DagBag from /opt/airflow/dags/youtube_warehouse_pipeline.py
[2026-09-17T11:36:35.565+0000] {processor.py:925} INFO - DAG(s) 'youtube_warehouse_pipeline' retrieved from /opt/airflow/dags/youtube_warehouse_pipeline.py
[2026-09-17T11:36:35.586+0000] {logging_mixin.py:190} INFO - [2026-09-17T11:36:35.585+0000] {dag.py:3239} INFO - Sync 1 DAGs
[2026-09-17T11:36:35.598+0000] {logging_mixin.py:190} INFO - [2026-09-17T11:36:35.598+0000] {dag.py:4180} INFO - Setting next_dagrun for youtube_warehouse_pipeline to None, run_after=None
[2026-09-17T11:36:35.619+0000] {processor.py:208} INFO - Processing /opt/airflow/dags/youtube_warehouse_pipeline.py took 0.144 seconds
[2026-09-17T11:37:05.844+0000] {processor.py:186} INFO - Started process (PID=3317) to work on /opt/airflow/dags/youtube_warehouse_pipeline.py
[2026-09-17T11:37:05.845+0000] {processor.py:914} INFO - Processing file /opt/airflow/dags/youtube_warehouse_pipeline.py for tasks to queue
[2026-09-17T11:37:05.847+0000] {logging_mixin.py:190} INFO - [2026-09-17T11:37:05.847+0000] {dagbag.py:588} INFO - Filling up the DagBag from /opt/airflow/dags/youtube_warehouse_pipeline.py
[2026-09-17T11:37:05.923+0000] {processor.py:925} INFO - DAG(s) 'youtube_warehouse_pipeline' retrieved from /opt/airflow/dags/youtube_warehouse_pipeline.py
[2026-09-17T11:37:05.944+0000] {logging_mixin.py:190} INFO - [2026-09-17T11:37:05.944+0000] {dag.py:3239} INFO - Sync 1 DAGs
[2026-09-17T11:37:05.957+0000] {logging_mixin.py:190} INFO - [2026-09-17T11:37:05.957+0000] {dag.py:4180} INFO - Setting next_dagrun for youtube_warehouse_pipeline to None, run_after=None
[2026-09-17T11:37:05.979+0000] {processor.py:208} INFO - Processing /opt/airflow/dags/youtube_warehouse_pipeline.py took 0.140 seconds
[2026-09-17T11:37:36.266+0000] {processor.py:186} INFO - Started process (PID=3324) to work on /opt/airflow/dags/youtube_warehouse_pipeline.py
[2026-09-17T11:37:36.268+0000] {processor.py:914} INFO - Processing file /opt/airflow/dags/youtube_warehouse_pipeline.py for tasks to queue
[2026-09-17T11:37:36.271+0000] {logging_mixin.py:190} INFO - [2026-09-17T11:37:36.270+0000] {dagbag.py:588} INFO - Filling up the DagBag from /opt/airflow/dags/youtube_warehouse_pipeline.py
[2026-09-17T11:37:36.366+0000] {processor.py:925} INFO - DAG(s) 'youtube_warehouse_pipeline' retrieved from /opt/airflow/dags/youtube_warehouse_pipeline.py
[2026-09-17T11:37:36.387+0000] {logging_mixin.py:190} INFO - [2026-09-17T11:37:36.387+0000] {dag.py:3239} INFO - Sync 1 DAGs
[2026-09-17T11:37:36.401+0000] {logging_mixin.py:190} INFO - [2026-09-17T11:37:36.401+0000] {dag.py:4180} INFO - Setting next_dagrun for youtube_warehouse_pipeline to None, run_after=None
[2026-09-17T11:37:36.423+0000] {processor.py:208} INFO - Processing /opt/airflow/dags/youtube_warehouse_pipeline.py took 0.165 seconds
[2026-09-17T11:38:06.762+0000] {processor.py:186} INFO - Started process (PID=3332) to work on /opt/airflow/dags/youtube_warehouse_pipeline.py
[2026-09-17T11:38:06.765+0000] {processor.py:914} INFO - Processing file /opt/airflow/dags/youtube_warehouse_pipeline.py for tasks to queue
[2026-09-17T11:38:06.768+0000] {logging_mixin.py:190} INFO - [2026-09-17T11:38:06.768+0000] {dagbag.py:588} INFO - Filling up the DagBag from /opt/airflow/dags/youtube_warehouse_pipeline.py
[2026-09-17T11:38:06.839+0000] {processor.py:925} INFO - DAG(s) 'youtube_warehouse_pipeline' retrieved from /opt/airflow/dags/youtube_warehouse_pipeline.py
[2026-09-17T11:38:06.859+0000] {logging_mixin.py:190} INFO - [2026-09-17T11:38:06.858+0000] {dag.py:3239} INFO - Sync 1 DAGs
[2026-09-17T11:38:06.872+0000] {logging_mixin.py:190} INFO - [2026-09-17T11:38:06.872+0000] {dag.py:4180} INFO - Setting next_dagrun for youtube_warehouse_pipeline to None, run_after=None
[2026-09-17T11:38:06.891+0000] {processor.py:208} INFO - Processing /opt/airflow/dags/youtube_warehouse_pipeline.py took 0.136 seconds
[2026-09-17T11:38:37.155+0000] {processor.py:186} INFO - Started process (PID=3340) to work on /opt/airflow/dags/youtube_warehouse_pipeline.py
[2026-09-17T11:38:37.156+0000] {processor.py:914} INFO - Processing file /opt/airflow/dags/youtube_warehouse_pipeline.py for tasks to queue
[2026-09-17T11:38:37.158+0000] {logging_mixin.py:190} INFO - [2026-09-17T11:38:37.158+0000] {dagbag.py:588} INFO - Filling up the DagBag from /opt/airflow/dags/youtube_warehouse_pipeline.py
[2026-09-17T11:38:37.229+0000] {processor.py:925} INFO - DAG(s) 'youtube_warehouse_pipeline' retrieved from /opt/airflow/dags/youtube_warehouse_pipeline.py
[2026-09-17T11:38:37.248+0000] {logging_mixin.py:190} INFO - [2026-09-17T11:38:37.247+0000] {dag.py:3239} INFO - Sync 1 DAGs
[2026-09-17T11:38:37.260+0000] {logging_mixin.py:190} INFO - [2026-09-17T11:38:37.260+0000] {dag.py:4180} INFO - Setting next_dagrun for youtube_warehouse_pipeline to None, run_after=None
[2026-09-17T11:38:37.279+0000] {processor.py:208} INFO - Processing /opt/airflow/dags/youtube_warehouse_pipeline.py took 0.129 seconds
[2026-09-17T11:39:07.547+0000] {processor.py:186} INFO - Started process (PID=3348) to work on /opt/airflow/dags/youtube_warehouse_pipeline.py
[2026-09-17T11:39:07.548+0000] {processor.py:914} INFO - Processing file /opt/airflow/dags/youtube_warehouse_pipeline.py for tasks to queue
[2026-09-17T11:39:07.550+0000] {logging_mixin.py:190} INFO - [2026-09-17T11:39:07.549+0000] {dagbag.py:588} INFO - Filling up the DagBag from /opt/airflow/dags/youtube_warehouse_pipeline.py
[2026-09-17T11:39:07.628+0000] {processor.py:925} INFO - DAG(s) 'youtube_warehouse_pipeline' retrieved from /opt/airflow/dags/youtube_warehouse_pipeline.py
[2026-09-17T11:39:07.650+0000] {logging_mixin.py:190} INFO - [2026-09-17T11:39:07.650+0000] {dag.py:3239} INFO - Sync 1 DAGs
[2026-09-17T11:39:07.663+0000] {logging_mixin.py:190} INFO - [2026-09-17T11:39:07.663+0000] {dag.py:4180} INFO - Setting next_dagrun for youtube_warehouse_pipeline to None, run_after=None
[2026-09-17T11:39:07.683+0000] {processor.py:208} INFO - Processing /opt/airflow/dags/youtube_warehouse_pipeline.py took 0.142 seconds
[2026-09-17T11:39:37.959+0000] {processor.py:186} INFO - Started process (PID=3356) to work on /opt/airflow/dags/youtube_warehouse_pipeline.py
[2026-09-17T11:39:37.962+0000] {processor.py:914} INFO - Processing file /opt/airflow/dags/youtube_warehouse_pipeline.py for tasks to queue
[2026-09-17T11:39:37.965+0000] {logging_mixin.py:190} INFO - [2026-09-17T11:39:37.964+0000] {dagbag.py:588} INFO - Filling up the DagBag from /opt/airflow/dags/youtube_warehouse_pipeline.py
[2026-09-17T11:39:38.066+0000] {processor.py:925} INFO - DAG(s) 'youtube_warehouse_pipeline' retrieved from /opt/airflow/dags/youtube_warehouse_pipeline.py
[2026-09-17T11:39:38.095+0000] {logging_mixin.py:190} INFO - [2026-09-17T11:39:38.095+0000] {dag.py:3239} INFO - Sync 1 DAGs
[2026-09-17T11:39:38.114+0000] {logging_mixin.py:190} INFO - [2026-09-17T11:39:38.114+0000] {dag.py:4180} INFO - Setting next_dagrun for youtube_warehouse_pipeline to None, run_after=None
[2026-09-17T11:39:38.135+0000] {processor.py:208} INFO - Processing /opt/airflow/dags/youtube_warehouse_pipeline.py took 0.191 seconds
[2026-09-17T11:40:08.407+0000] {processor.py:186} INFO - Started process (PID=3370) to work on /opt/airflow/dags/youtube_warehouse_pipeline.py
[2026-09-17T11:40:08.409+0000] {processor.py:914} INFO - Processing file /opt/airflow/dags/youtube_warehouse_pipeline.py for tasks to queue
[2026-09-17T11:40:08.411+0000] {logging_mixin.py:190} INFO - [2026-09-17T11:40:08.410+0000] {dagbag.py:588} INFO - Filling up the DagBag from /opt/airflow/dags/youtube_warehouse_pipeline.py
[2026-09-17T11:40:08.485+0000] {processor.py:925} INFO - DAG(s) 'youtube_warehouse_pipeline' retrieved from /opt/airflow/dags/youtube_warehouse_pipeline.py
[2026-09-17T11:40:08.507+0000] {logging_mixin.py:190} INFO - [2026-09-17T11:40:08.507+0000] {dag.py:3239} INFO - Sync 1 DAGs
[2026-09-17T11:40:08.523+0000] {logging_mixin.py:190} INFO - [2026-09-17T11:40:08.523+0000] {dag.py:4180} INFO - Setting next_dagrun for youtube_warehouse_pipeline to None, run_after=None
[2026-09-17T11:40:08.543+0000] {processor.py:208} INFO - Processing /opt/airflow/dags/youtube_warehouse_pipeline.py took 0.143 seconds
[2026-09-17T11:40:38.789+0000] {processor.py:186} INFO - Started process (PID=3378) to work on /opt/airflow/dags/youtube_warehouse_pipeline.py
[2026-09-17T11:40:38.790+0000] {processor.py:914} INFO - Processing file /opt/airflow/dags/youtube_warehouse_pipeline.py for tasks to queue
[2026-09-17T11:40:38.792+0000] {logging_mixin.py:190} INFO - [2026-09-17T11:40:38.791+0000] {dagbag.py:588} INFO - Filling up the DagBag from /opt/airflow/dags/youtube_warehouse_pipeline.py
[2026-09-17T11:40:38.863+0000] {processor.py:925} INFO - DAG(s) 'youtube_warehouse_pipeline' retrieved from /opt/airflow/dags/youtube_warehouse_pipeline.py
[2026-09-17T11:40:38.883+0000] {logging_mixin.py:190} INFO - [2026-09-17T11:40:38.882+0000] {dag.py:3239} INFO - Sync 1 DAGs
[2026-09-17T11:40:38.897+0000] {logging_mixin.py:190} INFO - [2026-09-17T11:40:38.896+0000] {dag.py:4180} INFO - Setting next_dagrun for youtube_warehouse_pipeline to None, run_after=None
[2026-09-17T11:40:38.918+0000] {processor.py:208} INFO - Processing /opt/airflow/dags/youtube_warehouse_pipeline.py took 0.135 seconds
[2026-09-17T11:41:09.206+0000] {processor.py:186} INFO - Started process (PID=3386) to work on /opt/airflow/dags/youtube_warehouse_pipeline.py
[2026-09-17T11:41:09.208+0000] {processor.py:914} INFO - Processing file /opt/airflow/dags/youtube_warehouse_pipeline.py for tasks to queue
[2026-09-17T11:41:09.211+0000] {logging_mixin.py:190} INFO - [2026-09-17T11:41:09.210+0000] {dagbag.py:588} INFO - Filling up the DagBag from /opt/airflow/dags/youtube_warehouse_pipeline.py
[2026-09-17T11:41:09.283+0000] {processor.py:925} INFO - DAG(s) 'youtube_warehouse_pipeline' retrieved from /opt/airflow/dags/youtube_warehouse_pipeline.py
[2026-09-17T11:41:09.303+0000] {logging_mixin.py:190} INFO - [2026-09-17T11:41:09.303+0000] {dag.py:3239} INFO - Sync 1 DAGs
[2026-09-17T11:41:09.316+0000] {logging_mixin.py:190} INFO - [2026-09-17T11:41:09.315+0000] {dag.py:4180} INFO - Setting next_dagrun for youtube_warehouse_pipeline to None, run_after=None
[2026-09-17T11:41:09.335+0000] {processor.py:208} INFO - Processing /opt/airflow/dags/youtube_warehouse_pipeline.py took 0.135 seconds
[2026-09-17T11:41:39.581+0000] {processor.py:186} INFO - Started process (PID=3394) to work on /opt/airflow/dags/youtube_warehouse_pipeline.py
[2026-09-17T11:41:39.583+0000] {processor.py:914} INFO - Processing file /opt/airflow/dags/youtube_warehouse_pipeline.py for tasks to queue
[2026-09-17T11:41:39.585+0000] {logging_mixin.py:190} INFO - [2026-09-17T11:41:39.584+0000] {dagbag.py:588} INFO - Filling up the DagBag from /opt/airflow/dags/youtube_warehouse_pipeline.py
[2026-09-17T11:41:39.654+0000] {processor.py:925} INFO - DAG(s) 'youtube_warehouse_pipeline' retrieved from /opt/airflow/dags/youtube_warehouse_pipeline.py
[2026-09-17T11:41:39.673+0000] {logging_mixin.py:190} INFO - [2026-09-17T11:41:39.673+0000] {dag.py:3239} INFO - Sync 1 DAGs
[2026-09-17T11:41:39.687+0000] {logging_mixin.py:190} INFO - [2026-09-17T11:41:39.687+0000] {dag.py:4180} INFO - Setting next_dagrun for youtube_warehouse_pipeline to None, run_after=None
[2026-09-17T11:41:39.707+0000] {processor.py:208} INFO - Processing /opt/airflow/dags/youtube_warehouse_pipeline.py took 0.131 seconds
[2026-09-17T11:42:10.022+0000] {processor.py:186} INFO - Started process (PID=3402) to work on /opt/airflow/dags/youtube_warehouse_pipeline.py
[2026-09-17T11:42:10.024+0000] {processor.py:914} INFO - Processing file /opt/airflow/dags/youtube_warehouse_pipeline.py for tasks to queue
[2026-09-17T11:42:10.026+0000] {logging_mixin.py:190} INFO - [2026-09-17T11:42:10.026+0000] {dagbag.py:588} INFO - Filling up the DagBag from /opt/airflow/dags/youtube_warehouse_pipeline.py
[2026-09-17T11:42:10.100+0000] {processor.py:925} INFO - DAG(s) 'youtube_warehouse_pipeline' retrieved from /opt/airflow/dags/youtube_warehouse_pipeline.py
[2026-09-17T11:42:10.119+0000] {logging_mixin.py:190} INFO - [2026-09-17T11:42:10.118+0000] {dag.py:3239} INFO - Sync 1 DAGs
[2026-09-17T11:42:10.132+0000] {logging_mixin.py:190} INFO - [2026-09-17T11:42:10.131+0000] {dag.py:4180} INFO - Setting next_dagrun for youtube_warehouse_pipeline to None, run_after=None
[2026-09-17T11:42:10.165+0000] {processor.py:208} INFO - Processing /opt/airflow/dags/youtube_warehouse_pipeline.py took 0.148 seconds
[2026-09-17T11:42:40.413+0000] {processor.py:186} INFO - Started process (PID=3410) to work on /opt/airflow/dags/youtube_warehouse_pipeline.py
[2026-09-17T11:42:40.415+0000] {processor.py:914} INFO - Processing file /opt/airflow/dags/youtube_warehouse_pipeline.py for tasks to queue
[2026-09-17T11:42:40.418+0000] {logging_mixin.py:190} INFO - [2026-09-17T11:42:40.418+0000] {dagbag.py:588} INFO - Filling up the DagBag from /opt/airflow/dags/youtube_warehouse_pipeline.py
[2026-09-17T11:42:40.485+0000] {processor.py:925} INFO - DAG(s) 'youtube_warehouse_pipeline' retrieved from /opt/airflow/dags/youtube_warehouse_pipeline.py
[2026-09-17T11:42:40.504+0000] {logging_mixin.py:190} INFO - [2026-09-17T11:42:40.504+0000] {dag.py:3239} INFO - Sync 1 DAGs
[2026-09-17T11:42:40.516+0000] {logging_mixin.py:190} INFO - [2026-09-17T11:42:40.516+0000] {dag.py:4180} INFO - Setting next_dagrun for youtube_warehouse_pipeline to None, run_after=None
[2026-09-17T11:42:40.538+0000] {processor.py:208} INFO - Processing /opt/airflow/dags/youtube_warehouse_pipeline.py took 0.130 seconds
[2026-09-17T11:43:10.846+0000] {processor.py:186} INFO - Started process (PID=3418) to work on /opt/airflow/dags/youtube_warehouse_pipeline.py
[2026-09-17T11:43:10.848+0000] {processor.py:914} INFO - Processing file /opt/airflow/dags/youtube_warehouse_pipeline.py for tasks to queue
[2026-09-17T11:43:10.850+0000] {logging_mixin.py:190} INFO - [2026-09-17T11:43:10.850+0000] {dagbag.py:588} INFO - Filling up the DagBag from /opt/airflow/dags/youtube_warehouse_pipeline.py
[2026-09-17T11:43:10.923+0000] {processor.py:925} INFO - DAG(s) 'youtube_warehouse_pipeline' retrieved from /opt/airflow/dags/youtube_warehouse_pipeline.py
[2026-09-17T11:43:10.948+0000] {logging_mixin.py:190} INFO - [2026-09-17T11:43:10.948+0000] {dag.py:3239} INFO - Sync 1 DAGs
[2026-09-17T11:43:10.962+0000] {logging_mixin.py:190} INFO - [2026-09-17T11:43:10.962+0000] {dag.py:4180} INFO - Setting next_dagrun for youtube_warehouse_pipeline to None, run_after=None
[2026-09-17T11:43:10.982+0000] {processor.py:208} INFO - Processing /opt/airflow/dags/youtube_warehouse_pipeline.py took 0.142 seconds
[2026-09-17T11:43:41.179+0000] {processor.py:186} INFO - Started process (PID=3426) to work on /opt/airflow/dags/youtube_warehouse_pipeline.py
[2026-09-17T11:43:41.181+0000] {processor.py:914} INFO - Processing file /opt/airflow/dags/youtube_warehouse_pipeline.py for tasks to queue
[2026-09-17T11:43:41.183+0000] {logging_mixin.py:190} INFO - [2026-09-17T11:43:41.182+0000] {dagbag.py:588} INFO - Filling up the DagBag from /opt/airflow/dags/youtube_warehouse_pipeline.py
[2026-09-17T11:43:41.275+0000] {processor.py:925} INFO - DAG(s) 'youtube_warehouse_pipeline' retrieved from /opt/airflow/dags/youtube_warehouse_pipeline.py
[2026-09-17T11:43:41.308+0000] {logging_mixin.py:190} INFO - [2026-09-17T11:43:41.307+0000] {dag.py:3239} INFO - Sync 1 DAGs
[2026-09-17T11:43:41.323+0000] {logging_mixin.py:190} INFO - [2026-09-17T11:43:41.323+0000] {dag.py:4180} INFO - Setting next_dagrun for youtube_warehouse_pipeline to None, run_after=None
[2026-09-17T11:43:41.346+0000] {processor.py:208} INFO - Processing /opt/airflow/dags/youtube_warehouse_pipeline.py took 0.173 seconds
[2026-09-17T11:44:11.676+0000] {processor.py:186} INFO - Started process (PID=3434) to work on /opt/airflow/dags/youtube_warehouse_pipeline.py
[2026-09-17T11:44:11.677+0000] {processor.py:914} INFO - Processing file /opt/airflow/dags/youtube_warehouse_pipeline.py for tasks to queue
[2026-09-17T11:44:11.679+0000] {logging_mixin.py:190} INFO - [2026-09-17T11:44:11.679+0000] {dagbag.py:588} INFO - Filling up the DagBag from /opt/airflow/dags/youtube_warehouse_pipeline.py
[2026-09-17T11:44:11.751+0000] {processor.py:925} INFO - DAG(s) 'youtube_warehouse_pipeline' retrieved from /opt/airflow/dags/youtube_warehouse_pipeline.py
[2026-09-17T11:44:11.779+0000] {logging_mixin.py:190} INFO - [2026-09-17T11:44:11.778+0000] {dag.py:3239} INFO - Sync 1 DAGs
[2026-09-17T11:44:11.797+0000] {logging_mixin.py:190} INFO - [2026-09-17T11:44:11.797+0000] {dag.py:4180} INFO - Setting next_dagrun for youtube_warehouse_pipeline to None, run_after=None
[2026-09-17T11:44:11.831+0000] {processor.py:208} INFO - Processing /opt/airflow/dags/youtube_warehouse_pipeline.py took 0.163 seconds
[2026-09-17T11:44:42.065+0000] {processor.py:186} INFO - Started process (PID=3442) to work on /opt/airflow/dags/youtube_warehouse_pipeline.py
[2026-09-17T11:44:42.067+0000] {processor.py:914} INFO - Processing file /opt/airflow/dags/youtube_warehouse_pipeline.py for tasks to queue
[2026-09-17T11:44:42.069+0000] {logging_mixin.py:190} INFO - [2026-09-17T11:44:42.069+0000] {dagbag.py:588} INFO - Filling up the DagBag from /opt/airflow/dags/youtube_warehouse_pipeline.py
[2026-09-17T11:44:42.136+0000] {processor.py:925} INFO - DAG(s) 'youtube_warehouse_pipeline' retrieved from /opt/airflow/dags/youtube_warehouse_pipeline.py
[2026-09-17T11:44:42.160+0000] {logging_mixin.py:190} INFO - [2026-09-17T11:44:42.160+0000] {dag.py:3239} INFO - Sync 1 DAGs
[2026-09-17T11:44:42.174+0000] {logging_mixin.py:190} INFO - [2026-09-17T11:44:42.174+0000] {dag.py:4180} INFO - Setting next_dagrun for youtube_warehouse_pipeline to None, run_after=None
[2026-09-17T11:44:42.194+0000] {processor.py:208} INFO - Processing /opt/airflow/dags/youtube_warehouse_pipeline.py took 0.134 seconds
[2026-09-17T11:45:12.571+0000] {processor.py:186} INFO - Started process (PID=3450) to work on /opt/airflow/dags/youtube_warehouse_pipeline.py
[2026-09-17T11:45:12.573+0000] {processor.py:914} INFO - Processing file /opt/airflow/dags/youtube_warehouse_pipeline.py for tasks to queue
[2026-09-17T11:45:12.576+0000] {logging_mixin.py:190} INFO - [2026-09-17T11:45:12.576+0000] {dagbag.py:588} INFO - Filling up the DagBag from /opt/airflow/dags/youtube_warehouse_pipeline.py
[2026-09-17T11:45:12.653+0000] {processor.py:925} INFO - DAG(s) 'youtube_warehouse_pipeline' retrieved from /opt/airflow/dags/youtube_warehouse_pipeline.py
[2026-09-17T11:45:12.671+0000] {logging_mixin.py:190} INFO - [2026-09-17T11:45:12.671+0000] {dag.py:3239} INFO - Sync 1 DAGs
[2026-09-17T11:45:12.683+0000] {logging_mixin.py:190} INFO - [2026-09-17T11:45:12.682+0000] {dag.py:4180} INFO - Setting next_dagrun for youtube_warehouse_pipeline to None, run_after=None
[2026-09-17T11:45:12.702+0000] {processor.py:208} INFO - Processing /opt/airflow/dags/youtube_warehouse_pipeline.py took 0.137 seconds
[2026-09-17T11:45:42.919+0000] {processor.py:186} INFO - Started process (PID=3458) to work on /opt/airflow/dags/youtube_warehouse_pipeline.py
[2026-09-17T11:45:42.922+0000] {processor.py:914} INFO - Processing file /opt/airflow/dags/youtube_warehouse_pipeline.py for tasks to queue
[2026-09-17T11:45:42.924+0000] {logging_mixin.py:190} INFO - [2026-09-17T11:45:42.924+0000] {dagbag.py:588} INFO - Filling up the DagBag from /opt/airflow/dags/youtube_warehouse_pipeline.py
[2026-09-17T11:45:43.010+0000] {processor.py:925} INFO - DAG(s) 'youtube_warehouse_pipeline' retrieved from /opt/airflow/dags/youtube_warehouse_pipeline.py
[2026-09-17T11:45:43.031+0000] {logging_mixin.py:190} INFO - [2026-09-17T11:45:43.030+0000] {dag.py:3239} INFO - Sync 1 DAGs
[2026-09-17T11:45:43.044+0000] {logging_mixin.py:190} INFO - [2026-09-17T11:45:43.044+0000] {dag.py:4180} INFO - Setting next_dagrun for youtube_warehouse_pipeline to None, run_after=None
[2026-09-17T11:45:43.064+0000] {processor.py:208} INFO - Processing /opt/airflow/dags/youtube_warehouse_pipeline.py took 0.150 seconds
[2026-09-17T11:46:13.405+0000] {processor.py:186} INFO - Started process (PID=3466) to work on /opt/airflow/dags/youtube_warehouse_pipeline.py
[2026-09-17T11:46:13.408+0000] {processor.py:914} INFO - Processing file /opt/airflow/dags/youtube_warehouse_pipeline.py for tasks to queue
[2026-09-17T11:46:13.411+0000] {logging_mixin.py:190} INFO - [2026-09-17T11:46:13.410+0000] {dagbag.py:588} INFO - Filling up the DagBag from /opt/airflow/dags/youtube_warehouse_pipeline.py
[2026-09-17T11:46:13.484+0000] {processor.py:925} INFO - DAG(s) 'youtube_warehouse_pipeline' retrieved from /opt/airflow/dags/youtube_warehouse_pipeline.py
[2026-09-17T11:46:13.511+0000] {logging_mixin.py:190} INFO - [2026-09-17T11:46:13.510+0000] {dag.py:3239} INFO - Sync 1 DAGs
[2026-09-17T11:46:13.529+0000] {logging_mixin.py:190} INFO - [2026-09-17T11:46:13.528+0000] {dag.py:4180} INFO - Setting next_dagrun for youtube_warehouse_pipeline to None, run_after=None
[2026-09-17T11:46:13.562+0000] {processor.py:208} INFO - Processing /opt/airflow/dags/youtube_warehouse_pipeline.py took 0.163 seconds
[2026-09-17T11:46:43.929+0000] {processor.py:186} INFO - Started process (PID=3474) to work on /opt/airflow/dags/youtube_warehouse_pipeline.py
[2026-09-17T11:46:43.931+0000] {processor.py:914} INFO - Processing file /opt/airflow/dags/youtube_warehouse_pipeline.py for tasks to queue
[2026-09-17T11:46:43.933+0000] {logging_mixin.py:190} INFO - [2026-09-17T11:46:43.933+0000] {dagbag.py:588} INFO - Filling up the DagBag from /opt/airflow/dags/youtube_warehouse_pipeline.py
[2026-09-17T11:46:44.004+0000] {processor.py:925} INFO - DAG(s) 'youtube_warehouse_pipeline' retrieved from /opt/airflow/dags/youtube_warehouse_pipeline.py
[2026-09-17T11:46:44.024+0000] {logging_mixin.py:190} INFO - [2026-09-17T11:46:44.023+0000] {dag.py:3239} INFO - Sync 1 DAGs
[2026-09-17T11:46:44.038+0000] {logging_mixin.py:190} INFO - [2026-09-17T11:46:44.038+0000] {dag.py:4180} INFO - Setting next_dagrun for youtube_warehouse_pipeline to None, run_after=None
[2026-09-17T11:46:44.058+0000] {processor.py:208} INFO - Processing /opt/airflow/dags/youtube_warehouse_pipeline.py took 0.136 seconds
[2026-09-17T11:47:14.302+0000] {processor.py:186} INFO - Started process (PID=3482) to work on /opt/airflow/dags/youtube_warehouse_pipeline.py
[2026-09-17T11:47:14.303+0000] {processor.py:914} INFO - Processing file /opt/airflow/dags/youtube_warehouse_pipeline.py for tasks to queue
[2026-09-17T11:47:14.306+0000] {logging_mixin.py:190} INFO - [2026-09-17T11:47:14.305+0000] {dagbag.py:588} INFO - Filling up the DagBag from /opt/airflow/dags/youtube_warehouse_pipeline.py
[2026-09-17T11:47:14.379+0000] {processor.py:925} INFO - DAG(s) 'youtube_warehouse_pipeline' retrieved from /opt/airflow/dags/youtube_warehouse_pipeline.py
[2026-09-17T11:47:14.399+0000] {logging_mixin.py:190} INFO - [2026-09-17T11:47:14.399+0000] {dag.py:3239} INFO - Sync 1 DAGs
[2026-09-17T11:47:14.412+0000] {logging_mixin.py:190} INFO - [2026-09-17T11:47:14.412+0000] {dag.py:4180} INFO - Setting next_dagrun for youtube_warehouse_pipeline to None, run_after=None
[2026-09-17T11:47:14.446+0000] {processor.py:208} INFO - Processing /opt/airflow/dags/youtube_warehouse_pipeline.py took 0.150 seconds
[2026-09-17T11:47:44.725+0000] {processor.py:186} INFO - Started process (PID=3490) to work on /opt/airflow/dags/youtube_warehouse_pipeline.py
[2026-09-17T11:47:44.728+0000] {processor.py:914} INFO - Processing file /opt/airflow/dags/youtube_warehouse_pipeline.py for tasks to queue
[2026-09-17T11:47:44.732+0000] {logging_mixin.py:190} INFO - [2026-09-17T11:47:44.731+0000] {dagbag.py:588} INFO - Filling up the DagBag from /opt/airflow/dags/youtube_warehouse_pipeline.py
[2026-09-17T11:47:44.824+0000] {processor.py:925} INFO - DAG(s) 'youtube_warehouse_pipeline' retrieved from /opt/airflow/dags/youtube_warehouse_pipeline.py
[2026-09-17T11:47:44.845+0000] {logging_mixin.py:190} INFO - [2026-09-17T11:47:44.845+0000] {dag.py:3239} INFO - Sync 1 DAGs
[2026-09-17T11:47:44.858+0000] {logging_mixin.py:190} INFO - [2026-09-17T11:47:44.858+0000] {dag.py:4180} INFO - Setting next_dagrun for youtube_warehouse_pipeline to None, run_after=None
[2026-09-17T11:47:44.877+0000] {processor.py:208} INFO - Processing /opt/airflow/dags/youtube_warehouse_pipeline.py took 0.160 seconds
[2026-09-17T11:48:15.090+0000] {processor.py:186} INFO - Started process (PID=3498) to work on /opt/airflow/dags/youtube_warehouse_pipeline.py
[2026-09-17T11:48:15.092+0000] {processor.py:914} INFO - Processing file /opt/airflow/dags/youtube_warehouse_pipeline.py for tasks to queue
[2026-09-17T11:48:15.093+0000] {logging_mixin.py:190} INFO - [2026-09-17T11:48:15.093+0000] {dagbag.py:588} INFO - Filling up the DagBag from /opt/airflow/dags/youtube_warehouse_pipeline.py
[2026-09-17T11:48:15.156+0000] {processor.py:925} INFO - DAG(s) 'youtube_warehouse_pipeline' retrieved from /opt/airflow/dags/youtube_warehouse_pipeline.py
[2026-09-17T11:48:15.176+0000] {logging_mixin.py:190} INFO - [2026-09-17T11:48:15.175+0000] {dag.py:3239} INFO - Sync 1 DAGs
[2026-09-17T11:48:15.189+0000] {logging_mixin.py:190} INFO - [2026-09-17T11:48:15.189+0000] {dag.py:4180} INFO - Setting next_dagrun for youtube_warehouse_pipeline to None, run_after=None
[2026-09-17T11:48:15.211+0000] {processor.py:208} INFO - Processing /opt/airflow/dags/youtube_warehouse_pipeline.py took 0.125 seconds
[2026-09-17T11:48:45.602+0000] {processor.py:186} INFO - Started process (PID=3507) to work on /opt/airflow/dags/youtube_warehouse_pipeline.py
[2026-09-17T11:48:45.604+0000] {processor.py:914} INFO - Processing file /opt/airflow/dags/youtube_warehouse_pipeline.py for tasks to queue
[2026-09-17T11:48:45.607+0000] {logging_mixin.py:190} INFO - [2026-09-17T11:48:45.607+0000] {dagbag.py:588} INFO - Filling up the DagBag from /opt/airflow/dags/youtube_warehouse_pipeline.py
[2026-09-17T11:48:45.683+0000] {processor.py:925} INFO - DAG(s) 'youtube_warehouse_pipeline' retrieved from /opt/airflow/dags/youtube_warehouse_pipeline.py
[2026-09-17T11:48:45.704+0000] {logging_mixin.py:190} INFO - [2026-09-17T11:48:45.703+0000] {dag.py:3239} INFO - Sync 1 DAGs
[2026-09-17T11:48:45.718+0000] {logging_mixin.py:190} INFO - [2026-09-17T11:48:45.717+0000] {dag.py:4180} INFO - Setting next_dagrun for youtube_warehouse_pipeline to None, run_after=None
[2026-09-17T11:48:45.737+0000] {processor.py:208} INFO - Processing /opt/airflow/dags/youtube_warehouse_pipeline.py took 0.142 seconds
[2026-09-17T11:49:15.984+0000] {processor.py:186} INFO - Started process (PID=3516) to work on /opt/airflow/dags/youtube_warehouse_pipeline.py
[2026-09-17T11:49:15.986+0000] {processor.py:914} INFO - Processing file /opt/airflow/dags/youtube_warehouse_pipeline.py for tasks to queue
[2026-09-17T11:49:15.988+0000] {logging_mixin.py:190} INFO - [2026-09-17T11:49:15.988+0000] {dagbag.py:588} INFO - Filling up the DagBag from /opt/airflow/dags/youtube_warehouse_pipeline.py
[2026-09-17T11:49:16.063+0000] {processor.py:925} INFO - DAG(s) 'youtube_warehouse_pipeline' retrieved from /opt/airflow/dags/youtube_warehouse_pipeline.py
[2026-09-17T11:49:16.099+0000] {logging_mixin.py:190} INFO - [2026-09-17T11:49:16.099+0000] {dag.py:3239} INFO - Sync 1 DAGs
[2026-09-17T11:49:16.116+0000] {logging_mixin.py:190} INFO - [2026-09-17T11:49:16.115+0000] {dag.py:4180} INFO - Setting next_dagrun for youtube_warehouse_pipeline to None, run_after=None
[2026-09-17T11:49:16.136+0000] {processor.py:208} INFO - Processing /opt/airflow/dags/youtube_warehouse_pipeline.py took 0.157 seconds
[2026-09-17T11:49:46.490+0000] {processor.py:186} INFO - Started process (PID=3524) to work on /opt/airflow/dags/youtube_warehouse_pipeline.py
[2026-09-17T11:49:46.492+0000] {processor.py:914} INFO - Processing file /opt/airflow/dags/youtube_warehouse_pipeline.py for tasks to queue
[2026-09-17T11:49:46.495+0000] {logging_mixin.py:190} INFO - [2026-09-17T11:49:46.494+0000] {dagbag.py:588} INFO - Filling up the DagBag from /opt/airflow/dags/youtube_warehouse_pipeline.py
[2026-09-17T11:49:46.572+0000] {processor.py:925} INFO - DAG(s) 'youtube_warehouse_pipeline' retrieved from /opt/airflow/dags/youtube_warehouse_pipeline.py
[2026-09-17T11:49:46.594+0000] {logging_mixin.py:190} INFO - [2026-09-17T11:49:46.594+0000] {dag.py:3239} INFO - Sync 1 DAGs
[2026-09-17T11:49:46.608+0000] {logging_mixin.py:190} INFO - [2026-09-17T11:49:46.607+0000] {dag.py:4180} INFO - Setting next_dagrun for youtube_warehouse_pipeline to None, run_after=None
[2026-09-17T11:49:46.627+0000] {processor.py:208} INFO - Processing /opt/airflow/dags/youtube_warehouse_pipeline.py took 0.143 seconds
[2026-09-17T11:50:17.044+0000] {processor.py:186} INFO - Started process (PID=3532) to work on /opt/airflow/dags/youtube_warehouse_pipeline.py
[2026-09-17T11:50:17.047+0000] {processor.py:914} INFO - Processing file /opt/airflow/dags/youtube_warehouse_pipeline.py for tasks to queue
[2026-09-17T11:50:17.049+0000] {logging_mixin.py:190} INFO - [2026-09-17T11:50:17.048+0000] {dagbag.py:588} INFO - Filling up the DagBag from /opt/airflow/dags/youtube_warehouse_pipeline.py
[2026-09-17T11:50:17.123+0000] {processor.py:925} INFO - DAG(s) 'youtube_warehouse_pipeline' retrieved from /opt/airflow/dags/youtube_warehouse_pipeline.py
[2026-09-17T11:50:17.144+0000] {logging_mixin.py:190} INFO - [2026-09-17T11:50:17.144+0000] {dag.py:3239} INFO - Sync 1 DAGs
[2026-09-17T11:50:17.157+0000] {logging_mixin.py:190} INFO - [2026-09-17T11:50:17.157+0000] {dag.py:4180} INFO - Setting next_dagrun for youtube_warehouse_pipeline to None, run_after=None
[2026-09-17T11:50:17.185+0000] {processor.py:208} INFO - Processing /opt/airflow/dags/youtube_warehouse_pipeline.py took 0.150 seconds
[2026-09-17T11:50:47.584+0000] {processor.py:186} INFO - Started process (PID=3540) to work on /opt/airflow/dags/youtube_warehouse_pipeline.py
[2026-09-17T11:50:47.585+0000] {processor.py:914} INFO - Processing file /opt/airflow/dags/youtube_warehouse_pipeline.py for tasks to queue
[2026-09-17T11:50:47.588+0000] {logging_mixin.py:190} INFO - [2026-09-17T11:50:47.587+0000] {dagbag.py:588} INFO - Filling up the DagBag from /opt/airflow/dags/youtube_warehouse_pipeline.py
[2026-09-17T11:50:47.661+0000] {processor.py:925} INFO - DAG(s) 'youtube_warehouse_pipeline' retrieved from /opt/airflow/dags/youtube_warehouse_pipeline.py
[2026-09-17T11:50:47.682+0000] {logging_mixin.py:190} INFO - [2026-09-17T11:50:47.681+0000] {dag.py:3239} INFO - Sync 1 DAGs
[2026-09-17T11:50:47.697+0000] {logging_mixin.py:190} INFO - [2026-09-17T11:50:47.697+0000] {dag.py:4180} INFO - Setting next_dagrun for youtube_warehouse_pipeline to None, run_after=None
[2026-09-17T11:50:47.732+0000] {processor.py:208} INFO - Processing /opt/airflow/dags/youtube_warehouse_pipeline.py took 0.156 seconds
[2026-09-17T11:51:17.955+0000] {processor.py:186} INFO - Started process (PID=3548) to work on /opt/airflow/dags/youtube_warehouse_pipeline.py
[2026-09-17T11:51:17.956+0000] {processor.py:914} INFO - Processing file /opt/airflow/dags/youtube_warehouse_pipeline.py for tasks to queue
[2026-09-17T11:51:17.958+0000] {logging_mixin.py:190} INFO - [2026-09-17T11:51:17.958+0000] {dagbag.py:588} INFO - Filling up the DagBag from /opt/airflow/dags/youtube_warehouse_pipeline.py
[2026-09-17T11:51:18.027+0000] {processor.py:925} INFO - DAG(s) 'youtube_warehouse_pipeline' retrieved from /opt/airflow/dags/youtube_warehouse_pipeline.py
[2026-09-17T11:51:18.049+0000] {logging_mixin.py:190} INFO - [2026-09-17T11:51:18.049+0000] {dag.py:3239} INFO - Sync 1 DAGs
[2026-09-17T11:51:18.061+0000] {logging_mixin.py:190} INFO - [2026-09-17T11:51:18.061+0000] {dag.py:4180} INFO - Setting next_dagrun for youtube_warehouse_pipeline to None, run_after=None
[2026-09-17T11:51:18.081+0000] {processor.py:208} INFO - Processing /opt/airflow/dags/youtube_warehouse_pipeline.py took 0.131 seconds
[2026-09-17T11:51:48.469+0000] {processor.py:186} INFO - Started process (PID=3556) to work on /opt/airflow/dags/youtube_warehouse_pipeline.py
[2026-09-17T11:51:48.471+0000] {processor.py:914} INFO - Processing file /opt/airflow/dags/youtube_warehouse_pipeline.py for tasks to queue
[2026-09-17T11:51:48.473+0000] {logging_mixin.py:190} INFO - [2026-09-17T11:51:48.473+0000] {dagbag.py:588} INFO - Filling up the DagBag from /opt/airflow/dags/youtube_warehouse_pipeline.py
[2026-09-17T11:51:48.549+0000] {processor.py:925} INFO - DAG(s) 'youtube_warehouse_pipeline' retrieved from /opt/airflow/dags/youtube_warehouse_pipeline.py
[2026-09-17T11:51:48.570+0000] {logging_mixin.py:190} INFO - [2026-09-17T11:51:48.570+0000] {dag.py:3239} INFO - Sync 1 DAGs
[2026-09-17T11:51:48.584+0000] {logging_mixin.py:190} INFO - [2026-09-17T11:51:48.584+0000] {dag.py:4180} INFO - Setting next_dagrun for youtube_warehouse_pipeline to None, run_after=None
[2026-09-17T11:51:48.604+0000] {processor.py:208} INFO - Processing /opt/airflow/dags/youtube_warehouse_pipeline.py took 0.142 seconds
[2026-09-17T11:52:18.862+0000] {processor.py:186} INFO - Started process (PID=3564) to work on /opt/airflow/dags/youtube_warehouse_pipeline.py
[2026-09-17T11:52:18.864+0000] {processor.py:914} INFO - Processing file /opt/airflow/dags/youtube_warehouse_pipeline.py for tasks to queue
[2026-09-17T11:52:18.866+0000] {logging_mixin.py:190} INFO - [2026-09-17T11:52:18.865+0000] {dagbag.py:588} INFO - Filling up the DagBag from /opt/airflow/dags/youtube_warehouse_pipeline.py
[2026-09-17T11:52:18.941+0000] {processor.py:925} INFO - DAG(s) 'youtube_warehouse_pipeline' retrieved from /opt/airflow/dags/youtube_warehouse_pipeline.py
[2026-09-17T11:52:18.962+0000] {logging_mixin.py:190} INFO - [2026-09-17T11:52:18.962+0000] {dag.py:3239} INFO - Sync 1 DAGs
[2026-09-17T11:52:18.976+0000] {logging_mixin.py:190} INFO - [2026-09-17T11:52:18.976+0000] {dag.py:4180} INFO - Setting next_dagrun for youtube_warehouse_pipeline to None, run_after=None
[2026-09-17T11:52:19.007+0000] {processor.py:208} INFO - Processing /opt/airflow/dags/youtube_warehouse_pipeline.py took 0.150 seconds
[2026-09-17T11:52:49.328+0000] {processor.py:186} INFO - Started process (PID=3572) to work on /opt/airflow/dags/youtube_warehouse_pipeline.py
[2026-09-17T11:52:49.330+0000] {processor.py:914} INFO - Processing file /opt/airflow/dags/youtube_warehouse_pipeline.py for tasks to queue
[2026-09-17T11:52:49.333+0000] {logging_mixin.py:190} INFO - [2026-09-17T11:52:49.333+0000] {dagbag.py:588} INFO - Filling up the DagBag from /opt/airflow/dags/youtube_warehouse_pipeline.py
[2026-09-17T11:52:49.403+0000] {processor.py:925} INFO - DAG(s) 'youtube_warehouse_pipeline' retrieved from /opt/airflow/dags/youtube_warehouse_pipeline.py
[2026-09-17T11:52:49.423+0000] {logging_mixin.py:190} INFO - [2026-09-17T11:52:49.422+0000] {dag.py:3239} INFO - Sync 1 DAGs
[2026-09-17T11:52:49.435+0000] {logging_mixin.py:190} INFO - [2026-09-17T11:52:49.434+0000] {dag.py:4180} INFO - Setting next_dagrun for youtube_warehouse_pipeline to None, run_after=None
[2026-09-17T11:52:49.465+0000] {processor.py:208} INFO - Processing /opt/airflow/dags/youtube_warehouse_pipeline.py took 0.144 seconds
[2026-09-17T11:53:19.700+0000] {processor.py:186} INFO - Started process (PID=3580) to work on /opt/airflow/dags/youtube_warehouse_pipeline.py
[2026-09-17T11:53:19.701+0000] {processor.py:914} INFO - Processing file /opt/airflow/dags/youtube_warehouse_pipeline.py for tasks to queue
[2026-09-17T11:53:19.703+0000] {logging_mixin.py:190} INFO - [2026-09-17T11:53:19.703+0000] {dagbag.py:588} INFO - Filling up the DagBag from /opt/airflow/dags/youtube_warehouse_pipeline.py
[2026-09-17T11:53:19.774+0000] {processor.py:925} INFO - DAG(s) 'youtube_warehouse_pipeline' retrieved from /opt/airflow/dags/youtube_warehouse_pipeline.py
[2026-09-17T11:53:19.806+0000] {logging_mixin.py:190} INFO - [2026-09-17T11:53:19.805+0000] {dag.py:3239} INFO - Sync 1 DAGs
[2026-09-17T11:53:19.820+0000] {logging_mixin.py:190} INFO - [2026-09-17T11:53:19.820+0000] {dag.py:4180} INFO - Setting next_dagrun for youtube_warehouse_pipeline to None, run_after=None
[2026-09-17T11:53:19.840+0000] {processor.py:208} INFO - Processing /opt/airflow/dags/youtube_warehouse_pipeline.py took 0.145 seconds
[2026-09-17T11:53:50.232+0000] {processor.py:186} INFO - Started process (PID=3588) to work on /opt/airflow/dags/youtube_warehouse_pipeline.py
[2026-09-17T11:53:50.235+0000] {processor.py:914} INFO - Processing file /opt/airflow/dags/youtube_warehouse_pipeline.py for tasks to queue
[2026-09-17T11:53:50.238+0000] {logging_mixin.py:190} INFO - [2026-09-17T11:53:50.238+0000] {dagbag.py:588} INFO - Filling up the DagBag from /opt/airflow/dags/youtube_warehouse_pipeline.py
[2026-09-17T11:53:50.324+0000] {processor.py:925} INFO - DAG(s) 'youtube_warehouse_pipeline' retrieved from /opt/airflow/dags/youtube_warehouse_pipeline.py
[2026-09-17T11:53:50.350+0000] {logging_mixin.py:190} INFO - [2026-09-17T11:53:50.349+0000] {dag.py:3239} INFO - Sync 1 DAGs
[2026-09-17T11:53:50.365+0000] {logging_mixin.py:190} INFO - [2026-09-17T11:53:50.365+0000] {dag.py:4180} INFO - Setting next_dagrun for youtube_warehouse_pipeline to None, run_after=None
[2026-09-17T11:53:50.385+0000] {processor.py:208} INFO - Processing /opt/airflow/dags/youtube_warehouse_pipeline.py took 0.162 seconds
[2026-09-17T11:54:20.594+0000] {processor.py:186} INFO - Started process (PID=3596) to work on /opt/airflow/dags/youtube_warehouse_pipeline.py
[2026-09-17T11:54:20.596+0000] {processor.py:914} INFO - Processing file /opt/airflow/dags/youtube_warehouse_pipeline.py for tasks to queue
[2026-09-17T11:54:20.598+0000] {logging_mixin.py:190} INFO - [2026-09-17T11:54:20.597+0000] {dagbag.py:588} INFO - Filling up the DagBag from /opt/airflow/dags/youtube_warehouse_pipeline.py
[2026-09-17T11:54:20.667+0000] {processor.py:925} INFO - DAG(s) 'youtube_warehouse_pipeline' retrieved from /opt/airflow/dags/youtube_warehouse_pipeline.py
[2026-09-17T11:54:20.689+0000] {logging_mixin.py:190} INFO - [2026-09-17T11:54:20.689+0000] {dag.py:3239} INFO - Sync 1 DAGs
[2026-09-17T11:54:20.704+0000] {logging_mixin.py:190} INFO - [2026-09-17T11:54:20.704+0000] {dag.py:4180} INFO - Setting next_dagrun for youtube_warehouse_pipeline to None, run_after=None
[2026-09-17T11:54:20.721+0000] {processor.py:208} INFO - Processing /opt/airflow/dags/youtube_warehouse_pipeline.py took 0.135 seconds
[2026-09-17T11:54:51.054+0000] {processor.py:186} INFO - Started process (PID=3604) to work on /opt/airflow/dags/youtube_warehouse_pipeline.py
[2026-09-17T11:54:51.056+0000] {processor.py:914} INFO - Processing file /opt/airflow/dags/youtube_warehouse_pipeline.py for tasks to queue
[2026-09-17T11:54:51.057+0000] {logging_mixin.py:190} INFO - [2026-09-17T11:54:51.057+0000] {dagbag.py:588} INFO - Filling up the DagBag from /opt/airflow/dags/youtube_warehouse_pipeline.py
[2026-09-17T11:54:51.127+0000] {processor.py:925} INFO - DAG(s) 'youtube_warehouse_pipeline' retrieved from /opt/airflow/dags/youtube_warehouse_pipeline.py
[2026-09-17T11:54:51.149+0000] {logging_mixin.py:190} INFO - [2026-09-17T11:54:51.149+0000] {dag.py:3239} INFO - Sync 1 DAGs
[2026-09-17T11:54:51.162+0000] {logging_mixin.py:190} INFO - [2026-09-17T11:54:51.162+0000] {dag.py:4180} INFO - Setting next_dagrun for youtube_warehouse_pipeline to None, run_after=None
[2026-09-17T11:54:51.182+0000] {processor.py:208} INFO - Processing /opt/airflow/dags/youtube_warehouse_pipeline.py took 0.135 seconds
[2026-09-17T11:55:21.481+0000] {processor.py:186} INFO - Started process (PID=3612) to work on /opt/airflow/dags/youtube_warehouse_pipeline.py
[2026-09-17T11:55:21.483+0000] {processor.py:914} INFO - Processing file /opt/airflow/dags/youtube_warehouse_pipeline.py for tasks to queue
[2026-09-17T11:55:21.486+0000] {logging_mixin.py:190} INFO - [2026-09-17T11:55:21.485+0000] {dagbag.py:588} INFO - Filling up the DagBag from /opt/airflow/dags/youtube_warehouse_pipeline.py
[2026-09-17T11:55:21.565+0000] {processor.py:925} INFO - DAG(s) 'youtube_warehouse_pipeline' retrieved from /opt/airflow/dags/youtube_warehouse_pipeline.py
[2026-09-17T11:55:21.601+0000] {logging_mixin.py:190} INFO - [2026-09-17T11:55:21.600+0000] {dag.py:3239} INFO - Sync 1 DAGs
[2026-09-17T11:55:21.618+0000] {logging_mixin.py:190} INFO - [2026-09-17T11:55:21.617+0000] {dag.py:4180} INFO - Setting next_dagrun for youtube_warehouse_pipeline to None, run_after=None
[2026-09-17T11:55:21.639+0000] {processor.py:208} INFO - Processing /opt/airflow/dags/youtube_warehouse_pipeline.py took 0.163 seconds
[2026-09-17T11:55:52.015+0000] {processor.py:186} INFO - Started process (PID=3620) to work on /opt/airflow/dags/youtube_warehouse_pipeline.py
[2026-09-17T11:55:52.017+0000] {processor.py:914} INFO - Processing file /opt/airflow/dags/youtube_warehouse_pipeline.py for tasks to queue
[2026-09-17T11:55:52.019+0000] {logging_mixin.py:190} INFO - [2026-09-17T11:55:52.019+0000] {dagbag.py:588} INFO - Filling up the DagBag from /opt/airflow/dags/youtube_warehouse_pipeline.py
[2026-09-17T11:55:52.122+0000] {processor.py:925} INFO - DAG(s) 'youtube_warehouse_pipeline' retrieved from /opt/airflow/dags/youtube_warehouse_pipeline.py
[2026-09-17T11:55:52.144+0000] {logging_mixin.py:190} INFO - [2026-09-17T11:55:52.144+0000] {dag.py:3239} INFO - Sync 1 DAGs
[2026-09-17T11:55:52.159+0000] {logging_mixin.py:190} INFO - [2026-09-17T11:55:52.159+0000] {dag.py:4180} INFO - Setting next_dagrun for youtube_warehouse_pipeline to None, run_after=None
[2026-09-17T11:55:52.180+0000] {processor.py:208} INFO - Processing /opt/airflow/dags/youtube_warehouse_pipeline.py took 0.172 seconds
[2026-09-17T11:56:22.532+0000] {processor.py:186} INFO - Started process (PID=3628) to work on /opt/airflow/dags/youtube_warehouse_pipeline.py
[2026-09-17T11:56:22.534+0000] {processor.py:914} INFO - Processing file /opt/airflow/dags/youtube_warehouse_pipeline.py for tasks to queue
[2026-09-17T11:56:22.536+0000] {logging_mixin.py:190} INFO - [2026-09-17T11:56:22.536+0000] {dagbag.py:588} INFO - Filling up the DagBag from /opt/airflow/dags/youtube_warehouse_pipeline.py
[2026-09-17T11:56:22.608+0000] {processor.py:925} INFO - DAG(s) 'youtube_warehouse_pipeline' retrieved from /opt/airflow/dags/youtube_warehouse_pipeline.py
[2026-09-17T11:56:22.630+0000] {logging_mixin.py:190} INFO - [2026-09-17T11:56:22.629+0000] {dag.py:3239} INFO - Sync 1 DAGs
[2026-09-17T11:56:22.642+0000] {logging_mixin.py:190} INFO - [2026-09-17T11:56:22.642+0000] {dag.py:4180} INFO - Setting next_dagrun for youtube_warehouse_pipeline to None, run_after=None
[2026-09-17T11:56:22.660+0000] {processor.py:208} INFO - Processing /opt/airflow/dags/youtube_warehouse_pipeline.py took 0.134 seconds
[2026-09-17T11:56:52.923+0000] {processor.py:186} INFO - Started process (PID=3636) to work on /opt/airflow/dags/youtube_warehouse_pipeline.py
[2026-09-17T11:56:52.925+0000] {processor.py:914} INFO - Processing file /opt/airflow/dags/youtube_warehouse_pipeline.py for tasks to queue
[2026-09-17T11:56:52.927+0000] {logging_mixin.py:190} INFO - [2026-09-17T11:56:52.927+0000] {dagbag.py:588} INFO - Filling up the DagBag from /opt/airflow/dags/youtube_warehouse_pipeline.py
[2026-09-17T11:56:52.998+0000] {processor.py:925} INFO - DAG(s) 'youtube_warehouse_pipeline' retrieved from /opt/airflow/dags/youtube_warehouse_pipeline.py
[2026-09-17T11:56:53.021+0000] {logging_mixin.py:190} INFO - [2026-09-17T11:56:53.020+0000] {dag.py:3239} INFO - Sync 1 DAGs
[2026-09-17T11:56:53.034+0000] {logging_mixin.py:190} INFO - [2026-09-17T11:56:53.034+0000] {dag.py:4180} INFO - Setting next_dagrun for youtube_warehouse_pipeline to None, run_after=None
[2026-09-17T11:56:53.053+0000] {processor.py:208} INFO - Processing /opt/airflow/dags/youtube_warehouse_pipeline.py took 0.137 seconds
[2026-09-17T11:57:23.270+0000] {processor.py:186} INFO - Started process (PID=3644) to work on /opt/airflow/dags/youtube_warehouse_pipeline.py
[2026-09-17T11:57:23.272+0000] {processor.py:914} INFO - Processing file /opt/airflow/dags/youtube_warehouse_pipeline.py for tasks to queue
[2026-09-17T11:57:23.275+0000] {logging_mixin.py:190} INFO - [2026-09-17T11:57:23.274+0000] {dagbag.py:588} INFO - Filling up the DagBag from /opt/airflow/dags/youtube_warehouse_pipeline.py
[2026-09-17T11:57:23.351+0000] {processor.py:925} INFO - DAG(s) 'youtube_warehouse_pipeline' retrieved from /opt/airflow/dags/youtube_warehouse_pipeline.py
[2026-09-17T11:57:23.374+0000] {logging_mixin.py:190} INFO - [2026-09-17T11:57:23.374+0000] {dag.py:3239} INFO - Sync 1 DAGs
[2026-09-17T11:57:23.389+0000] {logging_mixin.py:190} INFO - [2026-09-17T11:57:23.388+0000] {dag.py:4180} INFO - Setting next_dagrun for youtube_warehouse_pipeline to None, run_after=None
[2026-09-17T11:57:23.408+0000] {processor.py:208} INFO - Processing /opt/airflow/dags/youtube_warehouse_pipeline.py took 0.146 seconds
[2026-09-17T11:57:53.772+0000] {processor.py:186} INFO - Started process (PID=3652) to work on /opt/airflow/dags/youtube_warehouse_pipeline.py
[2026-09-17T11:57:53.774+0000] {processor.py:914} INFO - Processing file /opt/airflow/dags/youtube_warehouse_pipeline.py for tasks to queue
[2026-09-17T11:57:53.777+0000] {logging_mixin.py:190} INFO - [2026-09-17T11:57:53.777+0000] {dagbag.py:588} INFO - Filling up the DagBag from /opt/airflow/dags/youtube_warehouse_pipeline.py
[2026-09-17T11:57:53.854+0000] {processor.py:925} INFO - DAG(s) 'youtube_warehouse_pipeline' retrieved from /opt/airflow/dags/youtube_warehouse_pipeline.py
[2026-09-17T11:57:53.872+0000] {logging_mixin.py:190} INFO - [2026-09-17T11:57:53.872+0000] {dag.py:3239} INFO - Sync 1 DAGs
[2026-09-17T11:57:53.884+0000] {logging_mixin.py:190} INFO - [2026-09-17T11:57:53.884+0000] {dag.py:4180} INFO - Setting next_dagrun for youtube_warehouse_pipeline to None, run_after=None
[2026-09-17T11:57:53.904+0000] {processor.py:208} INFO - Processing /opt/airflow/dags/youtube_warehouse_pipeline.py took 0.138 seconds
[2026-09-17T11:58:24.290+0000] {processor.py:186} INFO - Started process (PID=3660) to work on /opt/airflow/dags/youtube_warehouse_pipeline.py
[2026-09-17T11:58:24.292+0000] {processor.py:914} INFO - Processing file /opt/airflow/dags/youtube_warehouse_pipeline.py for tasks to queue
[2026-09-17T11:58:24.295+0000] {logging_mixin.py:190} INFO - [2026-09-17T11:58:24.294+0000] {dagbag.py:588} INFO - Filling up the DagBag from /opt/airflow/dags/youtube_warehouse_pipeline.py
[2026-09-17T11:58:24.371+0000] {processor.py:925} INFO - DAG(s) 'youtube_warehouse_pipeline' retrieved from /opt/airflow/dags/youtube_warehouse_pipeline.py
[2026-09-17T11:58:24.396+0000] {logging_mixin.py:190} INFO - [2026-09-17T11:58:24.396+0000] {dag.py:3239} INFO - Sync 1 DAGs
[2026-09-17T11:58:24.412+0000] {logging_mixin.py:190} INFO - [2026-09-17T11:58:24.412+0000] {dag.py:4180} INFO - Setting next_dagrun for youtube_warehouse_pipeline to None, run_after=None
[2026-09-17T11:58:24.440+0000] {processor.py:208} INFO - Processing /opt/airflow/dags/youtube_warehouse_pipeline.py took 0.158 seconds
[2026-09-17T11:58:54.688+0000] {processor.py:186} INFO - Started process (PID=3668) to work on /opt/airflow/dags/youtube_warehouse_pipeline.py
[2026-09-17T11:58:54.689+0000] {processor.py:914} INFO - Processing file /opt/airflow/dags/youtube_warehouse_pipeline.py for tasks to queue
[2026-09-17T11:58:54.692+0000] {logging_mixin.py:190} INFO - [2026-09-17T11:58:54.691+0000] {dagbag.py:588} INFO - Filling up the DagBag from /opt/airflow/dags/youtube_warehouse_pipeline.py
[2026-09-17T11:58:54.759+0000] {processor.py:925} INFO - DAG(s) 'youtube_warehouse_pipeline' retrieved from /opt/airflow/dags/youtube_warehouse_pipeline.py
[2026-09-17T11:58:54.783+0000] {logging_mixin.py:190} INFO - [2026-09-17T11:58:54.782+0000] {dag.py:3239} INFO - Sync 1 DAGs
[2026-09-17T11:58:54.797+0000] {logging_mixin.py:190} INFO - [2026-09-17T11:58:54.797+0000] {dag.py:4180} INFO - Setting next_dagrun for youtube_warehouse_pipeline to None, run_after=None
[2026-09-17T11:58:54.830+0000] {processor.py:208} INFO - Processing /opt/airflow/dags/youtube_warehouse_pipeline.py took 0.147 seconds
[2026-09-17T11:59:25.185+0000] {processor.py:186} INFO - Started process (PID=3676) to work on /opt/airflow/dags/youtube_warehouse_pipeline.py
[2026-09-17T11:59:25.187+0000] {processor.py:914} INFO - Processing file /opt/airflow/dags/youtube_warehouse_pipeline.py for tasks to queue
[2026-09-17T11:59:25.189+0000] {logging_mixin.py:190} INFO - [2026-09-17T11:59:25.189+0000] {dagbag.py:588} INFO - Filling up the DagBag from /opt/airflow/dags/youtube_warehouse_pipeline.py
[2026-09-17T11:59:25.260+0000] {processor.py:925} INFO - DAG(s) 'youtube_warehouse_pipeline' retrieved from /opt/airflow/dags/youtube_warehouse_pipeline.py
[2026-09-17T11:59:25.285+0000] {logging_mixin.py:190} INFO - [2026-09-17T11:59:25.285+0000] {dag.py:3239} INFO - Sync 1 DAGs
[2026-09-17T11:59:25.299+0000] {logging_mixin.py:190} INFO - [2026-09-17T11:59:25.298+0000] {dag.py:4180} INFO - Setting next_dagrun for youtube_warehouse_pipeline to None, run_after=None
[2026-09-17T11:59:25.338+0000] {processor.py:208} INFO - Processing /opt/airflow/dags/youtube_warehouse_pipeline.py took 0.161 seconds
[2026-09-17T11:59:55.536+0000] {processor.py:186} INFO - Started process (PID=3684) to work on /opt/airflow/dags/youtube_warehouse_pipeline.py
[2026-09-17T11:59:55.537+0000] {processor.py:914} INFO - Processing file /opt/airflow/dags/youtube_warehouse_pipeline.py for tasks to queue
[2026-09-17T11:59:55.539+0000] {logging_mixin.py:190} INFO - [2026-09-17T11:59:55.539+0000] {dagbag.py:588} INFO - Filling up the DagBag from /opt/airflow/dags/youtube_warehouse_pipeline.py
[2026-09-17T11:59:55.607+0000] {processor.py:925} INFO - DAG(s) 'youtube_warehouse_pipeline' retrieved from /opt/airflow/dags/youtube_warehouse_pipeline.py
[2026-09-17T11:59:55.631+0000] {logging_mixin.py:190} INFO - [2026-09-17T11:59:55.631+0000] {dag.py:3239} INFO - Sync 1 DAGs
[2026-09-17T11:59:55.644+0000] {logging_mixin.py:190} INFO - [2026-09-17T11:59:55.644+0000] {dag.py:4180} INFO - Setting next_dagrun for youtube_warehouse_pipeline to None, run_after=None
[2026-09-17T11:59:55.663+0000] {processor.py:208} INFO - Processing /opt/airflow/dags/youtube_warehouse_pipeline.py took 0.132 seconds
[2026-09-17T12:00:25.919+0000] {processor.py:186} INFO - Started process (PID=3692) to work on /opt/airflow/dags/youtube_warehouse_pipeline.py
[2026-09-17T12:00:25.920+0000] {processor.py:914} INFO - Processing file /opt/airflow/dags/youtube_warehouse_pipeline.py for tasks to queue
[2026-09-17T12:00:25.922+0000] {logging_mixin.py:190} INFO - [2026-09-17T12:00:25.922+0000] {dagbag.py:588} INFO - Filling up the DagBag from /opt/airflow/dags/youtube_warehouse_pipeline.py
[2026-09-17T12:00:25.996+0000] {processor.py:925} INFO - DAG(s) 'youtube_warehouse_pipeline' retrieved from /opt/airflow/dags/youtube_warehouse_pipeline.py
[2026-09-17T12:00:26.018+0000] {logging_mixin.py:190} INFO - [2026-09-17T12:00:26.018+0000] {dag.py:3239} INFO - Sync 1 DAGs
[2026-09-17T12:00:26.032+0000] {logging_mixin.py:190} INFO - [2026-09-17T12:00:26.031+0000] {dag.py:4180} INFO - Setting next_dagrun for youtube_warehouse_pipeline to None, run_after=None
[2026-09-17T12:00:26.050+0000] {processor.py:208} INFO - Processing /opt/airflow/dags/youtube_warehouse_pipeline.py took 0.136 seconds
[2026-09-17T12:00:56.357+0000] {processor.py:186} INFO - Started process (PID=3700) to work on /opt/airflow/dags/youtube_warehouse_pipeline.py
[2026-09-17T12:00:56.359+0000] {processor.py:914} INFO - Processing file /opt/airflow/dags/youtube_warehouse_pipeline.py for tasks to queue
[2026-09-17T12:00:56.361+0000] {logging_mixin.py:190} INFO - [2026-09-17T12:00:56.360+0000] {dagbag.py:588} INFO - Filling up the DagBag from /opt/airflow/dags/youtube_warehouse_pipeline.py
[2026-09-17T12:00:56.432+0000] {processor.py:925} INFO - DAG(s) 'youtube_warehouse_pipeline' retrieved from /opt/airflow/dags/youtube_warehouse_pipeline.py
[2026-09-17T12:00:56.455+0000] {logging_mixin.py:190} INFO - [2026-09-17T12:00:56.454+0000] {dag.py:3239} INFO - Sync 1 DAGs
[2026-09-17T12:00:56.471+0000] {logging_mixin.py:190} INFO - [2026-09-17T12:00:56.471+0000] {dag.py:4180} INFO - Setting next_dagrun for youtube_warehouse_pipeline to None, run_after=None
[2026-09-17T12:00:56.492+0000] {processor.py:208} INFO - Processing /opt/airflow/dags/youtube_warehouse_pipeline.py took 0.141 seconds
[2026-09-17T12:01:26.745+0000] {processor.py:186} INFO - Started process (PID=3708) to work on /opt/airflow/dags/youtube_warehouse_pipeline.py
[2026-09-17T12:01:26.746+0000] {processor.py:914} INFO - Processing file /opt/airflow/dags/youtube_warehouse_pipeline.py for tasks to queue
[2026-09-17T12:01:26.748+0000] {logging_mixin.py:190} INFO - [2026-09-17T12:01:26.748+0000] {dagbag.py:588} INFO - Filling up the DagBag from /opt/airflow/dags/youtube_warehouse_pipeline.py
[2026-09-17T12:01:26.809+0000] {processor.py:925} INFO - DAG(s) 'youtube_warehouse_pipeline' retrieved from /opt/airflow/dags/youtube_warehouse_pipeline.py
[2026-09-17T12:01:26.828+0000] {logging_mixin.py:190} INFO - [2026-09-17T12:01:26.828+0000] {dag.py:3239} INFO - Sync 1 DAGs
[2026-09-17T12:01:26.841+0000] {logging_mixin.py:190} INFO - [2026-09-17T12:01:26.841+0000] {dag.py:4180} INFO - Setting next_dagrun for youtube_warehouse_pipeline to None, run_after=None
[2026-09-17T12:01:26.871+0000] {processor.py:208} INFO - Processing /opt/airflow/dags/youtube_warehouse_pipeline.py took 0.132 seconds
[2026-09-17T12:01:57.259+0000] {processor.py:186} INFO - Started process (PID=3716) to work on /opt/airflow/dags/youtube_warehouse_pipeline.py
[2026-09-17T12:01:57.261+0000] {processor.py:914} INFO - Processing file /opt/airflow/dags/youtube_warehouse_pipeline.py for tasks to queue
[2026-09-17T12:01:57.263+0000] {logging_mixin.py:190} INFO - [2026-09-17T12:01:57.263+0000] {dagbag.py:588} INFO - Filling up the DagBag from /opt/airflow/dags/youtube_warehouse_pipeline.py
[2026-09-17T12:01:57.335+0000] {processor.py:925} INFO - DAG(s) 'youtube_warehouse_pipeline' retrieved from /opt/airflow/dags/youtube_warehouse_pipeline.py
[2026-09-17T12:01:57.369+0000] {logging_mixin.py:190} INFO - [2026-09-17T12:01:57.369+0000] {dag.py:3239} INFO - Sync 1 DAGs
[2026-09-17T12:01:57.391+0000] {logging_mixin.py:190} INFO - [2026-09-17T12:01:57.391+0000] {dag.py:4180} INFO - Setting next_dagrun for youtube_warehouse_pipeline to None, run_after=None
[2026-09-17T12:01:57.423+0000] {processor.py:208} INFO - Processing /opt/airflow/dags/youtube_warehouse_pipeline.py took 0.172 seconds
[2026-09-17T12:02:27.647+0000] {processor.py:186} INFO - Started process (PID=3724) to work on /opt/airflow/dags/youtube_warehouse_pipeline.py
[2026-09-17T12:02:27.648+0000] {processor.py:914} INFO - Processing file /opt/airflow/dags/youtube_warehouse_pipeline.py for tasks to queue
[2026-09-17T12:02:27.650+0000] {logging_mixin.py:190} INFO - [2026-09-17T12:02:27.650+0000] {dagbag.py:588} INFO - Filling up the DagBag from /opt/airflow/dags/youtube_warehouse_pipeline.py
[2026-09-17T12:02:27.734+0000] {processor.py:925} INFO - DAG(s) 'youtube_warehouse_pipeline' retrieved from /opt/airflow/dags/youtube_warehouse_pipeline.py
[2026-09-17T12:02:27.754+0000] {logging_mixin.py:190} INFO - [2026-09-17T12:02:27.754+0000] {dag.py:3239} INFO - Sync 1 DAGs
[2026-09-17T12:02:27.766+0000] {logging_mixin.py:190} INFO - [2026-09-17T12:02:27.766+0000] {dag.py:4180} INFO - Setting next_dagrun for youtube_warehouse_pipeline to None, run_after=None
[2026-09-17T12:02:27.799+0000] {processor.py:208} INFO - Processing /opt/airflow/dags/youtube_warehouse_pipeline.py took 0.158 seconds
[2026-09-17T12:02:58.080+0000] {processor.py:186} INFO - Started process (PID=3732) to work on /opt/airflow/dags/youtube_warehouse_pipeline.py
[2026-09-17T12:02:58.081+0000] {processor.py:914} INFO - Processing file /opt/airflow/dags/youtube_warehouse_pipeline.py for tasks to queue
[2026-09-17T12:02:58.083+0000] {logging_mixin.py:190} INFO - [2026-09-17T12:02:58.083+0000] {dagbag.py:588} INFO - Filling up the DagBag from /opt/airflow/dags/youtube_warehouse_pipeline.py
[2026-09-17T12:02:58.150+0000] {processor.py:925} INFO - DAG(s) 'youtube_warehouse_pipeline' retrieved from /opt/airflow/dags/youtube_warehouse_pipeline.py
[2026-09-17T12:02:58.172+0000] {logging_mixin.py:190} INFO - [2026-09-17T12:02:58.171+0000] {dag.py:3239} INFO - Sync 1 DAGs
[2026-09-17T12:02:58.186+0000] {logging_mixin.py:190} INFO - [2026-09-17T12:02:58.186+0000] {dag.py:4180} INFO - Setting next_dagrun for youtube_warehouse_pipeline to None, run_after=None
[2026-09-17T12:02:58.205+0000] {processor.py:208} INFO - Processing /opt/airflow/dags/youtube_warehouse_pipeline.py took 0.130 seconds
[2026-09-17T12:03:28.482+0000] {processor.py:186} INFO - Started process (PID=3740) to work on /opt/airflow/dags/youtube_warehouse_pipeline.py
[2026-09-17T12:03:28.485+0000] {processor.py:914} INFO - Processing file /opt/airflow/dags/youtube_warehouse_pipeline.py for tasks to queue
[2026-09-17T12:03:28.489+0000] {logging_mixin.py:190} INFO - [2026-09-17T12:03:28.488+0000] {dagbag.py:588} INFO - Filling up the DagBag from /opt/airflow/dags/youtube_warehouse_pipeline.py
[2026-09-17T12:03:28.567+0000] {processor.py:925} INFO - DAG(s) 'youtube_warehouse_pipeline' retrieved from /opt/airflow/dags/youtube_warehouse_pipeline.py
[2026-09-17T12:03:28.597+0000] {logging_mixin.py:190} INFO - [2026-09-17T12:03:28.597+0000] {dag.py:3239} INFO - Sync 1 DAGs
[2026-09-17T12:03:28.613+0000] {logging_mixin.py:190} INFO - [2026-09-17T12:03:28.613+0000] {dag.py:4180} INFO - Setting next_dagrun for youtube_warehouse_pipeline to None, run_after=None
[2026-09-17T12:03:28.638+0000] {processor.py:208} INFO - Processing /opt/airflow/dags/youtube_warehouse_pipeline.py took 0.164 seconds
[2026-09-17T12:03:58.852+0000] {processor.py:186} INFO - Started process (PID=3748) to work on /opt/airflow/dags/youtube_warehouse_pipeline.py
[2026-09-17T12:03:58.854+0000] {processor.py:914} INFO - Processing file /opt/airflow/dags/youtube_warehouse_pipeline.py for tasks to queue
[2026-09-17T12:03:58.856+0000] {logging_mixin.py:190} INFO - [2026-09-17T12:03:58.856+0000] {dagbag.py:588} INFO - Filling up the DagBag from /opt/airflow/dags/youtube_warehouse_pipeline.py
[2026-09-17T12:03:58.927+0000] {processor.py:925} INFO - DAG(s) 'youtube_warehouse_pipeline' retrieved from /opt/airflow/dags/youtube_warehouse_pipeline.py
[2026-09-17T12:03:58.949+0000] {logging_mixin.py:190} INFO - [2026-09-17T12:03:58.949+0000] {dag.py:3239} INFO - Sync 1 DAGs
[2026-09-17T12:03:58.965+0000] {logging_mixin.py:190} INFO - [2026-09-17T12:03:58.964+0000] {dag.py:4180} INFO - Setting next_dagrun for youtube_warehouse_pipeline to None, run_after=None
[2026-09-17T12:03:58.983+0000] {processor.py:208} INFO - Processing /opt/airflow/dags/youtube_warehouse_pipeline.py took 0.137 seconds
[2026-09-17T12:04:29.355+0000] {processor.py:186} INFO - Started process (PID=3756) to work on /opt/airflow/dags/youtube_warehouse_pipeline.py
[2026-09-17T12:04:29.357+0000] {processor.py:914} INFO - Processing file /opt/airflow/dags/youtube_warehouse_pipeline.py for tasks to queue
[2026-09-17T12:04:29.359+0000] {logging_mixin.py:190} INFO - [2026-09-17T12:04:29.359+0000] {dagbag.py:588} INFO - Filling up the DagBag from /opt/airflow/dags/youtube_warehouse_pipeline.py
[2026-09-17T12:04:29.435+0000] {logging_mixin.py:190} INFO - [2026-09-17T12:04:29.430+0000] {dagbag.py:387} ERROR - Failed to import: /opt/airflow/dags/youtube_warehouse_pipeline.py
Traceback (most recent call last):
  File "/home/airflow/.local/lib/python3.10/site-packages/airflow/models/dagbag.py", line 383, in parse
    loader.exec_module(new_module)
  File "<frozen importlib._bootstrap_external>", line 883, in exec_module
  File "<frozen importlib._bootstrap>", line 241, in _call_with_frames_removed
  File "/opt/airflow/dags/youtube_warehouse_pipeline.py", line 10, in <module>
    from include.load import youtube_load as load_videos
  File "<frozen importlib._bootstrap>", line 1027, in _find_and_load
  File "<frozen importlib._bootstrap>", line 1002, in _find_and_load_unlocked
  File "<frozen importlib._bootstrap>", line 945, in _find_spec
  File "<frozen importlib._bootstrap_external>", line 1439, in find_spec
  File "<frozen importlib._bootstrap_external>", line 1411, in _get_spec
  File "<frozen importlib._bootstrap_external>", line 1548, in find_spec
  File "<frozen importlib._bootstrap_external>", line 1591, in _fill_cache
OSError: [Errno 12] Cannot allocate memory: '/opt/airflow/include'
[2026-09-17T12:04:29.436+0000] {processor.py:927} WARNING - No viable dags retrieved from /opt/airflow/dags/youtube_warehouse_pipeline.py
[2026-09-17T12:04:29.467+0000] {processor.py:208} INFO - Processing /opt/airflow/dags/youtube_warehouse_pipeline.py took 0.120 seconds
[2026-09-17T12:04:59.851+0000] {processor.py:186} INFO - Started process (PID=3764) to work on /opt/airflow/dags/youtube_warehouse_pipeline.py
[2026-09-17T12:04:59.853+0000] {processor.py:914} INFO - Processing file /opt/airflow/dags/youtube_warehouse_pipeline.py for tasks to queue
[2026-09-17T12:04:59.855+0000] {logging_mixin.py:190} INFO - [2026-09-17T12:04:59.855+0000] {dagbag.py:588} INFO - Filling up the DagBag from /opt/airflow/dags/youtube_warehouse_pipeline.py
[2026-09-17T12:04:59.922+0000] {processor.py:925} INFO - DAG(s) 'youtube_warehouse_pipeline' retrieved from /opt/airflow/dags/youtube_warehouse_pipeline.py
[2026-09-17T12:04:59.941+0000] {logging_mixin.py:190} INFO - [2026-09-17T12:04:59.940+0000] {dag.py:3239} INFO - Sync 1 DAGs
[2026-09-17T12:04:59.953+0000] {logging_mixin.py:190} INFO - [2026-09-17T12:04:59.953+0000] {dag.py:4180} INFO - Setting next_dagrun for youtube_warehouse_pipeline to None, run_after=None
[2026-09-17T12:04:59.986+0000] {processor.py:208} INFO - Processing /opt/airflow/dags/youtube_warehouse_pipeline.py took 0.141 seconds
[2026-09-17T12:05:30.246+0000] {processor.py:186} INFO - Started process (PID=3772) to work on /opt/airflow/dags/youtube_warehouse_pipeline.py
[2026-09-17T12:05:30.248+0000] {processor.py:914} INFO - Processing file /opt/airflow/dags/youtube_warehouse_pipeline.py for tasks to queue
[2026-09-17T12:05:30.250+0000] {logging_mixin.py:190} INFO - [2026-09-17T12:05:30.250+0000] {dagbag.py:588} INFO - Filling up the DagBag from /opt/airflow/dags/youtube_warehouse_pipeline.py
[2026-09-17T12:05:30.321+0000] {processor.py:925} INFO - DAG(s) 'youtube_warehouse_pipeline' retrieved from /opt/airflow/dags/youtube_warehouse_pipeline.py
[2026-09-17T12:05:30.347+0000] {logging_mixin.py:190} INFO - [2026-09-17T12:05:30.347+0000] {dag.py:3239} INFO - Sync 1 DAGs
[2026-09-17T12:05:30.361+0000] {logging_mixin.py:190} INFO - [2026-09-17T12:05:30.360+0000] {dag.py:4180} INFO - Setting next_dagrun for youtube_warehouse_pipeline to None, run_after=None
[2026-09-17T12:05:30.381+0000] {processor.py:208} INFO - Processing /opt/airflow/dags/youtube_warehouse_pipeline.py took 0.140 seconds
[2026-09-17T12:06:00.746+0000] {processor.py:186} INFO - Started process (PID=3780) to work on /opt/airflow/dags/youtube_warehouse_pipeline.py
[2026-09-17T12:06:00.748+0000] {processor.py:914} INFO - Processing file /opt/airflow/dags/youtube_warehouse_pipeline.py for tasks to queue
[2026-09-17T12:06:00.750+0000] {logging_mixin.py:190} INFO - [2026-09-17T12:06:00.750+0000] {dagbag.py:588} INFO - Filling up the DagBag from /opt/airflow/dags/youtube_warehouse_pipeline.py
[2026-09-17T12:06:00.835+0000] {processor.py:925} INFO - DAG(s) 'youtube_warehouse_pipeline' retrieved from /opt/airflow/dags/youtube_warehouse_pipeline.py
[2026-09-17T12:06:00.855+0000] {logging_mixin.py:190} INFO - [2026-09-17T12:06:00.855+0000] {dag.py:3239} INFO - Sync 1 DAGs
[2026-09-17T12:06:00.873+0000] {logging_mixin.py:190} INFO - [2026-09-17T12:06:00.873+0000] {dag.py:4180} INFO - Setting next_dagrun for youtube_warehouse_pipeline to None, run_after=None
[2026-09-17T12:06:00.891+0000] {processor.py:208} INFO - Processing /opt/airflow/dags/youtube_warehouse_pipeline.py took 0.152 seconds
[2026-09-17T12:06:31.119+0000] {processor.py:186} INFO - Started process (PID=3788) to work on /opt/airflow/dags/youtube_warehouse_pipeline.py
[2026-09-17T12:06:31.121+0000] {processor.py:914} INFO - Processing file /opt/airflow/dags/youtube_warehouse_pipeline.py for tasks to queue
[2026-09-17T12:06:31.123+0000] {logging_mixin.py:190} INFO - [2026-09-17T12:06:31.123+0000] {dagbag.py:588} INFO - Filling up the DagBag from /opt/airflow/dags/youtube_warehouse_pipeline.py
[2026-09-17T12:06:31.193+0000] {processor.py:925} INFO - DAG(s) 'youtube_warehouse_pipeline' retrieved from /opt/airflow/dags/youtube_warehouse_pipeline.py
[2026-09-17T12:06:31.213+0000] {logging_mixin.py:190} INFO - [2026-09-17T12:06:31.213+0000] {dag.py:3239} INFO - Sync 1 DAGs
[2026-09-17T12:06:31.228+0000] {logging_mixin.py:190} INFO - [2026-09-17T12:06:31.227+0000] {dag.py:4180} INFO - Setting next_dagrun for youtube_warehouse_pipeline to None, run_after=None
[2026-09-17T12:06:31.247+0000] {processor.py:208} INFO - Processing /opt/airflow/dags/youtube_warehouse_pipeline.py took 0.134 seconds
[2026-09-17T12:07:01.622+0000] {processor.py:186} INFO - Started process (PID=3796) to work on /opt/airflow/dags/youtube_warehouse_pipeline.py
[2026-09-17T12:07:01.624+0000] {processor.py:914} INFO - Processing file /opt/airflow/dags/youtube_warehouse_pipeline.py for tasks to queue
[2026-09-17T12:07:01.629+0000] {logging_mixin.py:190} INFO - [2026-09-17T12:07:01.628+0000] {dagbag.py:588} INFO - Filling up the DagBag from /opt/airflow/dags/youtube_warehouse_pipeline.py
[2026-09-17T12:07:01.726+0000] {processor.py:925} INFO - DAG(s) 'youtube_warehouse_pipeline' retrieved from /opt/airflow/dags/youtube_warehouse_pipeline.py
[2026-09-17T12:07:01.747+0000] {logging_mixin.py:190} INFO - [2026-09-17T12:07:01.747+0000] {dag.py:3239} INFO - Sync 1 DAGs
[2026-09-17T12:07:01.761+0000] {logging_mixin.py:190} INFO - [2026-09-17T12:07:01.761+0000] {dag.py:4180} INFO - Setting next_dagrun for youtube_warehouse_pipeline to None, run_after=None
[2026-09-17T12:07:01.782+0000] {processor.py:208} INFO - Processing /opt/airflow/dags/youtube_warehouse_pipeline.py took 0.166 seconds
[2026-09-17T12:07:32.164+0000] {processor.py:186} INFO - Started process (PID=3804) to work on /opt/airflow/dags/youtube_warehouse_pipeline.py
[2026-09-17T12:07:32.166+0000] {processor.py:914} INFO - Processing file /opt/airflow/dags/youtube_warehouse_pipeline.py for tasks to queue
[2026-09-17T12:07:32.169+0000] {logging_mixin.py:190} INFO - [2026-09-17T12:07:32.168+0000] {dagbag.py:588} INFO - Filling up the DagBag from /opt/airflow/dags/youtube_warehouse_pipeline.py
[2026-09-17T12:07:32.240+0000] {processor.py:925} INFO - DAG(s) 'youtube_warehouse_pipeline' retrieved from /opt/airflow/dags/youtube_warehouse_pipeline.py
[2026-09-17T12:07:32.263+0000] {logging_mixin.py:190} INFO - [2026-09-17T12:07:32.263+0000] {dag.py:3239} INFO - Sync 1 DAGs
[2026-09-17T12:07:32.282+0000] {logging_mixin.py:190} INFO - [2026-09-17T12:07:32.282+0000] {dag.py:4180} INFO - Setting next_dagrun for youtube_warehouse_pipeline to None, run_after=None
[2026-09-17T12:07:32.299+0000] {processor.py:208} INFO - Processing /opt/airflow/dags/youtube_warehouse_pipeline.py took 0.142 seconds
[2026-09-17T12:08:02.516+0000] {processor.py:186} INFO - Started process (PID=3812) to work on /opt/airflow/dags/youtube_warehouse_pipeline.py
[2026-09-17T12:08:02.517+0000] {processor.py:914} INFO - Processing file /opt/airflow/dags/youtube_warehouse_pipeline.py for tasks to queue
[2026-09-17T12:08:02.519+0000] {logging_mixin.py:190} INFO - [2026-09-17T12:08:02.519+0000] {dagbag.py:588} INFO - Filling up the DagBag from /opt/airflow/dags/youtube_warehouse_pipeline.py
[2026-09-17T12:08:02.588+0000] {processor.py:925} INFO - DAG(s) 'youtube_warehouse_pipeline' retrieved from /opt/airflow/dags/youtube_warehouse_pipeline.py
[2026-09-17T12:08:02.612+0000] {logging_mixin.py:190} INFO - [2026-09-17T12:08:02.611+0000] {dag.py:3239} INFO - Sync 1 DAGs
[2026-09-17T12:08:02.624+0000] {logging_mixin.py:190} INFO - [2026-09-17T12:08:02.624+0000] {dag.py:4180} INFO - Setting next_dagrun for youtube_warehouse_pipeline to None, run_after=None
[2026-09-17T12:08:02.646+0000] {processor.py:208} INFO - Processing /opt/airflow/dags/youtube_warehouse_pipeline.py took 0.135 seconds
[2026-09-17T12:08:32.966+0000] {processor.py:186} INFO - Started process (PID=3821) to work on /opt/airflow/dags/youtube_warehouse_pipeline.py
[2026-09-17T12:08:32.968+0000] {processor.py:914} INFO - Processing file /opt/airflow/dags/youtube_warehouse_pipeline.py for tasks to queue
[2026-09-17T12:08:32.971+0000] {logging_mixin.py:190} INFO - [2026-09-17T12:08:32.970+0000] {dagbag.py:588} INFO - Filling up the DagBag from /opt/airflow/dags/youtube_warehouse_pipeline.py
[2026-09-17T12:08:33.045+0000] {processor.py:925} INFO - DAG(s) 'youtube_warehouse_pipeline' retrieved from /opt/airflow/dags/youtube_warehouse_pipeline.py
[2026-09-17T12:08:33.064+0000] {logging_mixin.py:190} INFO - [2026-09-17T12:08:33.064+0000] {dag.py:3239} INFO - Sync 1 DAGs
[2026-09-17T12:08:33.078+0000] {logging_mixin.py:190} INFO - [2026-09-17T12:08:33.077+0000] {dag.py:4180} INFO - Setting next_dagrun for youtube_warehouse_pipeline to None, run_after=None
[2026-09-17T12:08:33.097+0000] {processor.py:208} INFO - Processing /opt/airflow/dags/youtube_warehouse_pipeline.py took 0.137 seconds
[2026-09-17T12:09:03.323+0000] {processor.py:186} INFO - Started process (PID=3829) to work on /opt/airflow/dags/youtube_warehouse_pipeline.py
[2026-09-17T12:09:03.325+0000] {processor.py:914} INFO - Processing file /opt/airflow/dags/youtube_warehouse_pipeline.py for tasks to queue
[2026-09-17T12:09:03.327+0000] {logging_mixin.py:190} INFO - [2026-09-17T12:09:03.326+0000] {dagbag.py:588} INFO - Filling up the DagBag from /opt/airflow/dags/youtube_warehouse_pipeline.py
[2026-09-17T12:09:03.422+0000] {processor.py:925} INFO - DAG(s) 'youtube_warehouse_pipeline' retrieved from /opt/airflow/dags/youtube_warehouse_pipeline.py
[2026-09-17T12:09:03.445+0000] {logging_mixin.py:190} INFO - [2026-09-17T12:09:03.444+0000] {dag.py:3239} INFO - Sync 1 DAGs
[2026-09-17T12:09:03.462+0000] {logging_mixin.py:190} INFO - [2026-09-17T12:09:03.462+0000] {dag.py:4180} INFO - Setting next_dagrun for youtube_warehouse_pipeline to None, run_after=None
[2026-09-17T12:09:03.570+0000] {processor.py:208} INFO - Processing /opt/airflow/dags/youtube_warehouse_pipeline.py took 0.254 seconds
[2026-09-17T12:09:33.949+0000] {processor.py:186} INFO - Started process (PID=3837) to work on /opt/airflow/dags/youtube_warehouse_pipeline.py
[2026-09-17T12:09:33.951+0000] {processor.py:914} INFO - Processing file /opt/airflow/dags/youtube_warehouse_pipeline.py for tasks to queue
[2026-09-17T12:09:33.952+0000] {logging_mixin.py:190} INFO - [2026-09-17T12:09:33.952+0000] {dagbag.py:588} INFO - Filling up the DagBag from /opt/airflow/dags/youtube_warehouse_pipeline.py
[2026-09-17T12:09:34.023+0000] {processor.py:925} INFO - DAG(s) 'youtube_warehouse_pipeline' retrieved from /opt/airflow/dags/youtube_warehouse_pipeline.py
[2026-09-17T12:09:34.042+0000] {logging_mixin.py:190} INFO - [2026-09-17T12:09:34.042+0000] {dag.py:3239} INFO - Sync 1 DAGs
[2026-09-17T12:09:34.053+0000] {logging_mixin.py:190} INFO - [2026-09-17T12:09:34.053+0000] {dag.py:4180} INFO - Setting next_dagrun for youtube_warehouse_pipeline to None, run_after=None
[2026-09-17T12:09:34.086+0000] {processor.py:208} INFO - Processing /opt/airflow/dags/youtube_warehouse_pipeline.py took 0.142 seconds
[2026-09-17T12:10:04.426+0000] {processor.py:186} INFO - Started process (PID=3845) to work on /opt/airflow/dags/youtube_warehouse_pipeline.py
[2026-09-17T12:10:04.427+0000] {processor.py:914} INFO - Processing file /opt/airflow/dags/youtube_warehouse_pipeline.py for tasks to queue
[2026-09-17T12:10:04.430+0000] {logging_mixin.py:190} INFO - [2026-09-17T12:10:04.429+0000] {dagbag.py:588} INFO - Filling up the DagBag from /opt/airflow/dags/youtube_warehouse_pipeline.py
[2026-09-17T12:10:04.504+0000] {processor.py:925} INFO - DAG(s) 'youtube_warehouse_pipeline' retrieved from /opt/airflow/dags/youtube_warehouse_pipeline.py
[2026-09-17T12:10:04.524+0000] {logging_mixin.py:190} INFO - [2026-09-17T12:10:04.524+0000] {dag.py:3239} INFO - Sync 1 DAGs
[2026-09-17T12:10:04.536+0000] {logging_mixin.py:190} INFO - [2026-09-17T12:10:04.536+0000] {dag.py:4180} INFO - Setting next_dagrun for youtube_warehouse_pipeline to None, run_after=None
[2026-09-17T12:10:04.556+0000] {processor.py:208} INFO - Processing /opt/airflow/dags/youtube_warehouse_pipeline.py took 0.138 seconds
[2026-09-17T12:10:34.786+0000] {processor.py:186} INFO - Started process (PID=3853) to work on /opt/airflow/dags/youtube_warehouse_pipeline.py
[2026-09-17T12:10:34.787+0000] {processor.py:914} INFO - Processing file /opt/airflow/dags/youtube_warehouse_pipeline.py for tasks to queue
[2026-09-17T12:10:34.789+0000] {logging_mixin.py:190} INFO - [2026-09-17T12:10:34.788+0000] {dagbag.py:588} INFO - Filling up the DagBag from /opt/airflow/dags/youtube_warehouse_pipeline.py
[2026-09-17T12:10:34.855+0000] {processor.py:925} INFO - DAG(s) 'youtube_warehouse_pipeline' retrieved from /opt/airflow/dags/youtube_warehouse_pipeline.py
[2026-09-17T12:10:34.875+0000] {logging_mixin.py:190} INFO - [2026-09-17T12:10:34.874+0000] {dag.py:3239} INFO - Sync 1 DAGs
[2026-09-17T12:10:34.887+0000] {logging_mixin.py:190} INFO - [2026-09-17T12:10:34.887+0000] {dag.py:4180} INFO - Setting next_dagrun for youtube_warehouse_pipeline to None, run_after=None
[2026-09-17T12:10:34.919+0000] {processor.py:208} INFO - Processing /opt/airflow/dags/youtube_warehouse_pipeline.py took 0.138 seconds
[2026-09-17T12:11:05.244+0000] {processor.py:186} INFO - Started process (PID=3861) to work on /opt/airflow/dags/youtube_warehouse_pipeline.py
[2026-09-17T12:11:05.246+0000] {processor.py:914} INFO - Processing file /opt/airflow/dags/youtube_warehouse_pipeline.py for tasks to queue
[2026-09-17T12:11:05.248+0000] {logging_mixin.py:190} INFO - [2026-09-17T12:11:05.248+0000] {dagbag.py:588} INFO - Filling up the DagBag from /opt/airflow/dags/youtube_warehouse_pipeline.py
[2026-09-17T12:11:05.348+0000] {processor.py:925} INFO - DAG(s) 'youtube_warehouse_pipeline' retrieved from /opt/airflow/dags/youtube_warehouse_pipeline.py
[2026-09-17T12:11:05.388+0000] {logging_mixin.py:190} INFO - [2026-09-17T12:11:05.388+0000] {dag.py:3239} INFO - Sync 1 DAGs
[2026-09-17T12:11:05.405+0000] {logging_mixin.py:190} INFO - [2026-09-17T12:11:05.404+0000] {dag.py:4180} INFO - Setting next_dagrun for youtube_warehouse_pipeline to None, run_after=None
[2026-09-17T12:11:05.426+0000] {processor.py:208} INFO - Processing /opt/airflow/dags/youtube_warehouse_pipeline.py took 0.194 seconds
[2026-09-17T12:11:35.781+0000] {processor.py:186} INFO - Started process (PID=3869) to work on /opt/airflow/dags/youtube_warehouse_pipeline.py
[2026-09-17T12:11:35.783+0000] {processor.py:914} INFO - Processing file /opt/airflow/dags/youtube_warehouse_pipeline.py for tasks to queue
[2026-09-17T12:11:35.786+0000] {logging_mixin.py:190} INFO - [2026-09-17T12:11:35.786+0000] {dagbag.py:588} INFO - Filling up the DagBag from /opt/airflow/dags/youtube_warehouse_pipeline.py
[2026-09-17T12:11:35.883+0000] {processor.py:925} INFO - DAG(s) 'youtube_warehouse_pipeline' retrieved from /opt/airflow/dags/youtube_warehouse_pipeline.py
[2026-09-17T12:11:35.911+0000] {logging_mixin.py:190} INFO - [2026-09-17T12:11:35.911+0000] {dag.py:3239} INFO - Sync 1 DAGs
[2026-09-17T12:11:35.937+0000] {logging_mixin.py:190} INFO - [2026-09-17T12:11:35.936+0000] {dag.py:4180} INFO - Setting next_dagrun for youtube_warehouse_pipeline to None, run_after=None
[2026-09-17T12:11:35.965+0000] {processor.py:208} INFO - Processing /opt/airflow/dags/youtube_warehouse_pipeline.py took 0.193 seconds
[2026-09-17T12:12:06.141+0000] {processor.py:186} INFO - Started process (PID=3877) to work on /opt/airflow/dags/youtube_warehouse_pipeline.py
[2026-09-17T12:12:06.143+0000] {processor.py:914} INFO - Processing file /opt/airflow/dags/youtube_warehouse_pipeline.py for tasks to queue
[2026-09-17T12:12:06.144+0000] {logging_mixin.py:190} INFO - [2026-09-17T12:12:06.144+0000] {dagbag.py:588} INFO - Filling up the DagBag from /opt/airflow/dags/youtube_warehouse_pipeline.py
[2026-09-17T12:12:06.215+0000] {processor.py:925} INFO - DAG(s) 'youtube_warehouse_pipeline' retrieved from /opt/airflow/dags/youtube_warehouse_pipeline.py
[2026-09-17T12:12:06.238+0000] {logging_mixin.py:190} INFO - [2026-09-17T12:12:06.238+0000] {dag.py:3239} INFO - Sync 1 DAGs
[2026-09-17T12:12:06.255+0000] {logging_mixin.py:190} INFO - [2026-09-17T12:12:06.255+0000] {dag.py:4180} INFO - Setting next_dagrun for youtube_warehouse_pipeline to None, run_after=None
[2026-09-17T12:12:06.276+0000] {processor.py:208} INFO - Processing /opt/airflow/dags/youtube_warehouse_pipeline.py took 0.141 seconds
[2026-09-17T12:12:36.678+0000] {processor.py:186} INFO - Started process (PID=3885) to work on /opt/airflow/dags/youtube_warehouse_pipeline.py
[2026-09-17T12:12:36.681+0000] {processor.py:914} INFO - Processing file /opt/airflow/dags/youtube_warehouse_pipeline.py for tasks to queue
[2026-09-17T12:12:36.683+0000] {logging_mixin.py:190} INFO - [2026-09-17T12:12:36.683+0000] {dagbag.py:588} INFO - Filling up the DagBag from /opt/airflow/dags/youtube_warehouse_pipeline.py
[2026-09-17T12:12:36.767+0000] {processor.py:925} INFO - DAG(s) 'youtube_warehouse_pipeline' retrieved from /opt/airflow/dags/youtube_warehouse_pipeline.py
[2026-09-17T12:12:36.792+0000] {logging_mixin.py:190} INFO - [2026-09-17T12:12:36.792+0000] {dag.py:3239} INFO - Sync 1 DAGs
[2026-09-17T12:12:36.808+0000] {logging_mixin.py:190} INFO - [2026-09-17T12:12:36.808+0000] {dag.py:4180} INFO - Setting next_dagrun for youtube_warehouse_pipeline to None, run_after=None
[2026-09-17T12:12:36.832+0000] {processor.py:208} INFO - Processing /opt/airflow/dags/youtube_warehouse_pipeline.py took 0.163 seconds
[2026-09-17T12:13:07.063+0000] {processor.py:186} INFO - Started process (PID=3893) to work on /opt/airflow/dags/youtube_warehouse_pipeline.py
[2026-09-17T12:13:07.065+0000] {processor.py:914} INFO - Processing file /opt/airflow/dags/youtube_warehouse_pipeline.py for tasks to queue
[2026-09-17T12:13:07.069+0000] {logging_mixin.py:190} INFO - [2026-09-17T12:13:07.069+0000] {dagbag.py:588} INFO - Filling up the DagBag from /opt/airflow/dags/youtube_warehouse_pipeline.py
[2026-09-17T12:13:07.166+0000] {processor.py:925} INFO - DAG(s) 'youtube_warehouse_pipeline' retrieved from /opt/airflow/dags/youtube_warehouse_pipeline.py
[2026-09-17T12:13:07.194+0000] {logging_mixin.py:190} INFO - [2026-09-17T12:13:07.194+0000] {dag.py:3239} INFO - Sync 1 DAGs
[2026-09-17T12:13:07.213+0000] {logging_mixin.py:190} INFO - [2026-09-17T12:13:07.213+0000] {dag.py:4180} INFO - Setting next_dagrun for youtube_warehouse_pipeline to None, run_after=None
[2026-09-17T12:13:07.237+0000] {processor.py:208} INFO - Processing /opt/airflow/dags/youtube_warehouse_pipeline.py took 0.180 seconds
[2026-09-17T12:13:37.500+0000] {processor.py:186} INFO - Started process (PID=3901) to work on /opt/airflow/dags/youtube_warehouse_pipeline.py
[2026-09-17T12:13:37.502+0000] {processor.py:914} INFO - Processing file /opt/airflow/dags/youtube_warehouse_pipeline.py for tasks to queue
[2026-09-17T12:13:37.504+0000] {logging_mixin.py:190} INFO - [2026-09-17T12:13:37.504+0000] {dagbag.py:588} INFO - Filling up the DagBag from /opt/airflow/dags/youtube_warehouse_pipeline.py
[2026-09-17T12:13:37.574+0000] {processor.py:925} INFO - DAG(s) 'youtube_warehouse_pipeline' retrieved from /opt/airflow/dags/youtube_warehouse_pipeline.py
[2026-09-17T12:13:37.592+0000] {logging_mixin.py:190} INFO - [2026-09-17T12:13:37.592+0000] {dag.py:3239} INFO - Sync 1 DAGs
[2026-09-17T12:13:37.605+0000] {logging_mixin.py:190} INFO - [2026-09-17T12:13:37.605+0000] {dag.py:4180} INFO - Setting next_dagrun for youtube_warehouse_pipeline to None, run_after=None
[2026-09-17T12:13:37.636+0000] {processor.py:208} INFO - Processing /opt/airflow/dags/youtube_warehouse_pipeline.py took 0.142 seconds
[2026-09-17T12:14:07.920+0000] {processor.py:186} INFO - Started process (PID=3909) to work on /opt/airflow/dags/youtube_warehouse_pipeline.py
[2026-09-17T12:14:07.923+0000] {processor.py:914} INFO - Processing file /opt/airflow/dags/youtube_warehouse_pipeline.py for tasks to queue
[2026-09-17T12:14:07.927+0000] {logging_mixin.py:190} INFO - [2026-09-17T12:14:07.926+0000] {dagbag.py:588} INFO - Filling up the DagBag from /opt/airflow/dags/youtube_warehouse_pipeline.py
[2026-09-17T12:14:08.007+0000] {processor.py:925} INFO - DAG(s) 'youtube_warehouse_pipeline' retrieved from /opt/airflow/dags/youtube_warehouse_pipeline.py
[2026-09-17T12:14:08.028+0000] {logging_mixin.py:190} INFO - [2026-09-17T12:14:08.027+0000] {dag.py:3239} INFO - Sync 1 DAGs
[2026-09-17T12:14:08.042+0000] {logging_mixin.py:190} INFO - [2026-09-17T12:14:08.042+0000] {dag.py:4180} INFO - Setting next_dagrun for youtube_warehouse_pipeline to None, run_after=None
[2026-09-17T12:14:08.062+0000] {processor.py:208} INFO - Processing /opt/airflow/dags/youtube_warehouse_pipeline.py took 0.150 seconds
[2026-09-17T12:14:38.438+0000] {processor.py:186} INFO - Started process (PID=3917) to work on /opt/airflow/dags/youtube_warehouse_pipeline.py
[2026-09-17T12:14:38.441+0000] {processor.py:914} INFO - Processing file /opt/airflow/dags/youtube_warehouse_pipeline.py for tasks to queue
[2026-09-17T12:14:38.443+0000] {logging_mixin.py:190} INFO - [2026-09-17T12:14:38.442+0000] {dagbag.py:588} INFO - Filling up the DagBag from /opt/airflow/dags/youtube_warehouse_pipeline.py
[2026-09-17T12:14:38.518+0000] {processor.py:925} INFO - DAG(s) 'youtube_warehouse_pipeline' retrieved from /opt/airflow/dags/youtube_warehouse_pipeline.py
[2026-09-17T12:14:38.537+0000] {logging_mixin.py:190} INFO - [2026-09-17T12:14:38.537+0000] {dag.py:3239} INFO - Sync 1 DAGs
[2026-09-17T12:14:38.549+0000] {logging_mixin.py:190} INFO - [2026-09-17T12:14:38.549+0000] {dag.py:4180} INFO - Setting next_dagrun for youtube_warehouse_pipeline to None, run_after=None
[2026-09-17T12:14:38.570+0000] {processor.py:208} INFO - Processing /opt/airflow/dags/youtube_warehouse_pipeline.py took 0.139 seconds
[2026-09-17T12:15:08.896+0000] {processor.py:186} INFO - Started process (PID=3925) to work on /opt/airflow/dags/youtube_warehouse_pipeline.py
[2026-09-17T12:15:08.897+0000] {processor.py:914} INFO - Processing file /opt/airflow/dags/youtube_warehouse_pipeline.py for tasks to queue
[2026-09-17T12:15:08.901+0000] {logging_mixin.py:190} INFO - [2026-09-17T12:15:08.900+0000] {dagbag.py:588} INFO - Filling up the DagBag from /opt/airflow/dags/youtube_warehouse_pipeline.py
[2026-09-17T12:15:08.974+0000] {processor.py:925} INFO - DAG(s) 'youtube_warehouse_pipeline' retrieved from /opt/airflow/dags/youtube_warehouse_pipeline.py
[2026-09-17T12:15:08.996+0000] {logging_mixin.py:190} INFO - [2026-09-17T12:15:08.996+0000] {dag.py:3239} INFO - Sync 1 DAGs
[2026-09-17T12:15:09.010+0000] {logging_mixin.py:190} INFO - [2026-09-17T12:15:09.009+0000] {dag.py:4180} INFO - Setting next_dagrun for youtube_warehouse_pipeline to None, run_after=None
[2026-09-17T12:15:09.030+0000] {processor.py:208} INFO - Processing /opt/airflow/dags/youtube_warehouse_pipeline.py took 0.141 seconds
[2026-09-17T12:15:39.271+0000] {processor.py:186} INFO - Started process (PID=3933) to work on /opt/airflow/dags/youtube_warehouse_pipeline.py
[2026-09-17T12:15:39.273+0000] {processor.py:914} INFO - Processing file /opt/airflow/dags/youtube_warehouse_pipeline.py for tasks to queue
[2026-09-17T12:15:39.275+0000] {logging_mixin.py:190} INFO - [2026-09-17T12:15:39.274+0000] {dagbag.py:588} INFO - Filling up the DagBag from /opt/airflow/dags/youtube_warehouse_pipeline.py
[2026-09-17T12:15:39.342+0000] {processor.py:925} INFO - DAG(s) 'youtube_warehouse_pipeline' retrieved from /opt/airflow/dags/youtube_warehouse_pipeline.py
[2026-09-17T12:15:39.360+0000] {logging_mixin.py:190} INFO - [2026-09-17T12:15:39.360+0000] {dag.py:3239} INFO - Sync 1 DAGs
[2026-09-17T12:15:39.372+0000] {logging_mixin.py:190} INFO - [2026-09-17T12:15:39.372+0000] {dag.py:4180} INFO - Setting next_dagrun for youtube_warehouse_pipeline to None, run_after=None
[2026-09-17T12:15:39.391+0000] {processor.py:208} INFO - Processing /opt/airflow/dags/youtube_warehouse_pipeline.py took 0.125 seconds
[2026-09-17T12:16:09.674+0000] {processor.py:186} INFO - Started process (PID=3941) to work on /opt/airflow/dags/youtube_warehouse_pipeline.py
[2026-09-17T12:16:09.676+0000] {processor.py:914} INFO - Processing file /opt/airflow/dags/youtube_warehouse_pipeline.py for tasks to queue
[2026-09-17T12:16:09.678+0000] {logging_mixin.py:190} INFO - [2026-09-17T12:16:09.677+0000] {dagbag.py:588} INFO - Filling up the DagBag from /opt/airflow/dags/youtube_warehouse_pipeline.py
[2026-09-17T12:16:09.749+0000] {processor.py:925} INFO - DAG(s) 'youtube_warehouse_pipeline' retrieved from /opt/airflow/dags/youtube_warehouse_pipeline.py
[2026-09-17T12:16:09.771+0000] {logging_mixin.py:190} INFO - [2026-09-17T12:16:09.771+0000] {dag.py:3239} INFO - Sync 1 DAGs
[2026-09-17T12:16:09.787+0000] {logging_mixin.py:190} INFO - [2026-09-17T12:16:09.787+0000] {dag.py:4180} INFO - Setting next_dagrun for youtube_warehouse_pipeline to None, run_after=None
[2026-09-17T12:16:09.811+0000] {processor.py:208} INFO - Processing /opt/airflow/dags/youtube_warehouse_pipeline.py took 0.144 seconds
[2026-09-17T12:16:40.172+0000] {processor.py:186} INFO - Started process (PID=3949) to work on /opt/airflow/dags/youtube_warehouse_pipeline.py
[2026-09-17T12:16:40.173+0000] {processor.py:914} INFO - Processing file /opt/airflow/dags/youtube_warehouse_pipeline.py for tasks to queue
[2026-09-17T12:16:40.175+0000] {logging_mixin.py:190} INFO - [2026-09-17T12:16:40.175+0000] {dagbag.py:588} INFO - Filling up the DagBag from /opt/airflow/dags/youtube_warehouse_pipeline.py
[2026-09-17T12:16:40.263+0000] {processor.py:925} INFO - DAG(s) 'youtube_warehouse_pipeline' retrieved from /opt/airflow/dags/youtube_warehouse_pipeline.py
[2026-09-17T12:16:40.286+0000] {logging_mixin.py:190} INFO - [2026-09-17T12:16:40.286+0000] {dag.py:3239} INFO - Sync 1 DAGs
[2026-09-17T12:16:40.301+0000] {logging_mixin.py:190} INFO - [2026-09-17T12:16:40.301+0000] {dag.py:4180} INFO - Setting next_dagrun for youtube_warehouse_pipeline to None, run_after=None
[2026-09-17T12:16:40.323+0000] {processor.py:208} INFO - Processing /opt/airflow/dags/youtube_warehouse_pipeline.py took 0.158 seconds
[2026-09-17T12:17:10.645+0000] {processor.py:186} INFO - Started process (PID=3958) to work on /opt/airflow/dags/youtube_warehouse_pipeline.py
[2026-09-17T12:17:10.647+0000] {processor.py:914} INFO - Processing file /opt/airflow/dags/youtube_warehouse_pipeline.py for tasks to queue
[2026-09-17T12:17:10.649+0000] {logging_mixin.py:190} INFO - [2026-09-17T12:17:10.648+0000] {dagbag.py:588} INFO - Filling up the DagBag from /opt/airflow/dags/youtube_warehouse_pipeline.py
[2026-09-17T12:17:10.718+0000] {processor.py:925} INFO - DAG(s) 'youtube_warehouse_pipeline' retrieved from /opt/airflow/dags/youtube_warehouse_pipeline.py
[2026-09-17T12:17:10.737+0000] {logging_mixin.py:190} INFO - [2026-09-17T12:17:10.737+0000] {dag.py:3239} INFO - Sync 1 DAGs
[2026-09-17T12:17:10.749+0000] {logging_mixin.py:190} INFO - [2026-09-17T12:17:10.749+0000] {dag.py:4180} INFO - Setting next_dagrun for youtube_warehouse_pipeline to None, run_after=None
[2026-09-17T12:17:10.767+0000] {processor.py:208} INFO - Processing /opt/airflow/dags/youtube_warehouse_pipeline.py took 0.128 seconds
[2026-09-17T12:17:40.995+0000] {processor.py:186} INFO - Started process (PID=3966) to work on /opt/airflow/dags/youtube_warehouse_pipeline.py
[2026-09-17T12:17:40.997+0000] {processor.py:914} INFO - Processing file /opt/airflow/dags/youtube_warehouse_pipeline.py for tasks to queue
[2026-09-17T12:17:40.999+0000] {logging_mixin.py:190} INFO - [2026-09-17T12:17:40.998+0000] {dagbag.py:588} INFO - Filling up the DagBag from /opt/airflow/dags/youtube_warehouse_pipeline.py
[2026-09-17T12:17:41.067+0000] {processor.py:925} INFO - DAG(s) 'youtube_warehouse_pipeline' retrieved from /opt/airflow/dags/youtube_warehouse_pipeline.py
[2026-09-17T12:17:41.093+0000] {logging_mixin.py:190} INFO - [2026-09-17T12:17:41.092+0000] {dag.py:3239} INFO - Sync 1 DAGs
[2026-09-17T12:17:41.108+0000] {logging_mixin.py:190} INFO - [2026-09-17T12:17:41.108+0000] {dag.py:4180} INFO - Setting next_dagrun for youtube_warehouse_pipeline to None, run_after=None
[2026-09-17T12:17:41.129+0000] {processor.py:208} INFO - Processing /opt/airflow/dags/youtube_warehouse_pipeline.py took 0.139 seconds
[2026-09-17T12:18:11.457+0000] {processor.py:186} INFO - Started process (PID=3974) to work on /opt/airflow/dags/youtube_warehouse_pipeline.py
[2026-09-17T12:18:11.458+0000] {processor.py:914} INFO - Processing file /opt/airflow/dags/youtube_warehouse_pipeline.py for tasks to queue
[2026-09-17T12:18:11.461+0000] {logging_mixin.py:190} INFO - [2026-09-17T12:18:11.461+0000] {dagbag.py:588} INFO - Filling up the DagBag from /opt/airflow/dags/youtube_warehouse_pipeline.py
[2026-09-17T12:18:11.545+0000] {processor.py:925} INFO - DAG(s) 'youtube_warehouse_pipeline' retrieved from /opt/airflow/dags/youtube_warehouse_pipeline.py
[2026-09-17T12:18:11.567+0000] {logging_mixin.py:190} INFO - [2026-09-17T12:18:11.567+0000] {dag.py:3239} INFO - Sync 1 DAGs
[2026-09-17T12:18:11.582+0000] {logging_mixin.py:190} INFO - [2026-09-17T12:18:11.581+0000] {dag.py:4180} INFO - Setting next_dagrun for youtube_warehouse_pipeline to None, run_after=None
[2026-09-17T12:18:11.603+0000] {processor.py:208} INFO - Processing /opt/airflow/dags/youtube_warehouse_pipeline.py took 0.154 seconds
[2026-09-17T12:18:41.780+0000] {processor.py:186} INFO - Started process (PID=3983) to work on /opt/airflow/dags/youtube_warehouse_pipeline.py
[2026-09-17T12:18:41.782+0000] {processor.py:914} INFO - Processing file /opt/airflow/dags/youtube_warehouse_pipeline.py for tasks to queue
[2026-09-17T12:18:41.784+0000] {logging_mixin.py:190} INFO - [2026-09-17T12:18:41.783+0000] {dagbag.py:588} INFO - Filling up the DagBag from /opt/airflow/dags/youtube_warehouse_pipeline.py
[2026-09-17T12:18:41.847+0000] {processor.py:925} INFO - DAG(s) 'youtube_warehouse_pipeline' retrieved from /opt/airflow/dags/youtube_warehouse_pipeline.py
[2026-09-17T12:18:41.870+0000] {logging_mixin.py:190} INFO - [2026-09-17T12:18:41.870+0000] {dag.py:3239} INFO - Sync 1 DAGs
[2026-09-17T12:18:41.883+0000] {logging_mixin.py:190} INFO - [2026-09-17T12:18:41.882+0000] {dag.py:4180} INFO - Setting next_dagrun for youtube_warehouse_pipeline to None, run_after=None
[2026-09-17T12:18:41.903+0000] {processor.py:208} INFO - Processing /opt/airflow/dags/youtube_warehouse_pipeline.py took 0.128 seconds
[2026-09-17T12:19:12.285+0000] {processor.py:186} INFO - Started process (PID=3991) to work on /opt/airflow/dags/youtube_warehouse_pipeline.py
[2026-09-17T12:19:12.287+0000] {processor.py:914} INFO - Processing file /opt/airflow/dags/youtube_warehouse_pipeline.py for tasks to queue
[2026-09-17T12:19:12.290+0000] {logging_mixin.py:190} INFO - [2026-09-17T12:19:12.290+0000] {dagbag.py:588} INFO - Filling up the DagBag from /opt/airflow/dags/youtube_warehouse_pipeline.py
[2026-09-17T12:19:12.366+0000] {processor.py:925} INFO - DAG(s) 'youtube_warehouse_pipeline' retrieved from /opt/airflow/dags/youtube_warehouse_pipeline.py
[2026-09-17T12:19:12.403+0000] {logging_mixin.py:190} INFO - [2026-09-17T12:19:12.403+0000] {dag.py:3239} INFO - Sync 1 DAGs
[2026-09-17T12:19:12.425+0000] {logging_mixin.py:190} INFO - [2026-09-17T12:19:12.424+0000] {dag.py:4180} INFO - Setting next_dagrun for youtube_warehouse_pipeline to None, run_after=None
[2026-09-17T12:19:12.449+0000] {processor.py:208} INFO - Processing /opt/airflow/dags/youtube_warehouse_pipeline.py took 0.170 seconds
[2026-09-17T12:19:42.638+0000] {processor.py:186} INFO - Started process (PID=3999) to work on /opt/airflow/dags/youtube_warehouse_pipeline.py
[2026-09-17T12:19:42.640+0000] {processor.py:914} INFO - Processing file /opt/airflow/dags/youtube_warehouse_pipeline.py for tasks to queue
[2026-09-17T12:19:42.643+0000] {logging_mixin.py:190} INFO - [2026-09-17T12:19:42.643+0000] {dagbag.py:588} INFO - Filling up the DagBag from /opt/airflow/dags/youtube_warehouse_pipeline.py
[2026-09-17T12:19:42.739+0000] {processor.py:925} INFO - DAG(s) 'youtube_warehouse_pipeline' retrieved from /opt/airflow/dags/youtube_warehouse_pipeline.py
[2026-09-17T12:19:42.766+0000] {logging_mixin.py:190} INFO - [2026-09-17T12:19:42.766+0000] {dag.py:3239} INFO - Sync 1 DAGs
[2026-09-17T12:19:42.781+0000] {logging_mixin.py:190} INFO - [2026-09-17T12:19:42.781+0000] {dag.py:4180} INFO - Setting next_dagrun for youtube_warehouse_pipeline to None, run_after=None
[2026-09-17T12:19:42.814+0000] {processor.py:208} INFO - Processing /opt/airflow/dags/youtube_warehouse_pipeline.py took 0.183 seconds
[2026-09-17T12:20:13.196+0000] {processor.py:186} INFO - Started process (PID=4013) to work on /opt/airflow/dags/youtube_warehouse_pipeline.py
[2026-09-17T12:20:13.198+0000] {processor.py:914} INFO - Processing file /opt/airflow/dags/youtube_warehouse_pipeline.py for tasks to queue
[2026-09-17T12:20:13.200+0000] {logging_mixin.py:190} INFO - [2026-09-17T12:20:13.199+0000] {dagbag.py:588} INFO - Filling up the DagBag from /opt/airflow/dags/youtube_warehouse_pipeline.py
[2026-09-17T12:20:13.275+0000] {processor.py:925} INFO - DAG(s) 'youtube_warehouse_pipeline' retrieved from /opt/airflow/dags/youtube_warehouse_pipeline.py
[2026-09-17T12:20:13.297+0000] {logging_mixin.py:190} INFO - [2026-09-17T12:20:13.297+0000] {dag.py:3239} INFO - Sync 1 DAGs
[2026-09-17T12:20:13.311+0000] {logging_mixin.py:190} INFO - [2026-09-17T12:20:13.311+0000] {dag.py:4180} INFO - Setting next_dagrun for youtube_warehouse_pipeline to None, run_after=None
[2026-09-17T12:20:13.332+0000] {processor.py:208} INFO - Processing /opt/airflow/dags/youtube_warehouse_pipeline.py took 0.143 seconds
[2026-09-17T12:20:43.708+0000] {processor.py:186} INFO - Started process (PID=4021) to work on /opt/airflow/dags/youtube_warehouse_pipeline.py
[2026-09-17T12:20:43.710+0000] {processor.py:914} INFO - Processing file /opt/airflow/dags/youtube_warehouse_pipeline.py for tasks to queue
[2026-09-17T12:20:43.712+0000] {logging_mixin.py:190} INFO - [2026-09-17T12:20:43.712+0000] {dagbag.py:588} INFO - Filling up the DagBag from /opt/airflow/dags/youtube_warehouse_pipeline.py
[2026-09-17T12:20:43.787+0000] {processor.py:925} INFO - DAG(s) 'youtube_warehouse_pipeline' retrieved from /opt/airflow/dags/youtube_warehouse_pipeline.py
[2026-09-17T12:20:43.806+0000] {logging_mixin.py:190} INFO - [2026-09-17T12:20:43.805+0000] {dag.py:3239} INFO - Sync 1 DAGs
[2026-09-17T12:20:43.819+0000] {logging_mixin.py:190} INFO - [2026-09-17T12:20:43.818+0000] {dag.py:4180} INFO - Setting next_dagrun for youtube_warehouse_pipeline to None, run_after=None
[2026-09-17T12:20:43.838+0000] {processor.py:208} INFO - Processing /opt/airflow/dags/youtube_warehouse_pipeline.py took 0.137 seconds
[2026-09-17T12:21:14.063+0000] {processor.py:186} INFO - Started process (PID=4029) to work on /opt/airflow/dags/youtube_warehouse_pipeline.py
[2026-09-17T12:21:14.065+0000] {processor.py:914} INFO - Processing file /opt/airflow/dags/youtube_warehouse_pipeline.py for tasks to queue
[2026-09-17T12:21:14.067+0000] {logging_mixin.py:190} INFO - [2026-09-17T12:21:14.066+0000] {dagbag.py:588} INFO - Filling up the DagBag from /opt/airflow/dags/youtube_warehouse_pipeline.py
[2026-09-17T12:21:14.142+0000] {processor.py:925} INFO - DAG(s) 'youtube_warehouse_pipeline' retrieved from /opt/airflow/dags/youtube_warehouse_pipeline.py
[2026-09-17T12:21:14.166+0000] {logging_mixin.py:190} INFO - [2026-09-17T12:21:14.165+0000] {dag.py:3239} INFO - Sync 1 DAGs
[2026-09-17T12:21:14.180+0000] {logging_mixin.py:190} INFO - [2026-09-17T12:21:14.179+0000] {dag.py:4180} INFO - Setting next_dagrun for youtube_warehouse_pipeline to None, run_after=None
[2026-09-17T12:21:14.198+0000] {processor.py:208} INFO - Processing /opt/airflow/dags/youtube_warehouse_pipeline.py took 0.141 seconds
[2026-09-17T12:21:44.564+0000] {processor.py:186} INFO - Started process (PID=4037) to work on /opt/airflow/dags/youtube_warehouse_pipeline.py
[2026-09-17T12:21:44.566+0000] {processor.py:914} INFO - Processing file /opt/airflow/dags/youtube_warehouse_pipeline.py for tasks to queue
[2026-09-17T12:21:44.568+0000] {logging_mixin.py:190} INFO - [2026-09-17T12:21:44.568+0000] {dagbag.py:588} INFO - Filling up the DagBag from /opt/airflow/dags/youtube_warehouse_pipeline.py
[2026-09-17T12:21:44.639+0000] {processor.py:925} INFO - DAG(s) 'youtube_warehouse_pipeline' retrieved from /opt/airflow/dags/youtube_warehouse_pipeline.py
[2026-09-17T12:21:44.658+0000] {logging_mixin.py:190} INFO - [2026-09-17T12:21:44.658+0000] {dag.py:3239} INFO - Sync 1 DAGs
[2026-09-17T12:21:44.670+0000] {logging_mixin.py:190} INFO - [2026-09-17T12:21:44.670+0000] {dag.py:4180} INFO - Setting next_dagrun for youtube_warehouse_pipeline to None, run_after=None
[2026-09-17T12:21:44.690+0000] {processor.py:208} INFO - Processing /opt/airflow/dags/youtube_warehouse_pipeline.py took 0.133 seconds
[2026-09-17T12:22:14.946+0000] {processor.py:186} INFO - Started process (PID=4045) to work on /opt/airflow/dags/youtube_warehouse_pipeline.py
[2026-09-17T12:22:14.948+0000] {processor.py:914} INFO - Processing file /opt/airflow/dags/youtube_warehouse_pipeline.py for tasks to queue
[2026-09-17T12:22:14.950+0000] {logging_mixin.py:190} INFO - [2026-09-17T12:22:14.949+0000] {dagbag.py:588} INFO - Filling up the DagBag from /opt/airflow/dags/youtube_warehouse_pipeline.py
[2026-09-17T12:22:15.033+0000] {processor.py:925} INFO - DAG(s) 'youtube_warehouse_pipeline' retrieved from /opt/airflow/dags/youtube_warehouse_pipeline.py
[2026-09-17T12:22:15.060+0000] {logging_mixin.py:190} INFO - [2026-09-17T12:22:15.060+0000] {dag.py:3239} INFO - Sync 1 DAGs
[2026-09-17T12:22:15.076+0000] {logging_mixin.py:190} INFO - [2026-09-17T12:22:15.076+0000] {dag.py:4180} INFO - Setting next_dagrun for youtube_warehouse_pipeline to None, run_after=None
[2026-09-17T12:22:15.101+0000] {processor.py:208} INFO - Processing /opt/airflow/dags/youtube_warehouse_pipeline.py took 0.161 seconds
[2026-09-17T12:22:45.381+0000] {processor.py:186} INFO - Started process (PID=4053) to work on /opt/airflow/dags/youtube_warehouse_pipeline.py
[2026-09-17T12:22:45.383+0000] {processor.py:914} INFO - Processing file /opt/airflow/dags/youtube_warehouse_pipeline.py for tasks to queue
[2026-09-17T12:22:45.385+0000] {logging_mixin.py:190} INFO - [2026-09-17T12:22:45.385+0000] {dagbag.py:588} INFO - Filling up the DagBag from /opt/airflow/dags/youtube_warehouse_pipeline.py
[2026-09-17T12:22:45.449+0000] {processor.py:925} INFO - DAG(s) 'youtube_warehouse_pipeline' retrieved from /opt/airflow/dags/youtube_warehouse_pipeline.py
[2026-09-17T12:22:45.471+0000] {logging_mixin.py:190} INFO - [2026-09-17T12:22:45.470+0000] {dag.py:3239} INFO - Sync 1 DAGs
[2026-09-17T12:22:45.488+0000] {logging_mixin.py:190} INFO - [2026-09-17T12:22:45.488+0000] {dag.py:4180} INFO - Setting next_dagrun for youtube_warehouse_pipeline to None, run_after=None
[2026-09-17T12:22:45.507+0000] {processor.py:208} INFO - Processing /opt/airflow/dags/youtube_warehouse_pipeline.py took 0.131 seconds
[2026-09-17T12:23:15.777+0000] {processor.py:186} INFO - Started process (PID=4061) to work on /opt/airflow/dags/youtube_warehouse_pipeline.py
[2026-09-17T12:23:15.779+0000] {processor.py:914} INFO - Processing file /opt/airflow/dags/youtube_warehouse_pipeline.py for tasks to queue
[2026-09-17T12:23:15.781+0000] {logging_mixin.py:190} INFO - [2026-09-17T12:23:15.781+0000] {dagbag.py:588} INFO - Filling up the DagBag from /opt/airflow/dags/youtube_warehouse_pipeline.py
[2026-09-17T12:23:15.871+0000] {processor.py:925} INFO - DAG(s) 'youtube_warehouse_pipeline' retrieved from /opt/airflow/dags/youtube_warehouse_pipeline.py
[2026-09-17T12:23:15.895+0000] {logging_mixin.py:190} INFO - [2026-09-17T12:23:15.895+0000] {dag.py:3239} INFO - Sync 1 DAGs
[2026-09-17T12:23:15.911+0000] {logging_mixin.py:190} INFO - [2026-09-17T12:23:15.911+0000] {dag.py:4180} INFO - Setting next_dagrun for youtube_warehouse_pipeline to None, run_after=None
[2026-09-17T12:23:15.934+0000] {processor.py:208} INFO - Processing /opt/airflow/dags/youtube_warehouse_pipeline.py took 0.161 seconds
[2026-09-17T12:23:46.290+0000] {processor.py:186} INFO - Started process (PID=4070) to work on /opt/airflow/dags/youtube_warehouse_pipeline.py
[2026-09-17T12:23:46.293+0000] {processor.py:914} INFO - Processing file /opt/airflow/dags/youtube_warehouse_pipeline.py for tasks to queue
[2026-09-17T12:23:46.296+0000] {logging_mixin.py:190} INFO - [2026-09-17T12:23:46.295+0000] {dagbag.py:588} INFO - Filling up the DagBag from /opt/airflow/dags/youtube_warehouse_pipeline.py
[2026-09-17T12:23:46.382+0000] {processor.py:925} INFO - DAG(s) 'youtube_warehouse_pipeline' retrieved from /opt/airflow/dags/youtube_warehouse_pipeline.py
[2026-09-17T12:23:46.404+0000] {logging_mixin.py:190} INFO - [2026-09-17T12:23:46.404+0000] {dag.py:3239} INFO - Sync 1 DAGs
[2026-09-17T12:23:46.419+0000] {logging_mixin.py:190} INFO - [2026-09-17T12:23:46.418+0000] {dag.py:4180} INFO - Setting next_dagrun for youtube_warehouse_pipeline to None, run_after=None
[2026-09-17T12:23:46.445+0000] {processor.py:208} INFO - Processing /opt/airflow/dags/youtube_warehouse_pipeline.py took 0.165 seconds
[2026-09-17T12:24:16.817+0000] {processor.py:186} INFO - Started process (PID=4078) to work on /opt/airflow/dags/youtube_warehouse_pipeline.py
[2026-09-17T12:24:16.820+0000] {processor.py:914} INFO - Processing file /opt/airflow/dags/youtube_warehouse_pipeline.py for tasks to queue
[2026-09-17T12:24:16.824+0000] {logging_mixin.py:190} INFO - [2026-09-17T12:24:16.823+0000] {dagbag.py:588} INFO - Filling up the DagBag from /opt/airflow/dags/youtube_warehouse_pipeline.py
[2026-09-17T12:24:16.906+0000] {processor.py:925} INFO - DAG(s) 'youtube_warehouse_pipeline' retrieved from /opt/airflow/dags/youtube_warehouse_pipeline.py
[2026-09-17T12:24:16.927+0000] {logging_mixin.py:190} INFO - [2026-09-17T12:24:16.927+0000] {dag.py:3239} INFO - Sync 1 DAGs
[2026-09-17T12:24:16.940+0000] {logging_mixin.py:190} INFO - [2026-09-17T12:24:16.940+0000] {dag.py:4180} INFO - Setting next_dagrun for youtube_warehouse_pipeline to None, run_after=None
[2026-09-17T12:24:16.971+0000] {processor.py:208} INFO - Processing /opt/airflow/dags/youtube_warehouse_pipeline.py took 0.161 seconds
[2026-09-17T12:24:47.203+0000] {processor.py:186} INFO - Started process (PID=4086) to work on /opt/airflow/dags/youtube_warehouse_pipeline.py
[2026-09-17T12:24:47.205+0000] {processor.py:914} INFO - Processing file /opt/airflow/dags/youtube_warehouse_pipeline.py for tasks to queue
[2026-09-17T12:24:47.206+0000] {logging_mixin.py:190} INFO - [2026-09-17T12:24:47.206+0000] {dagbag.py:588} INFO - Filling up the DagBag from /opt/airflow/dags/youtube_warehouse_pipeline.py
[2026-09-17T12:24:47.274+0000] {processor.py:925} INFO - DAG(s) 'youtube_warehouse_pipeline' retrieved from /opt/airflow/dags/youtube_warehouse_pipeline.py
[2026-09-17T12:24:47.297+0000] {logging_mixin.py:190} INFO - [2026-09-17T12:24:47.296+0000] {dag.py:3239} INFO - Sync 1 DAGs
[2026-09-17T12:24:47.311+0000] {logging_mixin.py:190} INFO - [2026-09-17T12:24:47.311+0000] {dag.py:4180} INFO - Setting next_dagrun for youtube_warehouse_pipeline to None, run_after=None
[2026-09-17T12:24:47.333+0000] {processor.py:208} INFO - Processing /opt/airflow/dags/youtube_warehouse_pipeline.py took 0.135 seconds
[2026-09-17T12:25:17.667+0000] {processor.py:186} INFO - Started process (PID=4094) to work on /opt/airflow/dags/youtube_warehouse_pipeline.py
[2026-09-17T12:25:17.668+0000] {processor.py:914} INFO - Processing file /opt/airflow/dags/youtube_warehouse_pipeline.py for tasks to queue
[2026-09-17T12:25:17.671+0000] {logging_mixin.py:190} INFO - [2026-09-17T12:25:17.670+0000] {dagbag.py:588} INFO - Filling up the DagBag from /opt/airflow/dags/youtube_warehouse_pipeline.py
[2026-09-17T12:25:17.764+0000] {processor.py:925} INFO - DAG(s) 'youtube_warehouse_pipeline' retrieved from /opt/airflow/dags/youtube_warehouse_pipeline.py
[2026-09-17T12:25:17.784+0000] {logging_mixin.py:190} INFO - [2026-09-17T12:25:17.783+0000] {dag.py:3239} INFO - Sync 1 DAGs
[2026-09-17T12:25:17.798+0000] {logging_mixin.py:190} INFO - [2026-09-17T12:25:17.797+0000] {dag.py:4180} INFO - Setting next_dagrun for youtube_warehouse_pipeline to None, run_after=None
[2026-09-17T12:25:17.818+0000] {processor.py:208} INFO - Processing /opt/airflow/dags/youtube_warehouse_pipeline.py took 0.157 seconds
[2026-09-17T12:25:48.153+0000] {processor.py:186} INFO - Started process (PID=4102) to work on /opt/airflow/dags/youtube_warehouse_pipeline.py
[2026-09-17T12:25:48.156+0000] {processor.py:914} INFO - Processing file /opt/airflow/dags/youtube_warehouse_pipeline.py for tasks to queue
[2026-09-17T12:25:48.158+0000] {logging_mixin.py:190} INFO - [2026-09-17T12:25:48.157+0000] {dagbag.py:588} INFO - Filling up the DagBag from /opt/airflow/dags/youtube_warehouse_pipeline.py
[2026-09-17T12:25:48.227+0000] {processor.py:925} INFO - DAG(s) 'youtube_warehouse_pipeline' retrieved from /opt/airflow/dags/youtube_warehouse_pipeline.py
[2026-09-17T12:25:48.246+0000] {logging_mixin.py:190} INFO - [2026-09-17T12:25:48.246+0000] {dag.py:3239} INFO - Sync 1 DAGs
[2026-09-17T12:25:48.258+0000] {logging_mixin.py:190} INFO - [2026-09-17T12:25:48.258+0000] {dag.py:4180} INFO - Setting next_dagrun for youtube_warehouse_pipeline to None, run_after=None
[2026-09-17T12:25:48.278+0000] {processor.py:208} INFO - Processing /opt/airflow/dags/youtube_warehouse_pipeline.py took 0.133 seconds
[2026-09-17T12:26:18.521+0000] {processor.py:186} INFO - Started process (PID=4110) to work on /opt/airflow/dags/youtube_warehouse_pipeline.py
[2026-09-17T12:26:18.522+0000] {processor.py:914} INFO - Processing file /opt/airflow/dags/youtube_warehouse_pipeline.py for tasks to queue
[2026-09-17T12:26:18.524+0000] {logging_mixin.py:190} INFO - [2026-09-17T12:26:18.524+0000] {dagbag.py:588} INFO - Filling up the DagBag from /opt/airflow/dags/youtube_warehouse_pipeline.py
[2026-09-17T12:26:18.589+0000] {processor.py:925} INFO - DAG(s) 'youtube_warehouse_pipeline' retrieved from /opt/airflow/dags/youtube_warehouse_pipeline.py
[2026-09-17T12:26:18.615+0000] {logging_mixin.py:190} INFO - [2026-09-17T12:26:18.614+0000] {dag.py:3239} INFO - Sync 1 DAGs
[2026-09-17T12:26:18.627+0000] {logging_mixin.py:190} INFO - [2026-09-17T12:26:18.626+0000] {dag.py:4180} INFO - Setting next_dagrun for youtube_warehouse_pipeline to None, run_after=None
[2026-09-17T12:26:18.647+0000] {processor.py:208} INFO - Processing /opt/airflow/dags/youtube_warehouse_pipeline.py took 0.132 seconds
[2026-09-17T12:26:49.023+0000] {processor.py:186} INFO - Started process (PID=4118) to work on /opt/airflow/dags/youtube_warehouse_pipeline.py
[2026-09-17T12:26:49.025+0000] {processor.py:914} INFO - Processing file /opt/airflow/dags/youtube_warehouse_pipeline.py for tasks to queue
[2026-09-17T12:26:49.027+0000] {logging_mixin.py:190} INFO - [2026-09-17T12:26:49.026+0000] {dagbag.py:588} INFO - Filling up the DagBag from /opt/airflow/dags/youtube_warehouse_pipeline.py
[2026-09-17T12:26:49.100+0000] {processor.py:925} INFO - DAG(s) 'youtube_warehouse_pipeline' retrieved from /opt/airflow/dags/youtube_warehouse_pipeline.py
[2026-09-17T12:26:49.119+0000] {logging_mixin.py:190} INFO - [2026-09-17T12:26:49.118+0000] {dag.py:3239} INFO - Sync 1 DAGs
[2026-09-17T12:26:49.131+0000] {logging_mixin.py:190} INFO - [2026-09-17T12:26:49.131+0000] {dag.py:4180} INFO - Setting next_dagrun for youtube_warehouse_pipeline to None, run_after=None
[2026-09-17T12:26:49.151+0000] {processor.py:208} INFO - Processing /opt/airflow/dags/youtube_warehouse_pipeline.py took 0.135 seconds
[2026-09-17T12:27:19.397+0000] {processor.py:186} INFO - Started process (PID=4126) to work on /opt/airflow/dags/youtube_warehouse_pipeline.py
[2026-09-17T12:27:19.399+0000] {processor.py:914} INFO - Processing file /opt/airflow/dags/youtube_warehouse_pipeline.py for tasks to queue
[2026-09-17T12:27:19.401+0000] {logging_mixin.py:190} INFO - [2026-09-17T12:27:19.401+0000] {dagbag.py:588} INFO - Filling up the DagBag from /opt/airflow/dags/youtube_warehouse_pipeline.py
[2026-09-17T12:27:19.478+0000] {processor.py:925} INFO - DAG(s) 'youtube_warehouse_pipeline' retrieved from /opt/airflow/dags/youtube_warehouse_pipeline.py
[2026-09-17T12:27:19.497+0000] {logging_mixin.py:190} INFO - [2026-09-17T12:27:19.497+0000] {dag.py:3239} INFO - Sync 1 DAGs
[2026-09-17T12:27:19.509+0000] {logging_mixin.py:190} INFO - [2026-09-17T12:27:19.509+0000] {dag.py:4180} INFO - Setting next_dagrun for youtube_warehouse_pipeline to None, run_after=None
[2026-09-17T12:27:19.541+0000] {processor.py:208} INFO - Processing /opt/airflow/dags/youtube_warehouse_pipeline.py took 0.149 seconds
[2026-09-17T12:27:49.825+0000] {processor.py:186} INFO - Started process (PID=4134) to work on /opt/airflow/dags/youtube_warehouse_pipeline.py
[2026-09-17T12:27:49.826+0000] {processor.py:914} INFO - Processing file /opt/airflow/dags/youtube_warehouse_pipeline.py for tasks to queue
[2026-09-17T12:27:49.828+0000] {logging_mixin.py:190} INFO - [2026-09-17T12:27:49.828+0000] {dagbag.py:588} INFO - Filling up the DagBag from /opt/airflow/dags/youtube_warehouse_pipeline.py
[2026-09-17T12:27:49.920+0000] {processor.py:925} INFO - DAG(s) 'youtube_warehouse_pipeline' retrieved from /opt/airflow/dags/youtube_warehouse_pipeline.py
[2026-09-17T12:27:49.940+0000] {logging_mixin.py:190} INFO - [2026-09-17T12:27:49.940+0000] {dag.py:3239} INFO - Sync 1 DAGs
[2026-09-17T12:27:49.954+0000] {logging_mixin.py:190} INFO - [2026-09-17T12:27:49.954+0000] {dag.py:4180} INFO - Setting next_dagrun for youtube_warehouse_pipeline to None, run_after=None
[2026-09-17T12:27:49.985+0000] {processor.py:208} INFO - Processing /opt/airflow/dags/youtube_warehouse_pipeline.py took 0.166 seconds
[2026-09-17T12:28:20.237+0000] {processor.py:186} INFO - Started process (PID=4142) to work on /opt/airflow/dags/youtube_warehouse_pipeline.py
[2026-09-17T12:28:20.239+0000] {processor.py:914} INFO - Processing file /opt/airflow/dags/youtube_warehouse_pipeline.py for tasks to queue
[2026-09-17T12:28:20.241+0000] {logging_mixin.py:190} INFO - [2026-09-17T12:28:20.241+0000] {dagbag.py:588} INFO - Filling up the DagBag from /opt/airflow/dags/youtube_warehouse_pipeline.py
[2026-09-17T12:28:20.314+0000] {processor.py:925} INFO - DAG(s) 'youtube_warehouse_pipeline' retrieved from /opt/airflow/dags/youtube_warehouse_pipeline.py
[2026-09-17T12:28:20.335+0000] {logging_mixin.py:190} INFO - [2026-09-17T12:28:20.335+0000] {dag.py:3239} INFO - Sync 1 DAGs
[2026-09-17T12:28:20.350+0000] {logging_mixin.py:190} INFO - [2026-09-17T12:28:20.350+0000] {dag.py:4180} INFO - Setting next_dagrun for youtube_warehouse_pipeline to None, run_after=None
[2026-09-17T12:28:20.385+0000] {processor.py:208} INFO - Processing /opt/airflow/dags/youtube_warehouse_pipeline.py took 0.155 seconds
[2026-09-17T12:28:50.585+0000] {processor.py:186} INFO - Started process (PID=4150) to work on /opt/airflow/dags/youtube_warehouse_pipeline.py
[2026-09-17T12:28:50.586+0000] {processor.py:914} INFO - Processing file /opt/airflow/dags/youtube_warehouse_pipeline.py for tasks to queue
[2026-09-17T12:28:50.588+0000] {logging_mixin.py:190} INFO - [2026-09-17T12:28:50.588+0000] {dagbag.py:588} INFO - Filling up the DagBag from /opt/airflow/dags/youtube_warehouse_pipeline.py
[2026-09-17T12:28:50.659+0000] {processor.py:925} INFO - DAG(s) 'youtube_warehouse_pipeline' retrieved from /opt/airflow/dags/youtube_warehouse_pipeline.py
[2026-09-17T12:28:50.684+0000] {logging_mixin.py:190} INFO - [2026-09-17T12:28:50.683+0000] {dag.py:3239} INFO - Sync 1 DAGs
[2026-09-17T12:28:50.697+0000] {logging_mixin.py:190} INFO - [2026-09-17T12:28:50.697+0000] {dag.py:4180} INFO - Setting next_dagrun for youtube_warehouse_pipeline to None, run_after=None
[2026-09-17T12:28:50.719+0000] {processor.py:208} INFO - Processing /opt/airflow/dags/youtube_warehouse_pipeline.py took 0.140 seconds
[2026-09-17T12:29:21.037+0000] {processor.py:186} INFO - Started process (PID=4158) to work on /opt/airflow/dags/youtube_warehouse_pipeline.py
[2026-09-17T12:29:21.039+0000] {processor.py:914} INFO - Processing file /opt/airflow/dags/youtube_warehouse_pipeline.py for tasks to queue
[2026-09-17T12:29:21.041+0000] {logging_mixin.py:190} INFO - [2026-09-17T12:29:21.041+0000] {dagbag.py:588} INFO - Filling up the DagBag from /opt/airflow/dags/youtube_warehouse_pipeline.py
[2026-09-17T12:29:21.113+0000] {processor.py:925} INFO - DAG(s) 'youtube_warehouse_pipeline' retrieved from /opt/airflow/dags/youtube_warehouse_pipeline.py
[2026-09-17T12:29:21.135+0000] {logging_mixin.py:190} INFO - [2026-09-17T12:29:21.135+0000] {dag.py:3239} INFO - Sync 1 DAGs
[2026-09-17T12:29:21.149+0000] {logging_mixin.py:190} INFO - [2026-09-17T12:29:21.149+0000] {dag.py:4180} INFO - Setting next_dagrun for youtube_warehouse_pipeline to None, run_after=None
[2026-09-17T12:29:21.171+0000] {processor.py:208} INFO - Processing /opt/airflow/dags/youtube_warehouse_pipeline.py took 0.140 seconds
[2026-09-17T12:29:51.409+0000] {processor.py:186} INFO - Started process (PID=4166) to work on /opt/airflow/dags/youtube_warehouse_pipeline.py
[2026-09-17T12:29:51.410+0000] {processor.py:914} INFO - Processing file /opt/airflow/dags/youtube_warehouse_pipeline.py for tasks to queue
[2026-09-17T12:29:51.412+0000] {logging_mixin.py:190} INFO - [2026-09-17T12:29:51.412+0000] {dagbag.py:588} INFO - Filling up the DagBag from /opt/airflow/dags/youtube_warehouse_pipeline.py
[2026-09-17T12:29:51.481+0000] {processor.py:925} INFO - DAG(s) 'youtube_warehouse_pipeline' retrieved from /opt/airflow/dags/youtube_warehouse_pipeline.py
[2026-09-17T12:29:51.506+0000] {logging_mixin.py:190} INFO - [2026-09-17T12:29:51.505+0000] {dag.py:3239} INFO - Sync 1 DAGs
[2026-09-17T12:29:51.520+0000] {logging_mixin.py:190} INFO - [2026-09-17T12:29:51.520+0000] {dag.py:4180} INFO - Setting next_dagrun for youtube_warehouse_pipeline to None, run_after=None
[2026-09-17T12:29:51.552+0000] {processor.py:208} INFO - Processing /opt/airflow/dags/youtube_warehouse_pipeline.py took 0.149 seconds
[2026-09-17T12:30:21.879+0000] {processor.py:186} INFO - Started process (PID=4174) to work on /opt/airflow/dags/youtube_warehouse_pipeline.py
[2026-09-17T12:30:21.881+0000] {processor.py:914} INFO - Processing file /opt/airflow/dags/youtube_warehouse_pipeline.py for tasks to queue
[2026-09-17T12:30:21.883+0000] {logging_mixin.py:190} INFO - [2026-09-17T12:30:21.883+0000] {dagbag.py:588} INFO - Filling up the DagBag from /opt/airflow/dags/youtube_warehouse_pipeline.py
[2026-09-17T12:30:21.959+0000] {processor.py:925} INFO - DAG(s) 'youtube_warehouse_pipeline' retrieved from /opt/airflow/dags/youtube_warehouse_pipeline.py
[2026-09-17T12:30:21.982+0000] {logging_mixin.py:190} INFO - [2026-09-17T12:30:21.982+0000] {dag.py:3239} INFO - Sync 1 DAGs
[2026-09-17T12:30:21.995+0000] {logging_mixin.py:190} INFO - [2026-09-17T12:30:21.994+0000] {dag.py:4180} INFO - Setting next_dagrun for youtube_warehouse_pipeline to None, run_after=None
[2026-09-17T12:30:22.014+0000] {processor.py:208} INFO - Processing /opt/airflow/dags/youtube_warehouse_pipeline.py took 0.141 seconds
[2026-09-17T12:30:52.277+0000] {processor.py:186} INFO - Started process (PID=4182) to work on /opt/airflow/dags/youtube_warehouse_pipeline.py
[2026-09-17T12:30:52.279+0000] {processor.py:914} INFO - Processing file /opt/airflow/dags/youtube_warehouse_pipeline.py for tasks to queue
[2026-09-17T12:30:52.281+0000] {logging_mixin.py:190} INFO - [2026-09-17T12:30:52.281+0000] {dagbag.py:588} INFO - Filling up the DagBag from /opt/airflow/dags/youtube_warehouse_pipeline.py
[2026-09-17T12:30:52.365+0000] {processor.py:925} INFO - DAG(s) 'youtube_warehouse_pipeline' retrieved from /opt/airflow/dags/youtube_warehouse_pipeline.py
[2026-09-17T12:30:52.386+0000] {logging_mixin.py:190} INFO - [2026-09-17T12:30:52.386+0000] {dag.py:3239} INFO - Sync 1 DAGs
[2026-09-17T12:30:52.401+0000] {logging_mixin.py:190} INFO - [2026-09-17T12:30:52.401+0000] {dag.py:4180} INFO - Setting next_dagrun for youtube_warehouse_pipeline to None, run_after=None
[2026-09-17T12:30:52.422+0000] {processor.py:208} INFO - Processing /opt/airflow/dags/youtube_warehouse_pipeline.py took 0.151 seconds
[2026-09-17T12:31:22.664+0000] {processor.py:186} INFO - Started process (PID=4190) to work on /opt/airflow/dags/youtube_warehouse_pipeline.py
[2026-09-17T12:31:22.666+0000] {processor.py:914} INFO - Processing file /opt/airflow/dags/youtube_warehouse_pipeline.py for tasks to queue
[2026-09-17T12:31:22.669+0000] {logging_mixin.py:190} INFO - [2026-09-17T12:31:22.668+0000] {dagbag.py:588} INFO - Filling up the DagBag from /opt/airflow/dags/youtube_warehouse_pipeline.py
[2026-09-17T12:31:22.755+0000] {processor.py:925} INFO - DAG(s) 'youtube_warehouse_pipeline' retrieved from /opt/airflow/dags/youtube_warehouse_pipeline.py
[2026-09-17T12:31:22.787+0000] {logging_mixin.py:190} INFO - [2026-09-17T12:31:22.787+0000] {dag.py:3239} INFO - Sync 1 DAGs
[2026-09-17T12:31:22.809+0000] {logging_mixin.py:190} INFO - [2026-09-17T12:31:22.809+0000] {dag.py:4180} INFO - Setting next_dagrun for youtube_warehouse_pipeline to None, run_after=None
[2026-09-17T12:31:22.836+0000] {processor.py:208} INFO - Processing /opt/airflow/dags/youtube_warehouse_pipeline.py took 0.178 seconds
[2026-09-17T12:31:53.182+0000] {processor.py:186} INFO - Started process (PID=4198) to work on /opt/airflow/dags/youtube_warehouse_pipeline.py
[2026-09-17T12:31:53.184+0000] {processor.py:914} INFO - Processing file /opt/airflow/dags/youtube_warehouse_pipeline.py for tasks to queue
[2026-09-17T12:31:53.186+0000] {logging_mixin.py:190} INFO - [2026-09-17T12:31:53.186+0000] {dagbag.py:588} INFO - Filling up the DagBag from /opt/airflow/dags/youtube_warehouse_pipeline.py
[2026-09-17T12:31:53.263+0000] {processor.py:925} INFO - DAG(s) 'youtube_warehouse_pipeline' retrieved from /opt/airflow/dags/youtube_warehouse_pipeline.py
[2026-09-17T12:31:53.283+0000] {logging_mixin.py:190} INFO - [2026-09-17T12:31:53.283+0000] {dag.py:3239} INFO - Sync 1 DAGs
[2026-09-17T12:31:53.296+0000] {logging_mixin.py:190} INFO - [2026-09-17T12:31:53.296+0000] {dag.py:4180} INFO - Setting next_dagrun for youtube_warehouse_pipeline to None, run_after=None
[2026-09-17T12:31:53.317+0000] {processor.py:208} INFO - Processing /opt/airflow/dags/youtube_warehouse_pipeline.py took 0.141 seconds
[2026-09-17T12:32:23.497+0000] {processor.py:186} INFO - Started process (PID=4206) to work on /opt/airflow/dags/youtube_warehouse_pipeline.py
[2026-09-17T12:32:23.499+0000] {processor.py:914} INFO - Processing file /opt/airflow/dags/youtube_warehouse_pipeline.py for tasks to queue
[2026-09-17T12:32:23.502+0000] {logging_mixin.py:190} INFO - [2026-09-17T12:32:23.502+0000] {dagbag.py:588} INFO - Filling up the DagBag from /opt/airflow/dags/youtube_warehouse_pipeline.py
[2026-09-17T12:32:23.576+0000] {processor.py:925} INFO - DAG(s) 'youtube_warehouse_pipeline' retrieved from /opt/airflow/dags/youtube_warehouse_pipeline.py
[2026-09-17T12:32:23.601+0000] {logging_mixin.py:190} INFO - [2026-09-17T12:32:23.600+0000] {dag.py:3239} INFO - Sync 1 DAGs
[2026-09-17T12:32:23.617+0000] {logging_mixin.py:190} INFO - [2026-09-17T12:32:23.616+0000] {dag.py:4180} INFO - Setting next_dagrun for youtube_warehouse_pipeline to None, run_after=None
[2026-09-17T12:32:23.636+0000] {processor.py:208} INFO - Processing /opt/airflow/dags/youtube_warehouse_pipeline.py took 0.145 seconds
[2026-09-17T12:32:53.800+0000] {processor.py:186} INFO - Started process (PID=4215) to work on /opt/airflow/dags/youtube_warehouse_pipeline.py
[2026-09-17T12:32:53.802+0000] {processor.py:914} INFO - Processing file /opt/airflow/dags/youtube_warehouse_pipeline.py for tasks to queue
[2026-09-17T12:32:53.804+0000] {logging_mixin.py:190} INFO - [2026-09-17T12:32:53.803+0000] {dagbag.py:588} INFO - Filling up the DagBag from /opt/airflow/dags/youtube_warehouse_pipeline.py
[2026-09-17T12:32:53.877+0000] {processor.py:925} INFO - DAG(s) 'youtube_warehouse_pipeline' retrieved from /opt/airflow/dags/youtube_warehouse_pipeline.py
[2026-09-17T12:32:53.898+0000] {logging_mixin.py:190} INFO - [2026-09-17T12:32:53.898+0000] {dag.py:3239} INFO - Sync 1 DAGs
[2026-09-17T12:32:53.911+0000] {logging_mixin.py:190} INFO - [2026-09-17T12:32:53.911+0000] {dag.py:4180} INFO - Setting next_dagrun for youtube_warehouse_pipeline to None, run_after=None
[2026-09-17T12:32:53.931+0000] {processor.py:208} INFO - Processing /opt/airflow/dags/youtube_warehouse_pipeline.py took 0.138 seconds
[2026-09-17T12:33:24.321+0000] {processor.py:186} INFO - Started process (PID=4223) to work on /opt/airflow/dags/youtube_warehouse_pipeline.py
[2026-09-17T12:33:24.323+0000] {processor.py:914} INFO - Processing file /opt/airflow/dags/youtube_warehouse_pipeline.py for tasks to queue
[2026-09-17T12:33:24.326+0000] {logging_mixin.py:190} INFO - [2026-09-17T12:33:24.325+0000] {dagbag.py:588} INFO - Filling up the DagBag from /opt/airflow/dags/youtube_warehouse_pipeline.py
[2026-09-17T12:33:24.398+0000] {processor.py:925} INFO - DAG(s) 'youtube_warehouse_pipeline' retrieved from /opt/airflow/dags/youtube_warehouse_pipeline.py
[2026-09-17T12:33:24.419+0000] {logging_mixin.py:190} INFO - [2026-09-17T12:33:24.419+0000] {dag.py:3239} INFO - Sync 1 DAGs
[2026-09-17T12:33:24.432+0000] {logging_mixin.py:190} INFO - [2026-09-17T12:33:24.432+0000] {dag.py:4180} INFO - Setting next_dagrun for youtube_warehouse_pipeline to None, run_after=None
[2026-09-17T12:33:24.453+0000] {processor.py:208} INFO - Processing /opt/airflow/dags/youtube_warehouse_pipeline.py took 0.140 seconds
[2026-09-17T12:33:54.712+0000] {processor.py:186} INFO - Started process (PID=4231) to work on /opt/airflow/dags/youtube_warehouse_pipeline.py
[2026-09-17T12:33:54.714+0000] {processor.py:914} INFO - Processing file /opt/airflow/dags/youtube_warehouse_pipeline.py for tasks to queue
[2026-09-17T12:33:54.716+0000] {logging_mixin.py:190} INFO - [2026-09-17T12:33:54.716+0000] {dagbag.py:588} INFO - Filling up the DagBag from /opt/airflow/dags/youtube_warehouse_pipeline.py
[2026-09-17T12:33:54.786+0000] {processor.py:925} INFO - DAG(s) 'youtube_warehouse_pipeline' retrieved from /opt/airflow/dags/youtube_warehouse_pipeline.py
[2026-09-17T12:33:54.808+0000] {logging_mixin.py:190} INFO - [2026-09-17T12:33:54.808+0000] {dag.py:3239} INFO - Sync 1 DAGs
[2026-09-17T12:33:54.822+0000] {logging_mixin.py:190} INFO - [2026-09-17T12:33:54.822+0000] {dag.py:4180} INFO - Setting next_dagrun for youtube_warehouse_pipeline to None, run_after=None
[2026-09-17T12:33:54.841+0000] {processor.py:208} INFO - Processing /opt/airflow/dags/youtube_warehouse_pipeline.py took 0.135 seconds
[2026-09-17T12:34:25.150+0000] {processor.py:186} INFO - Started process (PID=4239) to work on /opt/airflow/dags/youtube_warehouse_pipeline.py
[2026-09-17T12:34:25.152+0000] {processor.py:914} INFO - Processing file /opt/airflow/dags/youtube_warehouse_pipeline.py for tasks to queue
[2026-09-17T12:34:25.155+0000] {logging_mixin.py:190} INFO - [2026-09-17T12:34:25.154+0000] {dagbag.py:588} INFO - Filling up the DagBag from /opt/airflow/dags/youtube_warehouse_pipeline.py
[2026-09-17T12:34:25.232+0000] {processor.py:925} INFO - DAG(s) 'youtube_warehouse_pipeline' retrieved from /opt/airflow/dags/youtube_warehouse_pipeline.py
[2026-09-17T12:34:25.254+0000] {logging_mixin.py:190} INFO - [2026-09-17T12:34:25.253+0000] {dag.py:3239} INFO - Sync 1 DAGs
[2026-09-17T12:34:25.268+0000] {logging_mixin.py:190} INFO - [2026-09-17T12:34:25.268+0000] {dag.py:4180} INFO - Setting next_dagrun for youtube_warehouse_pipeline to None, run_after=None
[2026-09-17T12:34:25.300+0000] {processor.py:208} INFO - Processing /opt/airflow/dags/youtube_warehouse_pipeline.py took 0.159 seconds
[2026-09-17T12:34:55.515+0000] {processor.py:186} INFO - Started process (PID=4247) to work on /opt/airflow/dags/youtube_warehouse_pipeline.py
[2026-09-17T12:34:55.516+0000] {processor.py:914} INFO - Processing file /opt/airflow/dags/youtube_warehouse_pipeline.py for tasks to queue
[2026-09-17T12:34:55.518+0000] {logging_mixin.py:190} INFO - [2026-09-17T12:34:55.518+0000] {dagbag.py:588} INFO - Filling up the DagBag from /opt/airflow/dags/youtube_warehouse_pipeline.py
[2026-09-17T12:34:55.602+0000] {processor.py:925} INFO - DAG(s) 'youtube_warehouse_pipeline' retrieved from /opt/airflow/dags/youtube_warehouse_pipeline.py
[2026-09-17T12:34:55.626+0000] {logging_mixin.py:190} INFO - [2026-09-17T12:34:55.625+0000] {dag.py:3239} INFO - Sync 1 DAGs
[2026-09-17T12:34:55.638+0000] {logging_mixin.py:190} INFO - [2026-09-17T12:34:55.638+0000] {dag.py:4180} INFO - Setting next_dagrun for youtube_warehouse_pipeline to None, run_after=None
[2026-09-17T12:34:55.656+0000] {processor.py:208} INFO - Processing /opt/airflow/dags/youtube_warehouse_pipeline.py took 0.147 seconds
[2026-09-17T12:35:26.060+0000] {processor.py:186} INFO - Started process (PID=4255) to work on /opt/airflow/dags/youtube_warehouse_pipeline.py
[2026-09-17T12:35:26.062+0000] {processor.py:914} INFO - Processing file /opt/airflow/dags/youtube_warehouse_pipeline.py for tasks to queue
[2026-09-17T12:35:26.064+0000] {logging_mixin.py:190} INFO - [2026-09-17T12:35:26.064+0000] {dagbag.py:588} INFO - Filling up the DagBag from /opt/airflow/dags/youtube_warehouse_pipeline.py
[2026-09-17T12:35:26.139+0000] {processor.py:925} INFO - DAG(s) 'youtube_warehouse_pipeline' retrieved from /opt/airflow/dags/youtube_warehouse_pipeline.py
[2026-09-17T12:35:26.158+0000] {logging_mixin.py:190} INFO - [2026-09-17T12:35:26.158+0000] {dag.py:3239} INFO - Sync 1 DAGs
[2026-09-17T12:35:26.171+0000] {logging_mixin.py:190} INFO - [2026-09-17T12:35:26.171+0000] {dag.py:4180} INFO - Setting next_dagrun for youtube_warehouse_pipeline to None, run_after=None
[2026-09-17T12:35:26.191+0000] {processor.py:208} INFO - Processing /opt/airflow/dags/youtube_warehouse_pipeline.py took 0.137 seconds
[2026-09-17T12:35:56.541+0000] {processor.py:186} INFO - Started process (PID=4263) to work on /opt/airflow/dags/youtube_warehouse_pipeline.py
[2026-09-17T12:35:56.543+0000] {processor.py:914} INFO - Processing file /opt/airflow/dags/youtube_warehouse_pipeline.py for tasks to queue
[2026-09-17T12:35:56.545+0000] {logging_mixin.py:190} INFO - [2026-09-17T12:35:56.544+0000] {dagbag.py:588} INFO - Filling up the DagBag from /opt/airflow/dags/youtube_warehouse_pipeline.py
[2026-09-17T12:35:56.619+0000] {processor.py:925} INFO - DAG(s) 'youtube_warehouse_pipeline' retrieved from /opt/airflow/dags/youtube_warehouse_pipeline.py
[2026-09-17T12:35:56.638+0000] {logging_mixin.py:190} INFO - [2026-09-17T12:35:56.638+0000] {dag.py:3239} INFO - Sync 1 DAGs
[2026-09-17T12:35:56.650+0000] {logging_mixin.py:190} INFO - [2026-09-17T12:35:56.650+0000] {dag.py:4180} INFO - Setting next_dagrun for youtube_warehouse_pipeline to None, run_after=None
[2026-09-17T12:35:56.669+0000] {processor.py:208} INFO - Processing /opt/airflow/dags/youtube_warehouse_pipeline.py took 0.135 seconds
[2026-09-17T12:36:26.911+0000] {processor.py:186} INFO - Started process (PID=4271) to work on /opt/airflow/dags/youtube_warehouse_pipeline.py
[2026-09-17T12:36:26.913+0000] {processor.py:914} INFO - Processing file /opt/airflow/dags/youtube_warehouse_pipeline.py for tasks to queue
[2026-09-17T12:36:26.915+0000] {logging_mixin.py:190} INFO - [2026-09-17T12:36:26.914+0000] {dagbag.py:588} INFO - Filling up the DagBag from /opt/airflow/dags/youtube_warehouse_pipeline.py
[2026-09-17T12:36:26.983+0000] {processor.py:925} INFO - DAG(s) 'youtube_warehouse_pipeline' retrieved from /opt/airflow/dags/youtube_warehouse_pipeline.py
[2026-09-17T12:36:27.007+0000] {logging_mixin.py:190} INFO - [2026-09-17T12:36:27.007+0000] {dag.py:3239} INFO - Sync 1 DAGs
[2026-09-17T12:36:27.023+0000] {logging_mixin.py:190} INFO - [2026-09-17T12:36:27.023+0000] {dag.py:4180} INFO - Setting next_dagrun for youtube_warehouse_pipeline to None, run_after=None
[2026-09-17T12:36:27.050+0000] {processor.py:208} INFO - Processing /opt/airflow/dags/youtube_warehouse_pipeline.py took 0.145 seconds
[2026-09-17T12:36:57.347+0000] {processor.py:186} INFO - Started process (PID=4279) to work on /opt/airflow/dags/youtube_warehouse_pipeline.py
[2026-09-17T12:36:57.351+0000] {processor.py:914} INFO - Processing file /opt/airflow/dags/youtube_warehouse_pipeline.py for tasks to queue
[2026-09-17T12:36:57.353+0000] {logging_mixin.py:190} INFO - [2026-09-17T12:36:57.353+0000] {dagbag.py:588} INFO - Filling up the DagBag from /opt/airflow/dags/youtube_warehouse_pipeline.py
[2026-09-17T12:36:57.425+0000] {processor.py:925} INFO - DAG(s) 'youtube_warehouse_pipeline' retrieved from /opt/airflow/dags/youtube_warehouse_pipeline.py
[2026-09-17T12:36:57.448+0000] {logging_mixin.py:190} INFO - [2026-09-17T12:36:57.448+0000] {dag.py:3239} INFO - Sync 1 DAGs
[2026-09-17T12:36:57.463+0000] {logging_mixin.py:190} INFO - [2026-09-17T12:36:57.463+0000] {dag.py:4180} INFO - Setting next_dagrun for youtube_warehouse_pipeline to None, run_after=None
[2026-09-17T12:36:57.493+0000] {processor.py:208} INFO - Processing /opt/airflow/dags/youtube_warehouse_pipeline.py took 0.153 seconds
[2026-09-17T12:37:27.716+0000] {processor.py:186} INFO - Started process (PID=4287) to work on /opt/airflow/dags/youtube_warehouse_pipeline.py
[2026-09-17T12:37:27.717+0000] {processor.py:914} INFO - Processing file /opt/airflow/dags/youtube_warehouse_pipeline.py for tasks to queue
[2026-09-17T12:37:27.719+0000] {logging_mixin.py:190} INFO - [2026-09-17T12:37:27.719+0000] {dagbag.py:588} INFO - Filling up the DagBag from /opt/airflow/dags/youtube_warehouse_pipeline.py
[2026-09-17T12:37:27.793+0000] {processor.py:925} INFO - DAG(s) 'youtube_warehouse_pipeline' retrieved from /opt/airflow/dags/youtube_warehouse_pipeline.py
[2026-09-17T12:37:27.818+0000] {logging_mixin.py:190} INFO - [2026-09-17T12:37:27.817+0000] {dag.py:3239} INFO - Sync 1 DAGs
[2026-09-17T12:37:27.831+0000] {logging_mixin.py:190} INFO - [2026-09-17T12:37:27.831+0000] {dag.py:4180} INFO - Setting next_dagrun for youtube_warehouse_pipeline to None, run_after=None
[2026-09-17T12:37:27.853+0000] {processor.py:208} INFO - Processing /opt/airflow/dags/youtube_warehouse_pipeline.py took 0.143 seconds
[2026-09-17T12:37:58.160+0000] {processor.py:186} INFO - Started process (PID=4295) to work on /opt/airflow/dags/youtube_warehouse_pipeline.py
[2026-09-17T12:37:58.162+0000] {processor.py:914} INFO - Processing file /opt/airflow/dags/youtube_warehouse_pipeline.py for tasks to queue
[2026-09-17T12:37:58.165+0000] {logging_mixin.py:190} INFO - [2026-09-17T12:37:58.165+0000] {dagbag.py:588} INFO - Filling up the DagBag from /opt/airflow/dags/youtube_warehouse_pipeline.py
[2026-09-17T12:37:58.258+0000] {processor.py:925} INFO - DAG(s) 'youtube_warehouse_pipeline' retrieved from /opt/airflow/dags/youtube_warehouse_pipeline.py
[2026-09-17T12:37:58.278+0000] {logging_mixin.py:190} INFO - [2026-09-17T12:37:58.278+0000] {dag.py:3239} INFO - Sync 1 DAGs
[2026-09-17T12:37:58.294+0000] {logging_mixin.py:190} INFO - [2026-09-17T12:37:58.294+0000] {dag.py:4180} INFO - Setting next_dagrun for youtube_warehouse_pipeline to None, run_after=None
[2026-09-17T12:37:58.323+0000] {processor.py:208} INFO - Processing /opt/airflow/dags/youtube_warehouse_pipeline.py took 0.168 seconds
[2026-09-17T12:38:28.533+0000] {processor.py:186} INFO - Started process (PID=4303) to work on /opt/airflow/dags/youtube_warehouse_pipeline.py
[2026-09-17T12:38:28.535+0000] {processor.py:914} INFO - Processing file /opt/airflow/dags/youtube_warehouse_pipeline.py for tasks to queue
[2026-09-17T12:38:28.537+0000] {logging_mixin.py:190} INFO - [2026-09-17T12:38:28.536+0000] {dagbag.py:588} INFO - Filling up the DagBag from /opt/airflow/dags/youtube_warehouse_pipeline.py
[2026-09-17T12:38:28.607+0000] {processor.py:925} INFO - DAG(s) 'youtube_warehouse_pipeline' retrieved from /opt/airflow/dags/youtube_warehouse_pipeline.py
[2026-09-17T12:38:28.633+0000] {logging_mixin.py:190} INFO - [2026-09-17T12:38:28.633+0000] {dag.py:3239} INFO - Sync 1 DAGs
[2026-09-17T12:38:28.649+0000] {logging_mixin.py:190} INFO - [2026-09-17T12:38:28.648+0000] {dag.py:4180} INFO - Setting next_dagrun for youtube_warehouse_pipeline to None, run_after=None
[2026-09-17T12:38:28.686+0000] {processor.py:208} INFO - Processing /opt/airflow/dags/youtube_warehouse_pipeline.py took 0.158 seconds
[2026-09-17T12:38:59.049+0000] {processor.py:186} INFO - Started process (PID=4311) to work on /opt/airflow/dags/youtube_warehouse_pipeline.py
[2026-09-17T12:38:59.051+0000] {processor.py:914} INFO - Processing file /opt/airflow/dags/youtube_warehouse_pipeline.py for tasks to queue
[2026-09-17T12:38:59.054+0000] {logging_mixin.py:190} INFO - [2026-09-17T12:38:59.054+0000] {dagbag.py:588} INFO - Filling up the DagBag from /opt/airflow/dags/youtube_warehouse_pipeline.py
[2026-09-17T12:38:59.128+0000] {processor.py:925} INFO - DAG(s) 'youtube_warehouse_pipeline' retrieved from /opt/airflow/dags/youtube_warehouse_pipeline.py
[2026-09-17T12:38:59.148+0000] {logging_mixin.py:190} INFO - [2026-09-17T12:38:59.148+0000] {dag.py:3239} INFO - Sync 1 DAGs
[2026-09-17T12:38:59.163+0000] {logging_mixin.py:190} INFO - [2026-09-17T12:38:59.163+0000] {dag.py:4180} INFO - Setting next_dagrun for youtube_warehouse_pipeline to None, run_after=None
[2026-09-17T12:38:59.184+0000] {processor.py:208} INFO - Processing /opt/airflow/dags/youtube_warehouse_pipeline.py took 0.142 seconds
[2026-09-17T12:39:29.423+0000] {processor.py:186} INFO - Started process (PID=4319) to work on /opt/airflow/dags/youtube_warehouse_pipeline.py
[2026-09-17T12:39:29.425+0000] {processor.py:914} INFO - Processing file /opt/airflow/dags/youtube_warehouse_pipeline.py for tasks to queue
[2026-09-17T12:39:29.426+0000] {logging_mixin.py:190} INFO - [2026-09-17T12:39:29.426+0000] {dagbag.py:588} INFO - Filling up the DagBag from /opt/airflow/dags/youtube_warehouse_pipeline.py
[2026-09-17T12:39:29.491+0000] {processor.py:925} INFO - DAG(s) 'youtube_warehouse_pipeline' retrieved from /opt/airflow/dags/youtube_warehouse_pipeline.py
[2026-09-17T12:39:29.512+0000] {logging_mixin.py:190} INFO - [2026-09-17T12:39:29.512+0000] {dag.py:3239} INFO - Sync 1 DAGs
[2026-09-17T12:39:29.526+0000] {logging_mixin.py:190} INFO - [2026-09-17T12:39:29.526+0000] {dag.py:4180} INFO - Setting next_dagrun for youtube_warehouse_pipeline to None, run_after=None
[2026-09-17T12:39:29.545+0000] {processor.py:208} INFO - Processing /opt/airflow/dags/youtube_warehouse_pipeline.py took 0.128 seconds
[2026-09-17T12:39:59.940+0000] {processor.py:186} INFO - Started process (PID=4327) to work on /opt/airflow/dags/youtube_warehouse_pipeline.py
[2026-09-17T12:39:59.941+0000] {processor.py:914} INFO - Processing file /opt/airflow/dags/youtube_warehouse_pipeline.py for tasks to queue
[2026-09-17T12:39:59.944+0000] {logging_mixin.py:190} INFO - [2026-09-17T12:39:59.943+0000] {dagbag.py:588} INFO - Filling up the DagBag from /opt/airflow/dags/youtube_warehouse_pipeline.py
[2026-09-17T12:40:00.050+0000] {processor.py:925} INFO - DAG(s) 'youtube_warehouse_pipeline' retrieved from /opt/airflow/dags/youtube_warehouse_pipeline.py
[2026-09-17T12:40:00.075+0000] {logging_mixin.py:190} INFO - [2026-09-17T12:40:00.075+0000] {dag.py:3239} INFO - Sync 1 DAGs
[2026-09-17T12:40:00.089+0000] {logging_mixin.py:190} INFO - [2026-09-17T12:40:00.089+0000] {dag.py:4180} INFO - Setting next_dagrun for youtube_warehouse_pipeline to None, run_after=None
[2026-09-17T12:40:00.112+0000] {processor.py:208} INFO - Processing /opt/airflow/dags/youtube_warehouse_pipeline.py took 0.178 seconds
[2026-09-17T12:40:30.554+0000] {processor.py:186} INFO - Started process (PID=4335) to work on /opt/airflow/dags/youtube_warehouse_pipeline.py
[2026-09-17T12:40:30.555+0000] {processor.py:914} INFO - Processing file /opt/airflow/dags/youtube_warehouse_pipeline.py for tasks to queue
[2026-09-17T12:40:30.558+0000] {logging_mixin.py:190} INFO - [2026-09-17T12:40:30.558+0000] {dagbag.py:588} INFO - Filling up the DagBag from /opt/airflow/dags/youtube_warehouse_pipeline.py
[2026-09-17T12:40:30.643+0000] {processor.py:925} INFO - DAG(s) 'youtube_warehouse_pipeline' retrieved from /opt/airflow/dags/youtube_warehouse_pipeline.py
[2026-09-17T12:40:30.670+0000] {logging_mixin.py:190} INFO - [2026-09-17T12:40:30.670+0000] {dag.py:3239} INFO - Sync 1 DAGs
[2026-09-17T12:40:30.688+0000] {logging_mixin.py:190} INFO - [2026-09-17T12:40:30.687+0000] {dag.py:4180} INFO - Setting next_dagrun for youtube_warehouse_pipeline to None, run_after=None
[2026-09-17T12:40:30.712+0000] {processor.py:208} INFO - Processing /opt/airflow/dags/youtube_warehouse_pipeline.py took 0.166 seconds
[2026-09-17T12:41:00.921+0000] {processor.py:186} INFO - Started process (PID=4343) to work on /opt/airflow/dags/youtube_warehouse_pipeline.py
[2026-09-17T12:41:00.923+0000] {processor.py:914} INFO - Processing file /opt/airflow/dags/youtube_warehouse_pipeline.py for tasks to queue
[2026-09-17T12:41:00.926+0000] {logging_mixin.py:190} INFO - [2026-09-17T12:41:00.925+0000] {dagbag.py:588} INFO - Filling up the DagBag from /opt/airflow/dags/youtube_warehouse_pipeline.py
[2026-09-17T12:41:01.004+0000] {processor.py:925} INFO - DAG(s) 'youtube_warehouse_pipeline' retrieved from /opt/airflow/dags/youtube_warehouse_pipeline.py
[2026-09-17T12:41:01.033+0000] {logging_mixin.py:190} INFO - [2026-09-17T12:41:01.032+0000] {dag.py:3239} INFO - Sync 1 DAGs
[2026-09-17T12:41:01.053+0000] {logging_mixin.py:190} INFO - [2026-09-17T12:41:01.053+0000] {dag.py:4180} INFO - Setting next_dagrun for youtube_warehouse_pipeline to None, run_after=None
[2026-09-17T12:41:01.074+0000] {processor.py:208} INFO - Processing /opt/airflow/dags/youtube_warehouse_pipeline.py took 0.158 seconds
[2026-09-17T12:41:31.411+0000] {processor.py:186} INFO - Started process (PID=4351) to work on /opt/airflow/dags/youtube_warehouse_pipeline.py
[2026-09-17T12:41:31.413+0000] {processor.py:914} INFO - Processing file /opt/airflow/dags/youtube_warehouse_pipeline.py for tasks to queue
[2026-09-17T12:41:31.416+0000] {logging_mixin.py:190} INFO - [2026-09-17T12:41:31.415+0000] {dagbag.py:588} INFO - Filling up the DagBag from /opt/airflow/dags/youtube_warehouse_pipeline.py
[2026-09-17T12:41:31.481+0000] {processor.py:925} INFO - DAG(s) 'youtube_warehouse_pipeline' retrieved from /opt/airflow/dags/youtube_warehouse_pipeline.py
[2026-09-17T12:41:31.500+0000] {logging_mixin.py:190} INFO - [2026-09-17T12:41:31.500+0000] {dag.py:3239} INFO - Sync 1 DAGs
[2026-09-17T12:41:31.513+0000] {logging_mixin.py:190} INFO - [2026-09-17T12:41:31.513+0000] {dag.py:4180} INFO - Setting next_dagrun for youtube_warehouse_pipeline to None, run_after=None
[2026-09-17T12:41:31.544+0000] {processor.py:208} INFO - Processing /opt/airflow/dags/youtube_warehouse_pipeline.py took 0.139 seconds
[2026-09-17T12:42:01.795+0000] {processor.py:186} INFO - Started process (PID=4359) to work on /opt/airflow/dags/youtube_warehouse_pipeline.py
[2026-09-17T12:42:01.796+0000] {processor.py:914} INFO - Processing file /opt/airflow/dags/youtube_warehouse_pipeline.py for tasks to queue
[2026-09-17T12:42:01.798+0000] {logging_mixin.py:190} INFO - [2026-09-17T12:42:01.798+0000] {dagbag.py:588} INFO - Filling up the DagBag from /opt/airflow/dags/youtube_warehouse_pipeline.py
[2026-09-17T12:42:01.874+0000] {processor.py:925} INFO - DAG(s) 'youtube_warehouse_pipeline' retrieved from /opt/airflow/dags/youtube_warehouse_pipeline.py
[2026-09-17T12:42:01.896+0000] {logging_mixin.py:190} INFO - [2026-09-17T12:42:01.895+0000] {dag.py:3239} INFO - Sync 1 DAGs
[2026-09-17T12:42:01.912+0000] {logging_mixin.py:190} INFO - [2026-09-17T12:42:01.912+0000] {dag.py:4180} INFO - Setting next_dagrun for youtube_warehouse_pipeline to None, run_after=None
[2026-09-17T12:42:01.938+0000] {processor.py:208} INFO - Processing /opt/airflow/dags/youtube_warehouse_pipeline.py took 0.148 seconds
[2026-09-17T12:42:32.312+0000] {processor.py:186} INFO - Started process (PID=4367) to work on /opt/airflow/dags/youtube_warehouse_pipeline.py
[2026-09-17T12:42:32.313+0000] {processor.py:914} INFO - Processing file /opt/airflow/dags/youtube_warehouse_pipeline.py for tasks to queue
[2026-09-17T12:42:32.316+0000] {logging_mixin.py:190} INFO - [2026-09-17T12:42:32.315+0000] {dagbag.py:588} INFO - Filling up the DagBag from /opt/airflow/dags/youtube_warehouse_pipeline.py
[2026-09-17T12:42:32.389+0000] {processor.py:925} INFO - DAG(s) 'youtube_warehouse_pipeline' retrieved from /opt/airflow/dags/youtube_warehouse_pipeline.py
[2026-09-17T12:42:32.412+0000] {logging_mixin.py:190} INFO - [2026-09-17T12:42:32.412+0000] {dag.py:3239} INFO - Sync 1 DAGs
[2026-09-17T12:42:32.427+0000] {logging_mixin.py:190} INFO - [2026-09-17T12:42:32.427+0000] {dag.py:4180} INFO - Setting next_dagrun for youtube_warehouse_pipeline to None, run_after=None
[2026-09-17T12:42:32.450+0000] {processor.py:208} INFO - Processing /opt/airflow/dags/youtube_warehouse_pipeline.py took 0.146 seconds
[2026-09-17T12:43:02.715+0000] {processor.py:186} INFO - Started process (PID=4375) to work on /opt/airflow/dags/youtube_warehouse_pipeline.py
[2026-09-17T12:43:02.718+0000] {processor.py:914} INFO - Processing file /opt/airflow/dags/youtube_warehouse_pipeline.py for tasks to queue
[2026-09-17T12:43:02.722+0000] {logging_mixin.py:190} INFO - [2026-09-17T12:43:02.721+0000] {dagbag.py:588} INFO - Filling up the DagBag from /opt/airflow/dags/youtube_warehouse_pipeline.py
[2026-09-17T12:43:02.807+0000] {processor.py:925} INFO - DAG(s) 'youtube_warehouse_pipeline' retrieved from /opt/airflow/dags/youtube_warehouse_pipeline.py
[2026-09-17T12:43:02.830+0000] {logging_mixin.py:190} INFO - [2026-09-17T12:43:02.829+0000] {dag.py:3239} INFO - Sync 1 DAGs
[2026-09-17T12:43:02.843+0000] {logging_mixin.py:190} INFO - [2026-09-17T12:43:02.843+0000] {dag.py:4180} INFO - Setting next_dagrun for youtube_warehouse_pipeline to None, run_after=None
[2026-09-17T12:43:02.862+0000] {processor.py:208} INFO - Processing /opt/airflow/dags/youtube_warehouse_pipeline.py took 0.155 seconds
[2026-09-17T12:43:33.132+0000] {processor.py:186} INFO - Started process (PID=4383) to work on /opt/airflow/dags/youtube_warehouse_pipeline.py
[2026-09-17T12:43:33.134+0000] {processor.py:914} INFO - Processing file /opt/airflow/dags/youtube_warehouse_pipeline.py for tasks to queue
[2026-09-17T12:43:33.136+0000] {logging_mixin.py:190} INFO - [2026-09-17T12:43:33.135+0000] {dagbag.py:588} INFO - Filling up the DagBag from /opt/airflow/dags/youtube_warehouse_pipeline.py
[2026-09-17T12:43:33.226+0000] {processor.py:925} INFO - DAG(s) 'youtube_warehouse_pipeline' retrieved from /opt/airflow/dags/youtube_warehouse_pipeline.py
[2026-09-17T12:43:33.248+0000] {logging_mixin.py:190} INFO - [2026-09-17T12:43:33.248+0000] {dag.py:3239} INFO - Sync 1 DAGs
[2026-09-17T12:43:33.263+0000] {logging_mixin.py:190} INFO - [2026-09-17T12:43:33.263+0000] {dag.py:4180} INFO - Setting next_dagrun for youtube_warehouse_pipeline to None, run_after=None
[2026-09-17T12:43:33.289+0000] {processor.py:208} INFO - Processing /opt/airflow/dags/youtube_warehouse_pipeline.py took 0.162 seconds
[2026-09-17T12:44:03.633+0000] {processor.py:186} INFO - Started process (PID=4391) to work on /opt/airflow/dags/youtube_warehouse_pipeline.py
[2026-09-17T12:44:03.636+0000] {processor.py:914} INFO - Processing file /opt/airflow/dags/youtube_warehouse_pipeline.py for tasks to queue
[2026-09-17T12:44:03.639+0000] {logging_mixin.py:190} INFO - [2026-09-17T12:44:03.639+0000] {dagbag.py:588} INFO - Filling up the DagBag from /opt/airflow/dags/youtube_warehouse_pipeline.py
[2026-09-17T12:44:03.713+0000] {processor.py:925} INFO - DAG(s) 'youtube_warehouse_pipeline' retrieved from /opt/airflow/dags/youtube_warehouse_pipeline.py
[2026-09-17T12:44:03.732+0000] {logging_mixin.py:190} INFO - [2026-09-17T12:44:03.732+0000] {dag.py:3239} INFO - Sync 1 DAGs
[2026-09-17T12:44:03.746+0000] {logging_mixin.py:190} INFO - [2026-09-17T12:44:03.745+0000] {dag.py:4180} INFO - Setting next_dagrun for youtube_warehouse_pipeline to None, run_after=None
[2026-09-17T12:44:03.767+0000] {processor.py:208} INFO - Processing /opt/airflow/dags/youtube_warehouse_pipeline.py took 0.142 seconds
[2026-09-17T12:44:33.977+0000] {processor.py:186} INFO - Started process (PID=4399) to work on /opt/airflow/dags/youtube_warehouse_pipeline.py
[2026-09-17T12:44:33.978+0000] {processor.py:914} INFO - Processing file /opt/airflow/dags/youtube_warehouse_pipeline.py for tasks to queue
[2026-09-17T12:44:33.980+0000] {logging_mixin.py:190} INFO - [2026-09-17T12:44:33.980+0000] {dagbag.py:588} INFO - Filling up the DagBag from /opt/airflow/dags/youtube_warehouse_pipeline.py
[2026-09-17T12:44:34.047+0000] {processor.py:925} INFO - DAG(s) 'youtube_warehouse_pipeline' retrieved from /opt/airflow/dags/youtube_warehouse_pipeline.py
[2026-09-17T12:44:34.069+0000] {logging_mixin.py:190} INFO - [2026-09-17T12:44:34.069+0000] {dag.py:3239} INFO - Sync 1 DAGs
[2026-09-17T12:44:34.084+0000] {logging_mixin.py:190} INFO - [2026-09-17T12:44:34.084+0000] {dag.py:4180} INFO - Setting next_dagrun for youtube_warehouse_pipeline to None, run_after=None
[2026-09-17T12:44:34.117+0000] {processor.py:208} INFO - Processing /opt/airflow/dags/youtube_warehouse_pipeline.py took 0.146 seconds
[2026-09-17T12:45:04.509+0000] {processor.py:186} INFO - Started process (PID=4406) to work on /opt/airflow/dags/youtube_warehouse_pipeline.py
[2026-09-17T12:45:04.511+0000] {processor.py:914} INFO - Processing file /opt/airflow/dags/youtube_warehouse_pipeline.py for tasks to queue
[2026-09-17T12:45:04.513+0000] {logging_mixin.py:190} INFO - [2026-09-17T12:45:04.513+0000] {dagbag.py:588} INFO - Filling up the DagBag from /opt/airflow/dags/youtube_warehouse_pipeline.py
[2026-09-17T12:45:04.587+0000] {processor.py:925} INFO - DAG(s) 'youtube_warehouse_pipeline' retrieved from /opt/airflow/dags/youtube_warehouse_pipeline.py
[2026-09-17T12:45:04.614+0000] {logging_mixin.py:190} INFO - [2026-09-17T12:45:04.614+0000] {dag.py:3239} INFO - Sync 1 DAGs
[2026-09-17T12:45:04.625+0000] {logging_mixin.py:190} INFO - [2026-09-17T12:45:04.625+0000] {dag.py:4180} INFO - Setting next_dagrun for youtube_warehouse_pipeline to None, run_after=None
[2026-09-17T12:45:04.643+0000] {processor.py:208} INFO - Processing /opt/airflow/dags/youtube_warehouse_pipeline.py took 0.140 seconds
[2026-09-17T12:45:35.039+0000] {processor.py:186} INFO - Started process (PID=4414) to work on /opt/airflow/dags/youtube_warehouse_pipeline.py
[2026-09-17T12:45:35.041+0000] {processor.py:914} INFO - Processing file /opt/airflow/dags/youtube_warehouse_pipeline.py for tasks to queue
[2026-09-17T12:45:35.043+0000] {logging_mixin.py:190} INFO - [2026-09-17T12:45:35.043+0000] {dagbag.py:588} INFO - Filling up the DagBag from /opt/airflow/dags/youtube_warehouse_pipeline.py
[2026-09-17T12:45:35.114+0000] {processor.py:925} INFO - DAG(s) 'youtube_warehouse_pipeline' retrieved from /opt/airflow/dags/youtube_warehouse_pipeline.py
[2026-09-17T12:45:35.136+0000] {logging_mixin.py:190} INFO - [2026-09-17T12:45:35.136+0000] {dag.py:3239} INFO - Sync 1 DAGs
[2026-09-17T12:45:35.150+0000] {logging_mixin.py:190} INFO - [2026-09-17T12:45:35.150+0000] {dag.py:4180} INFO - Setting next_dagrun for youtube_warehouse_pipeline to None, run_after=None
[2026-09-17T12:45:35.180+0000] {processor.py:208} INFO - Processing /opt/airflow/dags/youtube_warehouse_pipeline.py took 0.147 seconds
[2026-09-17T12:46:05.377+0000] {processor.py:186} INFO - Started process (PID=4422) to work on /opt/airflow/dags/youtube_warehouse_pipeline.py
[2026-09-17T12:46:05.379+0000] {processor.py:914} INFO - Processing file /opt/airflow/dags/youtube_warehouse_pipeline.py for tasks to queue
[2026-09-17T12:46:05.381+0000] {logging_mixin.py:190} INFO - [2026-09-17T12:46:05.381+0000] {dagbag.py:588} INFO - Filling up the DagBag from /opt/airflow/dags/youtube_warehouse_pipeline.py
[2026-09-17T12:46:05.446+0000] {processor.py:925} INFO - DAG(s) 'youtube_warehouse_pipeline' retrieved from /opt/airflow/dags/youtube_warehouse_pipeline.py
[2026-09-17T12:46:05.466+0000] {logging_mixin.py:190} INFO - [2026-09-17T12:46:05.465+0000] {dag.py:3239} INFO - Sync 1 DAGs
[2026-09-17T12:46:05.477+0000] {logging_mixin.py:190} INFO - [2026-09-17T12:46:05.477+0000] {dag.py:4180} INFO - Setting next_dagrun for youtube_warehouse_pipeline to None, run_after=None
[2026-09-17T12:46:05.499+0000] {processor.py:208} INFO - Processing /opt/airflow/dags/youtube_warehouse_pipeline.py took 0.127 seconds
[2026-09-17T12:46:35.844+0000] {processor.py:186} INFO - Started process (PID=4430) to work on /opt/airflow/dags/youtube_warehouse_pipeline.py
[2026-09-17T12:46:35.847+0000] {processor.py:914} INFO - Processing file /opt/airflow/dags/youtube_warehouse_pipeline.py for tasks to queue
[2026-09-17T12:46:35.850+0000] {logging_mixin.py:190} INFO - [2026-09-17T12:46:35.850+0000] {dagbag.py:588} INFO - Filling up the DagBag from /opt/airflow/dags/youtube_warehouse_pipeline.py
[2026-09-17T12:46:35.915+0000] {processor.py:925} INFO - DAG(s) 'youtube_warehouse_pipeline' retrieved from /opt/airflow/dags/youtube_warehouse_pipeline.py
[2026-09-17T12:46:35.935+0000] {logging_mixin.py:190} INFO - [2026-09-17T12:46:35.935+0000] {dag.py:3239} INFO - Sync 1 DAGs
[2026-09-17T12:46:35.948+0000] {logging_mixin.py:190} INFO - [2026-09-17T12:46:35.947+0000] {dag.py:4180} INFO - Setting next_dagrun for youtube_warehouse_pipeline to None, run_after=None
[2026-09-17T12:46:35.966+0000] {processor.py:208} INFO - Processing /opt/airflow/dags/youtube_warehouse_pipeline.py took 0.129 seconds
[2026-09-17T12:47:06.332+0000] {processor.py:186} INFO - Started process (PID=4439) to work on /opt/airflow/dags/youtube_warehouse_pipeline.py
[2026-09-17T12:47:06.334+0000] {processor.py:914} INFO - Processing file /opt/airflow/dags/youtube_warehouse_pipeline.py for tasks to queue
[2026-09-17T12:47:06.337+0000] {logging_mixin.py:190} INFO - [2026-09-17T12:47:06.336+0000] {dagbag.py:588} INFO - Filling up the DagBag from /opt/airflow/dags/youtube_warehouse_pipeline.py
[2026-09-17T12:47:06.424+0000] {processor.py:925} INFO - DAG(s) 'youtube_warehouse_pipeline' retrieved from /opt/airflow/dags/youtube_warehouse_pipeline.py
[2026-09-17T12:47:06.444+0000] {logging_mixin.py:190} INFO - [2026-09-17T12:47:06.444+0000] {dag.py:3239} INFO - Sync 1 DAGs
[2026-09-17T12:47:06.458+0000] {logging_mixin.py:190} INFO - [2026-09-17T12:47:06.458+0000] {dag.py:4180} INFO - Setting next_dagrun for youtube_warehouse_pipeline to None, run_after=None
[2026-09-17T12:47:06.479+0000] {processor.py:208} INFO - Processing /opt/airflow/dags/youtube_warehouse_pipeline.py took 0.155 seconds
[2026-09-17T12:47:36.728+0000] {processor.py:186} INFO - Started process (PID=4447) to work on /opt/airflow/dags/youtube_warehouse_pipeline.py
[2026-09-17T12:47:36.731+0000] {processor.py:914} INFO - Processing file /opt/airflow/dags/youtube_warehouse_pipeline.py for tasks to queue
[2026-09-17T12:47:36.732+0000] {logging_mixin.py:190} INFO - [2026-09-17T12:47:36.732+0000] {dagbag.py:588} INFO - Filling up the DagBag from /opt/airflow/dags/youtube_warehouse_pipeline.py
[2026-09-17T12:47:36.812+0000] {processor.py:925} INFO - DAG(s) 'youtube_warehouse_pipeline' retrieved from /opt/airflow/dags/youtube_warehouse_pipeline.py
[2026-09-17T12:47:36.832+0000] {logging_mixin.py:190} INFO - [2026-09-17T12:47:36.831+0000] {dag.py:3239} INFO - Sync 1 DAGs
[2026-09-17T12:47:36.845+0000] {logging_mixin.py:190} INFO - [2026-09-17T12:47:36.845+0000] {dag.py:4180} INFO - Setting next_dagrun for youtube_warehouse_pipeline to None, run_after=None
[2026-09-17T12:47:36.866+0000] {processor.py:208} INFO - Processing /opt/airflow/dags/youtube_warehouse_pipeline.py took 0.147 seconds
[2026-09-17T12:48:07.162+0000] {processor.py:186} INFO - Started process (PID=4455) to work on /opt/airflow/dags/youtube_warehouse_pipeline.py
[2026-09-17T12:48:07.164+0000] {processor.py:914} INFO - Processing file /opt/airflow/dags/youtube_warehouse_pipeline.py for tasks to queue
[2026-09-17T12:48:07.168+0000] {logging_mixin.py:190} INFO - [2026-09-17T12:48:07.167+0000] {dagbag.py:588} INFO - Filling up the DagBag from /opt/airflow/dags/youtube_warehouse_pipeline.py
[2026-09-17T12:48:07.259+0000] {processor.py:925} INFO - DAG(s) 'youtube_warehouse_pipeline' retrieved from /opt/airflow/dags/youtube_warehouse_pipeline.py
[2026-09-17T12:48:07.279+0000] {logging_mixin.py:190} INFO - [2026-09-17T12:48:07.279+0000] {dag.py:3239} INFO - Sync 1 DAGs
[2026-09-17T12:48:07.292+0000] {logging_mixin.py:190} INFO - [2026-09-17T12:48:07.292+0000] {dag.py:4180} INFO - Setting next_dagrun for youtube_warehouse_pipeline to None, run_after=None
[2026-09-17T12:48:07.310+0000] {processor.py:208} INFO - Processing /opt/airflow/dags/youtube_warehouse_pipeline.py took 0.158 seconds
[2026-09-17T12:48:37.697+0000] {processor.py:186} INFO - Started process (PID=4462) to work on /opt/airflow/dags/youtube_warehouse_pipeline.py
[2026-09-17T12:48:37.700+0000] {processor.py:914} INFO - Processing file /opt/airflow/dags/youtube_warehouse_pipeline.py for tasks to queue
[2026-09-17T12:48:37.704+0000] {logging_mixin.py:190} INFO - [2026-09-17T12:48:37.704+0000] {dagbag.py:588} INFO - Filling up the DagBag from /opt/airflow/dags/youtube_warehouse_pipeline.py
[2026-09-17T12:48:37.793+0000] {processor.py:925} INFO - DAG(s) 'youtube_warehouse_pipeline' retrieved from /opt/airflow/dags/youtube_warehouse_pipeline.py
[2026-09-17T12:48:37.815+0000] {logging_mixin.py:190} INFO - [2026-09-17T12:48:37.814+0000] {dag.py:3239} INFO - Sync 1 DAGs
[2026-09-17T12:48:37.829+0000] {logging_mixin.py:190} INFO - [2026-09-17T12:48:37.829+0000] {dag.py:4180} INFO - Setting next_dagrun for youtube_warehouse_pipeline to None, run_after=None
[2026-09-17T12:48:37.850+0000] {processor.py:208} INFO - Processing /opt/airflow/dags/youtube_warehouse_pipeline.py took 0.166 seconds
[2026-09-17T12:49:08.072+0000] {processor.py:186} INFO - Started process (PID=4470) to work on /opt/airflow/dags/youtube_warehouse_pipeline.py
[2026-09-17T12:49:08.074+0000] {processor.py:914} INFO - Processing file /opt/airflow/dags/youtube_warehouse_pipeline.py for tasks to queue
[2026-09-17T12:49:08.076+0000] {logging_mixin.py:190} INFO - [2026-09-17T12:49:08.076+0000] {dagbag.py:588} INFO - Filling up the DagBag from /opt/airflow/dags/youtube_warehouse_pipeline.py
[2026-09-17T12:49:08.144+0000] {processor.py:925} INFO - DAG(s) 'youtube_warehouse_pipeline' retrieved from /opt/airflow/dags/youtube_warehouse_pipeline.py
[2026-09-17T12:49:08.168+0000] {logging_mixin.py:190} INFO - [2026-09-17T12:49:08.168+0000] {dag.py:3239} INFO - Sync 1 DAGs
[2026-09-17T12:49:08.182+0000] {logging_mixin.py:190} INFO - [2026-09-17T12:49:08.182+0000] {dag.py:4180} INFO - Setting next_dagrun for youtube_warehouse_pipeline to None, run_after=None
[2026-09-17T12:49:08.201+0000] {processor.py:208} INFO - Processing /opt/airflow/dags/youtube_warehouse_pipeline.py took 0.135 seconds
[2026-09-17T12:49:38.525+0000] {processor.py:186} INFO - Started process (PID=4478) to work on /opt/airflow/dags/youtube_warehouse_pipeline.py
[2026-09-17T12:49:38.527+0000] {processor.py:914} INFO - Processing file /opt/airflow/dags/youtube_warehouse_pipeline.py for tasks to queue
[2026-09-17T12:49:38.530+0000] {logging_mixin.py:190} INFO - [2026-09-17T12:49:38.530+0000] {dagbag.py:588} INFO - Filling up the DagBag from /opt/airflow/dags/youtube_warehouse_pipeline.py
[2026-09-17T12:49:38.617+0000] {processor.py:925} INFO - DAG(s) 'youtube_warehouse_pipeline' retrieved from /opt/airflow/dags/youtube_warehouse_pipeline.py
[2026-09-17T12:49:38.646+0000] {logging_mixin.py:190} INFO - [2026-09-17T12:49:38.645+0000] {dag.py:3239} INFO - Sync 1 DAGs
[2026-09-17T12:49:38.663+0000] {logging_mixin.py:190} INFO - [2026-09-17T12:49:38.663+0000] {dag.py:4180} INFO - Setting next_dagrun for youtube_warehouse_pipeline to None, run_after=None
[2026-09-17T12:49:38.688+0000] {processor.py:208} INFO - Processing /opt/airflow/dags/youtube_warehouse_pipeline.py took 0.169 seconds
[2026-09-17T12:50:08.947+0000] {processor.py:186} INFO - Started process (PID=4486) to work on /opt/airflow/dags/youtube_warehouse_pipeline.py
[2026-09-17T12:50:08.950+0000] {processor.py:914} INFO - Processing file /opt/airflow/dags/youtube_warehouse_pipeline.py for tasks to queue
[2026-09-17T12:50:08.952+0000] {logging_mixin.py:190} INFO - [2026-09-17T12:50:08.952+0000] {dagbag.py:588} INFO - Filling up the DagBag from /opt/airflow/dags/youtube_warehouse_pipeline.py
[2026-09-17T12:50:09.041+0000] {processor.py:925} INFO - DAG(s) 'youtube_warehouse_pipeline' retrieved from /opt/airflow/dags/youtube_warehouse_pipeline.py
[2026-09-17T12:50:09.067+0000] {logging_mixin.py:190} INFO - [2026-09-17T12:50:09.067+0000] {dag.py:3239} INFO - Sync 1 DAGs
[2026-09-17T12:50:09.082+0000] {logging_mixin.py:190} INFO - [2026-09-17T12:50:09.082+0000] {dag.py:4180} INFO - Setting next_dagrun for youtube_warehouse_pipeline to None, run_after=None
[2026-09-17T12:50:09.103+0000] {processor.py:208} INFO - Processing /opt/airflow/dags/youtube_warehouse_pipeline.py took 0.162 seconds
[2026-09-17T12:50:39.407+0000] {processor.py:186} INFO - Started process (PID=4495) to work on /opt/airflow/dags/youtube_warehouse_pipeline.py
[2026-09-17T12:50:39.409+0000] {processor.py:914} INFO - Processing file /opt/airflow/dags/youtube_warehouse_pipeline.py for tasks to queue
[2026-09-17T12:50:39.411+0000] {logging_mixin.py:190} INFO - [2026-09-17T12:50:39.411+0000] {dagbag.py:588} INFO - Filling up the DagBag from /opt/airflow/dags/youtube_warehouse_pipeline.py
[2026-09-17T12:50:39.482+0000] {processor.py:925} INFO - DAG(s) 'youtube_warehouse_pipeline' retrieved from /opt/airflow/dags/youtube_warehouse_pipeline.py
[2026-09-17T12:50:39.505+0000] {logging_mixin.py:190} INFO - [2026-09-17T12:50:39.505+0000] {dag.py:3239} INFO - Sync 1 DAGs
[2026-09-17T12:50:39.518+0000] {logging_mixin.py:190} INFO - [2026-09-17T12:50:39.518+0000] {dag.py:4180} INFO - Setting next_dagrun for youtube_warehouse_pipeline to None, run_after=None
[2026-09-17T12:50:39.538+0000] {processor.py:208} INFO - Processing /opt/airflow/dags/youtube_warehouse_pipeline.py took 0.136 seconds
[2026-09-17T12:51:09.946+0000] {processor.py:186} INFO - Started process (PID=4503) to work on /opt/airflow/dags/youtube_warehouse_pipeline.py
[2026-09-17T12:51:09.948+0000] {processor.py:914} INFO - Processing file /opt/airflow/dags/youtube_warehouse_pipeline.py for tasks to queue
[2026-09-17T12:51:09.951+0000] {logging_mixin.py:190} INFO - [2026-09-17T12:51:09.950+0000] {dagbag.py:588} INFO - Filling up the DagBag from /opt/airflow/dags/youtube_warehouse_pipeline.py
[2026-09-17T12:51:10.024+0000] {processor.py:925} INFO - DAG(s) 'youtube_warehouse_pipeline' retrieved from /opt/airflow/dags/youtube_warehouse_pipeline.py
[2026-09-17T12:51:10.045+0000] {logging_mixin.py:190} INFO - [2026-09-17T12:51:10.045+0000] {dag.py:3239} INFO - Sync 1 DAGs
[2026-09-17T12:51:10.059+0000] {logging_mixin.py:190} INFO - [2026-09-17T12:51:10.058+0000] {dag.py:4180} INFO - Setting next_dagrun for youtube_warehouse_pipeline to None, run_after=None
[2026-09-17T12:51:10.077+0000] {processor.py:208} INFO - Processing /opt/airflow/dags/youtube_warehouse_pipeline.py took 0.137 seconds
[2026-09-17T12:51:40.308+0000] {processor.py:186} INFO - Started process (PID=4511) to work on /opt/airflow/dags/youtube_warehouse_pipeline.py
[2026-09-17T12:51:40.309+0000] {processor.py:914} INFO - Processing file /opt/airflow/dags/youtube_warehouse_pipeline.py for tasks to queue
[2026-09-17T12:51:40.311+0000] {logging_mixin.py:190} INFO - [2026-09-17T12:51:40.311+0000] {dagbag.py:588} INFO - Filling up the DagBag from /opt/airflow/dags/youtube_warehouse_pipeline.py
[2026-09-17T12:51:40.405+0000] {processor.py:925} INFO - DAG(s) 'youtube_warehouse_pipeline' retrieved from /opt/airflow/dags/youtube_warehouse_pipeline.py
[2026-09-17T12:51:40.427+0000] {logging_mixin.py:190} INFO - [2026-09-17T12:51:40.427+0000] {dag.py:3239} INFO - Sync 1 DAGs
[2026-09-17T12:51:40.440+0000] {logging_mixin.py:190} INFO - [2026-09-17T12:51:40.440+0000] {dag.py:4180} INFO - Setting next_dagrun for youtube_warehouse_pipeline to None, run_after=None
[2026-09-17T12:51:40.462+0000] {processor.py:208} INFO - Processing /opt/airflow/dags/youtube_warehouse_pipeline.py took 0.159 seconds
[2026-09-17T12:52:10.812+0000] {processor.py:186} INFO - Started process (PID=4519) to work on /opt/airflow/dags/youtube_warehouse_pipeline.py
[2026-09-17T12:52:10.814+0000] {processor.py:914} INFO - Processing file /opt/airflow/dags/youtube_warehouse_pipeline.py for tasks to queue
[2026-09-17T12:52:10.817+0000] {logging_mixin.py:190} INFO - [2026-09-17T12:52:10.816+0000] {dagbag.py:588} INFO - Filling up the DagBag from /opt/airflow/dags/youtube_warehouse_pipeline.py
[2026-09-17T12:52:10.888+0000] {processor.py:925} INFO - DAG(s) 'youtube_warehouse_pipeline' retrieved from /opt/airflow/dags/youtube_warehouse_pipeline.py
[2026-09-17T12:52:10.908+0000] {logging_mixin.py:190} INFO - [2026-09-17T12:52:10.908+0000] {dag.py:3239} INFO - Sync 1 DAGs
[2026-09-17T12:52:10.921+0000] {logging_mixin.py:190} INFO - [2026-09-17T12:52:10.921+0000] {dag.py:4180} INFO - Setting next_dagrun for youtube_warehouse_pipeline to None, run_after=None
[2026-09-17T12:52:10.940+0000] {processor.py:208} INFO - Processing /opt/airflow/dags/youtube_warehouse_pipeline.py took 0.135 seconds
[2026-09-17T12:52:41.318+0000] {processor.py:186} INFO - Started process (PID=4527) to work on /opt/airflow/dags/youtube_warehouse_pipeline.py
[2026-09-17T12:52:41.320+0000] {processor.py:914} INFO - Processing file /opt/airflow/dags/youtube_warehouse_pipeline.py for tasks to queue
[2026-09-17T12:52:41.323+0000] {logging_mixin.py:190} INFO - [2026-09-17T12:52:41.322+0000] {dagbag.py:588} INFO - Filling up the DagBag from /opt/airflow/dags/youtube_warehouse_pipeline.py
[2026-09-17T12:52:41.390+0000] {processor.py:925} INFO - DAG(s) 'youtube_warehouse_pipeline' retrieved from /opt/airflow/dags/youtube_warehouse_pipeline.py
[2026-09-17T12:52:41.408+0000] {logging_mixin.py:190} INFO - [2026-09-17T12:52:41.408+0000] {dag.py:3239} INFO - Sync 1 DAGs
[2026-09-17T12:52:41.420+0000] {logging_mixin.py:190} INFO - [2026-09-17T12:52:41.420+0000] {dag.py:4180} INFO - Setting next_dagrun for youtube_warehouse_pipeline to None, run_after=None
[2026-09-17T12:52:41.439+0000] {processor.py:208} INFO - Processing /opt/airflow/dags/youtube_warehouse_pipeline.py took 0.127 seconds
[2026-09-17T12:53:11.686+0000] {processor.py:186} INFO - Started process (PID=4535) to work on /opt/airflow/dags/youtube_warehouse_pipeline.py
[2026-09-17T12:53:11.688+0000] {processor.py:914} INFO - Processing file /opt/airflow/dags/youtube_warehouse_pipeline.py for tasks to queue
[2026-09-17T12:53:11.690+0000] {logging_mixin.py:190} INFO - [2026-09-17T12:53:11.689+0000] {dagbag.py:588} INFO - Filling up the DagBag from /opt/airflow/dags/youtube_warehouse_pipeline.py
[2026-09-17T12:53:11.759+0000] {processor.py:925} INFO - DAG(s) 'youtube_warehouse_pipeline' retrieved from /opt/airflow/dags/youtube_warehouse_pipeline.py
[2026-09-17T12:53:11.778+0000] {logging_mixin.py:190} INFO - [2026-09-17T12:53:11.778+0000] {dag.py:3239} INFO - Sync 1 DAGs
[2026-09-17T12:53:11.790+0000] {logging_mixin.py:190} INFO - [2026-09-17T12:53:11.790+0000] {dag.py:4180} INFO - Setting next_dagrun for youtube_warehouse_pipeline to None, run_after=None
[2026-09-17T12:53:11.808+0000] {processor.py:208} INFO - Processing /opt/airflow/dags/youtube_warehouse_pipeline.py took 0.127 seconds
[2026-09-17T12:53:42.089+0000] {processor.py:186} INFO - Started process (PID=4543) to work on /opt/airflow/dags/youtube_warehouse_pipeline.py
[2026-09-17T12:53:42.091+0000] {processor.py:914} INFO - Processing file /opt/airflow/dags/youtube_warehouse_pipeline.py for tasks to queue
[2026-09-17T12:53:42.094+0000] {logging_mixin.py:190} INFO - [2026-09-17T12:53:42.093+0000] {dagbag.py:588} INFO - Filling up the DagBag from /opt/airflow/dags/youtube_warehouse_pipeline.py
[2026-09-17T12:53:42.173+0000] {processor.py:925} INFO - DAG(s) 'youtube_warehouse_pipeline' retrieved from /opt/airflow/dags/youtube_warehouse_pipeline.py
[2026-09-17T12:53:42.200+0000] {logging_mixin.py:190} INFO - [2026-09-17T12:53:42.200+0000] {dag.py:3239} INFO - Sync 1 DAGs
[2026-09-17T12:53:42.213+0000] {logging_mixin.py:190} INFO - [2026-09-17T12:53:42.213+0000] {dag.py:4180} INFO - Setting next_dagrun for youtube_warehouse_pipeline to None, run_after=None
[2026-09-17T12:53:42.232+0000] {processor.py:208} INFO - Processing /opt/airflow/dags/youtube_warehouse_pipeline.py took 0.149 seconds
[2026-09-17T12:54:12.601+0000] {processor.py:186} INFO - Started process (PID=4551) to work on /opt/airflow/dags/youtube_warehouse_pipeline.py
[2026-09-17T12:54:12.602+0000] {processor.py:914} INFO - Processing file /opt/airflow/dags/youtube_warehouse_pipeline.py for tasks to queue
[2026-09-17T12:54:12.605+0000] {logging_mixin.py:190} INFO - [2026-09-17T12:54:12.604+0000] {dagbag.py:588} INFO - Filling up the DagBag from /opt/airflow/dags/youtube_warehouse_pipeline.py
[2026-09-17T12:54:12.693+0000] {processor.py:925} INFO - DAG(s) 'youtube_warehouse_pipeline' retrieved from /opt/airflow/dags/youtube_warehouse_pipeline.py
[2026-09-17T12:54:12.715+0000] {logging_mixin.py:190} INFO - [2026-09-17T12:54:12.714+0000] {dag.py:3239} INFO - Sync 1 DAGs
[2026-09-17T12:54:12.730+0000] {logging_mixin.py:190} INFO - [2026-09-17T12:54:12.730+0000] {dag.py:4180} INFO - Setting next_dagrun for youtube_warehouse_pipeline to None, run_after=None
[2026-09-17T12:54:12.752+0000] {processor.py:208} INFO - Processing /opt/airflow/dags/youtube_warehouse_pipeline.py took 0.158 seconds
[2026-09-17T12:54:42.976+0000] {processor.py:186} INFO - Started process (PID=4559) to work on /opt/airflow/dags/youtube_warehouse_pipeline.py
[2026-09-17T12:54:42.978+0000] {processor.py:914} INFO - Processing file /opt/airflow/dags/youtube_warehouse_pipeline.py for tasks to queue
[2026-09-17T12:54:42.980+0000] {logging_mixin.py:190} INFO - [2026-09-17T12:54:42.979+0000] {dagbag.py:588} INFO - Filling up the DagBag from /opt/airflow/dags/youtube_warehouse_pipeline.py
[2026-09-17T12:54:43.045+0000] {processor.py:925} INFO - DAG(s) 'youtube_warehouse_pipeline' retrieved from /opt/airflow/dags/youtube_warehouse_pipeline.py
[2026-09-17T12:54:43.066+0000] {logging_mixin.py:190} INFO - [2026-09-17T12:54:43.066+0000] {dag.py:3239} INFO - Sync 1 DAGs
[2026-09-17T12:54:43.079+0000] {logging_mixin.py:190} INFO - [2026-09-17T12:54:43.079+0000] {dag.py:4180} INFO - Setting next_dagrun for youtube_warehouse_pipeline to None, run_after=None
[2026-09-17T12:54:43.099+0000] {processor.py:208} INFO - Processing /opt/airflow/dags/youtube_warehouse_pipeline.py took 0.128 seconds
[2026-09-17T12:55:13.552+0000] {processor.py:186} INFO - Started process (PID=4567) to work on /opt/airflow/dags/youtube_warehouse_pipeline.py
[2026-09-17T12:55:13.554+0000] {processor.py:914} INFO - Processing file /opt/airflow/dags/youtube_warehouse_pipeline.py for tasks to queue
[2026-09-17T12:55:13.556+0000] {logging_mixin.py:190} INFO - [2026-09-17T12:55:13.556+0000] {dagbag.py:588} INFO - Filling up the DagBag from /opt/airflow/dags/youtube_warehouse_pipeline.py
[2026-09-17T12:55:13.620+0000] {processor.py:925} INFO - DAG(s) 'youtube_warehouse_pipeline' retrieved from /opt/airflow/dags/youtube_warehouse_pipeline.py
[2026-09-17T12:55:13.640+0000] {logging_mixin.py:190} INFO - [2026-09-17T12:55:13.640+0000] {dag.py:3239} INFO - Sync 1 DAGs
[2026-09-17T12:55:13.655+0000] {logging_mixin.py:190} INFO - [2026-09-17T12:55:13.654+0000] {dag.py:4180} INFO - Setting next_dagrun for youtube_warehouse_pipeline to None, run_after=None
[2026-09-17T12:55:13.673+0000] {processor.py:208} INFO - Processing /opt/airflow/dags/youtube_warehouse_pipeline.py took 0.126 seconds
[2026-09-17T12:55:43.914+0000] {processor.py:186} INFO - Started process (PID=4575) to work on /opt/airflow/dags/youtube_warehouse_pipeline.py
[2026-09-17T12:55:43.915+0000] {processor.py:914} INFO - Processing file /opt/airflow/dags/youtube_warehouse_pipeline.py for tasks to queue
[2026-09-17T12:55:43.918+0000] {logging_mixin.py:190} INFO - [2026-09-17T12:55:43.917+0000] {dagbag.py:588} INFO - Filling up the DagBag from /opt/airflow/dags/youtube_warehouse_pipeline.py
[2026-09-17T12:55:43.999+0000] {processor.py:925} INFO - DAG(s) 'youtube_warehouse_pipeline' retrieved from /opt/airflow/dags/youtube_warehouse_pipeline.py
[2026-09-17T12:55:44.018+0000] {logging_mixin.py:190} INFO - [2026-09-17T12:55:44.018+0000] {dag.py:3239} INFO - Sync 1 DAGs
[2026-09-17T12:55:44.031+0000] {logging_mixin.py:190} INFO - [2026-09-17T12:55:44.030+0000] {dag.py:4180} INFO - Setting next_dagrun for youtube_warehouse_pipeline to None, run_after=None
[2026-09-17T12:55:44.052+0000] {processor.py:208} INFO - Processing /opt/airflow/dags/youtube_warehouse_pipeline.py took 0.143 seconds
[2026-09-17T12:56:14.429+0000] {processor.py:186} INFO - Started process (PID=4583) to work on /opt/airflow/dags/youtube_warehouse_pipeline.py
[2026-09-17T12:56:14.432+0000] {processor.py:914} INFO - Processing file /opt/airflow/dags/youtube_warehouse_pipeline.py for tasks to queue
[2026-09-17T12:56:14.434+0000] {logging_mixin.py:190} INFO - [2026-09-17T12:56:14.433+0000] {dagbag.py:588} INFO - Filling up the DagBag from /opt/airflow/dags/youtube_warehouse_pipeline.py
[2026-09-17T12:56:14.502+0000] {processor.py:925} INFO - DAG(s) 'youtube_warehouse_pipeline' retrieved from /opt/airflow/dags/youtube_warehouse_pipeline.py
[2026-09-17T12:56:14.523+0000] {logging_mixin.py:190} INFO - [2026-09-17T12:56:14.523+0000] {dag.py:3239} INFO - Sync 1 DAGs
[2026-09-17T12:56:14.538+0000] {logging_mixin.py:190} INFO - [2026-09-17T12:56:14.537+0000] {dag.py:4180} INFO - Setting next_dagrun for youtube_warehouse_pipeline to None, run_after=None
[2026-09-17T12:56:14.568+0000] {processor.py:208} INFO - Processing /opt/airflow/dags/youtube_warehouse_pipeline.py took 0.146 seconds
[2026-09-17T12:56:44.803+0000] {processor.py:186} INFO - Started process (PID=4592) to work on /opt/airflow/dags/youtube_warehouse_pipeline.py
[2026-09-17T12:56:44.805+0000] {processor.py:914} INFO - Processing file /opt/airflow/dags/youtube_warehouse_pipeline.py for tasks to queue
[2026-09-17T12:56:44.807+0000] {logging_mixin.py:190} INFO - [2026-09-17T12:56:44.806+0000] {dagbag.py:588} INFO - Filling up the DagBag from /opt/airflow/dags/youtube_warehouse_pipeline.py
[2026-09-17T12:56:44.874+0000] {processor.py:925} INFO - DAG(s) 'youtube_warehouse_pipeline' retrieved from /opt/airflow/dags/youtube_warehouse_pipeline.py
[2026-09-17T12:56:44.895+0000] {logging_mixin.py:190} INFO - [2026-09-17T12:56:44.894+0000] {dag.py:3239} INFO - Sync 1 DAGs
[2026-09-17T12:56:44.907+0000] {logging_mixin.py:190} INFO - [2026-09-17T12:56:44.907+0000] {dag.py:4180} INFO - Setting next_dagrun for youtube_warehouse_pipeline to None, run_after=None
[2026-09-17T12:56:44.927+0000] {processor.py:208} INFO - Processing /opt/airflow/dags/youtube_warehouse_pipeline.py took 0.130 seconds
[2026-09-17T12:57:15.300+0000] {processor.py:186} INFO - Started process (PID=4600) to work on /opt/airflow/dags/youtube_warehouse_pipeline.py
[2026-09-17T12:57:15.302+0000] {processor.py:914} INFO - Processing file /opt/airflow/dags/youtube_warehouse_pipeline.py for tasks to queue
[2026-09-17T12:57:15.305+0000] {logging_mixin.py:190} INFO - [2026-09-17T12:57:15.304+0000] {dagbag.py:588} INFO - Filling up the DagBag from /opt/airflow/dags/youtube_warehouse_pipeline.py
[2026-09-17T12:57:15.382+0000] {processor.py:925} INFO - DAG(s) 'youtube_warehouse_pipeline' retrieved from /opt/airflow/dags/youtube_warehouse_pipeline.py
[2026-09-17T12:57:15.402+0000] {logging_mixin.py:190} INFO - [2026-09-17T12:57:15.402+0000] {dag.py:3239} INFO - Sync 1 DAGs
[2026-09-17T12:57:15.417+0000] {logging_mixin.py:190} INFO - [2026-09-17T12:57:15.417+0000] {dag.py:4180} INFO - Setting next_dagrun for youtube_warehouse_pipeline to None, run_after=None
[2026-09-17T12:57:15.437+0000] {processor.py:208} INFO - Processing /opt/airflow/dags/youtube_warehouse_pipeline.py took 0.143 seconds
[2026-09-17T12:57:45.689+0000] {processor.py:186} INFO - Started process (PID=4607) to work on /opt/airflow/dags/youtube_warehouse_pipeline.py
[2026-09-17T12:57:45.691+0000] {processor.py:914} INFO - Processing file /opt/airflow/dags/youtube_warehouse_pipeline.py for tasks to queue
[2026-09-17T12:57:45.693+0000] {logging_mixin.py:190} INFO - [2026-09-17T12:57:45.693+0000] {dagbag.py:588} INFO - Filling up the DagBag from /opt/airflow/dags/youtube_warehouse_pipeline.py
[2026-09-17T12:57:45.768+0000] {processor.py:925} INFO - DAG(s) 'youtube_warehouse_pipeline' retrieved from /opt/airflow/dags/youtube_warehouse_pipeline.py
[2026-09-17T12:57:45.792+0000] {logging_mixin.py:190} INFO - [2026-09-17T12:57:45.792+0000] {dag.py:3239} INFO - Sync 1 DAGs
[2026-09-17T12:57:45.806+0000] {logging_mixin.py:190} INFO - [2026-09-17T12:57:45.806+0000] {dag.py:4180} INFO - Setting next_dagrun for youtube_warehouse_pipeline to None, run_after=None
[2026-09-17T12:57:45.828+0000] {processor.py:208} INFO - Processing /opt/airflow/dags/youtube_warehouse_pipeline.py took 0.146 seconds
[2026-09-17T12:58:16.215+0000] {processor.py:186} INFO - Started process (PID=4615) to work on /opt/airflow/dags/youtube_warehouse_pipeline.py
[2026-09-17T12:58:16.217+0000] {processor.py:914} INFO - Processing file /opt/airflow/dags/youtube_warehouse_pipeline.py for tasks to queue
[2026-09-17T12:58:16.219+0000] {logging_mixin.py:190} INFO - [2026-09-17T12:58:16.219+0000] {dagbag.py:588} INFO - Filling up the DagBag from /opt/airflow/dags/youtube_warehouse_pipeline.py
[2026-09-17T12:58:16.293+0000] {processor.py:925} INFO - DAG(s) 'youtube_warehouse_pipeline' retrieved from /opt/airflow/dags/youtube_warehouse_pipeline.py
[2026-09-17T12:58:16.319+0000] {logging_mixin.py:190} INFO - [2026-09-17T12:58:16.319+0000] {dag.py:3239} INFO - Sync 1 DAGs
[2026-09-17T12:58:16.338+0000] {logging_mixin.py:190} INFO - [2026-09-17T12:58:16.337+0000] {dag.py:4180} INFO - Setting next_dagrun for youtube_warehouse_pipeline to None, run_after=None
[2026-09-17T12:58:16.363+0000] {processor.py:208} INFO - Processing /opt/airflow/dags/youtube_warehouse_pipeline.py took 0.156 seconds
[2026-09-17T12:58:46.753+0000] {processor.py:186} INFO - Started process (PID=4623) to work on /opt/airflow/dags/youtube_warehouse_pipeline.py
[2026-09-17T12:58:46.754+0000] {processor.py:914} INFO - Processing file /opt/airflow/dags/youtube_warehouse_pipeline.py for tasks to queue
[2026-09-17T12:58:46.757+0000] {logging_mixin.py:190} INFO - [2026-09-17T12:58:46.757+0000] {dagbag.py:588} INFO - Filling up the DagBag from /opt/airflow/dags/youtube_warehouse_pipeline.py
[2026-09-17T12:58:46.836+0000] {processor.py:925} INFO - DAG(s) 'youtube_warehouse_pipeline' retrieved from /opt/airflow/dags/youtube_warehouse_pipeline.py
[2026-09-17T12:58:46.855+0000] {logging_mixin.py:190} INFO - [2026-09-17T12:58:46.855+0000] {dag.py:3239} INFO - Sync 1 DAGs
[2026-09-17T12:58:46.868+0000] {logging_mixin.py:190} INFO - [2026-09-17T12:58:46.867+0000] {dag.py:4180} INFO - Setting next_dagrun for youtube_warehouse_pipeline to None, run_after=None
[2026-09-17T12:58:46.887+0000] {processor.py:208} INFO - Processing /opt/airflow/dags/youtube_warehouse_pipeline.py took 0.141 seconds
[2026-09-17T12:59:17.255+0000] {processor.py:186} INFO - Started process (PID=4631) to work on /opt/airflow/dags/youtube_warehouse_pipeline.py
[2026-09-17T12:59:17.257+0000] {processor.py:914} INFO - Processing file /opt/airflow/dags/youtube_warehouse_pipeline.py for tasks to queue
[2026-09-17T12:59:17.259+0000] {logging_mixin.py:190} INFO - [2026-09-17T12:59:17.259+0000] {dagbag.py:588} INFO - Filling up the DagBag from /opt/airflow/dags/youtube_warehouse_pipeline.py
[2026-09-17T12:59:17.344+0000] {processor.py:925} INFO - DAG(s) 'youtube_warehouse_pipeline' retrieved from /opt/airflow/dags/youtube_warehouse_pipeline.py
[2026-09-17T12:59:17.375+0000] {logging_mixin.py:190} INFO - [2026-09-17T12:59:17.374+0000] {dag.py:3239} INFO - Sync 1 DAGs
[2026-09-17T12:59:17.391+0000] {logging_mixin.py:190} INFO - [2026-09-17T12:59:17.391+0000] {dag.py:4180} INFO - Setting next_dagrun for youtube_warehouse_pipeline to None, run_after=None
[2026-09-17T12:59:17.422+0000] {processor.py:208} INFO - Processing /opt/airflow/dags/youtube_warehouse_pipeline.py took 0.175 seconds
[2026-09-17T12:59:47.666+0000] {processor.py:186} INFO - Started process (PID=4639) to work on /opt/airflow/dags/youtube_warehouse_pipeline.py
[2026-09-17T12:59:47.669+0000] {processor.py:914} INFO - Processing file /opt/airflow/dags/youtube_warehouse_pipeline.py for tasks to queue
[2026-09-17T12:59:47.672+0000] {logging_mixin.py:190} INFO - [2026-09-17T12:59:47.672+0000] {dagbag.py:588} INFO - Filling up the DagBag from /opt/airflow/dags/youtube_warehouse_pipeline.py
[2026-09-17T12:59:47.764+0000] {processor.py:925} INFO - DAG(s) 'youtube_warehouse_pipeline' retrieved from /opt/airflow/dags/youtube_warehouse_pipeline.py
[2026-09-17T12:59:47.789+0000] {logging_mixin.py:190} INFO - [2026-09-17T12:59:47.788+0000] {dag.py:3239} INFO - Sync 1 DAGs
[2026-09-17T12:59:47.813+0000] {logging_mixin.py:190} INFO - [2026-09-17T12:59:47.813+0000] {dag.py:4180} INFO - Setting next_dagrun for youtube_warehouse_pipeline to None, run_after=None
[2026-09-17T12:59:47.845+0000] {processor.py:208} INFO - Processing /opt/airflow/dags/youtube_warehouse_pipeline.py took 0.186 seconds
[2026-09-17T13:00:18.123+0000] {processor.py:186} INFO - Started process (PID=4653) to work on /opt/airflow/dags/youtube_warehouse_pipeline.py
[2026-09-17T13:00:18.124+0000] {processor.py:914} INFO - Processing file /opt/airflow/dags/youtube_warehouse_pipeline.py for tasks to queue
[2026-09-17T13:00:18.126+0000] {logging_mixin.py:190} INFO - [2026-09-17T13:00:18.126+0000] {dagbag.py:588} INFO - Filling up the DagBag from /opt/airflow/dags/youtube_warehouse_pipeline.py
[2026-09-17T13:00:18.221+0000] {processor.py:925} INFO - DAG(s) 'youtube_warehouse_pipeline' retrieved from /opt/airflow/dags/youtube_warehouse_pipeline.py
[2026-09-17T13:00:18.254+0000] {logging_mixin.py:190} INFO - [2026-09-17T13:00:18.254+0000] {dag.py:3239} INFO - Sync 1 DAGs
[2026-09-17T13:00:18.274+0000] {logging_mixin.py:190} INFO - [2026-09-17T13:00:18.274+0000] {dag.py:4180} INFO - Setting next_dagrun for youtube_warehouse_pipeline to None, run_after=None
[2026-09-17T13:00:18.299+0000] {processor.py:208} INFO - Processing /opt/airflow/dags/youtube_warehouse_pipeline.py took 0.182 seconds
[2026-09-17T13:00:48.462+0000] {processor.py:186} INFO - Started process (PID=4661) to work on /opt/airflow/dags/youtube_warehouse_pipeline.py
[2026-09-17T13:00:48.464+0000] {processor.py:914} INFO - Processing file /opt/airflow/dags/youtube_warehouse_pipeline.py for tasks to queue
[2026-09-17T13:00:48.465+0000] {logging_mixin.py:190} INFO - [2026-09-17T13:00:48.465+0000] {dagbag.py:588} INFO - Filling up the DagBag from /opt/airflow/dags/youtube_warehouse_pipeline.py
[2026-09-17T13:00:48.533+0000] {processor.py:925} INFO - DAG(s) 'youtube_warehouse_pipeline' retrieved from /opt/airflow/dags/youtube_warehouse_pipeline.py
[2026-09-17T13:00:48.555+0000] {logging_mixin.py:190} INFO - [2026-09-17T13:00:48.555+0000] {dag.py:3239} INFO - Sync 1 DAGs
[2026-09-17T13:00:48.570+0000] {logging_mixin.py:190} INFO - [2026-09-17T13:00:48.570+0000] {dag.py:4180} INFO - Setting next_dagrun for youtube_warehouse_pipeline to None, run_after=None
[2026-09-17T13:00:48.603+0000] {processor.py:208} INFO - Processing /opt/airflow/dags/youtube_warehouse_pipeline.py took 0.146 seconds
[2026-09-17T13:01:18.803+0000] {processor.py:186} INFO - Started process (PID=4669) to work on /opt/airflow/dags/youtube_warehouse_pipeline.py
[2026-09-17T13:01:18.805+0000] {processor.py:914} INFO - Processing file /opt/airflow/dags/youtube_warehouse_pipeline.py for tasks to queue
[2026-09-17T13:01:18.806+0000] {logging_mixin.py:190} INFO - [2026-09-17T13:01:18.806+0000] {dagbag.py:588} INFO - Filling up the DagBag from /opt/airflow/dags/youtube_warehouse_pipeline.py
[2026-09-17T13:01:18.876+0000] {processor.py:925} INFO - DAG(s) 'youtube_warehouse_pipeline' retrieved from /opt/airflow/dags/youtube_warehouse_pipeline.py
[2026-09-17T13:01:18.899+0000] {logging_mixin.py:190} INFO - [2026-09-17T13:01:18.899+0000] {dag.py:3239} INFO - Sync 1 DAGs
[2026-09-17T13:01:18.915+0000] {logging_mixin.py:190} INFO - [2026-09-17T13:01:18.915+0000] {dag.py:4180} INFO - Setting next_dagrun for youtube_warehouse_pipeline to None, run_after=None
[2026-09-17T13:01:18.939+0000] {processor.py:208} INFO - Processing /opt/airflow/dags/youtube_warehouse_pipeline.py took 0.141 seconds
[2026-09-17T13:01:49.268+0000] {processor.py:186} INFO - Started process (PID=4677) to work on /opt/airflow/dags/youtube_warehouse_pipeline.py
[2026-09-17T13:01:49.270+0000] {processor.py:914} INFO - Processing file /opt/airflow/dags/youtube_warehouse_pipeline.py for tasks to queue
[2026-09-17T13:01:49.272+0000] {logging_mixin.py:190} INFO - [2026-09-17T13:01:49.272+0000] {dagbag.py:588} INFO - Filling up the DagBag from /opt/airflow/dags/youtube_warehouse_pipeline.py
[2026-09-17T13:01:49.361+0000] {processor.py:925} INFO - DAG(s) 'youtube_warehouse_pipeline' retrieved from /opt/airflow/dags/youtube_warehouse_pipeline.py
[2026-09-17T13:01:49.385+0000] {logging_mixin.py:190} INFO - [2026-09-17T13:01:49.385+0000] {dag.py:3239} INFO - Sync 1 DAGs
[2026-09-17T13:01:49.400+0000] {logging_mixin.py:190} INFO - [2026-09-17T13:01:49.400+0000] {dag.py:4180} INFO - Setting next_dagrun for youtube_warehouse_pipeline to None, run_after=None
[2026-09-17T13:01:49.424+0000] {processor.py:208} INFO - Processing /opt/airflow/dags/youtube_warehouse_pipeline.py took 0.162 seconds
[2026-09-17T13:02:19.793+0000] {processor.py:186} INFO - Started process (PID=4685) to work on /opt/airflow/dags/youtube_warehouse_pipeline.py
[2026-09-17T13:02:19.795+0000] {processor.py:914} INFO - Processing file /opt/airflow/dags/youtube_warehouse_pipeline.py for tasks to queue
[2026-09-17T13:02:19.798+0000] {logging_mixin.py:190} INFO - [2026-09-17T13:02:19.798+0000] {dagbag.py:588} INFO - Filling up the DagBag from /opt/airflow/dags/youtube_warehouse_pipeline.py
[2026-09-17T13:02:19.871+0000] {processor.py:925} INFO - DAG(s) 'youtube_warehouse_pipeline' retrieved from /opt/airflow/dags/youtube_warehouse_pipeline.py
[2026-09-17T13:02:19.892+0000] {logging_mixin.py:190} INFO - [2026-09-17T13:02:19.892+0000] {dag.py:3239} INFO - Sync 1 DAGs
[2026-09-17T13:02:19.905+0000] {logging_mixin.py:190} INFO - [2026-09-17T13:02:19.905+0000] {dag.py:4180} INFO - Setting next_dagrun for youtube_warehouse_pipeline to None, run_after=None
[2026-09-17T13:02:19.925+0000] {processor.py:208} INFO - Processing /opt/airflow/dags/youtube_warehouse_pipeline.py took 0.140 seconds
[2026-09-17T13:02:50.158+0000] {processor.py:186} INFO - Started process (PID=4693) to work on /opt/airflow/dags/youtube_warehouse_pipeline.py
[2026-09-17T13:02:50.159+0000] {processor.py:914} INFO - Processing file /opt/airflow/dags/youtube_warehouse_pipeline.py for tasks to queue
[2026-09-17T13:02:50.162+0000] {logging_mixin.py:190} INFO - [2026-09-17T13:02:50.162+0000] {dagbag.py:588} INFO - Filling up the DagBag from /opt/airflow/dags/youtube_warehouse_pipeline.py
[2026-09-17T13:02:50.249+0000] {processor.py:925} INFO - DAG(s) 'youtube_warehouse_pipeline' retrieved from /opt/airflow/dags/youtube_warehouse_pipeline.py
[2026-09-17T13:02:50.280+0000] {logging_mixin.py:190} INFO - [2026-09-17T13:02:50.280+0000] {dag.py:3239} INFO - Sync 1 DAGs
[2026-09-17T13:02:50.298+0000] {logging_mixin.py:190} INFO - [2026-09-17T13:02:50.297+0000] {dag.py:4180} INFO - Setting next_dagrun for youtube_warehouse_pipeline to None, run_after=None
[2026-09-17T13:02:50.336+0000] {processor.py:208} INFO - Processing /opt/airflow/dags/youtube_warehouse_pipeline.py took 0.184 seconds
[2026-09-17T13:03:20.757+0000] {processor.py:186} INFO - Started process (PID=4701) to work on /opt/airflow/dags/youtube_warehouse_pipeline.py
[2026-09-17T13:03:20.759+0000] {processor.py:914} INFO - Processing file /opt/airflow/dags/youtube_warehouse_pipeline.py for tasks to queue
[2026-09-17T13:03:20.761+0000] {logging_mixin.py:190} INFO - [2026-09-17T13:03:20.761+0000] {dagbag.py:588} INFO - Filling up the DagBag from /opt/airflow/dags/youtube_warehouse_pipeline.py
[2026-09-17T13:03:20.833+0000] {processor.py:925} INFO - DAG(s) 'youtube_warehouse_pipeline' retrieved from /opt/airflow/dags/youtube_warehouse_pipeline.py
[2026-09-17T13:03:20.853+0000] {logging_mixin.py:190} INFO - [2026-09-17T13:03:20.852+0000] {dag.py:3239} INFO - Sync 1 DAGs
[2026-09-17T13:03:20.864+0000] {logging_mixin.py:190} INFO - [2026-09-17T13:03:20.864+0000] {dag.py:4180} INFO - Setting next_dagrun for youtube_warehouse_pipeline to None, run_after=None
[2026-09-17T13:03:20.888+0000] {processor.py:208} INFO - Processing /opt/airflow/dags/youtube_warehouse_pipeline.py took 0.138 seconds
[2026-09-17T13:03:51.132+0000] {processor.py:186} INFO - Started process (PID=4709) to work on /opt/airflow/dags/youtube_warehouse_pipeline.py
[2026-09-17T13:03:51.134+0000] {processor.py:914} INFO - Processing file /opt/airflow/dags/youtube_warehouse_pipeline.py for tasks to queue
[2026-09-17T13:03:51.136+0000] {logging_mixin.py:190} INFO - [2026-09-17T13:03:51.136+0000] {dagbag.py:588} INFO - Filling up the DagBag from /opt/airflow/dags/youtube_warehouse_pipeline.py
[2026-09-17T13:03:51.220+0000] {processor.py:925} INFO - DAG(s) 'youtube_warehouse_pipeline' retrieved from /opt/airflow/dags/youtube_warehouse_pipeline.py
[2026-09-17T13:03:51.247+0000] {logging_mixin.py:190} INFO - [2026-09-17T13:03:51.246+0000] {dag.py:3239} INFO - Sync 1 DAGs
[2026-09-17T13:03:51.263+0000] {logging_mixin.py:190} INFO - [2026-09-17T13:03:51.262+0000] {dag.py:4180} INFO - Setting next_dagrun for youtube_warehouse_pipeline to None, run_after=None
[2026-09-17T13:03:51.284+0000] {processor.py:208} INFO - Processing /opt/airflow/dags/youtube_warehouse_pipeline.py took 0.159 seconds
[2026-09-17T13:04:21.850+0000] {processor.py:186} INFO - Started process (PID=4717) to work on /opt/airflow/dags/youtube_warehouse_pipeline.py
[2026-09-17T13:04:21.858+0000] {processor.py:914} INFO - Processing file /opt/airflow/dags/youtube_warehouse_pipeline.py for tasks to queue
[2026-09-17T13:04:21.863+0000] {logging_mixin.py:190} INFO - [2026-09-17T13:04:21.862+0000] {dagbag.py:588} INFO - Filling up the DagBag from /opt/airflow/dags/youtube_warehouse_pipeline.py
[2026-09-17T13:04:21.997+0000] {processor.py:925} INFO - DAG(s) 'youtube_warehouse_pipeline' retrieved from /opt/airflow/dags/youtube_warehouse_pipeline.py
[2026-09-17T13:04:22.028+0000] {logging_mixin.py:190} INFO - [2026-09-17T13:04:22.028+0000] {dag.py:3239} INFO - Sync 1 DAGs
[2026-09-17T13:04:22.055+0000] {logging_mixin.py:190} INFO - [2026-09-17T13:04:22.055+0000] {dag.py:4180} INFO - Setting next_dagrun for youtube_warehouse_pipeline to None, run_after=None
[2026-09-17T13:04:22.085+0000] {processor.py:208} INFO - Processing /opt/airflow/dags/youtube_warehouse_pipeline.py took 0.277 seconds
[2026-09-17T13:04:52.351+0000] {processor.py:186} INFO - Started process (PID=4725) to work on /opt/airflow/dags/youtube_warehouse_pipeline.py
[2026-09-17T13:04:52.353+0000] {processor.py:914} INFO - Processing file /opt/airflow/dags/youtube_warehouse_pipeline.py for tasks to queue
[2026-09-17T13:04:52.355+0000] {logging_mixin.py:190} INFO - [2026-09-17T13:04:52.355+0000] {dagbag.py:588} INFO - Filling up the DagBag from /opt/airflow/dags/youtube_warehouse_pipeline.py
[2026-09-17T13:04:52.473+0000] {processor.py:925} INFO - DAG(s) 'youtube_warehouse_pipeline' retrieved from /opt/airflow/dags/youtube_warehouse_pipeline.py
[2026-09-17T13:04:52.511+0000] {logging_mixin.py:190} INFO - [2026-09-17T13:04:52.511+0000] {dag.py:3239} INFO - Sync 1 DAGs
[2026-09-17T13:04:52.535+0000] {logging_mixin.py:190} INFO - [2026-09-17T13:04:52.535+0000] {dag.py:4180} INFO - Setting next_dagrun for youtube_warehouse_pipeline to None, run_after=None
[2026-09-17T13:04:52.562+0000] {processor.py:208} INFO - Processing /opt/airflow/dags/youtube_warehouse_pipeline.py took 0.217 seconds
[2026-09-17T13:05:23.085+0000] {processor.py:186} INFO - Started process (PID=4733) to work on /opt/airflow/dags/youtube_warehouse_pipeline.py
[2026-09-17T13:05:23.087+0000] {processor.py:914} INFO - Processing file /opt/airflow/dags/youtube_warehouse_pipeline.py for tasks to queue
[2026-09-17T13:05:23.091+0000] {logging_mixin.py:190} INFO - [2026-09-17T13:05:23.090+0000] {dagbag.py:588} INFO - Filling up the DagBag from /opt/airflow/dags/youtube_warehouse_pipeline.py
[2026-09-17T13:05:23.226+0000] {processor.py:925} INFO - DAG(s) 'youtube_warehouse_pipeline' retrieved from /opt/airflow/dags/youtube_warehouse_pipeline.py
[2026-09-17T13:05:23.251+0000] {logging_mixin.py:190} INFO - [2026-09-17T13:05:23.251+0000] {dag.py:3239} INFO - Sync 1 DAGs
[2026-09-17T13:05:23.270+0000] {logging_mixin.py:190} INFO - [2026-09-17T13:05:23.269+0000] {dag.py:4180} INFO - Setting next_dagrun for youtube_warehouse_pipeline to None, run_after=None
[2026-09-17T13:05:23.300+0000] {processor.py:208} INFO - Processing /opt/airflow/dags/youtube_warehouse_pipeline.py took 0.223 seconds
[2026-09-17T13:05:53.386+0000] {processor.py:186} INFO - Started process (PID=4741) to work on /opt/airflow/dags/youtube_warehouse_pipeline.py
[2026-09-17T13:05:53.388+0000] {processor.py:914} INFO - Processing file /opt/airflow/dags/youtube_warehouse_pipeline.py for tasks to queue
[2026-09-17T13:05:53.390+0000] {logging_mixin.py:190} INFO - [2026-09-17T13:05:53.389+0000] {dagbag.py:588} INFO - Filling up the DagBag from /opt/airflow/dags/youtube_warehouse_pipeline.py
[2026-09-17T13:05:53.473+0000] {processor.py:925} INFO - DAG(s) 'youtube_warehouse_pipeline' retrieved from /opt/airflow/dags/youtube_warehouse_pipeline.py
[2026-09-17T13:05:53.493+0000] {logging_mixin.py:190} INFO - [2026-09-17T13:05:53.493+0000] {dag.py:3239} INFO - Sync 1 DAGs
[2026-09-17T13:05:53.508+0000] {logging_mixin.py:190} INFO - [2026-09-17T13:05:53.508+0000] {dag.py:4180} INFO - Setting next_dagrun for youtube_warehouse_pipeline to None, run_after=None
[2026-09-17T13:05:53.530+0000] {processor.py:208} INFO - Processing /opt/airflow/dags/youtube_warehouse_pipeline.py took 0.149 seconds
[2026-09-17T13:06:23.689+0000] {processor.py:186} INFO - Started process (PID=4749) to work on /opt/airflow/dags/youtube_warehouse_pipeline.py
[2026-09-17T13:06:23.692+0000] {processor.py:914} INFO - Processing file /opt/airflow/dags/youtube_warehouse_pipeline.py for tasks to queue
[2026-09-17T13:06:23.693+0000] {logging_mixin.py:190} INFO - [2026-09-17T13:06:23.693+0000] {dagbag.py:588} INFO - Filling up the DagBag from /opt/airflow/dags/youtube_warehouse_pipeline.py
[2026-09-17T13:06:23.789+0000] {processor.py:925} INFO - DAG(s) 'youtube_warehouse_pipeline' retrieved from /opt/airflow/dags/youtube_warehouse_pipeline.py
[2026-09-17T13:06:23.822+0000] {logging_mixin.py:190} INFO - [2026-09-17T13:06:23.821+0000] {dag.py:3239} INFO - Sync 1 DAGs
[2026-09-17T13:06:23.841+0000] {logging_mixin.py:190} INFO - [2026-09-17T13:06:23.841+0000] {dag.py:4180} INFO - Setting next_dagrun for youtube_warehouse_pipeline to None, run_after=None
[2026-09-17T13:06:23.865+0000] {processor.py:208} INFO - Processing /opt/airflow/dags/youtube_warehouse_pipeline.py took 0.183 seconds
[2026-09-17T13:06:54.103+0000] {processor.py:186} INFO - Started process (PID=4757) to work on /opt/airflow/dags/youtube_warehouse_pipeline.py
[2026-09-17T13:06:54.105+0000] {processor.py:914} INFO - Processing file /opt/airflow/dags/youtube_warehouse_pipeline.py for tasks to queue
[2026-09-17T13:06:54.109+0000] {logging_mixin.py:190} INFO - [2026-09-17T13:06:54.109+0000] {dagbag.py:588} INFO - Filling up the DagBag from /opt/airflow/dags/youtube_warehouse_pipeline.py
[2026-09-17T13:06:54.209+0000] {processor.py:925} INFO - DAG(s) 'youtube_warehouse_pipeline' retrieved from /opt/airflow/dags/youtube_warehouse_pipeline.py
[2026-09-17T13:06:54.237+0000] {logging_mixin.py:190} INFO - [2026-09-17T13:06:54.237+0000] {dag.py:3239} INFO - Sync 1 DAGs
[2026-09-17T13:06:54.254+0000] {logging_mixin.py:190} INFO - [2026-09-17T13:06:54.254+0000] {dag.py:4180} INFO - Setting next_dagrun for youtube_warehouse_pipeline to None, run_after=None
[2026-09-17T13:06:54.273+0000] {processor.py:208} INFO - Processing /opt/airflow/dags/youtube_warehouse_pipeline.py took 0.179 seconds
[2026-09-17T13:07:24.455+0000] {processor.py:186} INFO - Started process (PID=4765) to work on /opt/airflow/dags/youtube_warehouse_pipeline.py
[2026-09-17T13:07:24.457+0000] {processor.py:914} INFO - Processing file /opt/airflow/dags/youtube_warehouse_pipeline.py for tasks to queue
[2026-09-17T13:07:24.459+0000] {logging_mixin.py:190} INFO - [2026-09-17T13:07:24.458+0000] {dagbag.py:588} INFO - Filling up the DagBag from /opt/airflow/dags/youtube_warehouse_pipeline.py
[2026-09-17T13:07:24.563+0000] {processor.py:925} INFO - DAG(s) 'youtube_warehouse_pipeline' retrieved from /opt/airflow/dags/youtube_warehouse_pipeline.py
[2026-09-17T13:07:24.594+0000] {logging_mixin.py:190} INFO - [2026-09-17T13:07:24.593+0000] {dag.py:3239} INFO - Sync 1 DAGs
[2026-09-17T13:07:24.613+0000] {logging_mixin.py:190} INFO - [2026-09-17T13:07:24.612+0000] {dag.py:4180} INFO - Setting next_dagrun for youtube_warehouse_pipeline to None, run_after=None
[2026-09-17T13:07:24.637+0000] {processor.py:208} INFO - Processing /opt/airflow/dags/youtube_warehouse_pipeline.py took 0.189 seconds
[2026-09-17T13:07:54.893+0000] {processor.py:186} INFO - Started process (PID=4773) to work on /opt/airflow/dags/youtube_warehouse_pipeline.py
[2026-09-17T13:07:54.895+0000] {processor.py:914} INFO - Processing file /opt/airflow/dags/youtube_warehouse_pipeline.py for tasks to queue
[2026-09-17T13:07:54.898+0000] {logging_mixin.py:190} INFO - [2026-09-17T13:07:54.898+0000] {dagbag.py:588} INFO - Filling up the DagBag from /opt/airflow/dags/youtube_warehouse_pipeline.py
[2026-09-17T13:07:54.975+0000] {processor.py:925} INFO - DAG(s) 'youtube_warehouse_pipeline' retrieved from /opt/airflow/dags/youtube_warehouse_pipeline.py
[2026-09-17T13:07:54.997+0000] {logging_mixin.py:190} INFO - [2026-09-17T13:07:54.996+0000] {dag.py:3239} INFO - Sync 1 DAGs
[2026-09-17T13:07:55.012+0000] {logging_mixin.py:190} INFO - [2026-09-17T13:07:55.012+0000] {dag.py:4180} INFO - Setting next_dagrun for youtube_warehouse_pipeline to None, run_after=None
[2026-09-17T13:07:55.034+0000] {processor.py:208} INFO - Processing /opt/airflow/dags/youtube_warehouse_pipeline.py took 0.147 seconds
[2026-09-17T13:08:25.312+0000] {processor.py:186} INFO - Started process (PID=4781) to work on /opt/airflow/dags/youtube_warehouse_pipeline.py
[2026-09-17T13:08:25.316+0000] {processor.py:914} INFO - Processing file /opt/airflow/dags/youtube_warehouse_pipeline.py for tasks to queue
[2026-09-17T13:08:25.318+0000] {logging_mixin.py:190} INFO - [2026-09-17T13:08:25.318+0000] {dagbag.py:588} INFO - Filling up the DagBag from /opt/airflow/dags/youtube_warehouse_pipeline.py
[2026-09-17T13:08:25.417+0000] {processor.py:925} INFO - DAG(s) 'youtube_warehouse_pipeline' retrieved from /opt/airflow/dags/youtube_warehouse_pipeline.py
[2026-09-17T13:08:25.459+0000] {logging_mixin.py:190} INFO - [2026-09-17T13:08:25.459+0000] {dag.py:3239} INFO - Sync 1 DAGs
[2026-09-17T13:08:25.484+0000] {logging_mixin.py:190} INFO - [2026-09-17T13:08:25.484+0000] {dag.py:4180} INFO - Setting next_dagrun for youtube_warehouse_pipeline to None, run_after=None
[2026-09-17T13:08:25.533+0000] {processor.py:208} INFO - Processing /opt/airflow/dags/youtube_warehouse_pipeline.py took 0.249 seconds
[2026-09-17T13:08:55.844+0000] {processor.py:186} INFO - Started process (PID=4789) to work on /opt/airflow/dags/youtube_warehouse_pipeline.py
[2026-09-17T13:08:55.846+0000] {processor.py:914} INFO - Processing file /opt/airflow/dags/youtube_warehouse_pipeline.py for tasks to queue
[2026-09-17T13:08:55.848+0000] {logging_mixin.py:190} INFO - [2026-09-17T13:08:55.848+0000] {dagbag.py:588} INFO - Filling up the DagBag from /opt/airflow/dags/youtube_warehouse_pipeline.py
[2026-09-17T13:08:55.957+0000] {processor.py:925} INFO - DAG(s) 'youtube_warehouse_pipeline' retrieved from /opt/airflow/dags/youtube_warehouse_pipeline.py
[2026-09-17T13:08:55.980+0000] {logging_mixin.py:190} INFO - [2026-09-17T13:08:55.980+0000] {dag.py:3239} INFO - Sync 1 DAGs
[2026-09-17T13:08:55.996+0000] {logging_mixin.py:190} INFO - [2026-09-17T13:08:55.995+0000] {dag.py:4180} INFO - Setting next_dagrun for youtube_warehouse_pipeline to None, run_after=None
[2026-09-17T13:08:56.017+0000] {processor.py:208} INFO - Processing /opt/airflow/dags/youtube_warehouse_pipeline.py took 0.180 seconds
[2026-09-17T13:09:26.222+0000] {processor.py:186} INFO - Started process (PID=4797) to work on /opt/airflow/dags/youtube_warehouse_pipeline.py
[2026-09-17T13:09:26.225+0000] {processor.py:914} INFO - Processing file /opt/airflow/dags/youtube_warehouse_pipeline.py for tasks to queue
[2026-09-17T13:09:26.228+0000] {logging_mixin.py:190} INFO - [2026-09-17T13:09:26.227+0000] {dagbag.py:588} INFO - Filling up the DagBag from /opt/airflow/dags/youtube_warehouse_pipeline.py
[2026-09-17T13:09:26.308+0000] {processor.py:925} INFO - DAG(s) 'youtube_warehouse_pipeline' retrieved from /opt/airflow/dags/youtube_warehouse_pipeline.py
[2026-09-17T13:09:26.334+0000] {logging_mixin.py:190} INFO - [2026-09-17T13:09:26.334+0000] {dag.py:3239} INFO - Sync 1 DAGs
[2026-09-17T13:09:26.348+0000] {logging_mixin.py:190} INFO - [2026-09-17T13:09:26.348+0000] {dag.py:4180} INFO - Setting next_dagrun for youtube_warehouse_pipeline to None, run_after=None
[2026-09-17T13:09:26.370+0000] {processor.py:208} INFO - Processing /opt/airflow/dags/youtube_warehouse_pipeline.py took 0.160 seconds
[2026-09-17T13:09:56.713+0000] {processor.py:186} INFO - Started process (PID=4805) to work on /opt/airflow/dags/youtube_warehouse_pipeline.py
[2026-09-17T13:09:56.716+0000] {processor.py:914} INFO - Processing file /opt/airflow/dags/youtube_warehouse_pipeline.py for tasks to queue
[2026-09-17T13:09:56.719+0000] {logging_mixin.py:190} INFO - [2026-09-17T13:09:56.719+0000] {dagbag.py:588} INFO - Filling up the DagBag from /opt/airflow/dags/youtube_warehouse_pipeline.py
[2026-09-17T13:09:56.795+0000] {processor.py:925} INFO - DAG(s) 'youtube_warehouse_pipeline' retrieved from /opt/airflow/dags/youtube_warehouse_pipeline.py
[2026-09-17T13:09:56.820+0000] {logging_mixin.py:190} INFO - [2026-09-17T13:09:56.820+0000] {dag.py:3239} INFO - Sync 1 DAGs
[2026-09-17T13:09:56.836+0000] {logging_mixin.py:190} INFO - [2026-09-17T13:09:56.835+0000] {dag.py:4180} INFO - Setting next_dagrun for youtube_warehouse_pipeline to None, run_after=None
[2026-09-17T13:09:56.854+0000] {processor.py:208} INFO - Processing /opt/airflow/dags/youtube_warehouse_pipeline.py took 0.148 seconds
[2026-09-17T13:10:27.093+0000] {processor.py:186} INFO - Started process (PID=4813) to work on /opt/airflow/dags/youtube_warehouse_pipeline.py
[2026-09-17T13:10:27.094+0000] {processor.py:914} INFO - Processing file /opt/airflow/dags/youtube_warehouse_pipeline.py for tasks to queue
[2026-09-17T13:10:27.096+0000] {logging_mixin.py:190} INFO - [2026-09-17T13:10:27.096+0000] {dagbag.py:588} INFO - Filling up the DagBag from /opt/airflow/dags/youtube_warehouse_pipeline.py
[2026-09-17T13:10:27.174+0000] {processor.py:925} INFO - DAG(s) 'youtube_warehouse_pipeline' retrieved from /opt/airflow/dags/youtube_warehouse_pipeline.py
[2026-09-17T13:10:27.199+0000] {logging_mixin.py:190} INFO - [2026-09-17T13:10:27.199+0000] {dag.py:3239} INFO - Sync 1 DAGs
[2026-09-17T13:10:27.213+0000] {logging_mixin.py:190} INFO - [2026-09-17T13:10:27.212+0000] {dag.py:4180} INFO - Setting next_dagrun for youtube_warehouse_pipeline to None, run_after=None
[2026-09-17T13:10:27.233+0000] {processor.py:208} INFO - Processing /opt/airflow/dags/youtube_warehouse_pipeline.py took 0.146 seconds
[2026-09-17T13:10:57.452+0000] {processor.py:186} INFO - Started process (PID=4821) to work on /opt/airflow/dags/youtube_warehouse_pipeline.py
[2026-09-17T13:10:57.453+0000] {processor.py:914} INFO - Processing file /opt/airflow/dags/youtube_warehouse_pipeline.py for tasks to queue
[2026-09-17T13:10:57.455+0000] {logging_mixin.py:190} INFO - [2026-09-17T13:10:57.455+0000] {dagbag.py:588} INFO - Filling up the DagBag from /opt/airflow/dags/youtube_warehouse_pipeline.py
[2026-09-17T13:10:57.568+0000] {processor.py:925} INFO - DAG(s) 'youtube_warehouse_pipeline' retrieved from /opt/airflow/dags/youtube_warehouse_pipeline.py
[2026-09-17T13:10:57.600+0000] {logging_mixin.py:190} INFO - [2026-09-17T13:10:57.600+0000] {dag.py:3239} INFO - Sync 1 DAGs
[2026-09-17T13:10:57.621+0000] {logging_mixin.py:190} INFO - [2026-09-17T13:10:57.621+0000] {dag.py:4180} INFO - Setting next_dagrun for youtube_warehouse_pipeline to None, run_after=None
[2026-09-17T13:10:57.645+0000] {processor.py:208} INFO - Processing /opt/airflow/dags/youtube_warehouse_pipeline.py took 0.200 seconds
[2026-09-17T13:11:27.991+0000] {processor.py:186} INFO - Started process (PID=4829) to work on /opt/airflow/dags/youtube_warehouse_pipeline.py
[2026-09-17T13:11:27.992+0000] {processor.py:914} INFO - Processing file /opt/airflow/dags/youtube_warehouse_pipeline.py for tasks to queue
[2026-09-17T13:11:27.995+0000] {logging_mixin.py:190} INFO - [2026-09-17T13:11:27.995+0000] {dagbag.py:588} INFO - Filling up the DagBag from /opt/airflow/dags/youtube_warehouse_pipeline.py
[2026-09-17T13:11:28.105+0000] {processor.py:925} INFO - DAG(s) 'youtube_warehouse_pipeline' retrieved from /opt/airflow/dags/youtube_warehouse_pipeline.py
[2026-09-17T13:11:28.129+0000] {logging_mixin.py:190} INFO - [2026-09-17T13:11:28.128+0000] {dag.py:3239} INFO - Sync 1 DAGs
[2026-09-17T13:11:28.143+0000] {logging_mixin.py:190} INFO - [2026-09-17T13:11:28.143+0000] {dag.py:4180} INFO - Setting next_dagrun for youtube_warehouse_pipeline to None, run_after=None
[2026-09-17T13:11:28.166+0000] {processor.py:208} INFO - Processing /opt/airflow/dags/youtube_warehouse_pipeline.py took 0.182 seconds
[2026-09-17T13:11:58.520+0000] {processor.py:186} INFO - Started process (PID=4837) to work on /opt/airflow/dags/youtube_warehouse_pipeline.py
[2026-09-17T13:11:58.524+0000] {processor.py:914} INFO - Processing file /opt/airflow/dags/youtube_warehouse_pipeline.py for tasks to queue
[2026-09-17T13:11:58.530+0000] {logging_mixin.py:190} INFO - [2026-09-17T13:11:58.529+0000] {dagbag.py:588} INFO - Filling up the DagBag from /opt/airflow/dags/youtube_warehouse_pipeline.py
[2026-09-17T13:11:58.650+0000] {processor.py:925} INFO - DAG(s) 'youtube_warehouse_pipeline' retrieved from /opt/airflow/dags/youtube_warehouse_pipeline.py
[2026-09-17T13:11:58.697+0000] {logging_mixin.py:190} INFO - [2026-09-17T13:11:58.696+0000] {dag.py:3239} INFO - Sync 1 DAGs
[2026-09-17T13:11:58.716+0000] {logging_mixin.py:190} INFO - [2026-09-17T13:11:58.716+0000] {dag.py:4180} INFO - Setting next_dagrun for youtube_warehouse_pipeline to None, run_after=None
[2026-09-17T13:11:58.766+0000] {processor.py:208} INFO - Processing /opt/airflow/dags/youtube_warehouse_pipeline.py took 0.255 seconds
[2026-09-17T13:12:28.868+0000] {processor.py:186} INFO - Started process (PID=4845) to work on /opt/airflow/dags/youtube_warehouse_pipeline.py
[2026-09-17T13:12:28.870+0000] {processor.py:914} INFO - Processing file /opt/airflow/dags/youtube_warehouse_pipeline.py for tasks to queue
[2026-09-17T13:12:28.872+0000] {logging_mixin.py:190} INFO - [2026-09-17T13:12:28.872+0000] {dagbag.py:588} INFO - Filling up the DagBag from /opt/airflow/dags/youtube_warehouse_pipeline.py
[2026-09-17T13:12:28.951+0000] {processor.py:925} INFO - DAG(s) 'youtube_warehouse_pipeline' retrieved from /opt/airflow/dags/youtube_warehouse_pipeline.py
[2026-09-17T13:12:28.975+0000] {logging_mixin.py:190} INFO - [2026-09-17T13:12:28.975+0000] {dag.py:3239} INFO - Sync 1 DAGs
[2026-09-17T13:12:28.991+0000] {logging_mixin.py:190} INFO - [2026-09-17T13:12:28.991+0000] {dag.py:4180} INFO - Setting next_dagrun for youtube_warehouse_pipeline to None, run_after=None
[2026-09-17T13:12:29.010+0000] {processor.py:208} INFO - Processing /opt/airflow/dags/youtube_warehouse_pipeline.py took 0.150 seconds
[2026-09-17T13:12:59.204+0000] {processor.py:186} INFO - Started process (PID=4853) to work on /opt/airflow/dags/youtube_warehouse_pipeline.py
[2026-09-17T13:12:59.206+0000] {processor.py:914} INFO - Processing file /opt/airflow/dags/youtube_warehouse_pipeline.py for tasks to queue
[2026-09-17T13:12:59.209+0000] {logging_mixin.py:190} INFO - [2026-09-17T13:12:59.208+0000] {dagbag.py:588} INFO - Filling up the DagBag from /opt/airflow/dags/youtube_warehouse_pipeline.py
[2026-09-17T13:12:59.285+0000] {processor.py:925} INFO - DAG(s) 'youtube_warehouse_pipeline' retrieved from /opt/airflow/dags/youtube_warehouse_pipeline.py
[2026-09-17T13:12:59.311+0000] {logging_mixin.py:190} INFO - [2026-09-17T13:12:59.311+0000] {dag.py:3239} INFO - Sync 1 DAGs
[2026-09-17T13:12:59.328+0000] {logging_mixin.py:190} INFO - [2026-09-17T13:12:59.327+0000] {dag.py:4180} INFO - Setting next_dagrun for youtube_warehouse_pipeline to None, run_after=None
[2026-09-17T13:12:59.349+0000] {processor.py:208} INFO - Processing /opt/airflow/dags/youtube_warehouse_pipeline.py took 0.152 seconds
[2026-09-17T13:13:29.847+0000] {processor.py:186} INFO - Started process (PID=4861) to work on /opt/airflow/dags/youtube_warehouse_pipeline.py
[2026-09-17T13:13:29.896+0000] {processor.py:914} INFO - Processing file /opt/airflow/dags/youtube_warehouse_pipeline.py for tasks to queue
[2026-09-17T13:13:29.922+0000] {logging_mixin.py:190} INFO - [2026-09-17T13:13:29.914+0000] {dagbag.py:588} INFO - Filling up the DagBag from /opt/airflow/dags/youtube_warehouse_pipeline.py
[2026-09-17T13:13:30.369+0000] {processor.py:925} INFO - DAG(s) 'youtube_warehouse_pipeline' retrieved from /opt/airflow/dags/youtube_warehouse_pipeline.py
[2026-09-17T13:13:30.655+0000] {logging_mixin.py:190} INFO - [2026-09-17T13:13:30.654+0000] {dag.py:3239} INFO - Sync 1 DAGs
[2026-09-17T13:13:30.845+0000] {logging_mixin.py:190} INFO - [2026-09-17T13:13:30.845+0000] {dag.py:4180} INFO - Setting next_dagrun for youtube_warehouse_pipeline to None, run_after=None
[2026-09-17T13:13:30.983+0000] {processor.py:208} INFO - Processing /opt/airflow/dags/youtube_warehouse_pipeline.py took 1.290 seconds
[2026-09-17T13:14:01.394+0000] {processor.py:186} INFO - Started process (PID=4869) to work on /opt/airflow/dags/youtube_warehouse_pipeline.py
[2026-09-17T13:14:01.396+0000] {processor.py:914} INFO - Processing file /opt/airflow/dags/youtube_warehouse_pipeline.py for tasks to queue
[2026-09-17T13:14:01.401+0000] {logging_mixin.py:190} INFO - [2026-09-17T13:14:01.400+0000] {dagbag.py:588} INFO - Filling up the DagBag from /opt/airflow/dags/youtube_warehouse_pipeline.py
[2026-09-17T13:14:01.506+0000] {processor.py:925} INFO - DAG(s) 'youtube_warehouse_pipeline' retrieved from /opt/airflow/dags/youtube_warehouse_pipeline.py
[2026-09-17T13:14:01.535+0000] {logging_mixin.py:190} INFO - [2026-09-17T13:14:01.535+0000] {dag.py:3239} INFO - Sync 1 DAGs
[2026-09-17T13:14:01.597+0000] {logging_mixin.py:190} INFO - [2026-09-17T13:14:01.597+0000] {dag.py:4180} INFO - Setting next_dagrun for youtube_warehouse_pipeline to None, run_after=None
[2026-09-17T13:14:01.635+0000] {processor.py:208} INFO - Processing /opt/airflow/dags/youtube_warehouse_pipeline.py took 0.250 seconds
[2026-09-17T13:14:32.011+0000] {processor.py:186} INFO - Started process (PID=4877) to work on /opt/airflow/dags/youtube_warehouse_pipeline.py
[2026-09-17T13:14:32.014+0000] {processor.py:914} INFO - Processing file /opt/airflow/dags/youtube_warehouse_pipeline.py for tasks to queue
[2026-09-17T13:14:32.016+0000] {logging_mixin.py:190} INFO - [2026-09-17T13:14:32.015+0000] {dagbag.py:588} INFO - Filling up the DagBag from /opt/airflow/dags/youtube_warehouse_pipeline.py
[2026-09-17T13:14:32.155+0000] {processor.py:925} INFO - DAG(s) 'youtube_warehouse_pipeline' retrieved from /opt/airflow/dags/youtube_warehouse_pipeline.py
[2026-09-17T13:14:32.186+0000] {logging_mixin.py:190} INFO - [2026-09-17T13:14:32.186+0000] {dag.py:3239} INFO - Sync 1 DAGs
[2026-09-17T13:14:32.207+0000] {logging_mixin.py:190} INFO - [2026-09-17T13:14:32.207+0000] {dag.py:4180} INFO - Setting next_dagrun for youtube_warehouse_pipeline to None, run_after=None
[2026-09-17T13:14:32.251+0000] {processor.py:208} INFO - Processing /opt/airflow/dags/youtube_warehouse_pipeline.py took 0.246 seconds
[2026-09-17T13:15:02.612+0000] {processor.py:186} INFO - Started process (PID=4886) to work on /opt/airflow/dags/youtube_warehouse_pipeline.py
[2026-09-17T13:15:02.614+0000] {processor.py:914} INFO - Processing file /opt/airflow/dags/youtube_warehouse_pipeline.py for tasks to queue
[2026-09-17T13:15:02.618+0000] {logging_mixin.py:190} INFO - [2026-09-17T13:15:02.618+0000] {dagbag.py:588} INFO - Filling up the DagBag from /opt/airflow/dags/youtube_warehouse_pipeline.py
[2026-09-17T13:15:02.703+0000] {processor.py:925} INFO - DAG(s) 'youtube_warehouse_pipeline' retrieved from /opt/airflow/dags/youtube_warehouse_pipeline.py
[2026-09-17T13:15:02.726+0000] {logging_mixin.py:190} INFO - [2026-09-17T13:15:02.725+0000] {dag.py:3239} INFO - Sync 1 DAGs
[2026-09-17T13:15:02.740+0000] {logging_mixin.py:190} INFO - [2026-09-17T13:15:02.740+0000] {dag.py:4180} INFO - Setting next_dagrun for youtube_warehouse_pipeline to None, run_after=None
[2026-09-17T13:15:02.763+0000] {processor.py:208} INFO - Processing /opt/airflow/dags/youtube_warehouse_pipeline.py took 0.159 seconds
[2026-09-17T13:15:33.198+0000] {processor.py:186} INFO - Started process (PID=4894) to work on /opt/airflow/dags/youtube_warehouse_pipeline.py
[2026-09-17T13:15:33.201+0000] {processor.py:914} INFO - Processing file /opt/airflow/dags/youtube_warehouse_pipeline.py for tasks to queue
[2026-09-17T13:15:33.202+0000] {logging_mixin.py:190} INFO - [2026-09-17T13:15:33.202+0000] {dagbag.py:588} INFO - Filling up the DagBag from /opt/airflow/dags/youtube_warehouse_pipeline.py
[2026-09-17T13:15:33.276+0000] {processor.py:925} INFO - DAG(s) 'youtube_warehouse_pipeline' retrieved from /opt/airflow/dags/youtube_warehouse_pipeline.py
[2026-09-17T13:15:33.296+0000] {logging_mixin.py:190} INFO - [2026-09-17T13:15:33.296+0000] {dag.py:3239} INFO - Sync 1 DAGs
[2026-09-17T13:15:33.313+0000] {logging_mixin.py:190} INFO - [2026-09-17T13:15:33.313+0000] {dag.py:4180} INFO - Setting next_dagrun for youtube_warehouse_pipeline to None, run_after=None
[2026-09-17T13:15:33.335+0000] {processor.py:208} INFO - Processing /opt/airflow/dags/youtube_warehouse_pipeline.py took 0.143 seconds
[2026-09-17T13:16:03.508+0000] {processor.py:186} INFO - Started process (PID=4902) to work on /opt/airflow/dags/youtube_warehouse_pipeline.py
[2026-09-17T13:16:03.509+0000] {processor.py:914} INFO - Processing file /opt/airflow/dags/youtube_warehouse_pipeline.py for tasks to queue
[2026-09-17T13:16:03.511+0000] {logging_mixin.py:190} INFO - [2026-09-17T13:16:03.511+0000] {dagbag.py:588} INFO - Filling up the DagBag from /opt/airflow/dags/youtube_warehouse_pipeline.py
[2026-09-17T13:16:03.584+0000] {processor.py:925} INFO - DAG(s) 'youtube_warehouse_pipeline' retrieved from /opt/airflow/dags/youtube_warehouse_pipeline.py
[2026-09-17T13:16:03.605+0000] {logging_mixin.py:190} INFO - [2026-09-17T13:16:03.605+0000] {dag.py:3239} INFO - Sync 1 DAGs
[2026-09-17T13:16:03.620+0000] {logging_mixin.py:190} INFO - [2026-09-17T13:16:03.620+0000] {dag.py:4180} INFO - Setting next_dagrun for youtube_warehouse_pipeline to None, run_after=None
[2026-09-17T13:16:03.640+0000] {processor.py:208} INFO - Processing /opt/airflow/dags/youtube_warehouse_pipeline.py took 0.137 seconds
[2026-09-17T13:16:33.939+0000] {processor.py:186} INFO - Started process (PID=4910) to work on /opt/airflow/dags/youtube_warehouse_pipeline.py
[2026-09-17T13:16:33.941+0000] {processor.py:914} INFO - Processing file /opt/airflow/dags/youtube_warehouse_pipeline.py for tasks to queue
[2026-09-17T13:16:33.944+0000] {logging_mixin.py:190} INFO - [2026-09-17T13:16:33.943+0000] {dagbag.py:588} INFO - Filling up the DagBag from /opt/airflow/dags/youtube_warehouse_pipeline.py
[2026-09-17T13:16:34.035+0000] {processor.py:925} INFO - DAG(s) 'youtube_warehouse_pipeline' retrieved from /opt/airflow/dags/youtube_warehouse_pipeline.py
[2026-09-17T13:16:34.055+0000] {logging_mixin.py:190} INFO - [2026-09-17T13:16:34.054+0000] {dag.py:3239} INFO - Sync 1 DAGs
[2026-09-17T13:16:34.068+0000] {logging_mixin.py:190} INFO - [2026-09-17T13:16:34.067+0000] {dag.py:4180} INFO - Setting next_dagrun for youtube_warehouse_pipeline to None, run_after=None
[2026-09-17T13:16:34.089+0000] {processor.py:208} INFO - Processing /opt/airflow/dags/youtube_warehouse_pipeline.py took 0.158 seconds
[2026-09-17T13:17:04.287+0000] {processor.py:186} INFO - Started process (PID=4918) to work on /opt/airflow/dags/youtube_warehouse_pipeline.py
[2026-09-17T13:17:04.289+0000] {processor.py:914} INFO - Processing file /opt/airflow/dags/youtube_warehouse_pipeline.py for tasks to queue
[2026-09-17T13:17:04.290+0000] {logging_mixin.py:190} INFO - [2026-09-17T13:17:04.290+0000] {dagbag.py:588} INFO - Filling up the DagBag from /opt/airflow/dags/youtube_warehouse_pipeline.py
[2026-09-17T13:17:04.405+0000] {processor.py:925} INFO - DAG(s) 'youtube_warehouse_pipeline' retrieved from /opt/airflow/dags/youtube_warehouse_pipeline.py
[2026-09-17T13:17:04.428+0000] {logging_mixin.py:190} INFO - [2026-09-17T13:17:04.427+0000] {dag.py:3239} INFO - Sync 1 DAGs
[2026-09-17T13:17:04.441+0000] {logging_mixin.py:190} INFO - [2026-09-17T13:17:04.441+0000] {dag.py:4180} INFO - Setting next_dagrun for youtube_warehouse_pipeline to None, run_after=None
[2026-09-17T13:17:04.462+0000] {processor.py:208} INFO - Processing /opt/airflow/dags/youtube_warehouse_pipeline.py took 0.181 seconds
[2026-09-17T13:17:34.693+0000] {processor.py:186} INFO - Started process (PID=4927) to work on /opt/airflow/dags/youtube_warehouse_pipeline.py
[2026-09-17T13:17:34.695+0000] {processor.py:914} INFO - Processing file /opt/airflow/dags/youtube_warehouse_pipeline.py for tasks to queue
[2026-09-17T13:17:34.697+0000] {logging_mixin.py:190} INFO - [2026-09-17T13:17:34.697+0000] {dagbag.py:588} INFO - Filling up the DagBag from /opt/airflow/dags/youtube_warehouse_pipeline.py
[2026-09-17T13:17:34.767+0000] {processor.py:925} INFO - DAG(s) 'youtube_warehouse_pipeline' retrieved from /opt/airflow/dags/youtube_warehouse_pipeline.py
[2026-09-17T13:17:34.789+0000] {logging_mixin.py:190} INFO - [2026-09-17T13:17:34.788+0000] {dag.py:3239} INFO - Sync 1 DAGs
[2026-09-17T13:17:34.803+0000] {logging_mixin.py:190} INFO - [2026-09-17T13:17:34.803+0000] {dag.py:4180} INFO - Setting next_dagrun for youtube_warehouse_pipeline to None, run_after=None
[2026-09-17T13:17:34.824+0000] {processor.py:208} INFO - Processing /opt/airflow/dags/youtube_warehouse_pipeline.py took 0.137 seconds
[2026-09-17T13:18:05.047+0000] {processor.py:186} INFO - Started process (PID=4935) to work on /opt/airflow/dags/youtube_warehouse_pipeline.py
[2026-09-17T13:18:05.050+0000] {processor.py:914} INFO - Processing file /opt/airflow/dags/youtube_warehouse_pipeline.py for tasks to queue
[2026-09-17T13:18:05.052+0000] {logging_mixin.py:190} INFO - [2026-09-17T13:18:05.051+0000] {dagbag.py:588} INFO - Filling up the DagBag from /opt/airflow/dags/youtube_warehouse_pipeline.py
[2026-09-17T13:18:05.127+0000] {processor.py:925} INFO - DAG(s) 'youtube_warehouse_pipeline' retrieved from /opt/airflow/dags/youtube_warehouse_pipeline.py
[2026-09-17T13:18:05.148+0000] {logging_mixin.py:190} INFO - [2026-09-17T13:18:05.148+0000] {dag.py:3239} INFO - Sync 1 DAGs
[2026-09-17T13:18:05.166+0000] {logging_mixin.py:190} INFO - [2026-09-17T13:18:05.166+0000] {dag.py:4180} INFO - Setting next_dagrun for youtube_warehouse_pipeline to None, run_after=None
[2026-09-17T13:18:05.188+0000] {processor.py:208} INFO - Processing /opt/airflow/dags/youtube_warehouse_pipeline.py took 0.149 seconds
[2026-09-17T13:18:35.562+0000] {processor.py:186} INFO - Started process (PID=4943) to work on /opt/airflow/dags/youtube_warehouse_pipeline.py
[2026-09-17T13:18:35.564+0000] {processor.py:914} INFO - Processing file /opt/airflow/dags/youtube_warehouse_pipeline.py for tasks to queue
[2026-09-17T13:18:35.567+0000] {logging_mixin.py:190} INFO - [2026-09-17T13:18:35.566+0000] {dagbag.py:588} INFO - Filling up the DagBag from /opt/airflow/dags/youtube_warehouse_pipeline.py
[2026-09-17T13:18:35.642+0000] {processor.py:925} INFO - DAG(s) 'youtube_warehouse_pipeline' retrieved from /opt/airflow/dags/youtube_warehouse_pipeline.py
[2026-09-17T13:18:35.665+0000] {logging_mixin.py:190} INFO - [2026-09-17T13:18:35.664+0000] {dag.py:3239} INFO - Sync 1 DAGs
[2026-09-17T13:18:35.681+0000] {logging_mixin.py:190} INFO - [2026-09-17T13:18:35.681+0000] {dag.py:4180} INFO - Setting next_dagrun for youtube_warehouse_pipeline to None, run_after=None
[2026-09-17T13:18:35.702+0000] {processor.py:208} INFO - Processing /opt/airflow/dags/youtube_warehouse_pipeline.py took 0.146 seconds
[2026-09-17T13:19:06.070+0000] {processor.py:186} INFO - Started process (PID=4951) to work on /opt/airflow/dags/youtube_warehouse_pipeline.py
[2026-09-17T13:19:06.072+0000] {processor.py:914} INFO - Processing file /opt/airflow/dags/youtube_warehouse_pipeline.py for tasks to queue
[2026-09-17T13:19:06.074+0000] {logging_mixin.py:190} INFO - [2026-09-17T13:19:06.073+0000] {dagbag.py:588} INFO - Filling up the DagBag from /opt/airflow/dags/youtube_warehouse_pipeline.py
[2026-09-17T13:19:06.154+0000] {processor.py:925} INFO - DAG(s) 'youtube_warehouse_pipeline' retrieved from /opt/airflow/dags/youtube_warehouse_pipeline.py
[2026-09-17T13:19:06.176+0000] {logging_mixin.py:190} INFO - [2026-09-17T13:19:06.175+0000] {dag.py:3239} INFO - Sync 1 DAGs
[2026-09-17T13:19:06.190+0000] {logging_mixin.py:190} INFO - [2026-09-17T13:19:06.189+0000] {dag.py:4180} INFO - Setting next_dagrun for youtube_warehouse_pipeline to None, run_after=None
[2026-09-17T13:19:06.216+0000] {processor.py:208} INFO - Processing /opt/airflow/dags/youtube_warehouse_pipeline.py took 0.155 seconds
[2026-09-17T13:19:36.590+0000] {processor.py:186} INFO - Started process (PID=4959) to work on /opt/airflow/dags/youtube_warehouse_pipeline.py
[2026-09-17T13:19:36.593+0000] {processor.py:914} INFO - Processing file /opt/airflow/dags/youtube_warehouse_pipeline.py for tasks to queue
[2026-09-17T13:19:36.596+0000] {logging_mixin.py:190} INFO - [2026-09-17T13:19:36.595+0000] {dagbag.py:588} INFO - Filling up the DagBag from /opt/airflow/dags/youtube_warehouse_pipeline.py
[2026-09-17T13:19:36.682+0000] {processor.py:925} INFO - DAG(s) 'youtube_warehouse_pipeline' retrieved from /opt/airflow/dags/youtube_warehouse_pipeline.py
[2026-09-17T13:19:36.711+0000] {logging_mixin.py:190} INFO - [2026-09-17T13:19:36.711+0000] {dag.py:3239} INFO - Sync 1 DAGs
[2026-09-17T13:19:36.726+0000] {logging_mixin.py:190} INFO - [2026-09-17T13:19:36.726+0000] {dag.py:4180} INFO - Setting next_dagrun for youtube_warehouse_pipeline to None, run_after=None
[2026-09-17T13:19:36.749+0000] {processor.py:208} INFO - Processing /opt/airflow/dags/youtube_warehouse_pipeline.py took 0.165 seconds
[2026-09-17T13:20:07.001+0000] {processor.py:186} INFO - Started process (PID=4967) to work on /opt/airflow/dags/youtube_warehouse_pipeline.py
[2026-09-17T13:20:07.003+0000] {processor.py:914} INFO - Processing file /opt/airflow/dags/youtube_warehouse_pipeline.py for tasks to queue
[2026-09-17T13:20:07.005+0000] {logging_mixin.py:190} INFO - [2026-09-17T13:20:07.004+0000] {dagbag.py:588} INFO - Filling up the DagBag from /opt/airflow/dags/youtube_warehouse_pipeline.py
[2026-09-17T13:20:07.069+0000] {processor.py:925} INFO - DAG(s) 'youtube_warehouse_pipeline' retrieved from /opt/airflow/dags/youtube_warehouse_pipeline.py
[2026-09-17T13:20:07.087+0000] {logging_mixin.py:190} INFO - [2026-09-17T13:20:07.086+0000] {dag.py:3239} INFO - Sync 1 DAGs
[2026-09-17T13:20:07.099+0000] {logging_mixin.py:190} INFO - [2026-09-17T13:20:07.099+0000] {dag.py:4180} INFO - Setting next_dagrun for youtube_warehouse_pipeline to None, run_after=None
[2026-09-17T13:20:07.119+0000] {processor.py:208} INFO - Processing /opt/airflow/dags/youtube_warehouse_pipeline.py took 0.128 seconds
[2026-09-17T13:20:37.456+0000] {processor.py:186} INFO - Started process (PID=4975) to work on /opt/airflow/dags/youtube_warehouse_pipeline.py
[2026-09-17T13:20:37.459+0000] {processor.py:914} INFO - Processing file /opt/airflow/dags/youtube_warehouse_pipeline.py for tasks to queue
[2026-09-17T13:20:37.461+0000] {logging_mixin.py:190} INFO - [2026-09-17T13:20:37.461+0000] {dagbag.py:588} INFO - Filling up the DagBag from /opt/airflow/dags/youtube_warehouse_pipeline.py
[2026-09-17T13:20:37.560+0000] {processor.py:925} INFO - DAG(s) 'youtube_warehouse_pipeline' retrieved from /opt/airflow/dags/youtube_warehouse_pipeline.py
[2026-09-17T13:20:37.591+0000] {logging_mixin.py:190} INFO - [2026-09-17T13:20:37.591+0000] {dag.py:3239} INFO - Sync 1 DAGs
[2026-09-17T13:20:37.604+0000] {logging_mixin.py:190} INFO - [2026-09-17T13:20:37.604+0000] {dag.py:4180} INFO - Setting next_dagrun for youtube_warehouse_pipeline to None, run_after=None
[2026-09-17T13:20:37.624+0000] {processor.py:208} INFO - Processing /opt/airflow/dags/youtube_warehouse_pipeline.py took 0.176 seconds
[2026-09-17T13:21:07.978+0000] {processor.py:186} INFO - Started process (PID=4983) to work on /opt/airflow/dags/youtube_warehouse_pipeline.py
[2026-09-17T13:21:07.980+0000] {processor.py:914} INFO - Processing file /opt/airflow/dags/youtube_warehouse_pipeline.py for tasks to queue
[2026-09-17T13:21:07.982+0000] {logging_mixin.py:190} INFO - [2026-09-17T13:21:07.982+0000] {dagbag.py:588} INFO - Filling up the DagBag from /opt/airflow/dags/youtube_warehouse_pipeline.py
[2026-09-17T13:21:08.063+0000] {processor.py:925} INFO - DAG(s) 'youtube_warehouse_pipeline' retrieved from /opt/airflow/dags/youtube_warehouse_pipeline.py
[2026-09-17T13:21:08.082+0000] {logging_mixin.py:190} INFO - [2026-09-17T13:21:08.082+0000] {dag.py:3239} INFO - Sync 1 DAGs
[2026-09-17T13:21:08.097+0000] {logging_mixin.py:190} INFO - [2026-09-17T13:21:08.097+0000] {dag.py:4180} INFO - Setting next_dagrun for youtube_warehouse_pipeline to None, run_after=None
[2026-09-17T13:21:08.120+0000] {processor.py:208} INFO - Processing /opt/airflow/dags/youtube_warehouse_pipeline.py took 0.150 seconds
[2026-09-17T13:21:38.299+0000] {processor.py:186} INFO - Started process (PID=4991) to work on /opt/airflow/dags/youtube_warehouse_pipeline.py
[2026-09-17T13:21:38.300+0000] {processor.py:914} INFO - Processing file /opt/airflow/dags/youtube_warehouse_pipeline.py for tasks to queue
[2026-09-17T13:21:38.302+0000] {logging_mixin.py:190} INFO - [2026-09-17T13:21:38.302+0000] {dagbag.py:588} INFO - Filling up the DagBag from /opt/airflow/dags/youtube_warehouse_pipeline.py
[2026-09-17T13:21:38.386+0000] {processor.py:925} INFO - DAG(s) 'youtube_warehouse_pipeline' retrieved from /opt/airflow/dags/youtube_warehouse_pipeline.py
[2026-09-17T13:21:38.412+0000] {logging_mixin.py:190} INFO - [2026-09-17T13:21:38.412+0000] {dag.py:3239} INFO - Sync 1 DAGs
[2026-09-17T13:21:38.428+0000] {logging_mixin.py:190} INFO - [2026-09-17T13:21:38.428+0000] {dag.py:4180} INFO - Setting next_dagrun for youtube_warehouse_pipeline to None, run_after=None
[2026-09-17T13:21:38.452+0000] {processor.py:208} INFO - Processing /opt/airflow/dags/youtube_warehouse_pipeline.py took 0.163 seconds
[2026-09-17T13:22:08.739+0000] {processor.py:186} INFO - Started process (PID=4999) to work on /opt/airflow/dags/youtube_warehouse_pipeline.py
[2026-09-17T13:22:08.741+0000] {processor.py:914} INFO - Processing file /opt/airflow/dags/youtube_warehouse_pipeline.py for tasks to queue
[2026-09-17T13:22:08.744+0000] {logging_mixin.py:190} INFO - [2026-09-17T13:22:08.743+0000] {dagbag.py:588} INFO - Filling up the DagBag from /opt/airflow/dags/youtube_warehouse_pipeline.py
[2026-09-17T13:22:08.831+0000] {processor.py:925} INFO - DAG(s) 'youtube_warehouse_pipeline' retrieved from /opt/airflow/dags/youtube_warehouse_pipeline.py
[2026-09-17T13:22:08.872+0000] {logging_mixin.py:190} INFO - [2026-09-17T13:22:08.872+0000] {dag.py:3239} INFO - Sync 1 DAGs
[2026-09-17T13:22:08.895+0000] {logging_mixin.py:190} INFO - [2026-09-17T13:22:08.895+0000] {dag.py:4180} INFO - Setting next_dagrun for youtube_warehouse_pipeline to None, run_after=None
[2026-09-17T13:22:08.920+0000] {processor.py:208} INFO - Processing /opt/airflow/dags/youtube_warehouse_pipeline.py took 0.191 seconds
[2026-09-17T13:22:39.274+0000] {processor.py:186} INFO - Started process (PID=5007) to work on /opt/airflow/dags/youtube_warehouse_pipeline.py
[2026-09-17T13:22:39.277+0000] {processor.py:914} INFO - Processing file /opt/airflow/dags/youtube_warehouse_pipeline.py for tasks to queue
[2026-09-17T13:22:39.283+0000] {logging_mixin.py:190} INFO - [2026-09-17T13:22:39.282+0000] {dagbag.py:588} INFO - Filling up the DagBag from /opt/airflow/dags/youtube_warehouse_pipeline.py
[2026-09-17T13:22:39.380+0000] {processor.py:925} INFO - DAG(s) 'youtube_warehouse_pipeline' retrieved from /opt/airflow/dags/youtube_warehouse_pipeline.py
[2026-09-17T13:22:39.406+0000] {logging_mixin.py:190} INFO - [2026-09-17T13:22:39.405+0000] {dag.py:3239} INFO - Sync 1 DAGs
[2026-09-17T13:22:39.421+0000] {logging_mixin.py:190} INFO - [2026-09-17T13:22:39.421+0000] {dag.py:4180} INFO - Setting next_dagrun for youtube_warehouse_pipeline to None, run_after=None
[2026-09-17T13:22:39.445+0000] {processor.py:208} INFO - Processing /opt/airflow/dags/youtube_warehouse_pipeline.py took 0.184 seconds
[2026-09-17T13:23:09.621+0000] {processor.py:186} INFO - Started process (PID=5015) to work on /opt/airflow/dags/youtube_warehouse_pipeline.py
[2026-09-17T13:23:09.622+0000] {processor.py:914} INFO - Processing file /opt/airflow/dags/youtube_warehouse_pipeline.py for tasks to queue
[2026-09-17T13:23:09.624+0000] {logging_mixin.py:190} INFO - [2026-09-17T13:23:09.623+0000] {dagbag.py:588} INFO - Filling up the DagBag from /opt/airflow/dags/youtube_warehouse_pipeline.py
[2026-09-17T13:23:09.723+0000] {processor.py:925} INFO - DAG(s) 'youtube_warehouse_pipeline' retrieved from /opt/airflow/dags/youtube_warehouse_pipeline.py
[2026-09-17T13:23:09.744+0000] {logging_mixin.py:190} INFO - [2026-09-17T13:23:09.744+0000] {dag.py:3239} INFO - Sync 1 DAGs
[2026-09-17T13:23:09.758+0000] {logging_mixin.py:190} INFO - [2026-09-17T13:23:09.758+0000] {dag.py:4180} INFO - Setting next_dagrun for youtube_warehouse_pipeline to None, run_after=None
[2026-09-17T13:23:09.777+0000] {processor.py:208} INFO - Processing /opt/airflow/dags/youtube_warehouse_pipeline.py took 0.163 seconds
[2026-09-17T13:23:40.098+0000] {processor.py:186} INFO - Started process (PID=5023) to work on /opt/airflow/dags/youtube_warehouse_pipeline.py
[2026-09-17T13:23:40.101+0000] {processor.py:914} INFO - Processing file /opt/airflow/dags/youtube_warehouse_pipeline.py for tasks to queue
[2026-09-17T13:23:40.103+0000] {logging_mixin.py:190} INFO - [2026-09-17T13:23:40.103+0000] {dagbag.py:588} INFO - Filling up the DagBag from /opt/airflow/dags/youtube_warehouse_pipeline.py
[2026-09-17T13:23:40.234+0000] {processor.py:925} INFO - DAG(s) 'youtube_warehouse_pipeline' retrieved from /opt/airflow/dags/youtube_warehouse_pipeline.py
[2026-09-17T13:23:40.263+0000] {logging_mixin.py:190} INFO - [2026-09-17T13:23:40.263+0000] {dag.py:3239} INFO - Sync 1 DAGs
[2026-09-17T13:23:40.277+0000] {logging_mixin.py:190} INFO - [2026-09-17T13:23:40.276+0000] {dag.py:4180} INFO - Setting next_dagrun for youtube_warehouse_pipeline to None, run_after=None
[2026-09-17T13:23:40.300+0000] {processor.py:208} INFO - Processing /opt/airflow/dags/youtube_warehouse_pipeline.py took 0.214 seconds
[2026-09-17T13:24:10.641+0000] {processor.py:186} INFO - Started process (PID=5031) to work on /opt/airflow/dags/youtube_warehouse_pipeline.py
[2026-09-17T13:24:10.645+0000] {processor.py:914} INFO - Processing file /opt/airflow/dags/youtube_warehouse_pipeline.py for tasks to queue
[2026-09-17T13:24:10.647+0000] {logging_mixin.py:190} INFO - [2026-09-17T13:24:10.647+0000] {dagbag.py:588} INFO - Filling up the DagBag from /opt/airflow/dags/youtube_warehouse_pipeline.py
[2026-09-17T13:24:10.834+0000] {processor.py:925} INFO - DAG(s) 'youtube_warehouse_pipeline' retrieved from /opt/airflow/dags/youtube_warehouse_pipeline.py
[2026-09-17T13:24:10.868+0000] {logging_mixin.py:190} INFO - [2026-09-17T13:24:10.868+0000] {dag.py:3239} INFO - Sync 1 DAGs
[2026-09-17T13:24:10.889+0000] {logging_mixin.py:190} INFO - [2026-09-17T13:24:10.888+0000] {dag.py:4180} INFO - Setting next_dagrun for youtube_warehouse_pipeline to None, run_after=None
[2026-09-17T13:24:10.915+0000] {processor.py:208} INFO - Processing /opt/airflow/dags/youtube_warehouse_pipeline.py took 0.283 seconds
[2026-09-17T13:24:41.233+0000] {processor.py:186} INFO - Started process (PID=5039) to work on /opt/airflow/dags/youtube_warehouse_pipeline.py
[2026-09-17T13:24:41.235+0000] {processor.py:914} INFO - Processing file /opt/airflow/dags/youtube_warehouse_pipeline.py for tasks to queue
[2026-09-17T13:24:41.238+0000] {logging_mixin.py:190} INFO - [2026-09-17T13:24:41.238+0000] {dagbag.py:588} INFO - Filling up the DagBag from /opt/airflow/dags/youtube_warehouse_pipeline.py
[2026-09-17T13:24:41.332+0000] {processor.py:925} INFO - DAG(s) 'youtube_warehouse_pipeline' retrieved from /opt/airflow/dags/youtube_warehouse_pipeline.py
[2026-09-17T13:24:41.355+0000] {logging_mixin.py:190} INFO - [2026-09-17T13:24:41.354+0000] {dag.py:3239} INFO - Sync 1 DAGs
[2026-09-17T13:24:41.368+0000] {logging_mixin.py:190} INFO - [2026-09-17T13:24:41.368+0000] {dag.py:4180} INFO - Setting next_dagrun for youtube_warehouse_pipeline to None, run_after=None
[2026-09-17T13:24:41.389+0000] {processor.py:208} INFO - Processing /opt/airflow/dags/youtube_warehouse_pipeline.py took 0.163 seconds
[2026-09-17T13:25:11.615+0000] {processor.py:186} INFO - Started process (PID=5047) to work on /opt/airflow/dags/youtube_warehouse_pipeline.py
[2026-09-17T13:25:11.617+0000] {processor.py:914} INFO - Processing file /opt/airflow/dags/youtube_warehouse_pipeline.py for tasks to queue
[2026-09-17T13:25:11.619+0000] {logging_mixin.py:190} INFO - [2026-09-17T13:25:11.618+0000] {dagbag.py:588} INFO - Filling up the DagBag from /opt/airflow/dags/youtube_warehouse_pipeline.py
[2026-09-17T13:25:11.716+0000] {processor.py:925} INFO - DAG(s) 'youtube_warehouse_pipeline' retrieved from /opt/airflow/dags/youtube_warehouse_pipeline.py
[2026-09-17T13:25:11.737+0000] {logging_mixin.py:190} INFO - [2026-09-17T13:25:11.737+0000] {dag.py:3239} INFO - Sync 1 DAGs
[2026-09-17T13:25:11.752+0000] {logging_mixin.py:190} INFO - [2026-09-17T13:25:11.752+0000] {dag.py:4180} INFO - Setting next_dagrun for youtube_warehouse_pipeline to None, run_after=None
[2026-09-17T13:25:11.776+0000] {processor.py:208} INFO - Processing /opt/airflow/dags/youtube_warehouse_pipeline.py took 0.168 seconds
[2026-09-17T13:25:42.107+0000] {processor.py:186} INFO - Started process (PID=5055) to work on /opt/airflow/dags/youtube_warehouse_pipeline.py
[2026-09-17T13:25:42.110+0000] {processor.py:914} INFO - Processing file /opt/airflow/dags/youtube_warehouse_pipeline.py for tasks to queue
[2026-09-17T13:25:42.112+0000] {logging_mixin.py:190} INFO - [2026-09-17T13:25:42.112+0000] {dagbag.py:588} INFO - Filling up the DagBag from /opt/airflow/dags/youtube_warehouse_pipeline.py
[2026-09-17T13:25:42.194+0000] {processor.py:925} INFO - DAG(s) 'youtube_warehouse_pipeline' retrieved from /opt/airflow/dags/youtube_warehouse_pipeline.py
[2026-09-17T13:25:42.217+0000] {logging_mixin.py:190} INFO - [2026-09-17T13:25:42.216+0000] {dag.py:3239} INFO - Sync 1 DAGs
[2026-09-17T13:25:42.235+0000] {logging_mixin.py:190} INFO - [2026-09-17T13:25:42.234+0000] {dag.py:4180} INFO - Setting next_dagrun for youtube_warehouse_pipeline to None, run_after=None
[2026-09-17T13:25:42.268+0000] {processor.py:208} INFO - Processing /opt/airflow/dags/youtube_warehouse_pipeline.py took 0.171 seconds
[2026-09-17T13:26:12.450+0000] {processor.py:186} INFO - Started process (PID=5063) to work on /opt/airflow/dags/youtube_warehouse_pipeline.py
[2026-09-17T13:26:12.451+0000] {processor.py:914} INFO - Processing file /opt/airflow/dags/youtube_warehouse_pipeline.py for tasks to queue
[2026-09-17T13:26:12.453+0000] {logging_mixin.py:190} INFO - [2026-09-17T13:26:12.453+0000] {dagbag.py:588} INFO - Filling up the DagBag from /opt/airflow/dags/youtube_warehouse_pipeline.py
[2026-09-17T13:26:12.543+0000] {processor.py:925} INFO - DAG(s) 'youtube_warehouse_pipeline' retrieved from /opt/airflow/dags/youtube_warehouse_pipeline.py
[2026-09-17T13:26:12.568+0000] {logging_mixin.py:190} INFO - [2026-09-17T13:26:12.567+0000] {dag.py:3239} INFO - Sync 1 DAGs
[2026-09-17T13:26:12.585+0000] {logging_mixin.py:190} INFO - [2026-09-17T13:26:12.585+0000] {dag.py:4180} INFO - Setting next_dagrun for youtube_warehouse_pipeline to None, run_after=None
[2026-09-17T13:26:12.605+0000] {processor.py:208} INFO - Processing /opt/airflow/dags/youtube_warehouse_pipeline.py took 0.188 seconds
[2026-09-17T13:26:42.955+0000] {processor.py:186} INFO - Started process (PID=5071) to work on /opt/airflow/dags/youtube_warehouse_pipeline.py
[2026-09-17T13:26:42.957+0000] {processor.py:914} INFO - Processing file /opt/airflow/dags/youtube_warehouse_pipeline.py for tasks to queue
[2026-09-17T13:26:42.961+0000] {logging_mixin.py:190} INFO - [2026-09-17T13:26:42.960+0000] {dagbag.py:588} INFO - Filling up the DagBag from /opt/airflow/dags/youtube_warehouse_pipeline.py
[2026-09-17T13:26:43.048+0000] {processor.py:925} INFO - DAG(s) 'youtube_warehouse_pipeline' retrieved from /opt/airflow/dags/youtube_warehouse_pipeline.py
[2026-09-17T13:26:43.080+0000] {logging_mixin.py:190} INFO - [2026-09-17T13:26:43.080+0000] {dag.py:3239} INFO - Sync 1 DAGs
[2026-09-17T13:26:43.098+0000] {logging_mixin.py:190} INFO - [2026-09-17T13:26:43.097+0000] {dag.py:4180} INFO - Setting next_dagrun for youtube_warehouse_pipeline to None, run_after=None
[2026-09-17T13:26:43.124+0000] {processor.py:208} INFO - Processing /opt/airflow/dags/youtube_warehouse_pipeline.py took 0.178 seconds
[2026-09-17T13:27:13.504+0000] {processor.py:186} INFO - Started process (PID=5079) to work on /opt/airflow/dags/youtube_warehouse_pipeline.py
[2026-09-17T13:27:13.507+0000] {processor.py:914} INFO - Processing file /opt/airflow/dags/youtube_warehouse_pipeline.py for tasks to queue
[2026-09-17T13:27:13.509+0000] {logging_mixin.py:190} INFO - [2026-09-17T13:27:13.508+0000] {dagbag.py:588} INFO - Filling up the DagBag from /opt/airflow/dags/youtube_warehouse_pipeline.py
[2026-09-17T13:27:13.592+0000] {processor.py:925} INFO - DAG(s) 'youtube_warehouse_pipeline' retrieved from /opt/airflow/dags/youtube_warehouse_pipeline.py
[2026-09-17T13:27:13.618+0000] {logging_mixin.py:190} INFO - [2026-09-17T13:27:13.617+0000] {dag.py:3239} INFO - Sync 1 DAGs
[2026-09-17T13:27:13.638+0000] {logging_mixin.py:190} INFO - [2026-09-17T13:27:13.638+0000] {dag.py:4180} INFO - Setting next_dagrun for youtube_warehouse_pipeline to None, run_after=None
[2026-09-17T13:27:13.665+0000] {processor.py:208} INFO - Processing /opt/airflow/dags/youtube_warehouse_pipeline.py took 0.170 seconds
[2026-09-17T13:27:43.846+0000] {processor.py:186} INFO - Started process (PID=5087) to work on /opt/airflow/dags/youtube_warehouse_pipeline.py
[2026-09-17T13:27:43.848+0000] {processor.py:914} INFO - Processing file /opt/airflow/dags/youtube_warehouse_pipeline.py for tasks to queue
[2026-09-17T13:27:43.850+0000] {logging_mixin.py:190} INFO - [2026-09-17T13:27:43.850+0000] {dagbag.py:588} INFO - Filling up the DagBag from /opt/airflow/dags/youtube_warehouse_pipeline.py
[2026-09-17T13:27:43.958+0000] {processor.py:925} INFO - DAG(s) 'youtube_warehouse_pipeline' retrieved from /opt/airflow/dags/youtube_warehouse_pipeline.py
[2026-09-17T13:27:43.991+0000] {logging_mixin.py:190} INFO - [2026-09-17T13:27:43.990+0000] {dag.py:3239} INFO - Sync 1 DAGs
[2026-09-17T13:27:44.011+0000] {logging_mixin.py:190} INFO - [2026-09-17T13:27:44.011+0000] {dag.py:4180} INFO - Setting next_dagrun for youtube_warehouse_pipeline to None, run_after=None
[2026-09-17T13:27:44.038+0000] {processor.py:208} INFO - Processing /opt/airflow/dags/youtube_warehouse_pipeline.py took 0.198 seconds
[2026-09-17T13:28:14.311+0000] {processor.py:186} INFO - Started process (PID=5095) to work on /opt/airflow/dags/youtube_warehouse_pipeline.py
[2026-09-17T13:28:14.313+0000] {processor.py:914} INFO - Processing file /opt/airflow/dags/youtube_warehouse_pipeline.py for tasks to queue
[2026-09-17T13:28:14.315+0000] {logging_mixin.py:190} INFO - [2026-09-17T13:28:14.315+0000] {dagbag.py:588} INFO - Filling up the DagBag from /opt/airflow/dags/youtube_warehouse_pipeline.py
[2026-09-17T13:28:14.391+0000] {processor.py:925} INFO - DAG(s) 'youtube_warehouse_pipeline' retrieved from /opt/airflow/dags/youtube_warehouse_pipeline.py
[2026-09-17T13:28:14.411+0000] {logging_mixin.py:190} INFO - [2026-09-17T13:28:14.411+0000] {dag.py:3239} INFO - Sync 1 DAGs
[2026-09-17T13:28:14.425+0000] {logging_mixin.py:190} INFO - [2026-09-17T13:28:14.425+0000] {dag.py:4180} INFO - Setting next_dagrun for youtube_warehouse_pipeline to None, run_after=None
[2026-09-17T13:28:14.457+0000] {processor.py:208} INFO - Processing /opt/airflow/dags/youtube_warehouse_pipeline.py took 0.153 seconds
[2026-09-17T13:28:44.782+0000] {processor.py:186} INFO - Started process (PID=5103) to work on /opt/airflow/dags/youtube_warehouse_pipeline.py
[2026-09-17T13:28:44.784+0000] {processor.py:914} INFO - Processing file /opt/airflow/dags/youtube_warehouse_pipeline.py for tasks to queue
[2026-09-17T13:28:44.786+0000] {logging_mixin.py:190} INFO - [2026-09-17T13:28:44.786+0000] {dagbag.py:588} INFO - Filling up the DagBag from /opt/airflow/dags/youtube_warehouse_pipeline.py
[2026-09-17T13:28:44.872+0000] {processor.py:925} INFO - DAG(s) 'youtube_warehouse_pipeline' retrieved from /opt/airflow/dags/youtube_warehouse_pipeline.py
[2026-09-17T13:28:44.895+0000] {logging_mixin.py:190} INFO - [2026-09-17T13:28:44.894+0000] {dag.py:3239} INFO - Sync 1 DAGs
[2026-09-17T13:28:44.909+0000] {logging_mixin.py:190} INFO - [2026-09-17T13:28:44.908+0000] {dag.py:4180} INFO - Setting next_dagrun for youtube_warehouse_pipeline to None, run_after=None
[2026-09-17T13:28:44.926+0000] {processor.py:208} INFO - Processing /opt/airflow/dags/youtube_warehouse_pipeline.py took 0.153 seconds
[2026-09-17T13:29:15.264+0000] {processor.py:186} INFO - Started process (PID=5111) to work on /opt/airflow/dags/youtube_warehouse_pipeline.py
[2026-09-17T13:29:15.266+0000] {processor.py:914} INFO - Processing file /opt/airflow/dags/youtube_warehouse_pipeline.py for tasks to queue
[2026-09-17T13:29:15.269+0000] {logging_mixin.py:190} INFO - [2026-09-17T13:29:15.268+0000] {dagbag.py:588} INFO - Filling up the DagBag from /opt/airflow/dags/youtube_warehouse_pipeline.py
[2026-09-17T13:29:15.357+0000] {processor.py:925} INFO - DAG(s) 'youtube_warehouse_pipeline' retrieved from /opt/airflow/dags/youtube_warehouse_pipeline.py
[2026-09-17T13:29:15.378+0000] {logging_mixin.py:190} INFO - [2026-09-17T13:29:15.377+0000] {dag.py:3239} INFO - Sync 1 DAGs
[2026-09-17T13:29:15.392+0000] {logging_mixin.py:190} INFO - [2026-09-17T13:29:15.392+0000] {dag.py:4180} INFO - Setting next_dagrun for youtube_warehouse_pipeline to None, run_after=None
[2026-09-17T13:29:15.412+0000] {processor.py:208} INFO - Processing /opt/airflow/dags/youtube_warehouse_pipeline.py took 0.155 seconds
[2026-09-17T13:29:45.767+0000] {processor.py:186} INFO - Started process (PID=5119) to work on /opt/airflow/dags/youtube_warehouse_pipeline.py
[2026-09-17T13:29:45.770+0000] {processor.py:914} INFO - Processing file /opt/airflow/dags/youtube_warehouse_pipeline.py for tasks to queue
[2026-09-17T13:29:45.772+0000] {logging_mixin.py:190} INFO - [2026-09-17T13:29:45.772+0000] {dagbag.py:588} INFO - Filling up the DagBag from /opt/airflow/dags/youtube_warehouse_pipeline.py
[2026-09-17T13:29:45.842+0000] {processor.py:925} INFO - DAG(s) 'youtube_warehouse_pipeline' retrieved from /opt/airflow/dags/youtube_warehouse_pipeline.py
[2026-09-17T13:29:45.865+0000] {logging_mixin.py:190} INFO - [2026-09-17T13:29:45.865+0000] {dag.py:3239} INFO - Sync 1 DAGs
[2026-09-17T13:29:45.882+0000] {logging_mixin.py:190} INFO - [2026-09-17T13:29:45.882+0000] {dag.py:4180} INFO - Setting next_dagrun for youtube_warehouse_pipeline to None, run_after=None
[2026-09-17T13:29:45.903+0000] {processor.py:208} INFO - Processing /opt/airflow/dags/youtube_warehouse_pipeline.py took 0.141 seconds
[2026-09-17T13:30:16.174+0000] {processor.py:186} INFO - Started process (PID=5127) to work on /opt/airflow/dags/youtube_warehouse_pipeline.py
[2026-09-17T13:30:16.176+0000] {processor.py:914} INFO - Processing file /opt/airflow/dags/youtube_warehouse_pipeline.py for tasks to queue
[2026-09-17T13:30:16.179+0000] {logging_mixin.py:190} INFO - [2026-09-17T13:30:16.178+0000] {dagbag.py:588} INFO - Filling up the DagBag from /opt/airflow/dags/youtube_warehouse_pipeline.py
[2026-09-17T13:30:16.255+0000] {processor.py:925} INFO - DAG(s) 'youtube_warehouse_pipeline' retrieved from /opt/airflow/dags/youtube_warehouse_pipeline.py
[2026-09-17T13:30:16.280+0000] {logging_mixin.py:190} INFO - [2026-09-17T13:30:16.280+0000] {dag.py:3239} INFO - Sync 1 DAGs
[2026-09-17T13:30:16.296+0000] {logging_mixin.py:190} INFO - [2026-09-17T13:30:16.296+0000] {dag.py:4180} INFO - Setting next_dagrun for youtube_warehouse_pipeline to None, run_after=None
[2026-09-17T13:30:16.322+0000] {processor.py:208} INFO - Processing /opt/airflow/dags/youtube_warehouse_pipeline.py took 0.153 seconds
[2026-09-17T13:30:46.671+0000] {processor.py:186} INFO - Started process (PID=5135) to work on /opt/airflow/dags/youtube_warehouse_pipeline.py
[2026-09-17T13:30:46.674+0000] {processor.py:914} INFO - Processing file /opt/airflow/dags/youtube_warehouse_pipeline.py for tasks to queue
[2026-09-17T13:30:46.676+0000] {logging_mixin.py:190} INFO - [2026-09-17T13:30:46.675+0000] {dagbag.py:588} INFO - Filling up the DagBag from /opt/airflow/dags/youtube_warehouse_pipeline.py
[2026-09-17T13:30:46.751+0000] {processor.py:925} INFO - DAG(s) 'youtube_warehouse_pipeline' retrieved from /opt/airflow/dags/youtube_warehouse_pipeline.py
[2026-09-17T13:30:46.774+0000] {logging_mixin.py:190} INFO - [2026-09-17T13:30:46.773+0000] {dag.py:3239} INFO - Sync 1 DAGs
[2026-09-17T13:30:46.788+0000] {logging_mixin.py:190} INFO - [2026-09-17T13:30:46.788+0000] {dag.py:4180} INFO - Setting next_dagrun for youtube_warehouse_pipeline to None, run_after=None
[2026-09-17T13:30:46.815+0000] {processor.py:208} INFO - Processing /opt/airflow/dags/youtube_warehouse_pipeline.py took 0.150 seconds
[2026-09-17T13:31:17.057+0000] {processor.py:186} INFO - Started process (PID=5143) to work on /opt/airflow/dags/youtube_warehouse_pipeline.py
[2026-09-17T13:31:17.058+0000] {processor.py:914} INFO - Processing file /opt/airflow/dags/youtube_warehouse_pipeline.py for tasks to queue
[2026-09-17T13:31:17.060+0000] {logging_mixin.py:190} INFO - [2026-09-17T13:31:17.060+0000] {dagbag.py:588} INFO - Filling up the DagBag from /opt/airflow/dags/youtube_warehouse_pipeline.py
[2026-09-17T13:31:17.133+0000] {processor.py:925} INFO - DAG(s) 'youtube_warehouse_pipeline' retrieved from /opt/airflow/dags/youtube_warehouse_pipeline.py
[2026-09-17T13:31:17.158+0000] {logging_mixin.py:190} INFO - [2026-09-17T13:31:17.158+0000] {dag.py:3239} INFO - Sync 1 DAGs
[2026-09-17T13:31:17.172+0000] {logging_mixin.py:190} INFO - [2026-09-17T13:31:17.172+0000] {dag.py:4180} INFO - Setting next_dagrun for youtube_warehouse_pipeline to None, run_after=None
[2026-09-17T13:31:17.192+0000] {processor.py:208} INFO - Processing /opt/airflow/dags/youtube_warehouse_pipeline.py took 0.141 seconds
[2026-09-17T13:31:47.480+0000] {processor.py:186} INFO - Started process (PID=5151) to work on /opt/airflow/dags/youtube_warehouse_pipeline.py
[2026-09-17T13:31:47.482+0000] {processor.py:914} INFO - Processing file /opt/airflow/dags/youtube_warehouse_pipeline.py for tasks to queue
[2026-09-17T13:31:47.486+0000] {logging_mixin.py:190} INFO - [2026-09-17T13:31:47.485+0000] {dagbag.py:588} INFO - Filling up the DagBag from /opt/airflow/dags/youtube_warehouse_pipeline.py
[2026-09-17T13:31:47.608+0000] {processor.py:925} INFO - DAG(s) 'youtube_warehouse_pipeline' retrieved from /opt/airflow/dags/youtube_warehouse_pipeline.py
[2026-09-17T13:31:47.639+0000] {logging_mixin.py:190} INFO - [2026-09-17T13:31:47.638+0000] {dag.py:3239} INFO - Sync 1 DAGs
[2026-09-17T13:31:47.652+0000] {logging_mixin.py:190} INFO - [2026-09-17T13:31:47.651+0000] {dag.py:4180} INFO - Setting next_dagrun for youtube_warehouse_pipeline to None, run_after=None
[2026-09-17T13:31:47.671+0000] {processor.py:208} INFO - Processing /opt/airflow/dags/youtube_warehouse_pipeline.py took 0.202 seconds
[2026-09-17T13:32:18.053+0000] {processor.py:186} INFO - Started process (PID=5159) to work on /opt/airflow/dags/youtube_warehouse_pipeline.py
[2026-09-17T13:32:18.055+0000] {processor.py:914} INFO - Processing file /opt/airflow/dags/youtube_warehouse_pipeline.py for tasks to queue
[2026-09-17T13:32:18.058+0000] {logging_mixin.py:190} INFO - [2026-09-17T13:32:18.058+0000] {dagbag.py:588} INFO - Filling up the DagBag from /opt/airflow/dags/youtube_warehouse_pipeline.py
[2026-09-17T13:32:18.149+0000] {processor.py:925} INFO - DAG(s) 'youtube_warehouse_pipeline' retrieved from /opt/airflow/dags/youtube_warehouse_pipeline.py
[2026-09-17T13:32:18.174+0000] {logging_mixin.py:190} INFO - [2026-09-17T13:32:18.174+0000] {dag.py:3239} INFO - Sync 1 DAGs
[2026-09-17T13:32:18.188+0000] {logging_mixin.py:190} INFO - [2026-09-17T13:32:18.188+0000] {dag.py:4180} INFO - Setting next_dagrun for youtube_warehouse_pipeline to None, run_after=None
[2026-09-17T13:32:18.208+0000] {processor.py:208} INFO - Processing /opt/airflow/dags/youtube_warehouse_pipeline.py took 0.164 seconds
[2026-09-17T13:32:48.539+0000] {processor.py:186} INFO - Started process (PID=5167) to work on /opt/airflow/dags/youtube_warehouse_pipeline.py
[2026-09-17T13:32:48.541+0000] {processor.py:914} INFO - Processing file /opt/airflow/dags/youtube_warehouse_pipeline.py for tasks to queue
[2026-09-17T13:32:48.543+0000] {logging_mixin.py:190} INFO - [2026-09-17T13:32:48.543+0000] {dagbag.py:588} INFO - Filling up the DagBag from /opt/airflow/dags/youtube_warehouse_pipeline.py
[2026-09-17T13:32:48.616+0000] {processor.py:925} INFO - DAG(s) 'youtube_warehouse_pipeline' retrieved from /opt/airflow/dags/youtube_warehouse_pipeline.py
[2026-09-17T13:32:48.639+0000] {logging_mixin.py:190} INFO - [2026-09-17T13:32:48.639+0000] {dag.py:3239} INFO - Sync 1 DAGs
[2026-09-17T13:32:48.654+0000] {logging_mixin.py:190} INFO - [2026-09-17T13:32:48.653+0000] {dag.py:4180} INFO - Setting next_dagrun for youtube_warehouse_pipeline to None, run_after=None
[2026-09-17T13:32:48.679+0000] {processor.py:208} INFO - Processing /opt/airflow/dags/youtube_warehouse_pipeline.py took 0.146 seconds
[2026-09-17T13:33:18.937+0000] {processor.py:186} INFO - Started process (PID=5175) to work on /opt/airflow/dags/youtube_warehouse_pipeline.py
[2026-09-17T13:33:18.939+0000] {processor.py:914} INFO - Processing file /opt/airflow/dags/youtube_warehouse_pipeline.py for tasks to queue
[2026-09-17T13:33:18.942+0000] {logging_mixin.py:190} INFO - [2026-09-17T13:33:18.942+0000] {dagbag.py:588} INFO - Filling up the DagBag from /opt/airflow/dags/youtube_warehouse_pipeline.py
[2026-09-17T13:33:19.051+0000] {processor.py:925} INFO - DAG(s) 'youtube_warehouse_pipeline' retrieved from /opt/airflow/dags/youtube_warehouse_pipeline.py
[2026-09-17T13:33:19.100+0000] {logging_mixin.py:190} INFO - [2026-09-17T13:33:19.099+0000] {dag.py:3239} INFO - Sync 1 DAGs
[2026-09-17T13:33:19.127+0000] {logging_mixin.py:190} INFO - [2026-09-17T13:33:19.126+0000] {dag.py:4180} INFO - Setting next_dagrun for youtube_warehouse_pipeline to None, run_after=None
[2026-09-17T13:33:19.162+0000] {processor.py:208} INFO - Processing /opt/airflow/dags/youtube_warehouse_pipeline.py took 0.238 seconds
[2026-09-17T13:33:49.687+0000] {processor.py:186} INFO - Started process (PID=5183) to work on /opt/airflow/dags/youtube_warehouse_pipeline.py
[2026-09-17T13:33:49.692+0000] {processor.py:914} INFO - Processing file /opt/airflow/dags/youtube_warehouse_pipeline.py for tasks to queue
[2026-09-17T13:33:49.700+0000] {logging_mixin.py:190} INFO - [2026-09-17T13:33:49.699+0000] {dagbag.py:588} INFO - Filling up the DagBag from /opt/airflow/dags/youtube_warehouse_pipeline.py
[2026-09-17T13:33:49.930+0000] {processor.py:925} INFO - DAG(s) 'youtube_warehouse_pipeline' retrieved from /opt/airflow/dags/youtube_warehouse_pipeline.py
[2026-09-17T13:33:49.965+0000] {logging_mixin.py:190} INFO - [2026-09-17T13:33:49.965+0000] {dag.py:3239} INFO - Sync 1 DAGs
[2026-09-17T13:33:49.986+0000] {logging_mixin.py:190} INFO - [2026-09-17T13:33:49.986+0000] {dag.py:4180} INFO - Setting next_dagrun for youtube_warehouse_pipeline to None, run_after=None
[2026-09-17T13:33:50.015+0000] {processor.py:208} INFO - Processing /opt/airflow/dags/youtube_warehouse_pipeline.py took 0.360 seconds
[2026-09-17T13:34:20.352+0000] {processor.py:186} INFO - Started process (PID=5192) to work on /opt/airflow/dags/youtube_warehouse_pipeline.py
[2026-09-17T13:34:20.355+0000] {processor.py:914} INFO - Processing file /opt/airflow/dags/youtube_warehouse_pipeline.py for tasks to queue
[2026-09-17T13:34:20.362+0000] {logging_mixin.py:190} INFO - [2026-09-17T13:34:20.360+0000] {dagbag.py:588} INFO - Filling up the DagBag from /opt/airflow/dags/youtube_warehouse_pipeline.py
[2026-09-17T13:34:20.534+0000] {processor.py:925} INFO - DAG(s) 'youtube_warehouse_pipeline' retrieved from /opt/airflow/dags/youtube_warehouse_pipeline.py
[2026-09-17T13:34:20.572+0000] {logging_mixin.py:190} INFO - [2026-09-17T13:34:20.572+0000] {dag.py:3239} INFO - Sync 1 DAGs
[2026-09-17T13:34:20.597+0000] {logging_mixin.py:190} INFO - [2026-09-17T13:34:20.597+0000] {dag.py:4180} INFO - Setting next_dagrun for youtube_warehouse_pipeline to None, run_after=None
[2026-09-17T13:34:20.688+0000] {processor.py:208} INFO - Processing /opt/airflow/dags/youtube_warehouse_pipeline.py took 0.356 seconds
[2026-09-17T13:34:51.295+0000] {processor.py:186} INFO - Started process (PID=5200) to work on /opt/airflow/dags/youtube_warehouse_pipeline.py
[2026-09-17T13:34:51.302+0000] {processor.py:914} INFO - Processing file /opt/airflow/dags/youtube_warehouse_pipeline.py for tasks to queue
[2026-09-17T13:34:51.309+0000] {logging_mixin.py:190} INFO - [2026-09-17T13:34:51.308+0000] {dagbag.py:588} INFO - Filling up the DagBag from /opt/airflow/dags/youtube_warehouse_pipeline.py
[2026-09-17T13:34:51.460+0000] {processor.py:925} INFO - DAG(s) 'youtube_warehouse_pipeline' retrieved from /opt/airflow/dags/youtube_warehouse_pipeline.py
[2026-09-17T13:34:51.510+0000] {logging_mixin.py:190} INFO - [2026-09-17T13:34:51.509+0000] {dag.py:3239} INFO - Sync 1 DAGs
[2026-09-17T13:34:51.645+0000] {logging_mixin.py:190} INFO - [2026-09-17T13:34:51.644+0000] {dag.py:4180} INFO - Setting next_dagrun for youtube_warehouse_pipeline to None, run_after=None
[2026-09-17T13:34:51.709+0000] {processor.py:208} INFO - Processing /opt/airflow/dags/youtube_warehouse_pipeline.py took 0.445 seconds
[2026-09-17T13:35:22.340+0000] {processor.py:186} INFO - Started process (PID=5208) to work on /opt/airflow/dags/youtube_warehouse_pipeline.py
[2026-09-17T13:35:22.344+0000] {processor.py:914} INFO - Processing file /opt/airflow/dags/youtube_warehouse_pipeline.py for tasks to queue
[2026-09-17T13:35:22.351+0000] {logging_mixin.py:190} INFO - [2026-09-17T13:35:22.350+0000] {dagbag.py:588} INFO - Filling up the DagBag from /opt/airflow/dags/youtube_warehouse_pipeline.py
[2026-09-17T13:35:22.511+0000] {processor.py:925} INFO - DAG(s) 'youtube_warehouse_pipeline' retrieved from /opt/airflow/dags/youtube_warehouse_pipeline.py
[2026-09-17T13:35:22.555+0000] {logging_mixin.py:190} INFO - [2026-09-17T13:35:22.555+0000] {dag.py:3239} INFO - Sync 1 DAGs
[2026-09-17T13:35:22.582+0000] {logging_mixin.py:190} INFO - [2026-09-17T13:35:22.582+0000] {dag.py:4180} INFO - Setting next_dagrun for youtube_warehouse_pipeline to None, run_after=None
[2026-09-17T13:35:22.617+0000] {processor.py:208} INFO - Processing /opt/airflow/dags/youtube_warehouse_pipeline.py took 0.291 seconds
[2026-09-17T13:35:53.216+0000] {processor.py:186} INFO - Started process (PID=5222) to work on /opt/airflow/dags/youtube_warehouse_pipeline.py
[2026-09-17T13:35:53.218+0000] {processor.py:914} INFO - Processing file /opt/airflow/dags/youtube_warehouse_pipeline.py for tasks to queue
[2026-09-17T13:35:53.221+0000] {logging_mixin.py:190} INFO - [2026-09-17T13:35:53.221+0000] {dagbag.py:588} INFO - Filling up the DagBag from /opt/airflow/dags/youtube_warehouse_pipeline.py
[2026-09-17T13:35:53.353+0000] {processor.py:925} INFO - DAG(s) 'youtube_warehouse_pipeline' retrieved from /opt/airflow/dags/youtube_warehouse_pipeline.py
[2026-09-17T13:35:53.390+0000] {logging_mixin.py:190} INFO - [2026-09-17T13:35:53.389+0000] {dag.py:3239} INFO - Sync 1 DAGs
[2026-09-17T13:35:53.416+0000] {logging_mixin.py:190} INFO - [2026-09-17T13:35:53.416+0000] {dag.py:4180} INFO - Setting next_dagrun for youtube_warehouse_pipeline to None, run_after=None
[2026-09-17T13:35:53.445+0000] {processor.py:208} INFO - Processing /opt/airflow/dags/youtube_warehouse_pipeline.py took 0.244 seconds
[2026-09-17T13:36:23.817+0000] {processor.py:186} INFO - Started process (PID=5230) to work on /opt/airflow/dags/youtube_warehouse_pipeline.py
[2026-09-17T13:36:23.820+0000] {processor.py:914} INFO - Processing file /opt/airflow/dags/youtube_warehouse_pipeline.py for tasks to queue
[2026-09-17T13:36:23.822+0000] {logging_mixin.py:190} INFO - [2026-09-17T13:36:23.822+0000] {dagbag.py:588} INFO - Filling up the DagBag from /opt/airflow/dags/youtube_warehouse_pipeline.py
[2026-09-17T13:36:23.949+0000] {processor.py:925} INFO - DAG(s) 'youtube_warehouse_pipeline' retrieved from /opt/airflow/dags/youtube_warehouse_pipeline.py
[2026-09-17T13:36:23.975+0000] {logging_mixin.py:190} INFO - [2026-09-17T13:36:23.974+0000] {dag.py:3239} INFO - Sync 1 DAGs
[2026-09-17T13:36:23.988+0000] {logging_mixin.py:190} INFO - [2026-09-17T13:36:23.988+0000] {dag.py:4180} INFO - Setting next_dagrun for youtube_warehouse_pipeline to None, run_after=None
[2026-09-17T13:36:24.010+0000] {processor.py:208} INFO - Processing /opt/airflow/dags/youtube_warehouse_pipeline.py took 0.200 seconds
[2026-09-17T13:36:54.359+0000] {processor.py:186} INFO - Started process (PID=5238) to work on /opt/airflow/dags/youtube_warehouse_pipeline.py
[2026-09-17T13:36:54.361+0000] {processor.py:914} INFO - Processing file /opt/airflow/dags/youtube_warehouse_pipeline.py for tasks to queue
[2026-09-17T13:36:54.363+0000] {logging_mixin.py:190} INFO - [2026-09-17T13:36:54.363+0000] {dagbag.py:588} INFO - Filling up the DagBag from /opt/airflow/dags/youtube_warehouse_pipeline.py
[2026-09-17T13:36:54.459+0000] {logging_mixin.py:190} INFO - [2026-09-17T13:36:54.450+0000] {dagbag.py:387} ERROR - Failed to import: /opt/airflow/dags/youtube_warehouse_pipeline.py
Traceback (most recent call last):
  File "/home/airflow/.local/lib/python3.10/site-packages/airflow/models/dagbag.py", line 383, in parse
    loader.exec_module(new_module)
  File "<frozen importlib._bootstrap_external>", line 883, in exec_module
  File "<frozen importlib._bootstrap>", line 241, in _call_with_frames_removed
  File "/opt/airflow/dags/youtube_warehouse_pipeline.py", line 11, in <module>
    from include.transform import youtube_transform as transform_videos
  File "/opt/airflow/include/transform/youtube_transform.py", line 5
    raw_duration = timedelta(minutes=int(raw_duration[2:3]), int(raw_duration[4:6])).total_seconds()
                                                                                   ^
SyntaxError: positional argument follows keyword argument
[2026-09-17T13:36:54.463+0000] {processor.py:927} WARNING - No viable dags retrieved from /opt/airflow/dags/youtube_warehouse_pipeline.py
[2026-09-17T13:36:54.543+0000] {processor.py:208} INFO - Processing /opt/airflow/dags/youtube_warehouse_pipeline.py took 0.192 seconds
[2026-09-17T13:37:24.872+0000] {processor.py:186} INFO - Started process (PID=5246) to work on /opt/airflow/dags/youtube_warehouse_pipeline.py
[2026-09-17T13:37:24.873+0000] {processor.py:914} INFO - Processing file /opt/airflow/dags/youtube_warehouse_pipeline.py for tasks to queue
[2026-09-17T13:37:24.876+0000] {logging_mixin.py:190} INFO - [2026-09-17T13:37:24.875+0000] {dagbag.py:588} INFO - Filling up the DagBag from /opt/airflow/dags/youtube_warehouse_pipeline.py
[2026-09-17T13:37:24.966+0000] {processor.py:925} INFO - DAG(s) 'youtube_warehouse_pipeline' retrieved from /opt/airflow/dags/youtube_warehouse_pipeline.py
[2026-09-17T13:37:24.988+0000] {logging_mixin.py:190} INFO - [2026-09-17T13:37:24.988+0000] {dag.py:3239} INFO - Sync 1 DAGs
[2026-09-17T13:37:25.002+0000] {logging_mixin.py:190} INFO - [2026-09-17T13:37:25.002+0000] {dag.py:4180} INFO - Setting next_dagrun for youtube_warehouse_pipeline to None, run_after=None
[2026-09-17T13:37:25.029+0000] {processor.py:208} INFO - Processing /opt/airflow/dags/youtube_warehouse_pipeline.py took 0.165 seconds
[2026-09-17T13:37:55.254+0000] {processor.py:186} INFO - Started process (PID=5254) to work on /opt/airflow/dags/youtube_warehouse_pipeline.py
[2026-09-17T13:37:55.259+0000] {processor.py:914} INFO - Processing file /opt/airflow/dags/youtube_warehouse_pipeline.py for tasks to queue
[2026-09-17T13:37:55.263+0000] {logging_mixin.py:190} INFO - [2026-09-17T13:37:55.262+0000] {dagbag.py:588} INFO - Filling up the DagBag from /opt/airflow/dags/youtube_warehouse_pipeline.py
[2026-09-17T13:37:55.371+0000] {processor.py:925} INFO - DAG(s) 'youtube_warehouse_pipeline' retrieved from /opt/airflow/dags/youtube_warehouse_pipeline.py
[2026-09-17T13:37:55.395+0000] {logging_mixin.py:190} INFO - [2026-09-17T13:37:55.395+0000] {dag.py:3239} INFO - Sync 1 DAGs
[2026-09-17T13:37:55.411+0000] {logging_mixin.py:190} INFO - [2026-09-17T13:37:55.411+0000] {dag.py:4180} INFO - Setting next_dagrun for youtube_warehouse_pipeline to None, run_after=None
[2026-09-17T13:37:55.430+0000] {processor.py:208} INFO - Processing /opt/airflow/dags/youtube_warehouse_pipeline.py took 0.190 seconds
[2026-09-17T13:38:25.754+0000] {processor.py:186} INFO - Started process (PID=5263) to work on /opt/airflow/dags/youtube_warehouse_pipeline.py
[2026-09-17T13:38:25.757+0000] {processor.py:914} INFO - Processing file /opt/airflow/dags/youtube_warehouse_pipeline.py for tasks to queue
[2026-09-17T13:38:25.759+0000] {logging_mixin.py:190} INFO - [2026-09-17T13:38:25.759+0000] {dagbag.py:588} INFO - Filling up the DagBag from /opt/airflow/dags/youtube_warehouse_pipeline.py
[2026-09-17T13:38:25.853+0000] {processor.py:925} INFO - DAG(s) 'youtube_warehouse_pipeline' retrieved from /opt/airflow/dags/youtube_warehouse_pipeline.py
[2026-09-17T13:38:25.875+0000] {logging_mixin.py:190} INFO - [2026-09-17T13:38:25.874+0000] {dag.py:3239} INFO - Sync 1 DAGs
[2026-09-17T13:38:25.890+0000] {logging_mixin.py:190} INFO - [2026-09-17T13:38:25.889+0000] {dag.py:4180} INFO - Setting next_dagrun for youtube_warehouse_pipeline to None, run_after=None
[2026-09-17T13:38:25.912+0000] {processor.py:208} INFO - Processing /opt/airflow/dags/youtube_warehouse_pipeline.py took 0.167 seconds
[2026-09-17T13:38:56.156+0000] {processor.py:186} INFO - Started process (PID=5271) to work on /opt/airflow/dags/youtube_warehouse_pipeline.py
[2026-09-17T13:38:56.158+0000] {processor.py:914} INFO - Processing file /opt/airflow/dags/youtube_warehouse_pipeline.py for tasks to queue
[2026-09-17T13:38:56.161+0000] {logging_mixin.py:190} INFO - [2026-09-17T13:38:56.160+0000] {dagbag.py:588} INFO - Filling up the DagBag from /opt/airflow/dags/youtube_warehouse_pipeline.py
[2026-09-17T13:38:56.258+0000] {processor.py:925} INFO - DAG(s) 'youtube_warehouse_pipeline' retrieved from /opt/airflow/dags/youtube_warehouse_pipeline.py
[2026-09-17T13:38:56.294+0000] {logging_mixin.py:190} INFO - [2026-09-17T13:38:56.294+0000] {dag.py:3239} INFO - Sync 1 DAGs
[2026-09-17T13:38:56.312+0000] {logging_mixin.py:190} INFO - [2026-09-17T13:38:56.312+0000] {dag.py:4180} INFO - Setting next_dagrun for youtube_warehouse_pipeline to None, run_after=None
[2026-09-17T13:38:56.337+0000] {processor.py:208} INFO - Processing /opt/airflow/dags/youtube_warehouse_pipeline.py took 0.187 seconds
[2026-09-17T13:39:26.696+0000] {processor.py:186} INFO - Started process (PID=5279) to work on /opt/airflow/dags/youtube_warehouse_pipeline.py
[2026-09-17T13:39:26.699+0000] {processor.py:914} INFO - Processing file /opt/airflow/dags/youtube_warehouse_pipeline.py for tasks to queue
[2026-09-17T13:39:26.703+0000] {logging_mixin.py:190} INFO - [2026-09-17T13:39:26.702+0000] {dagbag.py:588} INFO - Filling up the DagBag from /opt/airflow/dags/youtube_warehouse_pipeline.py
[2026-09-17T13:39:26.788+0000] {processor.py:925} INFO - DAG(s) 'youtube_warehouse_pipeline' retrieved from /opt/airflow/dags/youtube_warehouse_pipeline.py
[2026-09-17T13:39:26.811+0000] {logging_mixin.py:190} INFO - [2026-09-17T13:39:26.811+0000] {dag.py:3239} INFO - Sync 1 DAGs
[2026-09-17T13:39:26.826+0000] {logging_mixin.py:190} INFO - [2026-09-17T13:39:26.826+0000] {dag.py:4180} INFO - Setting next_dagrun for youtube_warehouse_pipeline to None, run_after=None
[2026-09-17T13:39:26.847+0000] {processor.py:208} INFO - Processing /opt/airflow/dags/youtube_warehouse_pipeline.py took 0.167 seconds
[2026-09-17T13:39:57.050+0000] {processor.py:186} INFO - Started process (PID=5287) to work on /opt/airflow/dags/youtube_warehouse_pipeline.py
[2026-09-17T13:39:57.052+0000] {processor.py:914} INFO - Processing file /opt/airflow/dags/youtube_warehouse_pipeline.py for tasks to queue
[2026-09-17T13:39:57.055+0000] {logging_mixin.py:190} INFO - [2026-09-17T13:39:57.054+0000] {dagbag.py:588} INFO - Filling up the DagBag from /opt/airflow/dags/youtube_warehouse_pipeline.py
[2026-09-17T13:39:57.137+0000] {processor.py:925} INFO - DAG(s) 'youtube_warehouse_pipeline' retrieved from /opt/airflow/dags/youtube_warehouse_pipeline.py
[2026-09-17T13:39:57.160+0000] {logging_mixin.py:190} INFO - [2026-09-17T13:39:57.160+0000] {dag.py:3239} INFO - Sync 1 DAGs
[2026-09-17T13:39:57.172+0000] {logging_mixin.py:190} INFO - [2026-09-17T13:39:57.172+0000] {dag.py:4180} INFO - Setting next_dagrun for youtube_warehouse_pipeline to None, run_after=None
[2026-09-17T13:39:57.192+0000] {processor.py:208} INFO - Processing /opt/airflow/dags/youtube_warehouse_pipeline.py took 0.147 seconds
[2026-09-17T13:40:27.596+0000] {processor.py:186} INFO - Started process (PID=5295) to work on /opt/airflow/dags/youtube_warehouse_pipeline.py
[2026-09-17T13:40:27.598+0000] {processor.py:914} INFO - Processing file /opt/airflow/dags/youtube_warehouse_pipeline.py for tasks to queue
[2026-09-17T13:40:27.601+0000] {logging_mixin.py:190} INFO - [2026-09-17T13:40:27.600+0000] {dagbag.py:588} INFO - Filling up the DagBag from /opt/airflow/dags/youtube_warehouse_pipeline.py
[2026-09-17T13:40:27.717+0000] {processor.py:925} INFO - DAG(s) 'youtube_warehouse_pipeline' retrieved from /opt/airflow/dags/youtube_warehouse_pipeline.py
[2026-09-17T13:40:27.743+0000] {logging_mixin.py:190} INFO - [2026-09-17T13:40:27.743+0000] {dag.py:3239} INFO - Sync 1 DAGs
[2026-09-17T13:40:27.760+0000] {logging_mixin.py:190} INFO - [2026-09-17T13:40:27.760+0000] {dag.py:4180} INFO - Setting next_dagrun for youtube_warehouse_pipeline to None, run_after=None
[2026-09-17T13:40:27.784+0000] {processor.py:208} INFO - Processing /opt/airflow/dags/youtube_warehouse_pipeline.py took 0.196 seconds
[2026-09-17T13:40:57.965+0000] {processor.py:186} INFO - Started process (PID=5303) to work on /opt/airflow/dags/youtube_warehouse_pipeline.py
[2026-09-17T13:40:57.966+0000] {processor.py:914} INFO - Processing file /opt/airflow/dags/youtube_warehouse_pipeline.py for tasks to queue
[2026-09-17T13:40:57.968+0000] {logging_mixin.py:190} INFO - [2026-09-17T13:40:57.968+0000] {dagbag.py:588} INFO - Filling up the DagBag from /opt/airflow/dags/youtube_warehouse_pipeline.py
[2026-09-17T13:40:58.043+0000] {processor.py:925} INFO - DAG(s) 'youtube_warehouse_pipeline' retrieved from /opt/airflow/dags/youtube_warehouse_pipeline.py
[2026-09-17T13:40:58.064+0000] {logging_mixin.py:190} INFO - [2026-09-17T13:40:58.064+0000] {dag.py:3239} INFO - Sync 1 DAGs
[2026-09-17T13:40:58.078+0000] {logging_mixin.py:190} INFO - [2026-09-17T13:40:58.078+0000] {dag.py:4180} INFO - Setting next_dagrun for youtube_warehouse_pipeline to None, run_after=None
[2026-09-17T13:40:58.110+0000] {processor.py:208} INFO - Processing /opt/airflow/dags/youtube_warehouse_pipeline.py took 0.150 seconds
[2026-09-17T13:41:28.425+0000] {processor.py:186} INFO - Started process (PID=5311) to work on /opt/airflow/dags/youtube_warehouse_pipeline.py
[2026-09-17T13:41:28.427+0000] {processor.py:914} INFO - Processing file /opt/airflow/dags/youtube_warehouse_pipeline.py for tasks to queue
[2026-09-17T13:41:28.429+0000] {logging_mixin.py:190} INFO - [2026-09-17T13:41:28.429+0000] {dagbag.py:588} INFO - Filling up the DagBag from /opt/airflow/dags/youtube_warehouse_pipeline.py
[2026-09-17T13:41:28.543+0000] {logging_mixin.py:190} INFO - [2026-09-17T13:41:28.536+0000] {dagbag.py:387} ERROR - Failed to import: /opt/airflow/dags/youtube_warehouse_pipeline.py
Traceback (most recent call last):
  File "/home/airflow/.local/lib/python3.10/site-packages/airflow/models/dagbag.py", line 383, in parse
    loader.exec_module(new_module)
  File "<frozen importlib._bootstrap_external>", line 883, in exec_module
  File "<frozen importlib._bootstrap>", line 241, in _call_with_frames_removed
  File "/opt/airflow/dags/youtube_warehouse_pipeline.py", line 11, in <module>
    from include.transform import youtube_transform as transform_videos
  File "/opt/airflow/include/transform/youtube_transform.py", line 13
    [{'kind': 'youtube#video', 'etag': 'NHGPtM34nzDvOwHvSBx6lxjJ46M', 'id': 'HPUDCgKqbLc', 'snippet': {'publishedAt': '2026-06-25T23:00:39Z', 'channelId': 'UCVG705xosVltZb52R0hHr_g', 'title': 'LAOS (Visualizer)', 'description': 'SALGOAT (Vol. II - Extension) OUT NOW : \nhttps://bio.lnk.to/ElGrandeToto\n\nEGT SOCIALS:\nFacebook:   https://facebook.com/elgrandetoto.off  \nInstagram:   https://instagram.com/elgrandetoto  \nTwitter:   https://twitter.com/elgrandetoto  \nSnapchat:    https://snapchat.com/elgrandetoto\nTwitch : https://twitch.tv/EGT_OFF', 'thumbnails': {'default': {'url': 'https://i.ytimg.com/vi/HPUDCgKqbLc/default.jpg', 'width': 120, 'height': 90}, 'medium': {'url': 'https://i.ytimg.com/vi/HPUDCgKqbLc/mqdefault.jpg',
                                                                                                                                                                                                                                                                                                                                                                                                                                                                                                                                                                                                                                                                                                       ^
SyntaxError: '{' was never closed
[2026-09-17T13:41:28.546+0000] {processor.py:927} WARNING - No viable dags retrieved from /opt/airflow/dags/youtube_warehouse_pipeline.py
[2026-09-17T13:41:28.574+0000] {processor.py:208} INFO - Processing /opt/airflow/dags/youtube_warehouse_pipeline.py took 0.158 seconds
[2026-09-17T13:41:58.979+0000] {processor.py:186} INFO - Started process (PID=5319) to work on /opt/airflow/dags/youtube_warehouse_pipeline.py
[2026-09-17T13:41:58.985+0000] {processor.py:914} INFO - Processing file /opt/airflow/dags/youtube_warehouse_pipeline.py for tasks to queue
[2026-09-17T13:41:58.994+0000] {logging_mixin.py:190} INFO - [2026-09-17T13:41:58.993+0000] {dagbag.py:588} INFO - Filling up the DagBag from /opt/airflow/dags/youtube_warehouse_pipeline.py
[2026-09-17T13:41:59.149+0000] {logging_mixin.py:190} INFO - [2026-09-17T13:41:59.129+0000] {dagbag.py:387} ERROR - Failed to import: /opt/airflow/dags/youtube_warehouse_pipeline.py
Traceback (most recent call last):
  File "/home/airflow/.local/lib/python3.10/site-packages/airflow/models/dagbag.py", line 383, in parse
    loader.exec_module(new_module)
  File "<frozen importlib._bootstrap_external>", line 883, in exec_module
  File "<frozen importlib._bootstrap>", line 241, in _call_with_frames_removed
  File "/opt/airflow/dags/youtube_warehouse_pipeline.py", line 11, in <module>
    from include.transform import youtube_transform as transform_videos
  File "/opt/airflow/include/transform/youtube_transform.py", line 13
    [{'kind': 'youtube#video', 'etag': 'NHGPtM34nzDvOwHvSBx6lxjJ46M', 'id': 'HPUDCgKqbLc', 'snippet': {'publishedAt': '2026-06-25T23:00:39Z', 'channelId': 'UCVG705xosVltZb52R0hHr_g', 'title': 'LAOS (Visualizer)', 'description': 'SALGOAT (Vol. II - Extension) OUT NOW : \nhttps://bio.lnk.to/ElGrandeToto\n\nEGT SOCIALS:\nFacebook:   https://facebook.com/elgrandetoto.off  \nInstagram:   https://instagram.com/elgrandetoto  \nTwitter:   https://twitter.com/elgrandetoto  \nSnapchat:    https://snapchat.com/elgrandetoto\nTwitch : https://twitch.tv/EGT_OFF', 'thumbnails': {'default': {'url': 'https://i.ytimg.com/vi/HPUDCgKqbLc/default.jpg', 'width': 120, 'height': 90}, 'medium': {'url': 'https://i.ytimg.com/vi/HPUDCgKqbLc/mqdefault.jpg',
                                                                                                                                                                                                                                                                                                                                                                                                                                                                                                                                                                                                                                                                                                       ^
SyntaxError: '{' was never closed
[2026-09-17T13:41:59.154+0000] {processor.py:927} WARNING - No viable dags retrieved from /opt/airflow/dags/youtube_warehouse_pipeline.py
[2026-09-17T13:41:59.268+0000] {processor.py:208} INFO - Processing /opt/airflow/dags/youtube_warehouse_pipeline.py took 0.330 seconds
[2026-09-17T13:42:29.736+0000] {processor.py:186} INFO - Started process (PID=5327) to work on /opt/airflow/dags/youtube_warehouse_pipeline.py
[2026-09-17T13:42:29.739+0000] {processor.py:914} INFO - Processing file /opt/airflow/dags/youtube_warehouse_pipeline.py for tasks to queue
[2026-09-17T13:42:29.743+0000] {logging_mixin.py:190} INFO - [2026-09-17T13:42:29.742+0000] {dagbag.py:588} INFO - Filling up the DagBag from /opt/airflow/dags/youtube_warehouse_pipeline.py
[2026-09-17T13:42:29.873+0000] {processor.py:925} INFO - DAG(s) 'youtube_warehouse_pipeline' retrieved from /opt/airflow/dags/youtube_warehouse_pipeline.py
[2026-09-17T13:42:29.912+0000] {logging_mixin.py:190} INFO - [2026-09-17T13:42:29.912+0000] {dag.py:3239} INFO - Sync 1 DAGs
[2026-09-17T13:42:29.934+0000] {logging_mixin.py:190} INFO - [2026-09-17T13:42:29.934+0000] {dag.py:4180} INFO - Setting next_dagrun for youtube_warehouse_pipeline to None, run_after=None
[2026-09-17T13:42:29.970+0000] {processor.py:208} INFO - Processing /opt/airflow/dags/youtube_warehouse_pipeline.py took 0.251 seconds
[2026-09-17T13:43:00.378+0000] {processor.py:186} INFO - Started process (PID=5329) to work on /opt/airflow/dags/youtube_warehouse_pipeline.py
[2026-09-17T13:43:00.399+0000] {processor.py:914} INFO - Processing file /opt/airflow/dags/youtube_warehouse_pipeline.py for tasks to queue
[2026-09-17T13:43:00.420+0000] {logging_mixin.py:190} INFO - [2026-09-17T13:43:00.410+0000] {dagbag.py:588} INFO - Filling up the DagBag from /opt/airflow/dags/youtube_warehouse_pipeline.py
[2026-09-17T13:43:00.909+0000] {processor.py:925} INFO - DAG(s) 'youtube_warehouse_pipeline' retrieved from /opt/airflow/dags/youtube_warehouse_pipeline.py
[2026-09-17T13:43:05.622+0000] {logging_mixin.py:190} INFO - [2026-09-17T13:43:05.589+0000] {dag.py:3239} INFO - Sync 1 DAGs
[2026-09-17T13:43:05.827+0000] {logging_mixin.py:190} INFO - [2026-09-17T13:43:05.810+0000] {dag.py:4180} INFO - Setting next_dagrun for youtube_warehouse_pipeline to None, run_after=None
[2026-09-17T13:43:05.970+0000] {processor.py:208} INFO - Processing /opt/airflow/dags/youtube_warehouse_pipeline.py took 5.680 seconds
[2026-09-17T13:43:36.851+0000] {processor.py:186} INFO - Started process (PID=5337) to work on /opt/airflow/dags/youtube_warehouse_pipeline.py
[2026-09-17T13:43:36.854+0000] {processor.py:914} INFO - Processing file /opt/airflow/dags/youtube_warehouse_pipeline.py for tasks to queue
[2026-09-17T13:43:36.857+0000] {logging_mixin.py:190} INFO - [2026-09-17T13:43:36.856+0000] {dagbag.py:588} INFO - Filling up the DagBag from /opt/airflow/dags/youtube_warehouse_pipeline.py
[2026-09-17T13:43:36.962+0000] {processor.py:925} INFO - DAG(s) 'youtube_warehouse_pipeline' retrieved from /opt/airflow/dags/youtube_warehouse_pipeline.py
[2026-09-17T13:43:36.986+0000] {logging_mixin.py:190} INFO - [2026-09-17T13:43:36.986+0000] {dag.py:3239} INFO - Sync 1 DAGs
[2026-09-17T13:43:37.001+0000] {logging_mixin.py:190} INFO - [2026-09-17T13:43:37.001+0000] {dag.py:4180} INFO - Setting next_dagrun for youtube_warehouse_pipeline to None, run_after=None
[2026-09-17T13:43:37.021+0000] {processor.py:208} INFO - Processing /opt/airflow/dags/youtube_warehouse_pipeline.py took 0.186 seconds
[2026-09-17T13:44:07.178+0000] {processor.py:186} INFO - Started process (PID=5345) to work on /opt/airflow/dags/youtube_warehouse_pipeline.py
[2026-09-17T13:44:07.180+0000] {processor.py:914} INFO - Processing file /opt/airflow/dags/youtube_warehouse_pipeline.py for tasks to queue
[2026-09-17T13:44:07.182+0000] {logging_mixin.py:190} INFO - [2026-09-17T13:44:07.182+0000] {dagbag.py:588} INFO - Filling up the DagBag from /opt/airflow/dags/youtube_warehouse_pipeline.py
[2026-09-17T13:44:07.269+0000] {processor.py:925} INFO - DAG(s) 'youtube_warehouse_pipeline' retrieved from /opt/airflow/dags/youtube_warehouse_pipeline.py
[2026-09-17T13:44:07.293+0000] {logging_mixin.py:190} INFO - [2026-09-17T13:44:07.293+0000] {dag.py:3239} INFO - Sync 1 DAGs
[2026-09-17T13:44:07.308+0000] {logging_mixin.py:190} INFO - [2026-09-17T13:44:07.308+0000] {dag.py:4180} INFO - Setting next_dagrun for youtube_warehouse_pipeline to None, run_after=None
[2026-09-17T13:44:07.330+0000] {processor.py:208} INFO - Processing /opt/airflow/dags/youtube_warehouse_pipeline.py took 0.157 seconds
[2026-09-17T13:44:37.698+0000] {processor.py:186} INFO - Started process (PID=5353) to work on /opt/airflow/dags/youtube_warehouse_pipeline.py
[2026-09-17T13:44:37.701+0000] {processor.py:914} INFO - Processing file /opt/airflow/dags/youtube_warehouse_pipeline.py for tasks to queue
[2026-09-17T13:44:37.704+0000] {logging_mixin.py:190} INFO - [2026-09-17T13:44:37.703+0000] {dagbag.py:588} INFO - Filling up the DagBag from /opt/airflow/dags/youtube_warehouse_pipeline.py
[2026-09-17T13:44:37.817+0000] {processor.py:925} INFO - DAG(s) 'youtube_warehouse_pipeline' retrieved from /opt/airflow/dags/youtube_warehouse_pipeline.py
[2026-09-17T13:44:37.857+0000] {logging_mixin.py:190} INFO - [2026-09-17T13:44:37.856+0000] {dag.py:3239} INFO - Sync 1 DAGs
[2026-09-17T13:44:37.876+0000] {logging_mixin.py:190} INFO - [2026-09-17T13:44:37.876+0000] {dag.py:4180} INFO - Setting next_dagrun for youtube_warehouse_pipeline to None, run_after=None
[2026-09-17T13:44:37.901+0000] {processor.py:208} INFO - Processing /opt/airflow/dags/youtube_warehouse_pipeline.py took 0.215 seconds
[2026-09-17T13:45:08.988+0000] {processor.py:186} INFO - Started process (PID=5361) to work on /opt/airflow/dags/youtube_warehouse_pipeline.py
[2026-09-17T13:45:08.995+0000] {processor.py:914} INFO - Processing file /opt/airflow/dags/youtube_warehouse_pipeline.py for tasks to queue
[2026-09-17T13:45:09.006+0000] {logging_mixin.py:190} INFO - [2026-09-17T13:45:09.000+0000] {dagbag.py:588} INFO - Filling up the DagBag from /opt/airflow/dags/youtube_warehouse_pipeline.py
[2026-09-17T13:45:09.420+0000] {processor.py:925} INFO - DAG(s) 'youtube_warehouse_pipeline' retrieved from /opt/airflow/dags/youtube_warehouse_pipeline.py
[2026-09-17T13:45:21.473+0000] {logging_mixin.py:190} INFO - [2026-09-17T13:45:21.470+0000] {dag.py:3239} INFO - Sync 1 DAGs
[2026-09-17T13:45:21.532+0000] {logging_mixin.py:190} INFO - [2026-09-17T13:45:21.531+0000] {dag.py:4180} INFO - Setting next_dagrun for youtube_warehouse_pipeline to None, run_after=None
[2026-09-17T13:45:21.600+0000] {processor.py:208} INFO - Processing /opt/airflow/dags/youtube_warehouse_pipeline.py took 12.678 seconds
[2026-09-17T13:45:51.989+0000] {processor.py:186} INFO - Started process (PID=5370) to work on /opt/airflow/dags/youtube_warehouse_pipeline.py
[2026-09-17T13:45:51.991+0000] {processor.py:914} INFO - Processing file /opt/airflow/dags/youtube_warehouse_pipeline.py for tasks to queue
[2026-09-17T13:45:51.995+0000] {logging_mixin.py:190} INFO - [2026-09-17T13:45:51.994+0000] {dagbag.py:588} INFO - Filling up the DagBag from /opt/airflow/dags/youtube_warehouse_pipeline.py
[2026-09-17T13:45:52.129+0000] {processor.py:925} INFO - DAG(s) 'youtube_warehouse_pipeline' retrieved from /opt/airflow/dags/youtube_warehouse_pipeline.py
[2026-09-17T13:45:52.239+0000] {logging_mixin.py:190} INFO - [2026-09-17T13:45:52.239+0000] {dag.py:3239} INFO - Sync 1 DAGs
[2026-09-17T13:45:52.263+0000] {logging_mixin.py:190} INFO - [2026-09-17T13:45:52.263+0000] {dag.py:4180} INFO - Setting next_dagrun for youtube_warehouse_pipeline to None, run_after=None
[2026-09-17T13:45:52.288+0000] {processor.py:208} INFO - Processing /opt/airflow/dags/youtube_warehouse_pipeline.py took 0.317 seconds
[2026-09-17T13:46:22.605+0000] {processor.py:186} INFO - Started process (PID=5378) to work on /opt/airflow/dags/youtube_warehouse_pipeline.py
[2026-09-17T13:46:22.607+0000] {processor.py:914} INFO - Processing file /opt/airflow/dags/youtube_warehouse_pipeline.py for tasks to queue
[2026-09-17T13:46:22.610+0000] {logging_mixin.py:190} INFO - [2026-09-17T13:46:22.609+0000] {dagbag.py:588} INFO - Filling up the DagBag from /opt/airflow/dags/youtube_warehouse_pipeline.py
[2026-09-17T13:46:22.743+0000] {processor.py:925} INFO - DAG(s) 'youtube_warehouse_pipeline' retrieved from /opt/airflow/dags/youtube_warehouse_pipeline.py
[2026-09-17T13:46:22.785+0000] {logging_mixin.py:190} INFO - [2026-09-17T13:46:22.785+0000] {dag.py:3239} INFO - Sync 1 DAGs
[2026-09-17T13:46:22.803+0000] {logging_mixin.py:190} INFO - [2026-09-17T13:46:22.803+0000] {dag.py:4180} INFO - Setting next_dagrun for youtube_warehouse_pipeline to None, run_after=None
[2026-09-17T13:46:22.835+0000] {processor.py:208} INFO - Processing /opt/airflow/dags/youtube_warehouse_pipeline.py took 0.235 seconds
[2026-09-17T13:46:53.159+0000] {processor.py:186} INFO - Started process (PID=5393) to work on /opt/airflow/dags/youtube_warehouse_pipeline.py
[2026-09-17T13:46:53.161+0000] {processor.py:914} INFO - Processing file /opt/airflow/dags/youtube_warehouse_pipeline.py for tasks to queue
[2026-09-17T13:46:53.163+0000] {logging_mixin.py:190} INFO - [2026-09-17T13:46:53.163+0000] {dagbag.py:588} INFO - Filling up the DagBag from /opt/airflow/dags/youtube_warehouse_pipeline.py
[2026-09-17T13:46:53.276+0000] {processor.py:925} INFO - DAG(s) 'youtube_warehouse_pipeline' retrieved from /opt/airflow/dags/youtube_warehouse_pipeline.py
[2026-09-17T13:46:53.324+0000] {logging_mixin.py:190} INFO - [2026-09-17T13:46:53.323+0000] {dag.py:3239} INFO - Sync 1 DAGs
[2026-09-17T13:46:53.343+0000] {logging_mixin.py:190} INFO - [2026-09-17T13:46:53.342+0000] {dag.py:4180} INFO - Setting next_dagrun for youtube_warehouse_pipeline to None, run_after=None
[2026-09-17T13:46:53.365+0000] {processor.py:208} INFO - Processing /opt/airflow/dags/youtube_warehouse_pipeline.py took 0.211 seconds
[2026-09-17T13:47:23.684+0000] {processor.py:186} INFO - Started process (PID=5401) to work on /opt/airflow/dags/youtube_warehouse_pipeline.py
[2026-09-17T13:47:23.687+0000] {processor.py:914} INFO - Processing file /opt/airflow/dags/youtube_warehouse_pipeline.py for tasks to queue
[2026-09-17T13:47:23.689+0000] {logging_mixin.py:190} INFO - [2026-09-17T13:47:23.689+0000] {dagbag.py:588} INFO - Filling up the DagBag from /opt/airflow/dags/youtube_warehouse_pipeline.py
[2026-09-17T13:47:23.795+0000] {processor.py:925} INFO - DAG(s) 'youtube_warehouse_pipeline' retrieved from /opt/airflow/dags/youtube_warehouse_pipeline.py
[2026-09-17T13:47:23.851+0000] {logging_mixin.py:190} INFO - [2026-09-17T13:47:23.851+0000] {dag.py:3239} INFO - Sync 1 DAGs
[2026-09-17T13:47:23.866+0000] {logging_mixin.py:190} INFO - [2026-09-17T13:47:23.865+0000] {dag.py:4180} INFO - Setting next_dagrun for youtube_warehouse_pipeline to None, run_after=None
[2026-09-17T13:47:23.884+0000] {processor.py:208} INFO - Processing /opt/airflow/dags/youtube_warehouse_pipeline.py took 0.207 seconds
[2026-09-17T13:47:54.282+0000] {processor.py:186} INFO - Started process (PID=5409) to work on /opt/airflow/dags/youtube_warehouse_pipeline.py
[2026-09-17T13:47:54.285+0000] {processor.py:914} INFO - Processing file /opt/airflow/dags/youtube_warehouse_pipeline.py for tasks to queue
[2026-09-17T13:47:54.287+0000] {logging_mixin.py:190} INFO - [2026-09-17T13:47:54.287+0000] {dagbag.py:588} INFO - Filling up the DagBag from /opt/airflow/dags/youtube_warehouse_pipeline.py
[2026-09-17T13:47:54.386+0000] {processor.py:925} INFO - DAG(s) 'youtube_warehouse_pipeline' retrieved from /opt/airflow/dags/youtube_warehouse_pipeline.py
[2026-09-17T13:47:54.441+0000] {logging_mixin.py:190} INFO - [2026-09-17T13:47:54.440+0000] {dag.py:3239} INFO - Sync 1 DAGs
[2026-09-17T13:47:54.454+0000] {logging_mixin.py:190} INFO - [2026-09-17T13:47:54.453+0000] {dag.py:4180} INFO - Setting next_dagrun for youtube_warehouse_pipeline to None, run_after=None
[2026-09-17T13:47:54.475+0000] {processor.py:208} INFO - Processing /opt/airflow/dags/youtube_warehouse_pipeline.py took 0.206 seconds
[2026-09-17T13:48:24.637+0000] {processor.py:186} INFO - Started process (PID=5417) to work on /opt/airflow/dags/youtube_warehouse_pipeline.py
[2026-09-17T13:48:24.639+0000] {processor.py:914} INFO - Processing file /opt/airflow/dags/youtube_warehouse_pipeline.py for tasks to queue
[2026-09-17T13:48:24.641+0000] {logging_mixin.py:190} INFO - [2026-09-17T13:48:24.641+0000] {dagbag.py:588} INFO - Filling up the DagBag from /opt/airflow/dags/youtube_warehouse_pipeline.py
[2026-09-17T13:48:24.708+0000] {processor.py:925} INFO - DAG(s) 'youtube_warehouse_pipeline' retrieved from /opt/airflow/dags/youtube_warehouse_pipeline.py
[2026-09-17T13:48:24.770+0000] {logging_mixin.py:190} INFO - [2026-09-17T13:48:24.769+0000] {dag.py:3239} INFO - Sync 1 DAGs
[2026-09-17T13:48:24.783+0000] {logging_mixin.py:190} INFO - [2026-09-17T13:48:24.783+0000] {dag.py:4180} INFO - Setting next_dagrun for youtube_warehouse_pipeline to None, run_after=None
[2026-09-17T13:48:24.805+0000] {processor.py:208} INFO - Processing /opt/airflow/dags/youtube_warehouse_pipeline.py took 0.179 seconds
[2026-09-17T13:48:55.159+0000] {processor.py:186} INFO - Started process (PID=5425) to work on /opt/airflow/dags/youtube_warehouse_pipeline.py
[2026-09-17T13:48:55.161+0000] {processor.py:914} INFO - Processing file /opt/airflow/dags/youtube_warehouse_pipeline.py for tasks to queue
[2026-09-17T13:48:55.163+0000] {logging_mixin.py:190} INFO - [2026-09-17T13:48:55.163+0000] {dagbag.py:588} INFO - Filling up the DagBag from /opt/airflow/dags/youtube_warehouse_pipeline.py
[2026-09-17T13:48:55.247+0000] {processor.py:925} INFO - DAG(s) 'youtube_warehouse_pipeline' retrieved from /opt/airflow/dags/youtube_warehouse_pipeline.py
[2026-09-17T13:48:55.300+0000] {logging_mixin.py:190} INFO - [2026-09-17T13:48:55.300+0000] {dag.py:3239} INFO - Sync 1 DAGs
[2026-09-17T13:48:55.322+0000] {logging_mixin.py:190} INFO - [2026-09-17T13:48:55.322+0000] {dag.py:4180} INFO - Setting next_dagrun for youtube_warehouse_pipeline to None, run_after=None
[2026-09-17T13:48:55.340+0000] {processor.py:208} INFO - Processing /opt/airflow/dags/youtube_warehouse_pipeline.py took 0.187 seconds
[2026-09-17T13:49:25.760+0000] {processor.py:186} INFO - Started process (PID=5433) to work on /opt/airflow/dags/youtube_warehouse_pipeline.py
[2026-09-17T13:49:25.762+0000] {processor.py:914} INFO - Processing file /opt/airflow/dags/youtube_warehouse_pipeline.py for tasks to queue
[2026-09-17T13:49:25.764+0000] {logging_mixin.py:190} INFO - [2026-09-17T13:49:25.763+0000] {dagbag.py:588} INFO - Filling up the DagBag from /opt/airflow/dags/youtube_warehouse_pipeline.py
[2026-09-17T13:49:25.803+0000] {logging_mixin.py:190} INFO - [2026-09-17T13:49:25.794+0000] {dagbag.py:387} ERROR - Failed to import: /opt/airflow/dags/youtube_warehouse_pipeline.py
Traceback (most recent call last):
  File "/home/airflow/.local/lib/python3.10/site-packages/airflow/models/dagbag.py", line 383, in parse
    loader.exec_module(new_module)
  File "<frozen importlib._bootstrap_external>", line 883, in exec_module
  File "<frozen importlib._bootstrap>", line 241, in _call_with_frames_removed
  File "/opt/airflow/dags/youtube_warehouse_pipeline.py", line 10, in <module>
    from include.load import youtube_load as load_videos
  File "<frozen importlib._bootstrap>", line 1027, in _find_and_load
  File "<frozen importlib._bootstrap>", line 1002, in _find_and_load_unlocked
  File "<frozen importlib._bootstrap>", line 945, in _find_spec
  File "<frozen importlib._bootstrap_external>", line 1439, in find_spec
  File "<frozen importlib._bootstrap_external>", line 1411, in _get_spec
  File "<frozen importlib._bootstrap_external>", line 1548, in find_spec
  File "<frozen importlib._bootstrap_external>", line 1591, in _fill_cache
OSError: [Errno 12] Cannot allocate memory: '/opt/airflow/include'
[2026-09-17T13:49:25.804+0000] {processor.py:927} WARNING - No viable dags retrieved from /opt/airflow/dags/youtube_warehouse_pipeline.py
[2026-09-17T13:49:25.862+0000] {processor.py:208} INFO - Processing /opt/airflow/dags/youtube_warehouse_pipeline.py took 0.113 seconds
[2026-09-17T13:49:56.174+0000] {processor.py:186} INFO - Started process (PID=5441) to work on /opt/airflow/dags/youtube_warehouse_pipeline.py
[2026-09-17T13:49:56.176+0000] {processor.py:914} INFO - Processing file /opt/airflow/dags/youtube_warehouse_pipeline.py for tasks to queue
[2026-09-17T13:49:56.179+0000] {logging_mixin.py:190} INFO - [2026-09-17T13:49:56.178+0000] {dagbag.py:588} INFO - Filling up the DagBag from /opt/airflow/dags/youtube_warehouse_pipeline.py
[2026-09-17T13:49:56.263+0000] {processor.py:925} INFO - DAG(s) 'youtube_warehouse_pipeline' retrieved from /opt/airflow/dags/youtube_warehouse_pipeline.py
[2026-09-17T13:49:56.311+0000] {logging_mixin.py:190} INFO - [2026-09-17T13:49:56.310+0000] {dag.py:3239} INFO - Sync 1 DAGs
[2026-09-17T13:49:56.324+0000] {logging_mixin.py:190} INFO - [2026-09-17T13:49:56.324+0000] {dag.py:4180} INFO - Setting next_dagrun for youtube_warehouse_pipeline to None, run_after=None
[2026-09-17T13:49:56.347+0000] {processor.py:208} INFO - Processing /opt/airflow/dags/youtube_warehouse_pipeline.py took 0.179 seconds
[2026-09-17T13:50:26.678+0000] {processor.py:186} INFO - Started process (PID=5448) to work on /opt/airflow/dags/youtube_warehouse_pipeline.py
[2026-09-17T13:50:26.680+0000] {processor.py:914} INFO - Processing file /opt/airflow/dags/youtube_warehouse_pipeline.py for tasks to queue
[2026-09-17T13:50:26.684+0000] {logging_mixin.py:190} INFO - [2026-09-17T13:50:26.682+0000] {dagbag.py:588} INFO - Filling up the DagBag from /opt/airflow/dags/youtube_warehouse_pipeline.py
[2026-09-17T13:50:26.778+0000] {processor.py:925} INFO - DAG(s) 'youtube_warehouse_pipeline' retrieved from /opt/airflow/dags/youtube_warehouse_pipeline.py
[2026-09-17T13:50:26.833+0000] {logging_mixin.py:190} INFO - [2026-09-17T13:50:26.833+0000] {dag.py:3239} INFO - Sync 1 DAGs
[2026-09-17T13:50:26.847+0000] {logging_mixin.py:190} INFO - [2026-09-17T13:50:26.846+0000] {dag.py:4180} INFO - Setting next_dagrun for youtube_warehouse_pipeline to None, run_after=None
[2026-09-17T13:50:26.867+0000] {processor.py:208} INFO - Processing /opt/airflow/dags/youtube_warehouse_pipeline.py took 0.195 seconds
[2026-09-17T13:50:57.225+0000] {processor.py:186} INFO - Started process (PID=5456) to work on /opt/airflow/dags/youtube_warehouse_pipeline.py
[2026-09-17T13:50:57.226+0000] {processor.py:914} INFO - Processing file /opt/airflow/dags/youtube_warehouse_pipeline.py for tasks to queue
[2026-09-17T13:50:57.228+0000] {logging_mixin.py:190} INFO - [2026-09-17T13:50:57.228+0000] {dagbag.py:588} INFO - Filling up the DagBag from /opt/airflow/dags/youtube_warehouse_pipeline.py
[2026-09-17T13:50:57.305+0000] {processor.py:925} INFO - DAG(s) 'youtube_warehouse_pipeline' retrieved from /opt/airflow/dags/youtube_warehouse_pipeline.py
[2026-09-17T13:50:57.341+0000] {logging_mixin.py:190} INFO - [2026-09-17T13:50:57.341+0000] {dag.py:3239} INFO - Sync 1 DAGs
[2026-09-17T13:50:57.353+0000] {logging_mixin.py:190} INFO - [2026-09-17T13:50:57.353+0000] {dag.py:4180} INFO - Setting next_dagrun for youtube_warehouse_pipeline to None, run_after=None
[2026-09-17T13:50:57.371+0000] {processor.py:208} INFO - Processing /opt/airflow/dags/youtube_warehouse_pipeline.py took 0.155 seconds
[2026-09-17T13:51:27.748+0000] {processor.py:186} INFO - Started process (PID=5464) to work on /opt/airflow/dags/youtube_warehouse_pipeline.py
[2026-09-17T13:51:27.750+0000] {processor.py:914} INFO - Processing file /opt/airflow/dags/youtube_warehouse_pipeline.py for tasks to queue
[2026-09-17T13:51:27.752+0000] {logging_mixin.py:190} INFO - [2026-09-17T13:51:27.752+0000] {dagbag.py:588} INFO - Filling up the DagBag from /opt/airflow/dags/youtube_warehouse_pipeline.py
[2026-09-17T13:51:27.830+0000] {processor.py:925} INFO - DAG(s) 'youtube_warehouse_pipeline' retrieved from /opt/airflow/dags/youtube_warehouse_pipeline.py
[2026-09-17T13:51:27.872+0000] {logging_mixin.py:190} INFO - [2026-09-17T13:51:27.872+0000] {dag.py:3239} INFO - Sync 1 DAGs
[2026-09-17T13:51:27.884+0000] {logging_mixin.py:190} INFO - [2026-09-17T13:51:27.884+0000] {dag.py:4180} INFO - Setting next_dagrun for youtube_warehouse_pipeline to None, run_after=None
[2026-09-17T13:51:27.904+0000] {processor.py:208} INFO - Processing /opt/airflow/dags/youtube_warehouse_pipeline.py took 0.165 seconds
[2026-09-17T13:51:58.301+0000] {processor.py:186} INFO - Started process (PID=5471) to work on /opt/airflow/dags/youtube_warehouse_pipeline.py
[2026-09-17T13:51:58.303+0000] {processor.py:914} INFO - Processing file /opt/airflow/dags/youtube_warehouse_pipeline.py for tasks to queue
[2026-09-17T13:51:58.305+0000] {logging_mixin.py:190} INFO - [2026-09-17T13:51:58.305+0000] {dagbag.py:588} INFO - Filling up the DagBag from /opt/airflow/dags/youtube_warehouse_pipeline.py
[2026-09-17T13:51:58.406+0000] {processor.py:925} INFO - DAG(s) 'youtube_warehouse_pipeline' retrieved from /opt/airflow/dags/youtube_warehouse_pipeline.py
[2026-09-17T13:51:58.470+0000] {logging_mixin.py:190} INFO - [2026-09-17T13:51:58.470+0000] {dag.py:3239} INFO - Sync 1 DAGs
[2026-09-17T13:51:58.483+0000] {logging_mixin.py:190} INFO - [2026-09-17T13:51:58.483+0000] {dag.py:4180} INFO - Setting next_dagrun for youtube_warehouse_pipeline to None, run_after=None
[2026-09-17T13:51:58.504+0000] {processor.py:208} INFO - Processing /opt/airflow/dags/youtube_warehouse_pipeline.py took 0.213 seconds
[2026-09-17T13:52:28.852+0000] {processor.py:186} INFO - Started process (PID=5479) to work on /opt/airflow/dags/youtube_warehouse_pipeline.py
[2026-09-17T13:52:28.855+0000] {processor.py:914} INFO - Processing file /opt/airflow/dags/youtube_warehouse_pipeline.py for tasks to queue
[2026-09-17T13:52:28.857+0000] {logging_mixin.py:190} INFO - [2026-09-17T13:52:28.856+0000] {dagbag.py:588} INFO - Filling up the DagBag from /opt/airflow/dags/youtube_warehouse_pipeline.py
[2026-09-17T13:52:28.941+0000] {processor.py:925} INFO - DAG(s) 'youtube_warehouse_pipeline' retrieved from /opt/airflow/dags/youtube_warehouse_pipeline.py
[2026-09-17T13:52:29.010+0000] {logging_mixin.py:190} INFO - [2026-09-17T13:52:29.010+0000] {dag.py:3239} INFO - Sync 1 DAGs
[2026-09-17T13:52:29.024+0000] {logging_mixin.py:190} INFO - [2026-09-17T13:52:29.024+0000] {dag.py:4180} INFO - Setting next_dagrun for youtube_warehouse_pipeline to None, run_after=None
[2026-09-17T13:52:29.045+0000] {processor.py:208} INFO - Processing /opt/airflow/dags/youtube_warehouse_pipeline.py took 0.203 seconds
[2026-09-17T13:52:59.268+0000] {processor.py:186} INFO - Started process (PID=5487) to work on /opt/airflow/dags/youtube_warehouse_pipeline.py
[2026-09-17T13:52:59.271+0000] {processor.py:914} INFO - Processing file /opt/airflow/dags/youtube_warehouse_pipeline.py for tasks to queue
[2026-09-17T13:52:59.274+0000] {logging_mixin.py:190} INFO - [2026-09-17T13:52:59.274+0000] {dagbag.py:588} INFO - Filling up the DagBag from /opt/airflow/dags/youtube_warehouse_pipeline.py
[2026-09-17T13:52:59.371+0000] {processor.py:925} INFO - DAG(s) 'youtube_warehouse_pipeline' retrieved from /opt/airflow/dags/youtube_warehouse_pipeline.py
[2026-09-17T13:52:59.441+0000] {logging_mixin.py:190} INFO - [2026-09-17T13:52:59.441+0000] {dag.py:3239} INFO - Sync 1 DAGs
[2026-09-17T13:52:59.455+0000] {logging_mixin.py:190} INFO - [2026-09-17T13:52:59.455+0000] {dag.py:4180} INFO - Setting next_dagrun for youtube_warehouse_pipeline to None, run_after=None
[2026-09-17T13:52:59.477+0000] {processor.py:208} INFO - Processing /opt/airflow/dags/youtube_warehouse_pipeline.py took 0.219 seconds
[2026-09-17T13:53:29.835+0000] {processor.py:186} INFO - Started process (PID=5494) to work on /opt/airflow/dags/youtube_warehouse_pipeline.py
[2026-09-17T13:53:29.837+0000] {processor.py:914} INFO - Processing file /opt/airflow/dags/youtube_warehouse_pipeline.py for tasks to queue
[2026-09-17T13:53:29.839+0000] {logging_mixin.py:190} INFO - [2026-09-17T13:53:29.839+0000] {dagbag.py:588} INFO - Filling up the DagBag from /opt/airflow/dags/youtube_warehouse_pipeline.py
[2026-09-17T13:53:29.946+0000] {processor.py:925} INFO - DAG(s) 'youtube_warehouse_pipeline' retrieved from /opt/airflow/dags/youtube_warehouse_pipeline.py
[2026-09-17T13:53:30.011+0000] {logging_mixin.py:190} INFO - [2026-09-17T13:53:30.010+0000] {dag.py:3239} INFO - Sync 1 DAGs
[2026-09-17T13:53:30.025+0000] {logging_mixin.py:190} INFO - [2026-09-17T13:53:30.025+0000] {dag.py:4180} INFO - Setting next_dagrun for youtube_warehouse_pipeline to None, run_after=None
[2026-09-17T13:53:30.043+0000] {processor.py:208} INFO - Processing /opt/airflow/dags/youtube_warehouse_pipeline.py took 0.215 seconds
[2026-09-17T13:54:00.345+0000] {processor.py:186} INFO - Started process (PID=5502) to work on /opt/airflow/dags/youtube_warehouse_pipeline.py
[2026-09-17T13:54:00.346+0000] {processor.py:914} INFO - Processing file /opt/airflow/dags/youtube_warehouse_pipeline.py for tasks to queue
[2026-09-17T13:54:00.349+0000] {logging_mixin.py:190} INFO - [2026-09-17T13:54:00.348+0000] {dagbag.py:588} INFO - Filling up the DagBag from /opt/airflow/dags/youtube_warehouse_pipeline.py
[2026-09-17T13:54:00.436+0000] {processor.py:925} INFO - DAG(s) 'youtube_warehouse_pipeline' retrieved from /opt/airflow/dags/youtube_warehouse_pipeline.py
[2026-09-17T13:54:00.501+0000] {logging_mixin.py:190} INFO - [2026-09-17T13:54:00.501+0000] {dag.py:3239} INFO - Sync 1 DAGs
[2026-09-17T13:54:00.515+0000] {logging_mixin.py:190} INFO - [2026-09-17T13:54:00.514+0000] {dag.py:4180} INFO - Setting next_dagrun for youtube_warehouse_pipeline to None, run_after=None
[2026-09-17T13:54:00.537+0000] {processor.py:208} INFO - Processing /opt/airflow/dags/youtube_warehouse_pipeline.py took 0.200 seconds
[2026-09-17T13:54:31.023+0000] {processor.py:186} INFO - Started process (PID=5510) to work on /opt/airflow/dags/youtube_warehouse_pipeline.py
[2026-09-17T13:54:31.026+0000] {processor.py:914} INFO - Processing file /opt/airflow/dags/youtube_warehouse_pipeline.py for tasks to queue
[2026-09-17T13:54:31.028+0000] {logging_mixin.py:190} INFO - [2026-09-17T13:54:31.027+0000] {dagbag.py:588} INFO - Filling up the DagBag from /opt/airflow/dags/youtube_warehouse_pipeline.py
[2026-09-17T13:54:31.116+0000] {processor.py:925} INFO - DAG(s) 'youtube_warehouse_pipeline' retrieved from /opt/airflow/dags/youtube_warehouse_pipeline.py
[2026-09-17T13:54:31.164+0000] {logging_mixin.py:190} INFO - [2026-09-17T13:54:31.163+0000] {dag.py:3239} INFO - Sync 1 DAGs
[2026-09-17T13:54:31.177+0000] {logging_mixin.py:190} INFO - [2026-09-17T13:54:31.177+0000] {dag.py:4180} INFO - Setting next_dagrun for youtube_warehouse_pipeline to None, run_after=None
[2026-09-17T13:54:31.199+0000] {processor.py:208} INFO - Processing /opt/airflow/dags/youtube_warehouse_pipeline.py took 0.185 seconds
[2026-09-17T13:55:01.550+0000] {processor.py:186} INFO - Started process (PID=5518) to work on /opt/airflow/dags/youtube_warehouse_pipeline.py
[2026-09-17T13:55:01.553+0000] {processor.py:914} INFO - Processing file /opt/airflow/dags/youtube_warehouse_pipeline.py for tasks to queue
[2026-09-17T13:55:01.555+0000] {logging_mixin.py:190} INFO - [2026-09-17T13:55:01.555+0000] {dagbag.py:588} INFO - Filling up the DagBag from /opt/airflow/dags/youtube_warehouse_pipeline.py
[2026-09-17T13:55:01.645+0000] {processor.py:925} INFO - DAG(s) 'youtube_warehouse_pipeline' retrieved from /opt/airflow/dags/youtube_warehouse_pipeline.py
[2026-09-17T13:55:01.696+0000] {logging_mixin.py:190} INFO - [2026-09-17T13:55:01.696+0000] {dag.py:3239} INFO - Sync 1 DAGs
[2026-09-17T13:55:01.711+0000] {logging_mixin.py:190} INFO - [2026-09-17T13:55:01.711+0000] {dag.py:4180} INFO - Setting next_dagrun for youtube_warehouse_pipeline to None, run_after=None
[2026-09-17T13:55:01.731+0000] {processor.py:208} INFO - Processing /opt/airflow/dags/youtube_warehouse_pipeline.py took 0.190 seconds
[2026-09-17T13:55:32.049+0000] {processor.py:186} INFO - Started process (PID=5526) to work on /opt/airflow/dags/youtube_warehouse_pipeline.py
[2026-09-17T13:55:32.051+0000] {processor.py:914} INFO - Processing file /opt/airflow/dags/youtube_warehouse_pipeline.py for tasks to queue
[2026-09-17T13:55:32.054+0000] {logging_mixin.py:190} INFO - [2026-09-17T13:55:32.053+0000] {dagbag.py:588} INFO - Filling up the DagBag from /opt/airflow/dags/youtube_warehouse_pipeline.py
[2026-09-17T13:55:32.139+0000] {processor.py:925} INFO - DAG(s) 'youtube_warehouse_pipeline' retrieved from /opt/airflow/dags/youtube_warehouse_pipeline.py
[2026-09-17T13:55:32.167+0000] {logging_mixin.py:190} INFO - [2026-09-17T13:55:32.167+0000] {dag.py:3239} INFO - Sync 1 DAGs
[2026-09-17T13:55:32.183+0000] {logging_mixin.py:190} INFO - [2026-09-17T13:55:32.182+0000] {dag.py:4180} INFO - Setting next_dagrun for youtube_warehouse_pipeline to None, run_after=None
[2026-09-17T13:55:32.204+0000] {processor.py:208} INFO - Processing /opt/airflow/dags/youtube_warehouse_pipeline.py took 0.161 seconds
[2026-09-17T13:56:02.546+0000] {processor.py:186} INFO - Started process (PID=5534) to work on /opt/airflow/dags/youtube_warehouse_pipeline.py
[2026-09-17T13:56:02.550+0000] {processor.py:914} INFO - Processing file /opt/airflow/dags/youtube_warehouse_pipeline.py for tasks to queue
[2026-09-17T13:56:02.553+0000] {logging_mixin.py:190} INFO - [2026-09-17T13:56:02.552+0000] {dagbag.py:588} INFO - Filling up the DagBag from /opt/airflow/dags/youtube_warehouse_pipeline.py
[2026-09-17T13:56:02.652+0000] {processor.py:925} INFO - DAG(s) 'youtube_warehouse_pipeline' retrieved from /opt/airflow/dags/youtube_warehouse_pipeline.py
[2026-09-17T13:56:02.705+0000] {logging_mixin.py:190} INFO - [2026-09-17T13:56:02.704+0000] {dag.py:3239} INFO - Sync 1 DAGs
[2026-09-17T13:56:02.723+0000] {logging_mixin.py:190} INFO - [2026-09-17T13:56:02.723+0000] {dag.py:4180} INFO - Setting next_dagrun for youtube_warehouse_pipeline to None, run_after=None
[2026-09-17T13:56:02.743+0000] {processor.py:208} INFO - Processing /opt/airflow/dags/youtube_warehouse_pipeline.py took 0.208 seconds
[2026-09-17T13:56:33.186+0000] {processor.py:186} INFO - Started process (PID=5542) to work on /opt/airflow/dags/youtube_warehouse_pipeline.py
[2026-09-17T13:56:33.189+0000] {processor.py:914} INFO - Processing file /opt/airflow/dags/youtube_warehouse_pipeline.py for tasks to queue
[2026-09-17T13:56:33.193+0000] {logging_mixin.py:190} INFO - [2026-09-17T13:56:33.191+0000] {dagbag.py:588} INFO - Filling up the DagBag from /opt/airflow/dags/youtube_warehouse_pipeline.py
[2026-09-17T13:56:33.301+0000] {processor.py:925} INFO - DAG(s) 'youtube_warehouse_pipeline' retrieved from /opt/airflow/dags/youtube_warehouse_pipeline.py
[2026-09-17T13:56:33.359+0000] {logging_mixin.py:190} INFO - [2026-09-17T13:56:33.359+0000] {dag.py:3239} INFO - Sync 1 DAGs
[2026-09-17T13:56:33.374+0000] {logging_mixin.py:190} INFO - [2026-09-17T13:56:33.373+0000] {dag.py:4180} INFO - Setting next_dagrun for youtube_warehouse_pipeline to None, run_after=None
[2026-09-17T13:56:33.396+0000] {processor.py:208} INFO - Processing /opt/airflow/dags/youtube_warehouse_pipeline.py took 0.218 seconds
[2026-09-17T13:57:03.537+0000] {processor.py:186} INFO - Started process (PID=5550) to work on /opt/airflow/dags/youtube_warehouse_pipeline.py
[2026-09-17T13:57:03.542+0000] {processor.py:914} INFO - Processing file /opt/airflow/dags/youtube_warehouse_pipeline.py for tasks to queue
[2026-09-17T13:57:03.547+0000] {logging_mixin.py:190} INFO - [2026-09-17T13:57:03.545+0000] {dagbag.py:588} INFO - Filling up the DagBag from /opt/airflow/dags/youtube_warehouse_pipeline.py
[2026-09-17T13:57:03.657+0000] {processor.py:925} INFO - DAG(s) 'youtube_warehouse_pipeline' retrieved from /opt/airflow/dags/youtube_warehouse_pipeline.py
[2026-09-17T13:57:03.717+0000] {logging_mixin.py:190} INFO - [2026-09-17T13:57:03.716+0000] {dag.py:3239} INFO - Sync 1 DAGs
[2026-09-17T13:57:03.733+0000] {logging_mixin.py:190} INFO - [2026-09-17T13:57:03.733+0000] {dag.py:4180} INFO - Setting next_dagrun for youtube_warehouse_pipeline to None, run_after=None
[2026-09-17T13:57:03.755+0000] {processor.py:208} INFO - Processing /opt/airflow/dags/youtube_warehouse_pipeline.py took 0.237 seconds
[2026-09-17T13:57:34.079+0000] {processor.py:186} INFO - Started process (PID=5558) to work on /opt/airflow/dags/youtube_warehouse_pipeline.py
[2026-09-17T13:57:34.081+0000] {processor.py:914} INFO - Processing file /opt/airflow/dags/youtube_warehouse_pipeline.py for tasks to queue
[2026-09-17T13:57:34.086+0000] {logging_mixin.py:190} INFO - [2026-09-17T13:57:34.085+0000] {dagbag.py:588} INFO - Filling up the DagBag from /opt/airflow/dags/youtube_warehouse_pipeline.py
[2026-09-17T13:57:34.181+0000] {processor.py:925} INFO - DAG(s) 'youtube_warehouse_pipeline' retrieved from /opt/airflow/dags/youtube_warehouse_pipeline.py
[2026-09-17T13:57:34.227+0000] {logging_mixin.py:190} INFO - [2026-09-17T13:57:34.227+0000] {dag.py:3239} INFO - Sync 1 DAGs
[2026-09-17T13:57:34.245+0000] {logging_mixin.py:190} INFO - [2026-09-17T13:57:34.245+0000] {dag.py:4180} INFO - Setting next_dagrun for youtube_warehouse_pipeline to None, run_after=None
[2026-09-17T13:57:34.275+0000] {processor.py:208} INFO - Processing /opt/airflow/dags/youtube_warehouse_pipeline.py took 0.205 seconds
[2026-09-17T13:58:04.626+0000] {processor.py:186} INFO - Started process (PID=5566) to work on /opt/airflow/dags/youtube_warehouse_pipeline.py
[2026-09-17T13:58:04.628+0000] {processor.py:914} INFO - Processing file /opt/airflow/dags/youtube_warehouse_pipeline.py for tasks to queue
[2026-09-17T13:58:04.631+0000] {logging_mixin.py:190} INFO - [2026-09-17T13:58:04.630+0000] {dagbag.py:588} INFO - Filling up the DagBag from /opt/airflow/dags/youtube_warehouse_pipeline.py
[2026-09-17T13:58:04.732+0000] {processor.py:925} INFO - DAG(s) 'youtube_warehouse_pipeline' retrieved from /opt/airflow/dags/youtube_warehouse_pipeline.py
[2026-09-17T13:58:04.769+0000] {logging_mixin.py:190} INFO - [2026-09-17T13:58:04.769+0000] {dag.py:3239} INFO - Sync 1 DAGs
[2026-09-17T13:58:04.789+0000] {logging_mixin.py:190} INFO - [2026-09-17T13:58:04.788+0000] {dag.py:4180} INFO - Setting next_dagrun for youtube_warehouse_pipeline to None, run_after=None
[2026-09-17T13:58:04.817+0000] {processor.py:208} INFO - Processing /opt/airflow/dags/youtube_warehouse_pipeline.py took 0.204 seconds
[2026-09-17T13:58:35.177+0000] {processor.py:186} INFO - Started process (PID=5574) to work on /opt/airflow/dags/youtube_warehouse_pipeline.py
[2026-09-17T13:58:35.179+0000] {processor.py:914} INFO - Processing file /opt/airflow/dags/youtube_warehouse_pipeline.py for tasks to queue
[2026-09-17T13:58:35.182+0000] {logging_mixin.py:190} INFO - [2026-09-17T13:58:35.181+0000] {dagbag.py:588} INFO - Filling up the DagBag from /opt/airflow/dags/youtube_warehouse_pipeline.py
[2026-09-17T13:58:35.269+0000] {processor.py:925} INFO - DAG(s) 'youtube_warehouse_pipeline' retrieved from /opt/airflow/dags/youtube_warehouse_pipeline.py
[2026-09-17T13:58:35.302+0000] {logging_mixin.py:190} INFO - [2026-09-17T13:58:35.302+0000] {dag.py:3239} INFO - Sync 1 DAGs
[2026-09-17T13:58:35.317+0000] {logging_mixin.py:190} INFO - [2026-09-17T13:58:35.316+0000] {dag.py:4180} INFO - Setting next_dagrun for youtube_warehouse_pipeline to None, run_after=None
[2026-09-17T13:58:35.339+0000] {processor.py:208} INFO - Processing /opt/airflow/dags/youtube_warehouse_pipeline.py took 0.170 seconds
[2026-09-17T13:59:05.649+0000] {processor.py:186} INFO - Started process (PID=5582) to work on /opt/airflow/dags/youtube_warehouse_pipeline.py
[2026-09-17T13:59:05.651+0000] {processor.py:914} INFO - Processing file /opt/airflow/dags/youtube_warehouse_pipeline.py for tasks to queue
[2026-09-17T13:59:05.653+0000] {logging_mixin.py:190} INFO - [2026-09-17T13:59:05.653+0000] {dagbag.py:588} INFO - Filling up the DagBag from /opt/airflow/dags/youtube_warehouse_pipeline.py
[2026-09-17T13:59:05.744+0000] {processor.py:925} INFO - DAG(s) 'youtube_warehouse_pipeline' retrieved from /opt/airflow/dags/youtube_warehouse_pipeline.py
[2026-09-17T13:59:05.789+0000] {logging_mixin.py:190} INFO - [2026-09-17T13:59:05.789+0000] {dag.py:3239} INFO - Sync 1 DAGs
[2026-09-17T13:59:05.806+0000] {logging_mixin.py:190} INFO - [2026-09-17T13:59:05.805+0000] {dag.py:4180} INFO - Setting next_dagrun for youtube_warehouse_pipeline to None, run_after=None
[2026-09-17T13:59:05.829+0000] {processor.py:208} INFO - Processing /opt/airflow/dags/youtube_warehouse_pipeline.py took 0.188 seconds
[2026-09-17T13:59:36.140+0000] {processor.py:186} INFO - Started process (PID=5591) to work on /opt/airflow/dags/youtube_warehouse_pipeline.py
[2026-09-17T13:59:36.142+0000] {processor.py:914} INFO - Processing file /opt/airflow/dags/youtube_warehouse_pipeline.py for tasks to queue
[2026-09-17T13:59:36.144+0000] {logging_mixin.py:190} INFO - [2026-09-17T13:59:36.144+0000] {dagbag.py:588} INFO - Filling up the DagBag from /opt/airflow/dags/youtube_warehouse_pipeline.py
[2026-09-17T13:59:36.227+0000] {processor.py:925} INFO - DAG(s) 'youtube_warehouse_pipeline' retrieved from /opt/airflow/dags/youtube_warehouse_pipeline.py
[2026-09-17T13:59:36.273+0000] {logging_mixin.py:190} INFO - [2026-09-17T13:59:36.273+0000] {dag.py:3239} INFO - Sync 1 DAGs
[2026-09-17T13:59:36.287+0000] {logging_mixin.py:190} INFO - [2026-09-17T13:59:36.287+0000] {dag.py:4180} INFO - Setting next_dagrun for youtube_warehouse_pipeline to None, run_after=None
[2026-09-17T13:59:36.306+0000] {processor.py:208} INFO - Processing /opt/airflow/dags/youtube_warehouse_pipeline.py took 0.172 seconds
[2026-09-17T14:00:06.646+0000] {processor.py:186} INFO - Started process (PID=5599) to work on /opt/airflow/dags/youtube_warehouse_pipeline.py
[2026-09-17T14:00:06.648+0000] {processor.py:914} INFO - Processing file /opt/airflow/dags/youtube_warehouse_pipeline.py for tasks to queue
[2026-09-17T14:00:06.650+0000] {logging_mixin.py:190} INFO - [2026-09-17T14:00:06.650+0000] {dagbag.py:588} INFO - Filling up the DagBag from /opt/airflow/dags/youtube_warehouse_pipeline.py
[2026-09-17T14:00:06.743+0000] {processor.py:925} INFO - DAG(s) 'youtube_warehouse_pipeline' retrieved from /opt/airflow/dags/youtube_warehouse_pipeline.py
[2026-09-17T14:00:06.772+0000] {logging_mixin.py:190} INFO - [2026-09-17T14:00:06.771+0000] {dag.py:3239} INFO - Sync 1 DAGs
[2026-09-17T14:00:06.788+0000] {logging_mixin.py:190} INFO - [2026-09-17T14:00:06.788+0000] {dag.py:4180} INFO - Setting next_dagrun for youtube_warehouse_pipeline to None, run_after=None
[2026-09-17T14:00:06.815+0000] {processor.py:208} INFO - Processing /opt/airflow/dags/youtube_warehouse_pipeline.py took 0.176 seconds
[2026-09-17T14:00:37.048+0000] {processor.py:186} INFO - Started process (PID=5607) to work on /opt/airflow/dags/youtube_warehouse_pipeline.py
[2026-09-17T14:00:37.052+0000] {processor.py:914} INFO - Processing file /opt/airflow/dags/youtube_warehouse_pipeline.py for tasks to queue
[2026-09-17T14:00:37.058+0000] {logging_mixin.py:190} INFO - [2026-09-17T14:00:37.057+0000] {dagbag.py:588} INFO - Filling up the DagBag from /opt/airflow/dags/youtube_warehouse_pipeline.py
[2026-09-17T14:00:37.286+0000] {processor.py:925} INFO - DAG(s) 'youtube_warehouse_pipeline' retrieved from /opt/airflow/dags/youtube_warehouse_pipeline.py
[2026-09-17T14:00:37.360+0000] {logging_mixin.py:190} INFO - [2026-09-17T14:00:37.358+0000] {dag.py:3239} INFO - Sync 1 DAGs
[2026-09-17T14:00:37.397+0000] {logging_mixin.py:190} INFO - [2026-09-17T14:00:37.396+0000] {dag.py:4180} INFO - Setting next_dagrun for youtube_warehouse_pipeline to None, run_after=None
[2026-09-17T14:00:37.443+0000] {processor.py:208} INFO - Processing /opt/airflow/dags/youtube_warehouse_pipeline.py took 0.418 seconds
[2026-09-17T14:01:07.882+0000] {processor.py:186} INFO - Started process (PID=5615) to work on /opt/airflow/dags/youtube_warehouse_pipeline.py
[2026-09-17T14:01:07.884+0000] {processor.py:914} INFO - Processing file /opt/airflow/dags/youtube_warehouse_pipeline.py for tasks to queue
[2026-09-17T14:01:07.887+0000] {logging_mixin.py:190} INFO - [2026-09-17T14:01:07.886+0000] {dagbag.py:588} INFO - Filling up the DagBag from /opt/airflow/dags/youtube_warehouse_pipeline.py
[2026-09-17T14:01:07.970+0000] {processor.py:925} INFO - DAG(s) 'youtube_warehouse_pipeline' retrieved from /opt/airflow/dags/youtube_warehouse_pipeline.py
[2026-09-17T14:01:08.007+0000] {logging_mixin.py:190} INFO - [2026-09-17T14:01:08.007+0000] {dag.py:3239} INFO - Sync 1 DAGs
[2026-09-17T14:01:08.022+0000] {logging_mixin.py:190} INFO - [2026-09-17T14:01:08.022+0000] {dag.py:4180} INFO - Setting next_dagrun for youtube_warehouse_pipeline to None, run_after=None
[2026-09-17T14:01:08.042+0000] {processor.py:208} INFO - Processing /opt/airflow/dags/youtube_warehouse_pipeline.py took 0.171 seconds
[2026-09-17T14:01:38.364+0000] {processor.py:186} INFO - Started process (PID=5623) to work on /opt/airflow/dags/youtube_warehouse_pipeline.py
[2026-09-17T14:01:38.366+0000] {processor.py:914} INFO - Processing file /opt/airflow/dags/youtube_warehouse_pipeline.py for tasks to queue
[2026-09-17T14:01:38.368+0000] {logging_mixin.py:190} INFO - [2026-09-17T14:01:38.368+0000] {dagbag.py:588} INFO - Filling up the DagBag from /opt/airflow/dags/youtube_warehouse_pipeline.py
[2026-09-17T14:01:38.459+0000] {processor.py:925} INFO - DAG(s) 'youtube_warehouse_pipeline' retrieved from /opt/airflow/dags/youtube_warehouse_pipeline.py
[2026-09-17T14:01:38.491+0000] {logging_mixin.py:190} INFO - [2026-09-17T14:01:38.491+0000] {dag.py:3239} INFO - Sync 1 DAGs
[2026-09-17T14:01:38.504+0000] {logging_mixin.py:190} INFO - [2026-09-17T14:01:38.503+0000] {dag.py:4180} INFO - Setting next_dagrun for youtube_warehouse_pipeline to None, run_after=None
[2026-09-17T14:01:38.524+0000] {processor.py:208} INFO - Processing /opt/airflow/dags/youtube_warehouse_pipeline.py took 0.168 seconds
[2026-09-17T14:02:08.658+0000] {processor.py:186} INFO - Started process (PID=5632) to work on /opt/airflow/dags/youtube_warehouse_pipeline.py
[2026-09-17T14:02:08.663+0000] {processor.py:914} INFO - Processing file /opt/airflow/dags/youtube_warehouse_pipeline.py for tasks to queue
[2026-09-17T14:02:08.665+0000] {logging_mixin.py:190} INFO - [2026-09-17T14:02:08.665+0000] {dagbag.py:588} INFO - Filling up the DagBag from /opt/airflow/dags/youtube_warehouse_pipeline.py
[2026-09-17T14:02:08.799+0000] {processor.py:925} INFO - DAG(s) 'youtube_warehouse_pipeline' retrieved from /opt/airflow/dags/youtube_warehouse_pipeline.py
[2026-09-17T14:02:08.852+0000] {logging_mixin.py:190} INFO - [2026-09-17T14:02:08.852+0000] {dag.py:3239} INFO - Sync 1 DAGs
[2026-09-17T14:02:08.874+0000] {logging_mixin.py:190} INFO - [2026-09-17T14:02:08.874+0000] {dag.py:4180} INFO - Setting next_dagrun for youtube_warehouse_pipeline to None, run_after=None
[2026-09-17T14:02:08.912+0000] {processor.py:208} INFO - Processing /opt/airflow/dags/youtube_warehouse_pipeline.py took 0.266 seconds
[2026-09-17T14:02:39.251+0000] {processor.py:186} INFO - Started process (PID=5640) to work on /opt/airflow/dags/youtube_warehouse_pipeline.py
[2026-09-17T14:02:39.254+0000] {processor.py:914} INFO - Processing file /opt/airflow/dags/youtube_warehouse_pipeline.py for tasks to queue
[2026-09-17T14:02:39.256+0000] {logging_mixin.py:190} INFO - [2026-09-17T14:02:39.255+0000] {dagbag.py:588} INFO - Filling up the DagBag from /opt/airflow/dags/youtube_warehouse_pipeline.py
[2026-09-17T14:02:39.349+0000] {processor.py:925} INFO - DAG(s) 'youtube_warehouse_pipeline' retrieved from /opt/airflow/dags/youtube_warehouse_pipeline.py
[2026-09-17T14:02:39.385+0000] {logging_mixin.py:190} INFO - [2026-09-17T14:02:39.384+0000] {dag.py:3239} INFO - Sync 1 DAGs
[2026-09-17T14:02:39.399+0000] {logging_mixin.py:190} INFO - [2026-09-17T14:02:39.398+0000] {dag.py:4180} INFO - Setting next_dagrun for youtube_warehouse_pipeline to None, run_after=None
[2026-09-17T14:02:39.423+0000] {processor.py:208} INFO - Processing /opt/airflow/dags/youtube_warehouse_pipeline.py took 0.178 seconds
[2026-09-17T14:03:09.999+0000] {processor.py:186} INFO - Started process (PID=5648) to work on /opt/airflow/dags/youtube_warehouse_pipeline.py
[2026-09-17T14:03:10.004+0000] {processor.py:914} INFO - Processing file /opt/airflow/dags/youtube_warehouse_pipeline.py for tasks to queue
[2026-09-17T14:03:10.011+0000] {logging_mixin.py:190} INFO - [2026-09-17T14:03:10.009+0000] {dagbag.py:588} INFO - Filling up the DagBag from /opt/airflow/dags/youtube_warehouse_pipeline.py
[2026-09-17T14:03:10.301+0000] {processor.py:925} INFO - DAG(s) 'youtube_warehouse_pipeline' retrieved from /opt/airflow/dags/youtube_warehouse_pipeline.py
[2026-09-17T14:03:10.898+0000] {logging_mixin.py:190} INFO - [2026-09-17T14:03:10.887+0000] {dag.py:3239} INFO - Sync 1 DAGs
[2026-09-17T14:03:10.945+0000] {logging_mixin.py:190} INFO - [2026-09-17T14:03:10.944+0000] {dag.py:4180} INFO - Setting next_dagrun for youtube_warehouse_pipeline to None, run_after=None
[2026-09-17T14:03:10.997+0000] {processor.py:208} INFO - Processing /opt/airflow/dags/youtube_warehouse_pipeline.py took 1.036 seconds
[2026-09-17T14:03:41.464+0000] {processor.py:186} INFO - Started process (PID=5656) to work on /opt/airflow/dags/youtube_warehouse_pipeline.py
[2026-09-17T14:03:41.466+0000] {processor.py:914} INFO - Processing file /opt/airflow/dags/youtube_warehouse_pipeline.py for tasks to queue
[2026-09-17T14:03:41.468+0000] {logging_mixin.py:190} INFO - [2026-09-17T14:03:41.468+0000] {dagbag.py:588} INFO - Filling up the DagBag from /opt/airflow/dags/youtube_warehouse_pipeline.py
[2026-09-17T14:03:41.607+0000] {processor.py:925} INFO - DAG(s) 'youtube_warehouse_pipeline' retrieved from /opt/airflow/dags/youtube_warehouse_pipeline.py
[2026-09-17T14:03:41.660+0000] {logging_mixin.py:190} INFO - [2026-09-17T14:03:41.660+0000] {dag.py:3239} INFO - Sync 1 DAGs
[2026-09-17T14:03:41.694+0000] {logging_mixin.py:190} INFO - [2026-09-17T14:03:41.694+0000] {dag.py:4180} INFO - Setting next_dagrun for youtube_warehouse_pipeline to None, run_after=None
[2026-09-17T14:03:41.736+0000] {processor.py:208} INFO - Processing /opt/airflow/dags/youtube_warehouse_pipeline.py took 0.281 seconds
[2026-09-17T14:04:12.098+0000] {processor.py:186} INFO - Started process (PID=5664) to work on /opt/airflow/dags/youtube_warehouse_pipeline.py
[2026-09-17T14:04:12.099+0000] {processor.py:914} INFO - Processing file /opt/airflow/dags/youtube_warehouse_pipeline.py for tasks to queue
[2026-09-17T14:04:12.102+0000] {logging_mixin.py:190} INFO - [2026-09-17T14:04:12.101+0000] {dagbag.py:588} INFO - Filling up the DagBag from /opt/airflow/dags/youtube_warehouse_pipeline.py
[2026-09-17T14:04:12.190+0000] {processor.py:925} INFO - DAG(s) 'youtube_warehouse_pipeline' retrieved from /opt/airflow/dags/youtube_warehouse_pipeline.py
[2026-09-17T14:04:12.240+0000] {logging_mixin.py:190} INFO - [2026-09-17T14:04:12.240+0000] {dag.py:3239} INFO - Sync 1 DAGs
[2026-09-17T14:04:12.253+0000] {logging_mixin.py:190} INFO - [2026-09-17T14:04:12.253+0000] {dag.py:4180} INFO - Setting next_dagrun for youtube_warehouse_pipeline to None, run_after=None
[2026-09-17T14:04:12.271+0000] {processor.py:208} INFO - Processing /opt/airflow/dags/youtube_warehouse_pipeline.py took 0.183 seconds
[2026-09-17T14:04:42.638+0000] {processor.py:186} INFO - Started process (PID=5673) to work on /opt/airflow/dags/youtube_warehouse_pipeline.py
[2026-09-17T14:04:42.641+0000] {processor.py:914} INFO - Processing file /opt/airflow/dags/youtube_warehouse_pipeline.py for tasks to queue
[2026-09-17T14:04:42.643+0000] {logging_mixin.py:190} INFO - [2026-09-17T14:04:42.643+0000] {dagbag.py:588} INFO - Filling up the DagBag from /opt/airflow/dags/youtube_warehouse_pipeline.py
[2026-09-17T14:04:42.742+0000] {processor.py:925} INFO - DAG(s) 'youtube_warehouse_pipeline' retrieved from /opt/airflow/dags/youtube_warehouse_pipeline.py
[2026-09-17T14:04:42.777+0000] {logging_mixin.py:190} INFO - [2026-09-17T14:04:42.777+0000] {dag.py:3239} INFO - Sync 1 DAGs
[2026-09-17T14:04:42.790+0000] {logging_mixin.py:190} INFO - [2026-09-17T14:04:42.790+0000] {dag.py:4180} INFO - Setting next_dagrun for youtube_warehouse_pipeline to None, run_after=None
[2026-09-17T14:04:42.809+0000] {processor.py:208} INFO - Processing /opt/airflow/dags/youtube_warehouse_pipeline.py took 0.177 seconds
[2026-09-17T14:05:13.471+0000] {processor.py:186} INFO - Started process (PID=5680) to work on /opt/airflow/dags/youtube_warehouse_pipeline.py
[2026-09-17T14:05:13.473+0000] {processor.py:914} INFO - Processing file /opt/airflow/dags/youtube_warehouse_pipeline.py for tasks to queue
[2026-09-17T14:05:13.475+0000] {logging_mixin.py:190} INFO - [2026-09-17T14:05:13.474+0000] {dagbag.py:588} INFO - Filling up the DagBag from /opt/airflow/dags/youtube_warehouse_pipeline.py
[2026-09-17T14:05:13.580+0000] {processor.py:925} INFO - DAG(s) 'youtube_warehouse_pipeline' retrieved from /opt/airflow/dags/youtube_warehouse_pipeline.py
[2026-09-17T14:05:13.642+0000] {logging_mixin.py:190} INFO - [2026-09-17T14:05:13.642+0000] {dag.py:3239} INFO - Sync 1 DAGs
[2026-09-17T14:05:13.657+0000] {logging_mixin.py:190} INFO - [2026-09-17T14:05:13.657+0000] {dag.py:4180} INFO - Setting next_dagrun for youtube_warehouse_pipeline to None, run_after=None
[2026-09-17T14:05:13.676+0000] {processor.py:208} INFO - Processing /opt/airflow/dags/youtube_warehouse_pipeline.py took 0.220 seconds
[2026-09-17T14:05:43.757+0000] {processor.py:186} INFO - Started process (PID=5688) to work on /opt/airflow/dags/youtube_warehouse_pipeline.py
[2026-09-17T14:05:43.758+0000] {processor.py:914} INFO - Processing file /opt/airflow/dags/youtube_warehouse_pipeline.py for tasks to queue
[2026-09-17T14:05:43.761+0000] {logging_mixin.py:190} INFO - [2026-09-17T14:05:43.760+0000] {dagbag.py:588} INFO - Filling up the DagBag from /opt/airflow/dags/youtube_warehouse_pipeline.py
[2026-09-17T14:05:43.854+0000] {processor.py:925} INFO - DAG(s) 'youtube_warehouse_pipeline' retrieved from /opt/airflow/dags/youtube_warehouse_pipeline.py
[2026-09-17T14:05:43.887+0000] {logging_mixin.py:190} INFO - [2026-09-17T14:05:43.887+0000] {dag.py:3239} INFO - Sync 1 DAGs
[2026-09-17T14:05:43.901+0000] {logging_mixin.py:190} INFO - [2026-09-17T14:05:43.901+0000] {dag.py:4180} INFO - Setting next_dagrun for youtube_warehouse_pipeline to None, run_after=None
[2026-09-17T14:05:43.920+0000] {processor.py:208} INFO - Processing /opt/airflow/dags/youtube_warehouse_pipeline.py took 0.171 seconds
[2026-09-17T14:06:14.276+0000] {processor.py:186} INFO - Started process (PID=5697) to work on /opt/airflow/dags/youtube_warehouse_pipeline.py
[2026-09-17T14:06:14.279+0000] {processor.py:914} INFO - Processing file /opt/airflow/dags/youtube_warehouse_pipeline.py for tasks to queue
[2026-09-17T14:06:14.281+0000] {logging_mixin.py:190} INFO - [2026-09-17T14:06:14.280+0000] {dagbag.py:588} INFO - Filling up the DagBag from /opt/airflow/dags/youtube_warehouse_pipeline.py
[2026-09-17T14:06:14.429+0000] {processor.py:925} INFO - DAG(s) 'youtube_warehouse_pipeline' retrieved from /opt/airflow/dags/youtube_warehouse_pipeline.py
[2026-09-17T14:06:14.510+0000] {logging_mixin.py:190} INFO - [2026-09-17T14:06:14.510+0000] {dag.py:3239} INFO - Sync 1 DAGs
[2026-09-17T14:06:14.533+0000] {logging_mixin.py:190} INFO - [2026-09-17T14:06:14.533+0000] {dag.py:4180} INFO - Setting next_dagrun for youtube_warehouse_pipeline to None, run_after=None
[2026-09-17T14:06:14.555+0000] {processor.py:208} INFO - Processing /opt/airflow/dags/youtube_warehouse_pipeline.py took 0.289 seconds
[2026-09-17T14:06:44.885+0000] {processor.py:186} INFO - Started process (PID=5705) to work on /opt/airflow/dags/youtube_warehouse_pipeline.py
[2026-09-17T14:06:44.887+0000] {processor.py:914} INFO - Processing file /opt/airflow/dags/youtube_warehouse_pipeline.py for tasks to queue
[2026-09-17T14:06:44.889+0000] {logging_mixin.py:190} INFO - [2026-09-17T14:06:44.889+0000] {dagbag.py:588} INFO - Filling up the DagBag from /opt/airflow/dags/youtube_warehouse_pipeline.py
[2026-09-17T14:06:44.981+0000] {processor.py:925} INFO - DAG(s) 'youtube_warehouse_pipeline' retrieved from /opt/airflow/dags/youtube_warehouse_pipeline.py
[2026-09-17T14:06:45.096+0000] {logging_mixin.py:190} INFO - [2026-09-17T14:06:45.096+0000] {dag.py:3239} INFO - Sync 1 DAGs
[2026-09-17T14:06:45.115+0000] {logging_mixin.py:190} INFO - [2026-09-17T14:06:45.115+0000] {dag.py:4180} INFO - Setting next_dagrun for youtube_warehouse_pipeline to None, run_after=None
[2026-09-17T14:06:45.139+0000] {processor.py:208} INFO - Processing /opt/airflow/dags/youtube_warehouse_pipeline.py took 0.261 seconds
[2026-09-17T14:07:15.463+0000] {processor.py:186} INFO - Started process (PID=5713) to work on /opt/airflow/dags/youtube_warehouse_pipeline.py
[2026-09-17T14:07:15.465+0000] {processor.py:914} INFO - Processing file /opt/airflow/dags/youtube_warehouse_pipeline.py for tasks to queue
[2026-09-17T14:07:15.467+0000] {logging_mixin.py:190} INFO - [2026-09-17T14:07:15.466+0000] {dagbag.py:588} INFO - Filling up the DagBag from /opt/airflow/dags/youtube_warehouse_pipeline.py
[2026-09-17T14:07:15.550+0000] {processor.py:925} INFO - DAG(s) 'youtube_warehouse_pipeline' retrieved from /opt/airflow/dags/youtube_warehouse_pipeline.py
[2026-09-17T14:07:15.588+0000] {logging_mixin.py:190} INFO - [2026-09-17T14:07:15.587+0000] {dag.py:3239} INFO - Sync 1 DAGs
[2026-09-17T14:07:15.602+0000] {logging_mixin.py:190} INFO - [2026-09-17T14:07:15.601+0000] {dag.py:4180} INFO - Setting next_dagrun for youtube_warehouse_pipeline to None, run_after=None
[2026-09-17T14:07:15.622+0000] {processor.py:208} INFO - Processing /opt/airflow/dags/youtube_warehouse_pipeline.py took 0.166 seconds
[2026-09-17T14:07:45.915+0000] {processor.py:186} INFO - Started process (PID=5721) to work on /opt/airflow/dags/youtube_warehouse_pipeline.py
[2026-09-17T14:07:45.917+0000] {processor.py:914} INFO - Processing file /opt/airflow/dags/youtube_warehouse_pipeline.py for tasks to queue
[2026-09-17T14:07:45.919+0000] {logging_mixin.py:190} INFO - [2026-09-17T14:07:45.919+0000] {dagbag.py:588} INFO - Filling up the DagBag from /opt/airflow/dags/youtube_warehouse_pipeline.py
[2026-09-17T14:07:46.003+0000] {processor.py:925} INFO - DAG(s) 'youtube_warehouse_pipeline' retrieved from /opt/airflow/dags/youtube_warehouse_pipeline.py
[2026-09-17T14:07:46.036+0000] {logging_mixin.py:190} INFO - [2026-09-17T14:07:46.036+0000] {dag.py:3239} INFO - Sync 1 DAGs
[2026-09-17T14:07:46.048+0000] {logging_mixin.py:190} INFO - [2026-09-17T14:07:46.048+0000] {dag.py:4180} INFO - Setting next_dagrun for youtube_warehouse_pipeline to None, run_after=None
[2026-09-17T14:07:46.070+0000] {processor.py:208} INFO - Processing /opt/airflow/dags/youtube_warehouse_pipeline.py took 0.162 seconds
[2026-09-17T14:08:17.044+0000] {processor.py:186} INFO - Started process (PID=5729) to work on /opt/airflow/dags/youtube_warehouse_pipeline.py
[2026-09-17T14:08:17.047+0000] {processor.py:914} INFO - Processing file /opt/airflow/dags/youtube_warehouse_pipeline.py for tasks to queue
[2026-09-17T14:08:17.050+0000] {logging_mixin.py:190} INFO - [2026-09-17T14:08:17.049+0000] {dagbag.py:588} INFO - Filling up the DagBag from /opt/airflow/dags/youtube_warehouse_pipeline.py
[2026-09-17T14:08:17.190+0000] {processor.py:925} INFO - DAG(s) 'youtube_warehouse_pipeline' retrieved from /opt/airflow/dags/youtube_warehouse_pipeline.py
[2026-09-17T14:08:17.251+0000] {logging_mixin.py:190} INFO - [2026-09-17T14:08:17.251+0000] {dag.py:3239} INFO - Sync 1 DAGs
[2026-09-17T14:08:17.267+0000] {logging_mixin.py:190} INFO - [2026-09-17T14:08:17.267+0000] {dag.py:4180} INFO - Setting next_dagrun for youtube_warehouse_pipeline to None, run_after=None
[2026-09-17T14:08:17.289+0000] {processor.py:208} INFO - Processing /opt/airflow/dags/youtube_warehouse_pipeline.py took 0.261 seconds
[2026-09-17T14:08:48.043+0000] {processor.py:186} INFO - Started process (PID=5738) to work on /opt/airflow/dags/youtube_warehouse_pipeline.py
[2026-09-17T14:08:48.047+0000] {processor.py:914} INFO - Processing file /opt/airflow/dags/youtube_warehouse_pipeline.py for tasks to queue
[2026-09-17T14:08:48.050+0000] {logging_mixin.py:190} INFO - [2026-09-17T14:08:48.049+0000] {dagbag.py:588} INFO - Filling up the DagBag from /opt/airflow/dags/youtube_warehouse_pipeline.py
[2026-09-17T14:08:48.217+0000] {processor.py:925} INFO - DAG(s) 'youtube_warehouse_pipeline' retrieved from /opt/airflow/dags/youtube_warehouse_pipeline.py
[2026-09-17T14:08:48.329+0000] {logging_mixin.py:190} INFO - [2026-09-17T14:08:48.328+0000] {dag.py:3239} INFO - Sync 1 DAGs
[2026-09-17T14:08:48.349+0000] {logging_mixin.py:190} INFO - [2026-09-17T14:08:48.349+0000] {dag.py:4180} INFO - Setting next_dagrun for youtube_warehouse_pipeline to None, run_after=None
[2026-09-17T14:08:48.380+0000] {processor.py:208} INFO - Processing /opt/airflow/dags/youtube_warehouse_pipeline.py took 0.353 seconds
[2026-09-17T14:09:18.914+0000] {processor.py:186} INFO - Started process (PID=5746) to work on /opt/airflow/dags/youtube_warehouse_pipeline.py
[2026-09-17T14:09:18.919+0000] {processor.py:914} INFO - Processing file /opt/airflow/dags/youtube_warehouse_pipeline.py for tasks to queue
[2026-09-17T14:09:18.925+0000] {logging_mixin.py:190} INFO - [2026-09-17T14:09:18.922+0000] {dagbag.py:588} INFO - Filling up the DagBag from /opt/airflow/dags/youtube_warehouse_pipeline.py
[2026-09-17T14:09:19.156+0000] {processor.py:925} INFO - DAG(s) 'youtube_warehouse_pipeline' retrieved from /opt/airflow/dags/youtube_warehouse_pipeline.py
[2026-09-17T14:09:21.555+0000] {logging_mixin.py:190} INFO - [2026-09-17T14:09:21.517+0000] {dag.py:3239} INFO - Sync 1 DAGs
[2026-09-17T14:09:21.626+0000] {logging_mixin.py:190} INFO - [2026-09-17T14:09:21.626+0000] {dag.py:4180} INFO - Setting next_dagrun for youtube_warehouse_pipeline to None, run_after=None
[2026-09-17T14:09:21.771+0000] {processor.py:208} INFO - Processing /opt/airflow/dags/youtube_warehouse_pipeline.py took 2.905 seconds
[2026-09-17T14:09:49.135+0000] {processor.py:186} INFO - Started process (PID=5754) to work on /opt/airflow/dags/youtube_warehouse_pipeline.py
[2026-09-17T14:09:49.137+0000] {processor.py:914} INFO - Processing file /opt/airflow/dags/youtube_warehouse_pipeline.py for tasks to queue
[2026-09-17T14:09:49.139+0000] {logging_mixin.py:190} INFO - [2026-09-17T14:09:49.139+0000] {dagbag.py:588} INFO - Filling up the DagBag from /opt/airflow/dags/youtube_warehouse_pipeline.py
[2026-09-17T14:09:49.242+0000] {processor.py:925} INFO - DAG(s) 'youtube_warehouse_pipeline' retrieved from /opt/airflow/dags/youtube_warehouse_pipeline.py
[2026-09-17T14:09:49.318+0000] {logging_mixin.py:190} INFO - [2026-09-17T14:09:49.318+0000] {taskinstance.py:3339} ERROR - {'DAG Id': 'youtube_warehouse_pipeline', 'Task Id': 'read_json', 'Run Id': 'manual__2026-09-17T14:09:13.687270+00:00', 'Hostname': '5131746b1558', 'External Executor Id': 'd595cefb-418e-4db4-b0b6-02e7d23b99bd'}
[2026-09-17T14:09:49.357+0000] {logging_mixin.py:190} INFO - [2026-09-17T14:09:49.357+0000] {taskinstance.py:1242} INFO - Marking task as FAILED. dag_id=youtube_warehouse_pipeline, task_id=read_json, run_id=manual__2026-09-17T14:09:13.687270+00:00, execution_date=20260917T140913, start_date=20260917T140919, end_date=20260917T140949
[2026-09-17T14:09:49.402+0000] {logging_mixin.py:190} INFO - [2026-09-17T14:09:49.401+0000] {processor.py:876} INFO - Executed callback for <TaskInstance: youtube_warehouse_pipeline.read_json manual__2026-09-17T14:09:13.687270+00:00 [failed]> in state failed
[2026-09-17T14:09:49.417+0000] {logging_mixin.py:190} INFO - [2026-09-17T14:09:49.417+0000] {dag.py:3239} INFO - Sync 1 DAGs
[2026-09-17T14:09:49.431+0000] {logging_mixin.py:190} INFO - [2026-09-17T14:09:49.430+0000] {dag.py:4180} INFO - Setting next_dagrun for youtube_warehouse_pipeline to None, run_after=None
[2026-09-17T14:09:49.449+0000] {processor.py:208} INFO - Processing /opt/airflow/dags/youtube_warehouse_pipeline.py took 0.328 seconds
[2026-09-17T14:10:20.002+0000] {processor.py:186} INFO - Started process (PID=5762) to work on /opt/airflow/dags/youtube_warehouse_pipeline.py
[2026-09-17T14:10:20.004+0000] {processor.py:914} INFO - Processing file /opt/airflow/dags/youtube_warehouse_pipeline.py for tasks to queue
[2026-09-17T14:10:20.008+0000] {logging_mixin.py:190} INFO - [2026-09-17T14:10:20.007+0000] {dagbag.py:588} INFO - Filling up the DagBag from /opt/airflow/dags/youtube_warehouse_pipeline.py
[2026-09-17T14:10:20.180+0000] {logging_mixin.py:190} INFO - [2026-09-17T14:10:20.170+0000] {dagbag.py:387} ERROR - Failed to import: /opt/airflow/dags/youtube_warehouse_pipeline.py
Traceback (most recent call last):
  File "/home/airflow/.local/lib/python3.10/site-packages/airflow/models/dagbag.py", line 383, in parse
    loader.exec_module(new_module)
  File "<frozen importlib._bootstrap_external>", line 883, in exec_module
  File "<frozen importlib._bootstrap>", line 241, in _call_with_frames_removed
  File "/opt/airflow/dags/youtube_warehouse_pipeline.py", line 11, in <module>
    from include.transform import youtube_transform as transform_videos
  File "<frozen importlib._bootstrap>", line 1027, in _find_and_load
  File "<frozen importlib._bootstrap>", line 1002, in _find_and_load_unlocked
  File "<frozen importlib._bootstrap>", line 945, in _find_spec
  File "<frozen importlib._bootstrap_external>", line 1439, in find_spec
  File "<frozen importlib._bootstrap_external>", line 1411, in _get_spec
  File "<frozen importlib._bootstrap_external>", line 1548, in find_spec
  File "<frozen importlib._bootstrap_external>", line 1591, in _fill_cache
OSError: [Errno 12] Cannot allocate memory: '/opt/airflow/include/transform'
[2026-09-17T14:10:20.182+0000] {processor.py:927} WARNING - No viable dags retrieved from /opt/airflow/dags/youtube_warehouse_pipeline.py
[2026-09-17T14:10:20.260+0000] {processor.py:208} INFO - Processing /opt/airflow/dags/youtube_warehouse_pipeline.py took 0.266 seconds
[2026-09-17T14:10:50.612+0000] {processor.py:186} INFO - Started process (PID=5770) to work on /opt/airflow/dags/youtube_warehouse_pipeline.py
[2026-09-17T14:10:50.615+0000] {processor.py:914} INFO - Processing file /opt/airflow/dags/youtube_warehouse_pipeline.py for tasks to queue
[2026-09-17T14:10:50.618+0000] {logging_mixin.py:190} INFO - [2026-09-17T14:10:50.617+0000] {dagbag.py:588} INFO - Filling up the DagBag from /opt/airflow/dags/youtube_warehouse_pipeline.py
[2026-09-17T14:10:50.734+0000] {processor.py:925} INFO - DAG(s) 'youtube_warehouse_pipeline' retrieved from /opt/airflow/dags/youtube_warehouse_pipeline.py
[2026-09-17T14:10:50.782+0000] {logging_mixin.py:190} INFO - [2026-09-17T14:10:50.782+0000] {dag.py:3239} INFO - Sync 1 DAGs
[2026-09-17T14:10:50.796+0000] {logging_mixin.py:190} INFO - [2026-09-17T14:10:50.795+0000] {dag.py:4180} INFO - Setting next_dagrun for youtube_warehouse_pipeline to None, run_after=None
[2026-09-17T14:10:50.818+0000] {processor.py:208} INFO - Processing /opt/airflow/dags/youtube_warehouse_pipeline.py took 0.214 seconds
[2026-09-17T14:11:20.999+0000] {processor.py:186} INFO - Started process (PID=5778) to work on /opt/airflow/dags/youtube_warehouse_pipeline.py
[2026-09-17T14:11:21.001+0000] {processor.py:914} INFO - Processing file /opt/airflow/dags/youtube_warehouse_pipeline.py for tasks to queue
[2026-09-17T14:11:21.003+0000] {logging_mixin.py:190} INFO - [2026-09-17T14:11:21.003+0000] {dagbag.py:588} INFO - Filling up the DagBag from /opt/airflow/dags/youtube_warehouse_pipeline.py
[2026-09-17T14:11:21.073+0000] {processor.py:925} INFO - DAG(s) 'youtube_warehouse_pipeline' retrieved from /opt/airflow/dags/youtube_warehouse_pipeline.py
[2026-09-17T14:11:21.097+0000] {logging_mixin.py:190} INFO - [2026-09-17T14:11:21.097+0000] {dag.py:3239} INFO - Sync 1 DAGs
[2026-09-17T14:11:21.112+0000] {logging_mixin.py:190} INFO - [2026-09-17T14:11:21.112+0000] {dag.py:4180} INFO - Setting next_dagrun for youtube_warehouse_pipeline to None, run_after=None
[2026-09-17T14:11:21.132+0000] {processor.py:208} INFO - Processing /opt/airflow/dags/youtube_warehouse_pipeline.py took 0.138 seconds
[2026-09-17T14:11:51.495+0000] {processor.py:186} INFO - Started process (PID=5786) to work on /opt/airflow/dags/youtube_warehouse_pipeline.py
[2026-09-17T14:11:51.496+0000] {processor.py:914} INFO - Processing file /opt/airflow/dags/youtube_warehouse_pipeline.py for tasks to queue
[2026-09-17T14:11:51.498+0000] {logging_mixin.py:190} INFO - [2026-09-17T14:11:51.498+0000] {dagbag.py:588} INFO - Filling up the DagBag from /opt/airflow/dags/youtube_warehouse_pipeline.py
[2026-09-17T14:11:51.568+0000] {processor.py:925} INFO - DAG(s) 'youtube_warehouse_pipeline' retrieved from /opt/airflow/dags/youtube_warehouse_pipeline.py
[2026-09-17T14:11:51.587+0000] {logging_mixin.py:190} INFO - [2026-09-17T14:11:51.586+0000] {dag.py:3239} INFO - Sync 1 DAGs
[2026-09-17T14:11:51.600+0000] {logging_mixin.py:190} INFO - [2026-09-17T14:11:51.600+0000] {dag.py:4180} INFO - Setting next_dagrun for youtube_warehouse_pipeline to None, run_after=None
[2026-09-17T14:11:51.621+0000] {processor.py:208} INFO - Processing /opt/airflow/dags/youtube_warehouse_pipeline.py took 0.132 seconds
[2026-09-17T14:12:21.932+0000] {processor.py:186} INFO - Started process (PID=5794) to work on /opt/airflow/dags/youtube_warehouse_pipeline.py
[2026-09-17T14:12:21.933+0000] {processor.py:914} INFO - Processing file /opt/airflow/dags/youtube_warehouse_pipeline.py for tasks to queue
[2026-09-17T14:12:21.935+0000] {logging_mixin.py:190} INFO - [2026-09-17T14:12:21.935+0000] {dagbag.py:588} INFO - Filling up the DagBag from /opt/airflow/dags/youtube_warehouse_pipeline.py
[2026-09-17T14:12:21.992+0000] {processor.py:925} INFO - DAG(s) 'youtube_warehouse_pipeline' retrieved from /opt/airflow/dags/youtube_warehouse_pipeline.py
[2026-09-17T14:12:22.020+0000] {logging_mixin.py:190} INFO - [2026-09-17T14:12:22.020+0000] {dag.py:3239} INFO - Sync 1 DAGs
[2026-09-17T14:12:22.034+0000] {logging_mixin.py:190} INFO - [2026-09-17T14:12:22.033+0000] {dag.py:4180} INFO - Setting next_dagrun for youtube_warehouse_pipeline to None, run_after=None
[2026-09-17T14:12:22.052+0000] {processor.py:208} INFO - Processing /opt/airflow/dags/youtube_warehouse_pipeline.py took 0.127 seconds
[2026-09-17T14:12:52.373+0000] {processor.py:186} INFO - Started process (PID=5803) to work on /opt/airflow/dags/youtube_warehouse_pipeline.py
[2026-09-17T14:12:52.375+0000] {processor.py:914} INFO - Processing file /opt/airflow/dags/youtube_warehouse_pipeline.py for tasks to queue
[2026-09-17T14:12:52.377+0000] {logging_mixin.py:190} INFO - [2026-09-17T14:12:52.377+0000] {dagbag.py:588} INFO - Filling up the DagBag from /opt/airflow/dags/youtube_warehouse_pipeline.py
[2026-09-17T14:12:52.466+0000] {processor.py:925} INFO - DAG(s) 'youtube_warehouse_pipeline' retrieved from /opt/airflow/dags/youtube_warehouse_pipeline.py
[2026-09-17T14:12:52.486+0000] {logging_mixin.py:190} INFO - [2026-09-17T14:12:52.486+0000] {dag.py:3239} INFO - Sync 1 DAGs
[2026-09-17T14:12:52.500+0000] {logging_mixin.py:190} INFO - [2026-09-17T14:12:52.499+0000] {dag.py:4180} INFO - Setting next_dagrun for youtube_warehouse_pipeline to None, run_after=None
[2026-09-17T14:12:52.520+0000] {processor.py:208} INFO - Processing /opt/airflow/dags/youtube_warehouse_pipeline.py took 0.154 seconds
[2026-09-17T14:13:22.820+0000] {processor.py:186} INFO - Started process (PID=5811) to work on /opt/airflow/dags/youtube_warehouse_pipeline.py
[2026-09-17T14:13:22.821+0000] {processor.py:914} INFO - Processing file /opt/airflow/dags/youtube_warehouse_pipeline.py for tasks to queue
[2026-09-17T14:13:22.823+0000] {logging_mixin.py:190} INFO - [2026-09-17T14:13:22.823+0000] {dagbag.py:588} INFO - Filling up the DagBag from /opt/airflow/dags/youtube_warehouse_pipeline.py
[2026-09-17T14:13:22.905+0000] {processor.py:925} INFO - DAG(s) 'youtube_warehouse_pipeline' retrieved from /opt/airflow/dags/youtube_warehouse_pipeline.py
[2026-09-17T14:13:22.944+0000] {logging_mixin.py:190} INFO - [2026-09-17T14:13:22.944+0000] {dag.py:3239} INFO - Sync 1 DAGs
[2026-09-17T14:13:22.958+0000] {logging_mixin.py:190} INFO - [2026-09-17T14:13:22.957+0000] {dag.py:4180} INFO - Setting next_dagrun for youtube_warehouse_pipeline to None, run_after=None
[2026-09-17T14:13:22.983+0000] {processor.py:208} INFO - Processing /opt/airflow/dags/youtube_warehouse_pipeline.py took 0.172 seconds
[2026-09-17T14:13:53.379+0000] {processor.py:186} INFO - Started process (PID=5819) to work on /opt/airflow/dags/youtube_warehouse_pipeline.py
[2026-09-17T14:13:53.382+0000] {processor.py:914} INFO - Processing file /opt/airflow/dags/youtube_warehouse_pipeline.py for tasks to queue
[2026-09-17T14:13:53.385+0000] {logging_mixin.py:190} INFO - [2026-09-17T14:13:53.385+0000] {dagbag.py:588} INFO - Filling up the DagBag from /opt/airflow/dags/youtube_warehouse_pipeline.py
[2026-09-17T14:13:53.493+0000] {processor.py:925} INFO - DAG(s) 'youtube_warehouse_pipeline' retrieved from /opt/airflow/dags/youtube_warehouse_pipeline.py
[2026-09-17T14:13:53.550+0000] {logging_mixin.py:190} INFO - [2026-09-17T14:13:53.549+0000] {dag.py:3239} INFO - Sync 1 DAGs
[2026-09-17T14:13:53.570+0000] {logging_mixin.py:190} INFO - [2026-09-17T14:13:53.570+0000] {dag.py:4180} INFO - Setting next_dagrun for youtube_warehouse_pipeline to None, run_after=None
[2026-09-17T14:13:53.591+0000] {processor.py:208} INFO - Processing /opt/airflow/dags/youtube_warehouse_pipeline.py took 0.227 seconds
[2026-09-17T14:14:23.674+0000] {processor.py:186} INFO - Started process (PID=5827) to work on /opt/airflow/dags/youtube_warehouse_pipeline.py
[2026-09-17T14:14:23.677+0000] {processor.py:914} INFO - Processing file /opt/airflow/dags/youtube_warehouse_pipeline.py for tasks to queue
[2026-09-17T14:14:23.681+0000] {logging_mixin.py:190} INFO - [2026-09-17T14:14:23.680+0000] {dagbag.py:588} INFO - Filling up the DagBag from /opt/airflow/dags/youtube_warehouse_pipeline.py
[2026-09-17T14:14:23.784+0000] {processor.py:925} INFO - DAG(s) 'youtube_warehouse_pipeline' retrieved from /opt/airflow/dags/youtube_warehouse_pipeline.py
[2026-09-17T14:14:23.833+0000] {logging_mixin.py:190} INFO - [2026-09-17T14:14:23.833+0000] {dag.py:3239} INFO - Sync 1 DAGs
[2026-09-17T14:14:23.847+0000] {logging_mixin.py:190} INFO - [2026-09-17T14:14:23.847+0000] {dag.py:4180} INFO - Setting next_dagrun for youtube_warehouse_pipeline to None, run_after=None
[2026-09-17T14:14:23.868+0000] {processor.py:208} INFO - Processing /opt/airflow/dags/youtube_warehouse_pipeline.py took 0.201 seconds
[2026-09-17T14:14:54.300+0000] {processor.py:186} INFO - Started process (PID=5835) to work on /opt/airflow/dags/youtube_warehouse_pipeline.py
[2026-09-17T14:14:54.308+0000] {processor.py:914} INFO - Processing file /opt/airflow/dags/youtube_warehouse_pipeline.py for tasks to queue
[2026-09-17T14:14:54.319+0000] {logging_mixin.py:190} INFO - [2026-09-17T14:14:54.316+0000] {dagbag.py:588} INFO - Filling up the DagBag from /opt/airflow/dags/youtube_warehouse_pipeline.py
[2026-09-17T14:14:54.538+0000] {processor.py:925} INFO - DAG(s) 'youtube_warehouse_pipeline' retrieved from /opt/airflow/dags/youtube_warehouse_pipeline.py
[2026-09-17T14:14:54.869+0000] {logging_mixin.py:190} INFO - [2026-09-17T14:14:54.868+0000] {dag.py:3239} INFO - Sync 1 DAGs
[2026-09-17T14:14:54.892+0000] {logging_mixin.py:190} INFO - [2026-09-17T14:14:54.891+0000] {dag.py:4180} INFO - Setting next_dagrun for youtube_warehouse_pipeline to None, run_after=None
[2026-09-17T14:14:54.921+0000] {processor.py:208} INFO - Processing /opt/airflow/dags/youtube_warehouse_pipeline.py took 0.654 seconds
[2026-09-17T14:15:25.723+0000] {processor.py:186} INFO - Started process (PID=5843) to work on /opt/airflow/dags/youtube_warehouse_pipeline.py
[2026-09-17T14:15:25.725+0000] {processor.py:914} INFO - Processing file /opt/airflow/dags/youtube_warehouse_pipeline.py for tasks to queue
[2026-09-17T14:15:25.727+0000] {logging_mixin.py:190} INFO - [2026-09-17T14:15:25.727+0000] {dagbag.py:588} INFO - Filling up the DagBag from /opt/airflow/dags/youtube_warehouse_pipeline.py
[2026-09-17T14:15:25.810+0000] {processor.py:925} INFO - DAG(s) 'youtube_warehouse_pipeline' retrieved from /opt/airflow/dags/youtube_warehouse_pipeline.py
[2026-09-17T14:15:25.836+0000] {logging_mixin.py:190} INFO - [2026-09-17T14:15:25.836+0000] {dag.py:3239} INFO - Sync 1 DAGs
[2026-09-17T14:15:25.852+0000] {logging_mixin.py:190} INFO - [2026-09-17T14:15:25.852+0000] {dag.py:4180} INFO - Setting next_dagrun for youtube_warehouse_pipeline to None, run_after=None
[2026-09-17T14:15:25.873+0000] {processor.py:208} INFO - Processing /opt/airflow/dags/youtube_warehouse_pipeline.py took 0.159 seconds
[2026-09-17T14:15:56.188+0000] {processor.py:186} INFO - Started process (PID=5851) to work on /opt/airflow/dags/youtube_warehouse_pipeline.py
[2026-09-17T14:15:56.190+0000] {processor.py:914} INFO - Processing file /opt/airflow/dags/youtube_warehouse_pipeline.py for tasks to queue
[2026-09-17T14:15:56.192+0000] {logging_mixin.py:190} INFO - [2026-09-17T14:15:56.191+0000] {dagbag.py:588} INFO - Filling up the DagBag from /opt/airflow/dags/youtube_warehouse_pipeline.py
[2026-09-17T14:15:56.273+0000] {processor.py:925} INFO - DAG(s) 'youtube_warehouse_pipeline' retrieved from /opt/airflow/dags/youtube_warehouse_pipeline.py
[2026-09-17T14:15:56.295+0000] {logging_mixin.py:190} INFO - [2026-09-17T14:15:56.295+0000] {dag.py:3239} INFO - Sync 1 DAGs
[2026-09-17T14:15:56.307+0000] {logging_mixin.py:190} INFO - [2026-09-17T14:15:56.307+0000] {dag.py:4180} INFO - Setting next_dagrun for youtube_warehouse_pipeline to None, run_after=None
[2026-09-17T14:15:56.327+0000] {processor.py:208} INFO - Processing /opt/airflow/dags/youtube_warehouse_pipeline.py took 0.145 seconds
[2026-09-17T14:16:26.633+0000] {processor.py:186} INFO - Started process (PID=5859) to work on /opt/airflow/dags/youtube_warehouse_pipeline.py
[2026-09-17T14:16:26.635+0000] {processor.py:914} INFO - Processing file /opt/airflow/dags/youtube_warehouse_pipeline.py for tasks to queue
[2026-09-17T14:16:26.637+0000] {logging_mixin.py:190} INFO - [2026-09-17T14:16:26.636+0000] {dagbag.py:588} INFO - Filling up the DagBag from /opt/airflow/dags/youtube_warehouse_pipeline.py
[2026-09-17T14:16:26.711+0000] {processor.py:925} INFO - DAG(s) 'youtube_warehouse_pipeline' retrieved from /opt/airflow/dags/youtube_warehouse_pipeline.py
[2026-09-17T14:16:26.735+0000] {logging_mixin.py:190} INFO - [2026-09-17T14:16:26.734+0000] {dag.py:3239} INFO - Sync 1 DAGs
[2026-09-17T14:16:26.749+0000] {logging_mixin.py:190} INFO - [2026-09-17T14:16:26.749+0000] {dag.py:4180} INFO - Setting next_dagrun for youtube_warehouse_pipeline to None, run_after=None
[2026-09-17T14:16:26.783+0000] {processor.py:208} INFO - Processing /opt/airflow/dags/youtube_warehouse_pipeline.py took 0.156 seconds
[2026-09-17T14:16:57.130+0000] {processor.py:186} INFO - Started process (PID=5867) to work on /opt/airflow/dags/youtube_warehouse_pipeline.py
[2026-09-17T14:16:57.133+0000] {processor.py:914} INFO - Processing file /opt/airflow/dags/youtube_warehouse_pipeline.py for tasks to queue
[2026-09-17T14:16:57.136+0000] {logging_mixin.py:190} INFO - [2026-09-17T14:16:57.135+0000] {dagbag.py:588} INFO - Filling up the DagBag from /opt/airflow/dags/youtube_warehouse_pipeline.py
[2026-09-17T14:16:57.218+0000] {processor.py:925} INFO - DAG(s) 'youtube_warehouse_pipeline' retrieved from /opt/airflow/dags/youtube_warehouse_pipeline.py
[2026-09-17T14:16:57.252+0000] {logging_mixin.py:190} INFO - [2026-09-17T14:16:57.252+0000] {dag.py:3239} INFO - Sync 1 DAGs
[2026-09-17T14:16:57.266+0000] {logging_mixin.py:190} INFO - [2026-09-17T14:16:57.266+0000] {dag.py:4180} INFO - Setting next_dagrun for youtube_warehouse_pipeline to None, run_after=None
[2026-09-17T14:16:57.287+0000] {processor.py:208} INFO - Processing /opt/airflow/dags/youtube_warehouse_pipeline.py took 0.167 seconds
[2026-09-17T14:17:27.781+0000] {processor.py:186} INFO - Started process (PID=5875) to work on /opt/airflow/dags/youtube_warehouse_pipeline.py
[2026-09-17T14:17:27.782+0000] {processor.py:914} INFO - Processing file /opt/airflow/dags/youtube_warehouse_pipeline.py for tasks to queue
[2026-09-17T14:17:27.785+0000] {logging_mixin.py:190} INFO - [2026-09-17T14:17:27.784+0000] {dagbag.py:588} INFO - Filling up the DagBag from /opt/airflow/dags/youtube_warehouse_pipeline.py
[2026-09-17T14:17:27.872+0000] {processor.py:925} INFO - DAG(s) 'youtube_warehouse_pipeline' retrieved from /opt/airflow/dags/youtube_warehouse_pipeline.py
[2026-09-17T14:17:27.914+0000] {logging_mixin.py:190} INFO - [2026-09-17T14:17:27.914+0000] {dag.py:3239} INFO - Sync 1 DAGs
[2026-09-17T14:17:27.928+0000] {logging_mixin.py:190} INFO - [2026-09-17T14:17:27.927+0000] {dag.py:4180} INFO - Setting next_dagrun for youtube_warehouse_pipeline to None, run_after=None
[2026-09-17T14:17:27.948+0000] {processor.py:208} INFO - Processing /opt/airflow/dags/youtube_warehouse_pipeline.py took 0.177 seconds
[2026-09-17T14:17:58.278+0000] {processor.py:186} INFO - Started process (PID=5884) to work on /opt/airflow/dags/youtube_warehouse_pipeline.py
[2026-09-17T14:17:58.282+0000] {processor.py:914} INFO - Processing file /opt/airflow/dags/youtube_warehouse_pipeline.py for tasks to queue
[2026-09-17T14:17:58.284+0000] {logging_mixin.py:190} INFO - [2026-09-17T14:17:58.284+0000] {dagbag.py:588} INFO - Filling up the DagBag from /opt/airflow/dags/youtube_warehouse_pipeline.py
[2026-09-17T14:17:58.381+0000] {processor.py:925} INFO - DAG(s) 'youtube_warehouse_pipeline' retrieved from /opt/airflow/dags/youtube_warehouse_pipeline.py
[2026-09-17T14:17:58.437+0000] {logging_mixin.py:190} INFO - [2026-09-17T14:17:58.436+0000] {dag.py:3239} INFO - Sync 1 DAGs
[2026-09-17T14:17:58.451+0000] {logging_mixin.py:190} INFO - [2026-09-17T14:17:58.450+0000] {dag.py:4180} INFO - Setting next_dagrun for youtube_warehouse_pipeline to None, run_after=None
[2026-09-17T14:17:58.469+0000] {processor.py:208} INFO - Processing /opt/airflow/dags/youtube_warehouse_pipeline.py took 0.204 seconds
[2026-09-17T14:18:28.810+0000] {processor.py:186} INFO - Started process (PID=5891) to work on /opt/airflow/dags/youtube_warehouse_pipeline.py
[2026-09-17T14:18:28.814+0000] {processor.py:914} INFO - Processing file /opt/airflow/dags/youtube_warehouse_pipeline.py for tasks to queue
[2026-09-17T14:18:28.817+0000] {logging_mixin.py:190} INFO - [2026-09-17T14:18:28.817+0000] {dagbag.py:588} INFO - Filling up the DagBag from /opt/airflow/dags/youtube_warehouse_pipeline.py
[2026-09-17T14:18:28.923+0000] {processor.py:925} INFO - DAG(s) 'youtube_warehouse_pipeline' retrieved from /opt/airflow/dags/youtube_warehouse_pipeline.py
[2026-09-17T14:18:28.956+0000] {logging_mixin.py:190} INFO - [2026-09-17T14:18:28.956+0000] {dag.py:3239} INFO - Sync 1 DAGs
[2026-09-17T14:18:28.970+0000] {logging_mixin.py:190} INFO - [2026-09-17T14:18:28.970+0000] {dag.py:4180} INFO - Setting next_dagrun for youtube_warehouse_pipeline to None, run_after=None
[2026-09-17T14:18:28.990+0000] {processor.py:208} INFO - Processing /opt/airflow/dags/youtube_warehouse_pipeline.py took 0.187 seconds
[2026-09-17T14:18:59.503+0000] {processor.py:186} INFO - Started process (PID=5900) to work on /opt/airflow/dags/youtube_warehouse_pipeline.py
[2026-09-17T14:18:59.509+0000] {processor.py:914} INFO - Processing file /opt/airflow/dags/youtube_warehouse_pipeline.py for tasks to queue
[2026-09-17T14:18:59.515+0000] {logging_mixin.py:190} INFO - [2026-09-17T14:18:59.513+0000] {dagbag.py:588} INFO - Filling up the DagBag from /opt/airflow/dags/youtube_warehouse_pipeline.py
[2026-09-17T14:18:59.731+0000] {processor.py:925} INFO - DAG(s) 'youtube_warehouse_pipeline' retrieved from /opt/airflow/dags/youtube_warehouse_pipeline.py
[2026-09-17T14:19:00.118+0000] {logging_mixin.py:190} INFO - [2026-09-17T14:19:00.089+0000] {dag.py:3239} INFO - Sync 1 DAGs
[2026-09-17T14:19:00.186+0000] {logging_mixin.py:190} INFO - [2026-09-17T14:19:00.186+0000] {dag.py:4180} INFO - Setting next_dagrun for youtube_warehouse_pipeline to None, run_after=None
[2026-09-17T14:19:00.270+0000] {processor.py:208} INFO - Processing /opt/airflow/dags/youtube_warehouse_pipeline.py took 0.807 seconds
[2026-09-17T14:19:30.892+0000] {processor.py:186} INFO - Started process (PID=5908) to work on /opt/airflow/dags/youtube_warehouse_pipeline.py
[2026-09-17T14:19:30.897+0000] {processor.py:914} INFO - Processing file /opt/airflow/dags/youtube_warehouse_pipeline.py for tasks to queue
[2026-09-17T14:19:30.906+0000] {logging_mixin.py:190} INFO - [2026-09-17T14:19:30.904+0000] {dagbag.py:588} INFO - Filling up the DagBag from /opt/airflow/dags/youtube_warehouse_pipeline.py
[2026-09-17T14:19:32.248+0000] {processor.py:925} INFO - DAG(s) 'youtube_warehouse_pipeline' retrieved from /opt/airflow/dags/youtube_warehouse_pipeline.py
[2026-09-17T14:19:32.499+0000] {logging_mixin.py:190} INFO - [2026-09-17T14:19:32.498+0000] {dag.py:3239} INFO - Sync 1 DAGs
[2026-09-17T14:19:32.703+0000] {logging_mixin.py:190} INFO - [2026-09-17T14:19:32.702+0000] {dag.py:4180} INFO - Setting next_dagrun for youtube_warehouse_pipeline to None, run_after=None
[2026-09-17T14:19:32.822+0000] {processor.py:208} INFO - Processing /opt/airflow/dags/youtube_warehouse_pipeline.py took 1.962 seconds
[2026-09-17T14:20:03.526+0000] {processor.py:186} INFO - Started process (PID=5916) to work on /opt/airflow/dags/youtube_warehouse_pipeline.py
[2026-09-17T14:20:03.528+0000] {processor.py:914} INFO - Processing file /opt/airflow/dags/youtube_warehouse_pipeline.py for tasks to queue
[2026-09-17T14:20:03.531+0000] {logging_mixin.py:190} INFO - [2026-09-17T14:20:03.530+0000] {dagbag.py:588} INFO - Filling up the DagBag from /opt/airflow/dags/youtube_warehouse_pipeline.py
[2026-09-17T14:20:03.623+0000] {processor.py:925} INFO - DAG(s) 'youtube_warehouse_pipeline' retrieved from /opt/airflow/dags/youtube_warehouse_pipeline.py
[2026-09-17T14:20:03.690+0000] {logging_mixin.py:190} INFO - [2026-09-17T14:20:03.690+0000] {dag.py:3239} INFO - Sync 1 DAGs
[2026-09-17T14:20:03.702+0000] {logging_mixin.py:190} INFO - [2026-09-17T14:20:03.702+0000] {dag.py:4180} INFO - Setting next_dagrun for youtube_warehouse_pipeline to None, run_after=None
[2026-09-17T14:20:03.725+0000] {processor.py:208} INFO - Processing /opt/airflow/dags/youtube_warehouse_pipeline.py took 0.210 seconds
[2026-09-17T14:20:34.048+0000] {processor.py:186} INFO - Started process (PID=5924) to work on /opt/airflow/dags/youtube_warehouse_pipeline.py
[2026-09-17T14:20:34.050+0000] {processor.py:914} INFO - Processing file /opt/airflow/dags/youtube_warehouse_pipeline.py for tasks to queue
[2026-09-17T14:20:34.051+0000] {logging_mixin.py:190} INFO - [2026-09-17T14:20:34.051+0000] {dagbag.py:588} INFO - Filling up the DagBag from /opt/airflow/dags/youtube_warehouse_pipeline.py
[2026-09-17T14:20:34.146+0000] {processor.py:925} INFO - DAG(s) 'youtube_warehouse_pipeline' retrieved from /opt/airflow/dags/youtube_warehouse_pipeline.py
[2026-09-17T14:20:34.177+0000] {logging_mixin.py:190} INFO - [2026-09-17T14:20:34.177+0000] {dag.py:3239} INFO - Sync 1 DAGs
[2026-09-17T14:20:34.191+0000] {logging_mixin.py:190} INFO - [2026-09-17T14:20:34.191+0000] {dag.py:4180} INFO - Setting next_dagrun for youtube_warehouse_pipeline to None, run_after=None
[2026-09-17T14:20:34.211+0000] {processor.py:208} INFO - Processing /opt/airflow/dags/youtube_warehouse_pipeline.py took 0.170 seconds
[2026-09-17T14:21:04.536+0000] {processor.py:186} INFO - Started process (PID=5932) to work on /opt/airflow/dags/youtube_warehouse_pipeline.py
[2026-09-17T14:21:04.537+0000] {processor.py:914} INFO - Processing file /opt/airflow/dags/youtube_warehouse_pipeline.py for tasks to queue
[2026-09-17T14:21:04.540+0000] {logging_mixin.py:190} INFO - [2026-09-17T14:21:04.539+0000] {dagbag.py:588} INFO - Filling up the DagBag from /opt/airflow/dags/youtube_warehouse_pipeline.py
[2026-09-17T14:21:04.615+0000] {processor.py:925} INFO - DAG(s) 'youtube_warehouse_pipeline' retrieved from /opt/airflow/dags/youtube_warehouse_pipeline.py
[2026-09-17T14:21:04.643+0000] {logging_mixin.py:190} INFO - [2026-09-17T14:21:04.643+0000] {dag.py:3239} INFO - Sync 1 DAGs
[2026-09-17T14:21:04.655+0000] {logging_mixin.py:190} INFO - [2026-09-17T14:21:04.655+0000] {dag.py:4180} INFO - Setting next_dagrun for youtube_warehouse_pipeline to None, run_after=None
[2026-09-17T14:21:04.674+0000] {processor.py:208} INFO - Processing /opt/airflow/dags/youtube_warehouse_pipeline.py took 0.143 seconds
[2026-09-17T14:21:35.003+0000] {processor.py:186} INFO - Started process (PID=5940) to work on /opt/airflow/dags/youtube_warehouse_pipeline.py
[2026-09-17T14:21:35.005+0000] {processor.py:914} INFO - Processing file /opt/airflow/dags/youtube_warehouse_pipeline.py for tasks to queue
[2026-09-17T14:21:35.007+0000] {logging_mixin.py:190} INFO - [2026-09-17T14:21:35.006+0000] {dagbag.py:588} INFO - Filling up the DagBag from /opt/airflow/dags/youtube_warehouse_pipeline.py
[2026-09-17T14:21:35.108+0000] {processor.py:925} INFO - DAG(s) 'youtube_warehouse_pipeline' retrieved from /opt/airflow/dags/youtube_warehouse_pipeline.py
[2026-09-17T14:21:35.146+0000] {logging_mixin.py:190} INFO - [2026-09-17T14:21:35.145+0000] {dag.py:3239} INFO - Sync 1 DAGs
[2026-09-17T14:21:35.160+0000] {logging_mixin.py:190} INFO - [2026-09-17T14:21:35.159+0000] {dag.py:4180} INFO - Setting next_dagrun for youtube_warehouse_pipeline to None, run_after=None
[2026-09-17T14:21:35.180+0000] {processor.py:208} INFO - Processing /opt/airflow/dags/youtube_warehouse_pipeline.py took 0.183 seconds
[2026-09-17T14:22:05.509+0000] {processor.py:186} INFO - Started process (PID=5948) to work on /opt/airflow/dags/youtube_warehouse_pipeline.py
[2026-09-17T14:22:05.511+0000] {processor.py:914} INFO - Processing file /opt/airflow/dags/youtube_warehouse_pipeline.py for tasks to queue
[2026-09-17T14:22:05.513+0000] {logging_mixin.py:190} INFO - [2026-09-17T14:22:05.513+0000] {dagbag.py:588} INFO - Filling up the DagBag from /opt/airflow/dags/youtube_warehouse_pipeline.py
[2026-09-17T14:22:05.609+0000] {processor.py:925} INFO - DAG(s) 'youtube_warehouse_pipeline' retrieved from /opt/airflow/dags/youtube_warehouse_pipeline.py
[2026-09-17T14:22:05.645+0000] {logging_mixin.py:190} INFO - [2026-09-17T14:22:05.645+0000] {dag.py:3239} INFO - Sync 1 DAGs
[2026-09-17T14:22:05.662+0000] {logging_mixin.py:190} INFO - [2026-09-17T14:22:05.662+0000] {dag.py:4180} INFO - Setting next_dagrun for youtube_warehouse_pipeline to None, run_after=None
[2026-09-17T14:22:05.684+0000] {processor.py:208} INFO - Processing /opt/airflow/dags/youtube_warehouse_pipeline.py took 0.182 seconds
[2026-09-17T14:22:36.206+0000] {processor.py:186} INFO - Started process (PID=5956) to work on /opt/airflow/dags/youtube_warehouse_pipeline.py
[2026-09-17T14:22:36.224+0000] {processor.py:914} INFO - Processing file /opt/airflow/dags/youtube_warehouse_pipeline.py for tasks to queue
[2026-09-17T14:22:36.229+0000] {logging_mixin.py:190} INFO - [2026-09-17T14:22:36.227+0000] {dagbag.py:588} INFO - Filling up the DagBag from /opt/airflow/dags/youtube_warehouse_pipeline.py
[2026-09-17T14:22:36.423+0000] {processor.py:925} INFO - DAG(s) 'youtube_warehouse_pipeline' retrieved from /opt/airflow/dags/youtube_warehouse_pipeline.py
[2026-09-17T14:22:37.009+0000] {logging_mixin.py:190} INFO - [2026-09-17T14:22:36.992+0000] {dag.py:3239} INFO - Sync 1 DAGs
[2026-09-17T14:22:37.041+0000] {logging_mixin.py:190} INFO - [2026-09-17T14:22:37.040+0000] {dag.py:4180} INFO - Setting next_dagrun for youtube_warehouse_pipeline to None, run_after=None
[2026-09-17T14:22:37.131+0000] {processor.py:208} INFO - Processing /opt/airflow/dags/youtube_warehouse_pipeline.py took 0.971 seconds
[2026-09-17T14:23:07.598+0000] {processor.py:186} INFO - Started process (PID=5964) to work on /opt/airflow/dags/youtube_warehouse_pipeline.py
[2026-09-17T14:23:07.600+0000] {processor.py:914} INFO - Processing file /opt/airflow/dags/youtube_warehouse_pipeline.py for tasks to queue
[2026-09-17T14:23:07.602+0000] {logging_mixin.py:190} INFO - [2026-09-17T14:23:07.602+0000] {dagbag.py:588} INFO - Filling up the DagBag from /opt/airflow/dags/youtube_warehouse_pipeline.py
[2026-09-17T14:23:07.688+0000] {processor.py:925} INFO - DAG(s) 'youtube_warehouse_pipeline' retrieved from /opt/airflow/dags/youtube_warehouse_pipeline.py
[2026-09-17T14:23:07.712+0000] {logging_mixin.py:190} INFO - [2026-09-17T14:23:07.712+0000] {dag.py:3239} INFO - Sync 1 DAGs
[2026-09-17T14:23:07.726+0000] {logging_mixin.py:190} INFO - [2026-09-17T14:23:07.726+0000] {dag.py:4180} INFO - Setting next_dagrun for youtube_warehouse_pipeline to None, run_after=None
[2026-09-17T14:23:07.749+0000] {processor.py:208} INFO - Processing /opt/airflow/dags/youtube_warehouse_pipeline.py took 0.161 seconds
[2026-09-17T14:23:38.103+0000] {processor.py:186} INFO - Started process (PID=5972) to work on /opt/airflow/dags/youtube_warehouse_pipeline.py
[2026-09-17T14:23:38.105+0000] {processor.py:914} INFO - Processing file /opt/airflow/dags/youtube_warehouse_pipeline.py for tasks to queue
[2026-09-17T14:23:38.107+0000] {logging_mixin.py:190} INFO - [2026-09-17T14:23:38.107+0000] {dagbag.py:588} INFO - Filling up the DagBag from /opt/airflow/dags/youtube_warehouse_pipeline.py
[2026-09-17T14:23:38.206+0000] {processor.py:925} INFO - DAG(s) 'youtube_warehouse_pipeline' retrieved from /opt/airflow/dags/youtube_warehouse_pipeline.py
[2026-09-17T14:23:38.232+0000] {logging_mixin.py:190} INFO - [2026-09-17T14:23:38.232+0000] {dag.py:3239} INFO - Sync 1 DAGs
[2026-09-17T14:23:38.245+0000] {logging_mixin.py:190} INFO - [2026-09-17T14:23:38.245+0000] {dag.py:4180} INFO - Setting next_dagrun for youtube_warehouse_pipeline to None, run_after=None
[2026-09-17T14:23:38.265+0000] {processor.py:208} INFO - Processing /opt/airflow/dags/youtube_warehouse_pipeline.py took 0.169 seconds
[2026-09-17T14:24:08.661+0000] {processor.py:186} INFO - Started process (PID=5980) to work on /opt/airflow/dags/youtube_warehouse_pipeline.py
[2026-09-17T14:24:08.664+0000] {processor.py:914} INFO - Processing file /opt/airflow/dags/youtube_warehouse_pipeline.py for tasks to queue
[2026-09-17T14:24:08.667+0000] {logging_mixin.py:190} INFO - [2026-09-17T14:24:08.666+0000] {dagbag.py:588} INFO - Filling up the DagBag from /opt/airflow/dags/youtube_warehouse_pipeline.py
[2026-09-17T14:24:08.759+0000] {processor.py:925} INFO - DAG(s) 'youtube_warehouse_pipeline' retrieved from /opt/airflow/dags/youtube_warehouse_pipeline.py
[2026-09-17T14:24:08.798+0000] {logging_mixin.py:190} INFO - [2026-09-17T14:24:08.797+0000] {dag.py:3239} INFO - Sync 1 DAGs
[2026-09-17T14:24:08.810+0000] {logging_mixin.py:190} INFO - [2026-09-17T14:24:08.809+0000] {dag.py:4180} INFO - Setting next_dagrun for youtube_warehouse_pipeline to None, run_after=None
[2026-09-17T14:24:08.830+0000] {processor.py:208} INFO - Processing /opt/airflow/dags/youtube_warehouse_pipeline.py took 0.177 seconds
[2026-09-17T14:24:39.171+0000] {processor.py:186} INFO - Started process (PID=5988) to work on /opt/airflow/dags/youtube_warehouse_pipeline.py
[2026-09-17T14:24:39.173+0000] {processor.py:914} INFO - Processing file /opt/airflow/dags/youtube_warehouse_pipeline.py for tasks to queue
[2026-09-17T14:24:39.175+0000] {logging_mixin.py:190} INFO - [2026-09-17T14:24:39.174+0000] {dagbag.py:588} INFO - Filling up the DagBag from /opt/airflow/dags/youtube_warehouse_pipeline.py
[2026-09-17T14:24:39.287+0000] {processor.py:925} INFO - DAG(s) 'youtube_warehouse_pipeline' retrieved from /opt/airflow/dags/youtube_warehouse_pipeline.py
[2026-09-17T14:24:39.325+0000] {logging_mixin.py:190} INFO - [2026-09-17T14:24:39.324+0000] {dag.py:3239} INFO - Sync 1 DAGs
[2026-09-17T14:24:39.339+0000] {logging_mixin.py:190} INFO - [2026-09-17T14:24:39.339+0000] {dag.py:4180} INFO - Setting next_dagrun for youtube_warehouse_pipeline to None, run_after=None
[2026-09-17T14:24:39.360+0000] {processor.py:208} INFO - Processing /opt/airflow/dags/youtube_warehouse_pipeline.py took 0.196 seconds
[2026-09-17T14:25:09.442+0000] {processor.py:186} INFO - Started process (PID=5996) to work on /opt/airflow/dags/youtube_warehouse_pipeline.py
[2026-09-17T14:25:09.444+0000] {processor.py:914} INFO - Processing file /opt/airflow/dags/youtube_warehouse_pipeline.py for tasks to queue
[2026-09-17T14:25:09.447+0000] {logging_mixin.py:190} INFO - [2026-09-17T14:25:09.446+0000] {dagbag.py:588} INFO - Filling up the DagBag from /opt/airflow/dags/youtube_warehouse_pipeline.py
[2026-09-17T14:25:09.547+0000] {processor.py:925} INFO - DAG(s) 'youtube_warehouse_pipeline' retrieved from /opt/airflow/dags/youtube_warehouse_pipeline.py
[2026-09-17T14:25:09.624+0000] {logging_mixin.py:190} INFO - [2026-09-17T14:25:09.624+0000] {dag.py:3239} INFO - Sync 1 DAGs
[2026-09-17T14:25:09.640+0000] {logging_mixin.py:190} INFO - [2026-09-17T14:25:09.639+0000] {dag.py:4180} INFO - Setting next_dagrun for youtube_warehouse_pipeline to None, run_after=None
[2026-09-17T14:25:09.662+0000] {processor.py:208} INFO - Processing /opt/airflow/dags/youtube_warehouse_pipeline.py took 0.234 seconds
[2026-09-17T14:25:39.749+0000] {processor.py:186} INFO - Started process (PID=6004) to work on /opt/airflow/dags/youtube_warehouse_pipeline.py
[2026-09-17T14:25:39.751+0000] {processor.py:914} INFO - Processing file /opt/airflow/dags/youtube_warehouse_pipeline.py for tasks to queue
[2026-09-17T14:25:39.754+0000] {logging_mixin.py:190} INFO - [2026-09-17T14:25:39.753+0000] {dagbag.py:588} INFO - Filling up the DagBag from /opt/airflow/dags/youtube_warehouse_pipeline.py
[2026-09-17T14:25:39.816+0000] {logging_mixin.py:190} INFO - [2026-09-17T14:25:39.802+0000] {dagbag.py:387} ERROR - Failed to import: /opt/airflow/dags/youtube_warehouse_pipeline.py
Traceback (most recent call last):
  File "/home/airflow/.local/lib/python3.10/site-packages/airflow/models/dagbag.py", line 383, in parse
    loader.exec_module(new_module)
  File "<frozen importlib._bootstrap_external>", line 883, in exec_module
  File "<frozen importlib._bootstrap>", line 241, in _call_with_frames_removed
  File "/opt/airflow/dags/youtube_warehouse_pipeline.py", line 10, in <module>
    from include.load import youtube_load as load_videos
  File "<frozen importlib._bootstrap>", line 1027, in _find_and_load
  File "<frozen importlib._bootstrap>", line 1002, in _find_and_load_unlocked
  File "<frozen importlib._bootstrap>", line 945, in _find_spec
  File "<frozen importlib._bootstrap_external>", line 1439, in find_spec
  File "<frozen importlib._bootstrap_external>", line 1411, in _get_spec
  File "<frozen importlib._bootstrap_external>", line 1548, in find_spec
  File "<frozen importlib._bootstrap_external>", line 1591, in _fill_cache
OSError: [Errno 12] Cannot allocate memory: '/opt/airflow/include'
[2026-09-17T14:25:39.818+0000] {processor.py:927} WARNING - No viable dags retrieved from /opt/airflow/dags/youtube_warehouse_pipeline.py
[2026-09-17T14:25:39.891+0000] {processor.py:208} INFO - Processing /opt/airflow/dags/youtube_warehouse_pipeline.py took 0.149 seconds
[2026-09-17T14:26:10.233+0000] {processor.py:186} INFO - Started process (PID=6012) to work on /opt/airflow/dags/youtube_warehouse_pipeline.py
[2026-09-17T14:26:10.235+0000] {processor.py:914} INFO - Processing file /opt/airflow/dags/youtube_warehouse_pipeline.py for tasks to queue
[2026-09-17T14:26:10.237+0000] {logging_mixin.py:190} INFO - [2026-09-17T14:26:10.237+0000] {dagbag.py:588} INFO - Filling up the DagBag from /opt/airflow/dags/youtube_warehouse_pipeline.py
[2026-09-17T14:26:10.325+0000] {processor.py:925} INFO - DAG(s) 'youtube_warehouse_pipeline' retrieved from /opt/airflow/dags/youtube_warehouse_pipeline.py
[2026-09-17T14:26:10.356+0000] {logging_mixin.py:190} INFO - [2026-09-17T14:26:10.356+0000] {dag.py:3239} INFO - Sync 1 DAGs
[2026-09-17T14:26:10.368+0000] {logging_mixin.py:190} INFO - [2026-09-17T14:26:10.368+0000] {dag.py:4180} INFO - Setting next_dagrun for youtube_warehouse_pipeline to None, run_after=None
[2026-09-17T14:26:10.389+0000] {processor.py:208} INFO - Processing /opt/airflow/dags/youtube_warehouse_pipeline.py took 0.166 seconds
[2026-09-17T14:26:40.996+0000] {processor.py:186} INFO - Started process (PID=6020) to work on /opt/airflow/dags/youtube_warehouse_pipeline.py
[2026-09-17T14:26:40.997+0000] {processor.py:914} INFO - Processing file /opt/airflow/dags/youtube_warehouse_pipeline.py for tasks to queue
[2026-09-17T14:26:40.999+0000] {logging_mixin.py:190} INFO - [2026-09-17T14:26:40.998+0000] {dagbag.py:588} INFO - Filling up the DagBag from /opt/airflow/dags/youtube_warehouse_pipeline.py
[2026-09-17T14:26:41.072+0000] {processor.py:925} INFO - DAG(s) 'youtube_warehouse_pipeline' retrieved from /opt/airflow/dags/youtube_warehouse_pipeline.py
[2026-09-17T14:26:41.115+0000] {logging_mixin.py:190} INFO - [2026-09-17T14:26:41.115+0000] {dag.py:3239} INFO - Sync 1 DAGs
[2026-09-17T14:26:41.128+0000] {logging_mixin.py:190} INFO - [2026-09-17T14:26:41.128+0000] {dag.py:4180} INFO - Setting next_dagrun for youtube_warehouse_pipeline to None, run_after=None
[2026-09-17T14:26:41.149+0000] {processor.py:208} INFO - Processing /opt/airflow/dags/youtube_warehouse_pipeline.py took 0.160 seconds
[2026-09-17T14:27:11.511+0000] {processor.py:186} INFO - Started process (PID=6029) to work on /opt/airflow/dags/youtube_warehouse_pipeline.py
[2026-09-17T14:27:11.513+0000] {processor.py:914} INFO - Processing file /opt/airflow/dags/youtube_warehouse_pipeline.py for tasks to queue
[2026-09-17T14:27:11.515+0000] {logging_mixin.py:190} INFO - [2026-09-17T14:27:11.515+0000] {dagbag.py:588} INFO - Filling up the DagBag from /opt/airflow/dags/youtube_warehouse_pipeline.py
[2026-09-17T14:27:11.597+0000] {processor.py:925} INFO - DAG(s) 'youtube_warehouse_pipeline' retrieved from /opt/airflow/dags/youtube_warehouse_pipeline.py
[2026-09-17T14:27:11.664+0000] {logging_mixin.py:190} INFO - [2026-09-17T14:27:11.664+0000] {dag.py:3239} INFO - Sync 1 DAGs
[2026-09-17T14:27:11.676+0000] {logging_mixin.py:190} INFO - [2026-09-17T14:27:11.676+0000] {dag.py:4180} INFO - Setting next_dagrun for youtube_warehouse_pipeline to None, run_after=None
[2026-09-17T14:27:11.694+0000] {processor.py:208} INFO - Processing /opt/airflow/dags/youtube_warehouse_pipeline.py took 0.192 seconds
[2026-09-17T14:27:42.097+0000] {processor.py:186} INFO - Started process (PID=6037) to work on /opt/airflow/dags/youtube_warehouse_pipeline.py
[2026-09-17T14:27:42.099+0000] {processor.py:914} INFO - Processing file /opt/airflow/dags/youtube_warehouse_pipeline.py for tasks to queue
[2026-09-17T14:27:42.101+0000] {logging_mixin.py:190} INFO - [2026-09-17T14:27:42.100+0000] {dagbag.py:588} INFO - Filling up the DagBag from /opt/airflow/dags/youtube_warehouse_pipeline.py
[2026-09-17T14:27:42.184+0000] {processor.py:925} INFO - DAG(s) 'youtube_warehouse_pipeline' retrieved from /opt/airflow/dags/youtube_warehouse_pipeline.py
[2026-09-17T14:27:42.233+0000] {logging_mixin.py:190} INFO - [2026-09-17T14:27:42.233+0000] {dag.py:3239} INFO - Sync 1 DAGs
[2026-09-17T14:27:42.246+0000] {logging_mixin.py:190} INFO - [2026-09-17T14:27:42.246+0000] {dag.py:4180} INFO - Setting next_dagrun for youtube_warehouse_pipeline to None, run_after=None
[2026-09-17T14:27:42.267+0000] {processor.py:208} INFO - Processing /opt/airflow/dags/youtube_warehouse_pipeline.py took 0.176 seconds
[2026-09-17T14:28:12.647+0000] {processor.py:186} INFO - Started process (PID=6045) to work on /opt/airflow/dags/youtube_warehouse_pipeline.py
[2026-09-17T14:28:12.650+0000] {processor.py:914} INFO - Processing file /opt/airflow/dags/youtube_warehouse_pipeline.py for tasks to queue
[2026-09-17T14:28:12.653+0000] {logging_mixin.py:190} INFO - [2026-09-17T14:28:12.652+0000] {dagbag.py:588} INFO - Filling up the DagBag from /opt/airflow/dags/youtube_warehouse_pipeline.py
[2026-09-17T14:28:12.767+0000] {processor.py:925} INFO - DAG(s) 'youtube_warehouse_pipeline' retrieved from /opt/airflow/dags/youtube_warehouse_pipeline.py
[2026-09-17T14:28:12.834+0000] {logging_mixin.py:190} INFO - [2026-09-17T14:28:12.833+0000] {dag.py:3239} INFO - Sync 1 DAGs
[2026-09-17T14:28:12.848+0000] {logging_mixin.py:190} INFO - [2026-09-17T14:28:12.848+0000] {dag.py:4180} INFO - Setting next_dagrun for youtube_warehouse_pipeline to None, run_after=None
[2026-09-17T14:28:12.869+0000] {processor.py:208} INFO - Processing /opt/airflow/dags/youtube_warehouse_pipeline.py took 0.230 seconds
[2026-09-17T14:28:42.989+0000] {processor.py:186} INFO - Started process (PID=6053) to work on /opt/airflow/dags/youtube_warehouse_pipeline.py
[2026-09-17T14:28:42.991+0000] {processor.py:914} INFO - Processing file /opt/airflow/dags/youtube_warehouse_pipeline.py for tasks to queue
[2026-09-17T14:28:42.993+0000] {logging_mixin.py:190} INFO - [2026-09-17T14:28:42.993+0000] {dagbag.py:588} INFO - Filling up the DagBag from /opt/airflow/dags/youtube_warehouse_pipeline.py
[2026-09-17T14:28:43.050+0000] {processor.py:925} INFO - DAG(s) 'youtube_warehouse_pipeline' retrieved from /opt/airflow/dags/youtube_warehouse_pipeline.py
[2026-09-17T14:28:43.104+0000] {logging_mixin.py:190} INFO - [2026-09-17T14:28:43.103+0000] {dag.py:3239} INFO - Sync 1 DAGs
[2026-09-17T14:28:43.118+0000] {logging_mixin.py:190} INFO - [2026-09-17T14:28:43.118+0000] {dag.py:4180} INFO - Setting next_dagrun for youtube_warehouse_pipeline to None, run_after=None
[2026-09-17T14:28:43.140+0000] {processor.py:208} INFO - Processing /opt/airflow/dags/youtube_warehouse_pipeline.py took 0.156 seconds
[2026-09-17T14:29:13.572+0000] {processor.py:186} INFO - Started process (PID=6061) to work on /opt/airflow/dags/youtube_warehouse_pipeline.py
[2026-09-17T14:29:13.574+0000] {processor.py:914} INFO - Processing file /opt/airflow/dags/youtube_warehouse_pipeline.py for tasks to queue
[2026-09-17T14:29:13.576+0000] {logging_mixin.py:190} INFO - [2026-09-17T14:29:13.576+0000] {dagbag.py:588} INFO - Filling up the DagBag from /opt/airflow/dags/youtube_warehouse_pipeline.py
[2026-09-17T14:29:13.650+0000] {processor.py:925} INFO - DAG(s) 'youtube_warehouse_pipeline' retrieved from /opt/airflow/dags/youtube_warehouse_pipeline.py
[2026-09-17T14:29:13.701+0000] {logging_mixin.py:190} INFO - [2026-09-17T14:29:13.701+0000] {dag.py:3239} INFO - Sync 1 DAGs
[2026-09-17T14:29:13.714+0000] {logging_mixin.py:190} INFO - [2026-09-17T14:29:13.714+0000] {dag.py:4180} INFO - Setting next_dagrun for youtube_warehouse_pipeline to None, run_after=None
[2026-09-17T14:29:13.734+0000] {processor.py:208} INFO - Processing /opt/airflow/dags/youtube_warehouse_pipeline.py took 0.170 seconds
[2026-09-17T14:29:44.066+0000] {processor.py:186} INFO - Started process (PID=6069) to work on /opt/airflow/dags/youtube_warehouse_pipeline.py
[2026-09-17T14:29:44.068+0000] {processor.py:914} INFO - Processing file /opt/airflow/dags/youtube_warehouse_pipeline.py for tasks to queue
[2026-09-17T14:29:44.070+0000] {logging_mixin.py:190} INFO - [2026-09-17T14:29:44.069+0000] {dagbag.py:588} INFO - Filling up the DagBag from /opt/airflow/dags/youtube_warehouse_pipeline.py
[2026-09-17T14:29:44.158+0000] {processor.py:925} INFO - DAG(s) 'youtube_warehouse_pipeline' retrieved from /opt/airflow/dags/youtube_warehouse_pipeline.py
[2026-09-17T14:29:44.273+0000] {logging_mixin.py:190} INFO - [2026-09-17T14:29:44.272+0000] {dag.py:3239} INFO - Sync 1 DAGs
[2026-09-17T14:29:44.290+0000] {logging_mixin.py:190} INFO - [2026-09-17T14:29:44.290+0000] {dag.py:4180} INFO - Setting next_dagrun for youtube_warehouse_pipeline to None, run_after=None
[2026-09-17T14:29:44.312+0000] {processor.py:208} INFO - Processing /opt/airflow/dags/youtube_warehouse_pipeline.py took 0.253 seconds
[2026-09-17T14:51:36.645+0000] {processor.py:186} INFO - Started process (PID=6077) to work on /opt/airflow/dags/youtube_warehouse_pipeline.py
[2026-09-17T14:51:36.806+0000] {processor.py:914} INFO - Processing file /opt/airflow/dags/youtube_warehouse_pipeline.py for tasks to queue
[2026-09-17T14:51:36.858+0000] {logging_mixin.py:190} INFO - [2026-09-17T14:51:36.856+0000] {dagbag.py:588} INFO - Filling up the DagBag from /opt/airflow/dags/youtube_warehouse_pipeline.py
[2026-09-17T14:51:40.774+0000] {processor.py:925} INFO - DAG(s) 'youtube_warehouse_pipeline' retrieved from /opt/airflow/dags/youtube_warehouse_pipeline.py
[2026-09-17T14:51:41.141+0000] {logging_mixin.py:190} INFO - [2026-09-17T14:51:41.137+0000] {dag.py:3239} INFO - Sync 1 DAGs
[2026-09-17T14:51:41.277+0000] {logging_mixin.py:190} INFO - [2026-09-17T14:51:41.276+0000] {dag.py:4180} INFO - Setting next_dagrun for youtube_warehouse_pipeline to None, run_after=None
[2026-09-17T14:51:41.375+0000] {processor.py:208} INFO - Processing /opt/airflow/dags/youtube_warehouse_pipeline.py took 4.890 seconds
[2026-09-17T14:52:11.821+0000] {processor.py:186} INFO - Started process (PID=6086) to work on /opt/airflow/dags/youtube_warehouse_pipeline.py
[2026-09-17T14:52:11.825+0000] {processor.py:914} INFO - Processing file /opt/airflow/dags/youtube_warehouse_pipeline.py for tasks to queue
[2026-09-17T14:52:11.837+0000] {logging_mixin.py:190} INFO - [2026-09-17T14:52:11.832+0000] {dagbag.py:588} INFO - Filling up the DagBag from /opt/airflow/dags/youtube_warehouse_pipeline.py
[2026-09-17T14:52:12.037+0000] {processor.py:925} INFO - DAG(s) 'youtube_warehouse_pipeline' retrieved from /opt/airflow/dags/youtube_warehouse_pipeline.py
[2026-09-17T14:52:13.049+0000] {logging_mixin.py:190} INFO - [2026-09-17T14:52:13.048+0000] {dag.py:3239} INFO - Sync 1 DAGs
[2026-09-17T14:52:13.663+0000] {logging_mixin.py:190} INFO - [2026-09-17T14:52:13.663+0000] {dag.py:4180} INFO - Setting next_dagrun for youtube_warehouse_pipeline to None, run_after=None
[2026-09-17T14:52:13.706+0000] {processor.py:208} INFO - Processing /opt/airflow/dags/youtube_warehouse_pipeline.py took 1.933 seconds
[2026-09-17T14:52:44.132+0000] {processor.py:186} INFO - Started process (PID=6094) to work on /opt/airflow/dags/youtube_warehouse_pipeline.py
[2026-09-17T14:52:44.137+0000] {processor.py:914} INFO - Processing file /opt/airflow/dags/youtube_warehouse_pipeline.py for tasks to queue
[2026-09-17T14:52:44.143+0000] {logging_mixin.py:190} INFO - [2026-09-17T14:52:44.140+0000] {dagbag.py:588} INFO - Filling up the DagBag from /opt/airflow/dags/youtube_warehouse_pipeline.py
[2026-09-17T14:52:44.281+0000] {processor.py:925} INFO - DAG(s) 'youtube_warehouse_pipeline' retrieved from /opt/airflow/dags/youtube_warehouse_pipeline.py
[2026-09-17T14:52:44.376+0000] {logging_mixin.py:190} INFO - [2026-09-17T14:52:44.375+0000] {dag.py:3239} INFO - Sync 1 DAGs
[2026-09-17T14:52:44.403+0000] {logging_mixin.py:190} INFO - [2026-09-17T14:52:44.402+0000] {dag.py:4180} INFO - Setting next_dagrun for youtube_warehouse_pipeline to None, run_after=None
[2026-09-17T14:52:44.433+0000] {processor.py:208} INFO - Processing /opt/airflow/dags/youtube_warehouse_pipeline.py took 0.329 seconds
[2026-09-17T14:53:14.535+0000] {processor.py:186} INFO - Started process (PID=6103) to work on /opt/airflow/dags/youtube_warehouse_pipeline.py
[2026-09-17T14:53:14.537+0000] {processor.py:914} INFO - Processing file /opt/airflow/dags/youtube_warehouse_pipeline.py for tasks to queue
[2026-09-17T14:53:14.540+0000] {logging_mixin.py:190} INFO - [2026-09-17T14:53:14.539+0000] {dagbag.py:588} INFO - Filling up the DagBag from /opt/airflow/dags/youtube_warehouse_pipeline.py
[2026-09-17T14:53:14.684+0000] {processor.py:925} INFO - DAG(s) 'youtube_warehouse_pipeline' retrieved from /opt/airflow/dags/youtube_warehouse_pipeline.py
[2026-09-17T14:53:14.759+0000] {logging_mixin.py:190} INFO - [2026-09-17T14:53:14.759+0000] {dag.py:3239} INFO - Sync 1 DAGs
[2026-09-17T14:53:14.786+0000] {logging_mixin.py:190} INFO - [2026-09-17T14:53:14.786+0000] {dag.py:4180} INFO - Setting next_dagrun for youtube_warehouse_pipeline to None, run_after=None
[2026-09-17T14:53:14.824+0000] {processor.py:208} INFO - Processing /opt/airflow/dags/youtube_warehouse_pipeline.py took 0.303 seconds
[2026-09-17T14:53:45.203+0000] {processor.py:186} INFO - Started process (PID=6111) to work on /opt/airflow/dags/youtube_warehouse_pipeline.py
[2026-09-17T14:53:45.205+0000] {processor.py:914} INFO - Processing file /opt/airflow/dags/youtube_warehouse_pipeline.py for tasks to queue
[2026-09-17T14:53:45.207+0000] {logging_mixin.py:190} INFO - [2026-09-17T14:53:45.207+0000] {dagbag.py:588} INFO - Filling up the DagBag from /opt/airflow/dags/youtube_warehouse_pipeline.py
[2026-09-17T14:53:45.315+0000] {processor.py:925} INFO - DAG(s) 'youtube_warehouse_pipeline' retrieved from /opt/airflow/dags/youtube_warehouse_pipeline.py
[2026-09-17T14:53:45.377+0000] {logging_mixin.py:190} INFO - [2026-09-17T14:53:45.377+0000] {dag.py:3239} INFO - Sync 1 DAGs
[2026-09-17T14:53:45.396+0000] {logging_mixin.py:190} INFO - [2026-09-17T14:53:45.395+0000] {dag.py:4180} INFO - Setting next_dagrun for youtube_warehouse_pipeline to None, run_after=None
[2026-09-17T14:53:45.421+0000] {processor.py:208} INFO - Processing /opt/airflow/dags/youtube_warehouse_pipeline.py took 0.229 seconds
[2026-09-17T14:54:15.809+0000] {processor.py:186} INFO - Started process (PID=6119) to work on /opt/airflow/dags/youtube_warehouse_pipeline.py
[2026-09-17T14:54:15.811+0000] {processor.py:914} INFO - Processing file /opt/airflow/dags/youtube_warehouse_pipeline.py for tasks to queue
[2026-09-17T14:54:15.813+0000] {logging_mixin.py:190} INFO - [2026-09-17T14:54:15.813+0000] {dagbag.py:588} INFO - Filling up the DagBag from /opt/airflow/dags/youtube_warehouse_pipeline.py
[2026-09-17T14:54:15.892+0000] {logging_mixin.py:190} INFO - [2026-09-17T14:54:15.884+0000] {dagbag.py:387} ERROR - Failed to import: /opt/airflow/dags/youtube_warehouse_pipeline.py
Traceback (most recent call last):
  File "/home/airflow/.local/lib/python3.10/site-packages/airflow/models/dagbag.py", line 383, in parse
    loader.exec_module(new_module)
  File "<frozen importlib._bootstrap_external>", line 883, in exec_module
  File "<frozen importlib._bootstrap>", line 241, in _call_with_frames_removed
  File "/opt/airflow/dags/youtube_warehouse_pipeline.py", line 10, in <module>
    from include.load import youtube_load as load_videos
  File "<frozen importlib._bootstrap>", line 1027, in _find_and_load
  File "<frozen importlib._bootstrap>", line 1002, in _find_and_load_unlocked
  File "<frozen importlib._bootstrap>", line 945, in _find_spec
  File "<frozen importlib._bootstrap_external>", line 1439, in find_spec
  File "<frozen importlib._bootstrap_external>", line 1411, in _get_spec
  File "<frozen importlib._bootstrap_external>", line 1548, in find_spec
  File "<frozen importlib._bootstrap_external>", line 1591, in _fill_cache
OSError: [Errno 12] Cannot allocate memory: '/opt/airflow/include'
[2026-09-17T14:54:15.893+0000] {processor.py:927} WARNING - No viable dags retrieved from /opt/airflow/dags/youtube_warehouse_pipeline.py
[2026-09-17T14:54:15.947+0000] {processor.py:208} INFO - Processing /opt/airflow/dags/youtube_warehouse_pipeline.py took 0.149 seconds
[2026-09-17T14:54:46.159+0000] {processor.py:186} INFO - Started process (PID=6127) to work on /opt/airflow/dags/youtube_warehouse_pipeline.py
[2026-09-17T14:54:46.162+0000] {processor.py:914} INFO - Processing file /opt/airflow/dags/youtube_warehouse_pipeline.py for tasks to queue
[2026-09-17T14:54:46.165+0000] {logging_mixin.py:190} INFO - [2026-09-17T14:54:46.164+0000] {dagbag.py:588} INFO - Filling up the DagBag from /opt/airflow/dags/youtube_warehouse_pipeline.py
[2026-09-17T14:54:46.265+0000] {processor.py:925} INFO - DAG(s) 'youtube_warehouse_pipeline' retrieved from /opt/airflow/dags/youtube_warehouse_pipeline.py
[2026-09-17T14:54:46.388+0000] {logging_mixin.py:190} INFO - [2026-09-17T14:54:46.388+0000] {dag.py:3239} INFO - Sync 1 DAGs
[2026-09-17T14:54:46.436+0000] {logging_mixin.py:190} INFO - [2026-09-17T14:54:46.435+0000] {dag.py:4180} INFO - Setting next_dagrun for youtube_warehouse_pipeline to None, run_after=None
[2026-09-17T14:54:46.466+0000] {processor.py:208} INFO - Processing /opt/airflow/dags/youtube_warehouse_pipeline.py took 0.316 seconds
[2026-09-17T14:55:16.875+0000] {processor.py:186} INFO - Started process (PID=6135) to work on /opt/airflow/dags/youtube_warehouse_pipeline.py
[2026-09-17T14:55:16.877+0000] {processor.py:914} INFO - Processing file /opt/airflow/dags/youtube_warehouse_pipeline.py for tasks to queue
[2026-09-17T14:55:16.880+0000] {logging_mixin.py:190} INFO - [2026-09-17T14:55:16.879+0000] {dagbag.py:588} INFO - Filling up the DagBag from /opt/airflow/dags/youtube_warehouse_pipeline.py
[2026-09-17T14:55:17.004+0000] {processor.py:925} INFO - DAG(s) 'youtube_warehouse_pipeline' retrieved from /opt/airflow/dags/youtube_warehouse_pipeline.py
[2026-09-17T14:55:17.072+0000] {logging_mixin.py:190} INFO - [2026-09-17T14:55:17.072+0000] {dag.py:3239} INFO - Sync 1 DAGs
[2026-09-17T14:55:17.088+0000] {logging_mixin.py:190} INFO - [2026-09-17T14:55:17.088+0000] {dag.py:4180} INFO - Setting next_dagrun for youtube_warehouse_pipeline to None, run_after=None
[2026-09-17T14:55:17.110+0000] {processor.py:208} INFO - Processing /opt/airflow/dags/youtube_warehouse_pipeline.py took 0.250 seconds
[2026-09-17T14:55:47.507+0000] {processor.py:186} INFO - Started process (PID=6149) to work on /opt/airflow/dags/youtube_warehouse_pipeline.py
[2026-09-17T14:55:47.511+0000] {processor.py:914} INFO - Processing file /opt/airflow/dags/youtube_warehouse_pipeline.py for tasks to queue
[2026-09-17T14:55:47.514+0000] {logging_mixin.py:190} INFO - [2026-09-17T14:55:47.513+0000] {dagbag.py:588} INFO - Filling up the DagBag from /opt/airflow/dags/youtube_warehouse_pipeline.py
[2026-09-17T14:55:47.629+0000] {processor.py:925} INFO - DAG(s) 'youtube_warehouse_pipeline' retrieved from /opt/airflow/dags/youtube_warehouse_pipeline.py
[2026-09-17T14:55:47.686+0000] {logging_mixin.py:190} INFO - [2026-09-17T14:55:47.686+0000] {dag.py:3239} INFO - Sync 1 DAGs
[2026-09-17T14:55:47.703+0000] {logging_mixin.py:190} INFO - [2026-09-17T14:55:47.702+0000] {dag.py:4180} INFO - Setting next_dagrun for youtube_warehouse_pipeline to None, run_after=None
[2026-09-17T14:55:47.727+0000] {processor.py:208} INFO - Processing /opt/airflow/dags/youtube_warehouse_pipeline.py took 0.240 seconds
[2026-09-17T14:56:18.267+0000] {processor.py:186} INFO - Started process (PID=6157) to work on /opt/airflow/dags/youtube_warehouse_pipeline.py
[2026-09-17T14:56:18.269+0000] {processor.py:914} INFO - Processing file /opt/airflow/dags/youtube_warehouse_pipeline.py for tasks to queue
[2026-09-17T14:56:18.271+0000] {logging_mixin.py:190} INFO - [2026-09-17T14:56:18.271+0000] {dagbag.py:588} INFO - Filling up the DagBag from /opt/airflow/dags/youtube_warehouse_pipeline.py
[2026-09-17T14:56:18.357+0000] {processor.py:925} INFO - DAG(s) 'youtube_warehouse_pipeline' retrieved from /opt/airflow/dags/youtube_warehouse_pipeline.py
[2026-09-17T14:56:18.426+0000] {logging_mixin.py:190} INFO - [2026-09-17T14:56:18.426+0000] {dag.py:3239} INFO - Sync 1 DAGs
[2026-09-17T14:56:18.443+0000] {logging_mixin.py:190} INFO - [2026-09-17T14:56:18.443+0000] {dag.py:4180} INFO - Setting next_dagrun for youtube_warehouse_pipeline to None, run_after=None
[2026-09-17T14:56:18.463+0000] {processor.py:208} INFO - Processing /opt/airflow/dags/youtube_warehouse_pipeline.py took 0.209 seconds
[2026-09-17T14:56:48.832+0000] {processor.py:186} INFO - Started process (PID=6165) to work on /opt/airflow/dags/youtube_warehouse_pipeline.py
[2026-09-17T14:56:48.834+0000] {processor.py:914} INFO - Processing file /opt/airflow/dags/youtube_warehouse_pipeline.py for tasks to queue
[2026-09-17T14:56:48.837+0000] {logging_mixin.py:190} INFO - [2026-09-17T14:56:48.837+0000] {dagbag.py:588} INFO - Filling up the DagBag from /opt/airflow/dags/youtube_warehouse_pipeline.py
[2026-09-17T14:56:48.922+0000] {processor.py:925} INFO - DAG(s) 'youtube_warehouse_pipeline' retrieved from /opt/airflow/dags/youtube_warehouse_pipeline.py
[2026-09-17T14:56:48.959+0000] {logging_mixin.py:190} INFO - [2026-09-17T14:56:48.959+0000] {dag.py:3239} INFO - Sync 1 DAGs
[2026-09-17T14:56:48.972+0000] {logging_mixin.py:190} INFO - [2026-09-17T14:56:48.972+0000] {dag.py:4180} INFO - Setting next_dagrun for youtube_warehouse_pipeline to None, run_after=None
[2026-09-17T14:56:48.992+0000] {processor.py:208} INFO - Processing /opt/airflow/dags/youtube_warehouse_pipeline.py took 0.167 seconds
[2026-09-17T14:57:19.253+0000] {processor.py:186} INFO - Started process (PID=6173) to work on /opt/airflow/dags/youtube_warehouse_pipeline.py
[2026-09-17T14:57:19.257+0000] {processor.py:914} INFO - Processing file /opt/airflow/dags/youtube_warehouse_pipeline.py for tasks to queue
[2026-09-17T14:57:19.260+0000] {logging_mixin.py:190} INFO - [2026-09-17T14:57:19.259+0000] {dagbag.py:588} INFO - Filling up the DagBag from /opt/airflow/dags/youtube_warehouse_pipeline.py
[2026-09-17T14:57:19.402+0000] {processor.py:925} INFO - DAG(s) 'youtube_warehouse_pipeline' retrieved from /opt/airflow/dags/youtube_warehouse_pipeline.py
[2026-09-17T14:57:19.505+0000] {logging_mixin.py:190} INFO - [2026-09-17T14:57:19.505+0000] {dag.py:3239} INFO - Sync 1 DAGs
[2026-09-17T14:57:19.539+0000] {logging_mixin.py:190} INFO - [2026-09-17T14:57:19.539+0000] {dag.py:4180} INFO - Setting next_dagrun for youtube_warehouse_pipeline to None, run_after=None
[2026-09-17T14:57:19.577+0000] {processor.py:208} INFO - Processing /opt/airflow/dags/youtube_warehouse_pipeline.py took 0.340 seconds
[2026-09-17T14:57:49.976+0000] {processor.py:186} INFO - Started process (PID=6181) to work on /opt/airflow/dags/youtube_warehouse_pipeline.py
[2026-09-17T14:57:49.978+0000] {processor.py:914} INFO - Processing file /opt/airflow/dags/youtube_warehouse_pipeline.py for tasks to queue
[2026-09-17T14:57:49.982+0000] {logging_mixin.py:190} INFO - [2026-09-17T14:57:49.980+0000] {dagbag.py:588} INFO - Filling up the DagBag from /opt/airflow/dags/youtube_warehouse_pipeline.py
[2026-09-17T14:57:50.069+0000] {processor.py:925} INFO - DAG(s) 'youtube_warehouse_pipeline' retrieved from /opt/airflow/dags/youtube_warehouse_pipeline.py
[2026-09-17T14:57:50.138+0000] {logging_mixin.py:190} INFO - [2026-09-17T14:57:50.137+0000] {dag.py:3239} INFO - Sync 1 DAGs
[2026-09-17T14:57:50.156+0000] {logging_mixin.py:190} INFO - [2026-09-17T14:57:50.156+0000] {dag.py:4180} INFO - Setting next_dagrun for youtube_warehouse_pipeline to None, run_after=None
[2026-09-17T14:57:50.176+0000] {processor.py:208} INFO - Processing /opt/airflow/dags/youtube_warehouse_pipeline.py took 0.211 seconds
[2026-09-17T14:58:20.515+0000] {processor.py:186} INFO - Started process (PID=6189) to work on /opt/airflow/dags/youtube_warehouse_pipeline.py
[2026-09-17T14:58:20.518+0000] {processor.py:914} INFO - Processing file /opt/airflow/dags/youtube_warehouse_pipeline.py for tasks to queue
[2026-09-17T14:58:20.521+0000] {logging_mixin.py:190} INFO - [2026-09-17T14:58:20.520+0000] {dagbag.py:588} INFO - Filling up the DagBag from /opt/airflow/dags/youtube_warehouse_pipeline.py
[2026-09-17T14:58:20.614+0000] {processor.py:925} INFO - DAG(s) 'youtube_warehouse_pipeline' retrieved from /opt/airflow/dags/youtube_warehouse_pipeline.py
[2026-09-17T14:58:20.775+0000] {logging_mixin.py:190} INFO - [2026-09-17T14:58:20.774+0000] {dag.py:3239} INFO - Sync 1 DAGs
[2026-09-17T14:58:20.807+0000] {logging_mixin.py:190} INFO - [2026-09-17T14:58:20.806+0000] {dag.py:4180} INFO - Setting next_dagrun for youtube_warehouse_pipeline to None, run_after=None
[2026-09-17T14:58:20.845+0000] {processor.py:208} INFO - Processing /opt/airflow/dags/youtube_warehouse_pipeline.py took 0.338 seconds
[2026-09-17T14:58:51.263+0000] {processor.py:186} INFO - Started process (PID=6197) to work on /opt/airflow/dags/youtube_warehouse_pipeline.py
[2026-09-17T14:58:51.265+0000] {processor.py:914} INFO - Processing file /opt/airflow/dags/youtube_warehouse_pipeline.py for tasks to queue
[2026-09-17T14:58:51.267+0000] {logging_mixin.py:190} INFO - [2026-09-17T14:58:51.267+0000] {dagbag.py:588} INFO - Filling up the DagBag from /opt/airflow/dags/youtube_warehouse_pipeline.py
[2026-09-17T14:58:51.365+0000] {processor.py:925} INFO - DAG(s) 'youtube_warehouse_pipeline' retrieved from /opt/airflow/dags/youtube_warehouse_pipeline.py
[2026-09-17T14:58:51.435+0000] {logging_mixin.py:190} INFO - [2026-09-17T14:58:51.435+0000] {dag.py:3239} INFO - Sync 1 DAGs
[2026-09-17T14:58:51.451+0000] {logging_mixin.py:190} INFO - [2026-09-17T14:58:51.451+0000] {dag.py:4180} INFO - Setting next_dagrun for youtube_warehouse_pipeline to None, run_after=None
[2026-09-17T14:58:51.472+0000] {processor.py:208} INFO - Processing /opt/airflow/dags/youtube_warehouse_pipeline.py took 0.222 seconds
[2026-09-17T14:59:21.881+0000] {processor.py:186} INFO - Started process (PID=6204) to work on /opt/airflow/dags/youtube_warehouse_pipeline.py
[2026-09-17T14:59:21.883+0000] {processor.py:914} INFO - Processing file /opt/airflow/dags/youtube_warehouse_pipeline.py for tasks to queue
[2026-09-17T14:59:21.885+0000] {logging_mixin.py:190} INFO - [2026-09-17T14:59:21.884+0000] {dagbag.py:588} INFO - Filling up the DagBag from /opt/airflow/dags/youtube_warehouse_pipeline.py
[2026-09-17T14:59:21.989+0000] {processor.py:925} INFO - DAG(s) 'youtube_warehouse_pipeline' retrieved from /opt/airflow/dags/youtube_warehouse_pipeline.py
[2026-09-17T14:59:22.064+0000] {logging_mixin.py:190} INFO - [2026-09-17T14:59:22.063+0000] {dag.py:3239} INFO - Sync 1 DAGs
[2026-09-17T14:59:22.081+0000] {logging_mixin.py:190} INFO - [2026-09-17T14:59:22.081+0000] {dag.py:4180} INFO - Setting next_dagrun for youtube_warehouse_pipeline to None, run_after=None
[2026-09-17T14:59:22.102+0000] {processor.py:208} INFO - Processing /opt/airflow/dags/youtube_warehouse_pipeline.py took 0.238 seconds
[2026-09-17T14:59:52.524+0000] {processor.py:186} INFO - Started process (PID=6212) to work on /opt/airflow/dags/youtube_warehouse_pipeline.py
[2026-09-17T14:59:52.527+0000] {processor.py:914} INFO - Processing file /opt/airflow/dags/youtube_warehouse_pipeline.py for tasks to queue
[2026-09-17T14:59:52.529+0000] {logging_mixin.py:190} INFO - [2026-09-17T14:59:52.529+0000] {dagbag.py:588} INFO - Filling up the DagBag from /opt/airflow/dags/youtube_warehouse_pipeline.py
[2026-09-17T14:59:52.650+0000] {processor.py:925} INFO - DAG(s) 'youtube_warehouse_pipeline' retrieved from /opt/airflow/dags/youtube_warehouse_pipeline.py
[2026-09-17T14:59:52.747+0000] {logging_mixin.py:190} INFO - [2026-09-17T14:59:52.747+0000] {dag.py:3239} INFO - Sync 1 DAGs
[2026-09-17T14:59:52.769+0000] {logging_mixin.py:190} INFO - [2026-09-17T14:59:52.768+0000] {dag.py:4180} INFO - Setting next_dagrun for youtube_warehouse_pipeline to None, run_after=None
[2026-09-17T14:59:52.798+0000] {processor.py:208} INFO - Processing /opt/airflow/dags/youtube_warehouse_pipeline.py took 0.286 seconds
[2026-09-17T15:00:24.095+0000] {processor.py:186} INFO - Started process (PID=6214) to work on /opt/airflow/dags/youtube_warehouse_pipeline.py
[2026-09-17T15:00:24.124+0000] {processor.py:914} INFO - Processing file /opt/airflow/dags/youtube_warehouse_pipeline.py for tasks to queue
[2026-09-17T15:00:24.139+0000] {logging_mixin.py:190} INFO - [2026-09-17T15:00:24.134+0000] {dagbag.py:588} INFO - Filling up the DagBag from /opt/airflow/dags/youtube_warehouse_pipeline.py
[2026-09-17T15:00:24.603+0000] {processor.py:925} INFO - DAG(s) 'youtube_warehouse_pipeline' retrieved from /opt/airflow/dags/youtube_warehouse_pipeline.py
[2026-09-17T15:00:41.149+0000] {logging_mixin.py:190} INFO - [2026-09-17T15:00:41.136+0000] {dag.py:3239} INFO - Sync 1 DAGs
[2026-09-17T15:00:41.254+0000] {logging_mixin.py:190} INFO - [2026-09-17T15:00:41.254+0000] {dag.py:4180} INFO - Setting next_dagrun for youtube_warehouse_pipeline to None, run_after=None
[2026-09-17T15:00:41.339+0000] {processor.py:208} INFO - Processing /opt/airflow/dags/youtube_warehouse_pipeline.py took 17.455 seconds
[2026-09-17T15:01:11.888+0000] {processor.py:186} INFO - Started process (PID=6223) to work on /opt/airflow/dags/youtube_warehouse_pipeline.py
[2026-09-17T15:01:11.889+0000] {processor.py:914} INFO - Processing file /opt/airflow/dags/youtube_warehouse_pipeline.py for tasks to queue
[2026-09-17T15:01:11.891+0000] {logging_mixin.py:190} INFO - [2026-09-17T15:01:11.891+0000] {dagbag.py:588} INFO - Filling up the DagBag from /opt/airflow/dags/youtube_warehouse_pipeline.py
[2026-09-17T15:01:11.996+0000] {processor.py:925} INFO - DAG(s) 'youtube_warehouse_pipeline' retrieved from /opt/airflow/dags/youtube_warehouse_pipeline.py
[2026-09-17T15:01:12.073+0000] {logging_mixin.py:190} INFO - [2026-09-17T15:01:12.073+0000] {dag.py:3239} INFO - Sync 1 DAGs
[2026-09-17T15:01:12.095+0000] {logging_mixin.py:190} INFO - [2026-09-17T15:01:12.095+0000] {dag.py:4180} INFO - Setting next_dagrun for youtube_warehouse_pipeline to None, run_after=None
[2026-09-17T15:01:12.130+0000] {processor.py:208} INFO - Processing /opt/airflow/dags/youtube_warehouse_pipeline.py took 0.250 seconds
[2026-09-17T15:01:42.234+0000] {processor.py:186} INFO - Started process (PID=6237) to work on /opt/airflow/dags/youtube_warehouse_pipeline.py
[2026-09-17T15:01:42.237+0000] {processor.py:914} INFO - Processing file /opt/airflow/dags/youtube_warehouse_pipeline.py for tasks to queue
[2026-09-17T15:01:42.239+0000] {logging_mixin.py:190} INFO - [2026-09-17T15:01:42.238+0000] {dagbag.py:588} INFO - Filling up the DagBag from /opt/airflow/dags/youtube_warehouse_pipeline.py
[2026-09-17T15:01:42.343+0000] {processor.py:925} INFO - DAG(s) 'youtube_warehouse_pipeline' retrieved from /opt/airflow/dags/youtube_warehouse_pipeline.py
[2026-09-17T15:01:42.376+0000] {logging_mixin.py:190} INFO - [2026-09-17T15:01:42.376+0000] {dag.py:3239} INFO - Sync 1 DAGs
[2026-09-17T15:01:42.390+0000] {logging_mixin.py:190} INFO - [2026-09-17T15:01:42.390+0000] {dag.py:4180} INFO - Setting next_dagrun for youtube_warehouse_pipeline to None, run_after=None
[2026-09-17T15:01:42.412+0000] {processor.py:208} INFO - Processing /opt/airflow/dags/youtube_warehouse_pipeline.py took 0.186 seconds
[2026-09-17T15:02:12.790+0000] {processor.py:186} INFO - Started process (PID=6245) to work on /opt/airflow/dags/youtube_warehouse_pipeline.py
[2026-09-17T15:02:12.792+0000] {processor.py:914} INFO - Processing file /opt/airflow/dags/youtube_warehouse_pipeline.py for tasks to queue
[2026-09-17T15:02:12.794+0000] {logging_mixin.py:190} INFO - [2026-09-17T15:02:12.794+0000] {dagbag.py:588} INFO - Filling up the DagBag from /opt/airflow/dags/youtube_warehouse_pipeline.py
[2026-09-17T15:02:12.886+0000] {processor.py:925} INFO - DAG(s) 'youtube_warehouse_pipeline' retrieved from /opt/airflow/dags/youtube_warehouse_pipeline.py
[2026-09-17T15:02:12.960+0000] {logging_mixin.py:190} INFO - [2026-09-17T15:02:12.960+0000] {dag.py:3239} INFO - Sync 1 DAGs
[2026-09-17T15:02:12.974+0000] {logging_mixin.py:190} INFO - [2026-09-17T15:02:12.973+0000] {dag.py:4180} INFO - Setting next_dagrun for youtube_warehouse_pipeline to None, run_after=None
[2026-09-17T15:02:12.998+0000] {processor.py:208} INFO - Processing /opt/airflow/dags/youtube_warehouse_pipeline.py took 0.218 seconds
[2026-09-17T15:02:43.147+0000] {processor.py:186} INFO - Started process (PID=6253) to work on /opt/airflow/dags/youtube_warehouse_pipeline.py
[2026-09-17T15:02:43.150+0000] {processor.py:914} INFO - Processing file /opt/airflow/dags/youtube_warehouse_pipeline.py for tasks to queue
[2026-09-17T15:02:43.153+0000] {logging_mixin.py:190} INFO - [2026-09-17T15:02:43.151+0000] {dagbag.py:588} INFO - Filling up the DagBag from /opt/airflow/dags/youtube_warehouse_pipeline.py
[2026-09-17T15:02:43.250+0000] {processor.py:925} INFO - DAG(s) 'youtube_warehouse_pipeline' retrieved from /opt/airflow/dags/youtube_warehouse_pipeline.py
[2026-09-17T15:02:43.290+0000] {logging_mixin.py:190} INFO - [2026-09-17T15:02:43.290+0000] {dag.py:3239} INFO - Sync 1 DAGs
[2026-09-17T15:02:43.308+0000] {logging_mixin.py:190} INFO - [2026-09-17T15:02:43.308+0000] {dag.py:4180} INFO - Setting next_dagrun for youtube_warehouse_pipeline to None, run_after=None
[2026-09-17T15:02:43.335+0000] {processor.py:208} INFO - Processing /opt/airflow/dags/youtube_warehouse_pipeline.py took 0.197 seconds
[2026-09-17T15:03:13.659+0000] {processor.py:186} INFO - Started process (PID=6261) to work on /opt/airflow/dags/youtube_warehouse_pipeline.py
[2026-09-17T15:03:13.661+0000] {processor.py:914} INFO - Processing file /opt/airflow/dags/youtube_warehouse_pipeline.py for tasks to queue
[2026-09-17T15:03:13.663+0000] {logging_mixin.py:190} INFO - [2026-09-17T15:03:13.663+0000] {dagbag.py:588} INFO - Filling up the DagBag from /opt/airflow/dags/youtube_warehouse_pipeline.py
[2026-09-17T15:03:13.758+0000] {processor.py:925} INFO - DAG(s) 'youtube_warehouse_pipeline' retrieved from /opt/airflow/dags/youtube_warehouse_pipeline.py
[2026-09-17T15:03:13.801+0000] {logging_mixin.py:190} INFO - [2026-09-17T15:03:13.801+0000] {dag.py:3239} INFO - Sync 1 DAGs
[2026-09-17T15:03:13.820+0000] {logging_mixin.py:190} INFO - [2026-09-17T15:03:13.819+0000] {dag.py:4180} INFO - Setting next_dagrun for youtube_warehouse_pipeline to None, run_after=None
[2026-09-17T15:03:13.841+0000] {processor.py:208} INFO - Processing /opt/airflow/dags/youtube_warehouse_pipeline.py took 0.188 seconds
[2026-09-17T15:03:44.262+0000] {processor.py:186} INFO - Started process (PID=6269) to work on /opt/airflow/dags/youtube_warehouse_pipeline.py
[2026-09-17T15:03:44.266+0000] {processor.py:914} INFO - Processing file /opt/airflow/dags/youtube_warehouse_pipeline.py for tasks to queue
[2026-09-17T15:03:44.268+0000] {logging_mixin.py:190} INFO - [2026-09-17T15:03:44.268+0000] {dagbag.py:588} INFO - Filling up the DagBag from /opt/airflow/dags/youtube_warehouse_pipeline.py
[2026-09-17T15:03:44.389+0000] {processor.py:925} INFO - DAG(s) 'youtube_warehouse_pipeline' retrieved from /opt/airflow/dags/youtube_warehouse_pipeline.py
[2026-09-17T15:03:44.449+0000] {logging_mixin.py:190} INFO - [2026-09-17T15:03:44.448+0000] {dag.py:3239} INFO - Sync 1 DAGs
[2026-09-17T15:03:44.466+0000] {logging_mixin.py:190} INFO - [2026-09-17T15:03:44.466+0000] {dag.py:4180} INFO - Setting next_dagrun for youtube_warehouse_pipeline to None, run_after=None
[2026-09-17T15:03:44.487+0000] {processor.py:208} INFO - Processing /opt/airflow/dags/youtube_warehouse_pipeline.py took 0.239 seconds
[2026-09-17T15:04:14.580+0000] {processor.py:186} INFO - Started process (PID=6278) to work on /opt/airflow/dags/youtube_warehouse_pipeline.py
[2026-09-17T15:04:14.582+0000] {processor.py:914} INFO - Processing file /opt/airflow/dags/youtube_warehouse_pipeline.py for tasks to queue
[2026-09-17T15:04:14.584+0000] {logging_mixin.py:190} INFO - [2026-09-17T15:04:14.583+0000] {dagbag.py:588} INFO - Filling up the DagBag from /opt/airflow/dags/youtube_warehouse_pipeline.py
[2026-09-17T15:04:14.666+0000] {processor.py:925} INFO - DAG(s) 'youtube_warehouse_pipeline' retrieved from /opt/airflow/dags/youtube_warehouse_pipeline.py
[2026-09-17T15:04:14.720+0000] {logging_mixin.py:190} INFO - [2026-09-17T15:04:14.720+0000] {dag.py:3239} INFO - Sync 1 DAGs
[2026-09-17T15:04:14.732+0000] {logging_mixin.py:190} INFO - [2026-09-17T15:04:14.732+0000] {dag.py:4180} INFO - Setting next_dagrun for youtube_warehouse_pipeline to None, run_after=None
[2026-09-17T15:04:14.753+0000] {processor.py:208} INFO - Processing /opt/airflow/dags/youtube_warehouse_pipeline.py took 0.181 seconds
[2026-09-17T15:04:44.986+0000] {processor.py:186} INFO - Started process (PID=6286) to work on /opt/airflow/dags/youtube_warehouse_pipeline.py
[2026-09-17T15:04:44.989+0000] {processor.py:914} INFO - Processing file /opt/airflow/dags/youtube_warehouse_pipeline.py for tasks to queue
[2026-09-17T15:04:44.994+0000] {logging_mixin.py:190} INFO - [2026-09-17T15:04:44.993+0000] {dagbag.py:588} INFO - Filling up the DagBag from /opt/airflow/dags/youtube_warehouse_pipeline.py
[2026-09-17T15:04:45.139+0000] {processor.py:925} INFO - DAG(s) 'youtube_warehouse_pipeline' retrieved from /opt/airflow/dags/youtube_warehouse_pipeline.py
[2026-09-17T15:04:45.254+0000] {logging_mixin.py:190} INFO - [2026-09-17T15:04:45.254+0000] {dag.py:3239} INFO - Sync 1 DAGs
[2026-09-17T15:04:45.288+0000] {logging_mixin.py:190} INFO - [2026-09-17T15:04:45.288+0000] {dag.py:4180} INFO - Setting next_dagrun for youtube_warehouse_pipeline to None, run_after=None
[2026-09-17T15:04:45.325+0000] {processor.py:208} INFO - Processing /opt/airflow/dags/youtube_warehouse_pipeline.py took 0.360 seconds
[2026-09-17T15:05:15.709+0000] {processor.py:186} INFO - Started process (PID=6294) to work on /opt/airflow/dags/youtube_warehouse_pipeline.py
[2026-09-17T15:05:15.718+0000] {processor.py:914} INFO - Processing file /opt/airflow/dags/youtube_warehouse_pipeline.py for tasks to queue
[2026-09-17T15:05:15.725+0000] {logging_mixin.py:190} INFO - [2026-09-17T15:05:15.721+0000] {dagbag.py:588} INFO - Filling up the DagBag from /opt/airflow/dags/youtube_warehouse_pipeline.py
[2026-09-17T15:05:16.142+0000] {processor.py:925} INFO - DAG(s) 'youtube_warehouse_pipeline' retrieved from /opt/airflow/dags/youtube_warehouse_pipeline.py
[2026-09-17T15:05:17.079+0000] {logging_mixin.py:190} INFO - [2026-09-17T15:05:17.061+0000] {dag.py:3239} INFO - Sync 1 DAGs
[2026-09-17T15:05:17.190+0000] {logging_mixin.py:190} INFO - [2026-09-17T15:05:17.184+0000] {dag.py:4180} INFO - Setting next_dagrun for youtube_warehouse_pipeline to None, run_after=None
[2026-09-17T15:05:17.300+0000] {processor.py:208} INFO - Processing /opt/airflow/dags/youtube_warehouse_pipeline.py took 1.630 seconds
[2026-09-17T15:05:50.553+0000] {processor.py:186} INFO - Started process (PID=6296) to work on /opt/airflow/dags/youtube_warehouse_pipeline.py
[2026-09-17T15:05:51.557+0000] {processor.py:914} INFO - Processing file /opt/airflow/dags/youtube_warehouse_pipeline.py for tasks to queue
[2026-09-17T15:05:54.199+0000] {logging_mixin.py:190} INFO - [2026-09-17T15:05:52.654+0000] {dagbag.py:588} INFO - Filling up the DagBag from /opt/airflow/dags/youtube_warehouse_pipeline.py
[2026-09-17T15:07:08.366+0000] {processor.py:925} INFO - DAG(s) 'youtube_warehouse_pipeline' retrieved from /opt/airflow/dags/youtube_warehouse_pipeline.py
[2026-09-17T15:12:18.095+0000] {processor.py:186} INFO - Started process (PID=65) to work on /opt/airflow/dags/youtube_warehouse_pipeline.py
[2026-09-17T15:12:18.102+0000] {processor.py:914} INFO - Processing file /opt/airflow/dags/youtube_warehouse_pipeline.py for tasks to queue
[2026-09-17T15:12:18.117+0000] {logging_mixin.py:190} INFO - [2026-09-17T15:12:18.115+0000] {dagbag.py:588} INFO - Filling up the DagBag from /opt/airflow/dags/youtube_warehouse_pipeline.py
[2026-09-17T15:12:18.517+0000] {processor.py:925} INFO - DAG(s) 'youtube_warehouse_pipeline' retrieved from /opt/airflow/dags/youtube_warehouse_pipeline.py
[2026-09-17T15:12:19.364+0000] {logging_mixin.py:190} INFO - [2026-09-17T15:12:19.363+0000] {dag.py:3239} INFO - Sync 1 DAGs
[2026-09-17T15:12:19.424+0000] {logging_mixin.py:190} INFO - [2026-09-17T15:12:19.423+0000] {dag.py:4180} INFO - Setting next_dagrun for youtube_warehouse_pipeline to None, run_after=None
[2026-09-17T15:12:19.552+0000] {processor.py:208} INFO - Processing /opt/airflow/dags/youtube_warehouse_pipeline.py took 1.494 seconds
[2026-09-17T15:12:50.442+0000] {processor.py:186} INFO - Started process (PID=74) to work on /opt/airflow/dags/youtube_warehouse_pipeline.py
[2026-09-17T15:12:50.489+0000] {processor.py:914} INFO - Processing file /opt/airflow/dags/youtube_warehouse_pipeline.py for tasks to queue
[2026-09-17T15:12:51.059+0000] {logging_mixin.py:190} INFO - [2026-09-17T15:12:50.784+0000] {dagbag.py:588} INFO - Filling up the DagBag from /opt/airflow/dags/youtube_warehouse_pipeline.py
[2026-09-17T15:12:55.043+0000] {processor.py:925} INFO - DAG(s) 'youtube_warehouse_pipeline' retrieved from /opt/airflow/dags/youtube_warehouse_pipeline.py
[2026-09-17T15:12:56.354+0000] {logging_mixin.py:190} INFO - [2026-09-17T15:12:56.353+0000] {dag.py:3239} INFO - Sync 1 DAGs
[2026-09-17T15:12:58.928+0000] {logging_mixin.py:190} INFO - [2026-09-17T15:12:58.928+0000] {dag.py:4180} INFO - Setting next_dagrun for youtube_warehouse_pipeline to None, run_after=None
[2026-09-17T15:12:59.270+0000] {processor.py:208} INFO - Processing /opt/airflow/dags/youtube_warehouse_pipeline.py took 8.997 seconds
[2026-09-17T15:13:31.238+0000] {processor.py:186} INFO - Started process (PID=81) to work on /opt/airflow/dags/youtube_warehouse_pipeline.py
[2026-09-17T15:13:31.250+0000] {processor.py:914} INFO - Processing file /opt/airflow/dags/youtube_warehouse_pipeline.py for tasks to queue
[2026-09-17T15:13:31.296+0000] {logging_mixin.py:190} INFO - [2026-09-17T15:13:31.294+0000] {dagbag.py:588} INFO - Filling up the DagBag from /opt/airflow/dags/youtube_warehouse_pipeline.py
[2026-09-17T15:13:32.301+0000] {processor.py:925} INFO - DAG(s) 'youtube_warehouse_pipeline' retrieved from /opt/airflow/dags/youtube_warehouse_pipeline.py
[2026-09-17T15:13:32.820+0000] {logging_mixin.py:190} INFO - [2026-09-17T15:13:32.820+0000] {dag.py:3239} INFO - Sync 1 DAGs
[2026-09-17T15:13:32.935+0000] {logging_mixin.py:190} INFO - [2026-09-17T15:13:32.934+0000] {dag.py:4180} INFO - Setting next_dagrun for youtube_warehouse_pipeline to None, run_after=None
[2026-09-17T15:13:33.013+0000] {processor.py:208} INFO - Processing /opt/airflow/dags/youtube_warehouse_pipeline.py took 2.294 seconds
[2026-09-17T15:14:03.542+0000] {processor.py:186} INFO - Started process (PID=95) to work on /opt/airflow/dags/youtube_warehouse_pipeline.py
[2026-09-17T15:14:03.546+0000] {processor.py:914} INFO - Processing file /opt/airflow/dags/youtube_warehouse_pipeline.py for tasks to queue
[2026-09-17T15:14:03.577+0000] {logging_mixin.py:190} INFO - [2026-09-17T15:14:03.576+0000] {dagbag.py:588} INFO - Filling up the DagBag from /opt/airflow/dags/youtube_warehouse_pipeline.py
[2026-09-17T15:14:03.841+0000] {processor.py:925} INFO - DAG(s) 'youtube_warehouse_pipeline' retrieved from /opt/airflow/dags/youtube_warehouse_pipeline.py
[2026-09-17T15:14:03.897+0000] {logging_mixin.py:190} INFO - [2026-09-17T15:14:03.897+0000] {dag.py:3239} INFO - Sync 1 DAGs
[2026-09-17T15:14:03.932+0000] {logging_mixin.py:190} INFO - [2026-09-17T15:14:03.932+0000] {dag.py:4180} INFO - Setting next_dagrun for youtube_warehouse_pipeline to None, run_after=None
[2026-09-17T15:14:03.968+0000] {processor.py:208} INFO - Processing /opt/airflow/dags/youtube_warehouse_pipeline.py took 0.447 seconds
[2026-09-17T15:14:34.517+0000] {processor.py:186} INFO - Started process (PID=103) to work on /opt/airflow/dags/youtube_warehouse_pipeline.py
[2026-09-17T15:14:34.522+0000] {processor.py:914} INFO - Processing file /opt/airflow/dags/youtube_warehouse_pipeline.py for tasks to queue
[2026-09-17T15:14:34.535+0000] {logging_mixin.py:190} INFO - [2026-09-17T15:14:34.534+0000] {dagbag.py:588} INFO - Filling up the DagBag from /opt/airflow/dags/youtube_warehouse_pipeline.py
[2026-09-17T15:14:34.663+0000] {processor.py:925} INFO - DAG(s) 'youtube_warehouse_pipeline' retrieved from /opt/airflow/dags/youtube_warehouse_pipeline.py
[2026-09-17T15:14:34.704+0000] {logging_mixin.py:190} INFO - [2026-09-17T15:14:34.704+0000] {dag.py:3239} INFO - Sync 1 DAGs
[2026-09-17T15:14:34.734+0000] {logging_mixin.py:190} INFO - [2026-09-17T15:14:34.733+0000] {dag.py:4180} INFO - Setting next_dagrun for youtube_warehouse_pipeline to None, run_after=None
[2026-09-17T15:14:34.767+0000] {processor.py:208} INFO - Processing /opt/airflow/dags/youtube_warehouse_pipeline.py took 0.268 seconds
[2026-09-17T15:15:05.572+0000] {processor.py:186} INFO - Started process (PID=110) to work on /opt/airflow/dags/youtube_warehouse_pipeline.py
[2026-09-17T15:15:05.589+0000] {processor.py:914} INFO - Processing file /opt/airflow/dags/youtube_warehouse_pipeline.py for tasks to queue
[2026-09-17T15:15:05.634+0000] {logging_mixin.py:190} INFO - [2026-09-17T15:15:05.626+0000] {dagbag.py:588} INFO - Filling up the DagBag from /opt/airflow/dags/youtube_warehouse_pipeline.py
[2026-09-17T15:15:06.048+0000] {processor.py:925} INFO - DAG(s) 'youtube_warehouse_pipeline' retrieved from /opt/airflow/dags/youtube_warehouse_pipeline.py
[2026-09-17T15:15:06.620+0000] {logging_mixin.py:190} INFO - [2026-09-17T15:15:06.619+0000] {dag.py:3239} INFO - Sync 1 DAGs
[2026-09-17T15:15:06.760+0000] {logging_mixin.py:190} INFO - [2026-09-17T15:15:06.760+0000] {dag.py:4180} INFO - Setting next_dagrun for youtube_warehouse_pipeline to None, run_after=None
[2026-09-17T15:15:06.980+0000] {processor.py:208} INFO - Processing /opt/airflow/dags/youtube_warehouse_pipeline.py took 1.511 seconds
[2026-09-17T15:15:37.426+0000] {processor.py:186} INFO - Started process (PID=118) to work on /opt/airflow/dags/youtube_warehouse_pipeline.py
[2026-09-17T15:15:37.429+0000] {processor.py:914} INFO - Processing file /opt/airflow/dags/youtube_warehouse_pipeline.py for tasks to queue
[2026-09-17T15:15:37.434+0000] {logging_mixin.py:190} INFO - [2026-09-17T15:15:37.433+0000] {dagbag.py:588} INFO - Filling up the DagBag from /opt/airflow/dags/youtube_warehouse_pipeline.py
[2026-09-17T15:15:37.519+0000] {processor.py:925} INFO - DAG(s) 'youtube_warehouse_pipeline' retrieved from /opt/airflow/dags/youtube_warehouse_pipeline.py
[2026-09-17T15:15:37.543+0000] {logging_mixin.py:190} INFO - [2026-09-17T15:15:37.543+0000] {dag.py:3239} INFO - Sync 1 DAGs
[2026-09-17T15:15:37.559+0000] {logging_mixin.py:190} INFO - [2026-09-17T15:15:37.558+0000] {dag.py:4180} INFO - Setting next_dagrun for youtube_warehouse_pipeline to None, run_after=None
[2026-09-17T15:15:37.581+0000] {processor.py:208} INFO - Processing /opt/airflow/dags/youtube_warehouse_pipeline.py took 0.164 seconds
[2026-09-17T15:16:07.804+0000] {processor.py:186} INFO - Started process (PID=126) to work on /opt/airflow/dags/youtube_warehouse_pipeline.py
[2026-09-17T15:16:07.813+0000] {processor.py:914} INFO - Processing file /opt/airflow/dags/youtube_warehouse_pipeline.py for tasks to queue
[2026-09-17T15:16:07.834+0000] {logging_mixin.py:190} INFO - [2026-09-17T15:16:07.831+0000] {dagbag.py:588} INFO - Filling up the DagBag from /opt/airflow/dags/youtube_warehouse_pipeline.py
[2026-09-17T15:16:08.146+0000] {processor.py:925} INFO - DAG(s) 'youtube_warehouse_pipeline' retrieved from /opt/airflow/dags/youtube_warehouse_pipeline.py
[2026-09-17T15:16:08.234+0000] {logging_mixin.py:190} INFO - [2026-09-17T15:16:08.232+0000] {dag.py:3239} INFO - Sync 1 DAGs
[2026-09-17T15:16:08.307+0000] {logging_mixin.py:190} INFO - [2026-09-17T15:16:08.306+0000] {dag.py:4180} INFO - Setting next_dagrun for youtube_warehouse_pipeline to None, run_after=None
[2026-09-17T15:16:08.352+0000] {processor.py:208} INFO - Processing /opt/airflow/dags/youtube_warehouse_pipeline.py took 0.575 seconds
[2026-09-17T15:16:39.438+0000] {processor.py:186} INFO - Started process (PID=134) to work on /opt/airflow/dags/youtube_warehouse_pipeline.py
[2026-09-17T15:16:39.440+0000] {processor.py:914} INFO - Processing file /opt/airflow/dags/youtube_warehouse_pipeline.py for tasks to queue
[2026-09-17T15:16:39.444+0000] {logging_mixin.py:190} INFO - [2026-09-17T15:16:39.444+0000] {dagbag.py:588} INFO - Filling up the DagBag from /opt/airflow/dags/youtube_warehouse_pipeline.py
[2026-09-17T15:16:39.591+0000] {processor.py:925} INFO - DAG(s) 'youtube_warehouse_pipeline' retrieved from /opt/airflow/dags/youtube_warehouse_pipeline.py
[2026-09-17T15:16:39.627+0000] {logging_mixin.py:190} INFO - [2026-09-17T15:16:39.626+0000] {dag.py:3239} INFO - Sync 1 DAGs
[2026-09-17T15:16:39.645+0000] {logging_mixin.py:190} INFO - [2026-09-17T15:16:39.645+0000] {dag.py:4180} INFO - Setting next_dagrun for youtube_warehouse_pipeline to None, run_after=None
[2026-09-17T15:16:39.727+0000] {processor.py:208} INFO - Processing /opt/airflow/dags/youtube_warehouse_pipeline.py took 0.297 seconds
[2026-09-17T15:17:10.121+0000] {processor.py:186} INFO - Started process (PID=142) to work on /opt/airflow/dags/youtube_warehouse_pipeline.py
[2026-09-17T15:17:10.123+0000] {processor.py:914} INFO - Processing file /opt/airflow/dags/youtube_warehouse_pipeline.py for tasks to queue
[2026-09-17T15:17:10.150+0000] {logging_mixin.py:190} INFO - [2026-09-17T15:17:10.150+0000] {dagbag.py:588} INFO - Filling up the DagBag from /opt/airflow/dags/youtube_warehouse_pipeline.py
[2026-09-17T15:17:10.308+0000] {processor.py:925} INFO - DAG(s) 'youtube_warehouse_pipeline' retrieved from /opt/airflow/dags/youtube_warehouse_pipeline.py
[2026-09-17T15:17:10.352+0000] {logging_mixin.py:190} INFO - [2026-09-17T15:17:10.352+0000] {dag.py:3239} INFO - Sync 1 DAGs
[2026-09-17T15:17:10.387+0000] {logging_mixin.py:190} INFO - [2026-09-17T15:17:10.387+0000] {dag.py:4180} INFO - Setting next_dagrun for youtube_warehouse_pipeline to None, run_after=None
[2026-09-17T15:17:10.424+0000] {processor.py:208} INFO - Processing /opt/airflow/dags/youtube_warehouse_pipeline.py took 0.311 seconds
[2026-09-17T15:17:40.577+0000] {processor.py:186} INFO - Started process (PID=150) to work on /opt/airflow/dags/youtube_warehouse_pipeline.py
[2026-09-17T15:17:40.582+0000] {processor.py:914} INFO - Processing file /opt/airflow/dags/youtube_warehouse_pipeline.py for tasks to queue
[2026-09-17T15:17:40.592+0000] {logging_mixin.py:190} INFO - [2026-09-17T15:17:40.592+0000] {dagbag.py:588} INFO - Filling up the DagBag from /opt/airflow/dags/youtube_warehouse_pipeline.py
[2026-09-17T15:17:40.838+0000] {processor.py:925} INFO - DAG(s) 'youtube_warehouse_pipeline' retrieved from /opt/airflow/dags/youtube_warehouse_pipeline.py
[2026-09-17T15:17:40.974+0000] {logging_mixin.py:190} INFO - [2026-09-17T15:17:40.974+0000] {dag.py:3239} INFO - Sync 1 DAGs
[2026-09-17T15:17:41.028+0000] {logging_mixin.py:190} INFO - [2026-09-17T15:17:41.028+0000] {dag.py:4180} INFO - Setting next_dagrun for youtube_warehouse_pipeline to None, run_after=None
[2026-09-17T15:17:41.088+0000] {processor.py:208} INFO - Processing /opt/airflow/dags/youtube_warehouse_pipeline.py took 0.521 seconds
[2026-09-17T15:18:11.497+0000] {processor.py:186} INFO - Started process (PID=158) to work on /opt/airflow/dags/youtube_warehouse_pipeline.py
[2026-09-17T15:18:11.499+0000] {processor.py:914} INFO - Processing file /opt/airflow/dags/youtube_warehouse_pipeline.py for tasks to queue
[2026-09-17T15:18:11.504+0000] {logging_mixin.py:190} INFO - [2026-09-17T15:18:11.504+0000] {dagbag.py:588} INFO - Filling up the DagBag from /opt/airflow/dags/youtube_warehouse_pipeline.py
[2026-09-17T15:18:11.589+0000] {processor.py:925} INFO - DAG(s) 'youtube_warehouse_pipeline' retrieved from /opt/airflow/dags/youtube_warehouse_pipeline.py
[2026-09-17T15:18:11.612+0000] {logging_mixin.py:190} INFO - [2026-09-17T15:18:11.612+0000] {dag.py:3239} INFO - Sync 1 DAGs
[2026-09-17T15:18:11.625+0000] {logging_mixin.py:190} INFO - [2026-09-17T15:18:11.625+0000] {dag.py:4180} INFO - Setting next_dagrun for youtube_warehouse_pipeline to None, run_after=None
[2026-09-17T15:18:11.651+0000] {processor.py:208} INFO - Processing /opt/airflow/dags/youtube_warehouse_pipeline.py took 0.163 seconds
[2026-09-17T15:18:41.818+0000] {processor.py:186} INFO - Started process (PID=166) to work on /opt/airflow/dags/youtube_warehouse_pipeline.py
[2026-09-17T15:18:41.820+0000] {processor.py:914} INFO - Processing file /opt/airflow/dags/youtube_warehouse_pipeline.py for tasks to queue
[2026-09-17T15:18:41.825+0000] {logging_mixin.py:190} INFO - [2026-09-17T15:18:41.824+0000] {dagbag.py:588} INFO - Filling up the DagBag from /opt/airflow/dags/youtube_warehouse_pipeline.py
[2026-09-17T15:18:41.911+0000] {processor.py:925} INFO - DAG(s) 'youtube_warehouse_pipeline' retrieved from /opt/airflow/dags/youtube_warehouse_pipeline.py
[2026-09-17T15:18:41.934+0000] {logging_mixin.py:190} INFO - [2026-09-17T15:18:41.933+0000] {dag.py:3239} INFO - Sync 1 DAGs
[2026-09-17T15:18:41.948+0000] {logging_mixin.py:190} INFO - [2026-09-17T15:18:41.948+0000] {dag.py:4180} INFO - Setting next_dagrun for youtube_warehouse_pipeline to None, run_after=None
[2026-09-17T15:18:41.968+0000] {processor.py:208} INFO - Processing /opt/airflow/dags/youtube_warehouse_pipeline.py took 0.155 seconds
[2026-09-17T15:19:12.306+0000] {processor.py:186} INFO - Started process (PID=174) to work on /opt/airflow/dags/youtube_warehouse_pipeline.py
[2026-09-17T15:19:12.308+0000] {processor.py:914} INFO - Processing file /opt/airflow/dags/youtube_warehouse_pipeline.py for tasks to queue
[2026-09-17T15:19:12.313+0000] {logging_mixin.py:190} INFO - [2026-09-17T15:19:12.312+0000] {dagbag.py:588} INFO - Filling up the DagBag from /opt/airflow/dags/youtube_warehouse_pipeline.py
[2026-09-17T15:19:12.486+0000] {logging_mixin.py:190} INFO - [2026-09-17T15:19:12.462+0000] {dagbag.py:387} ERROR - Failed to import: /opt/airflow/dags/youtube_warehouse_pipeline.py
Traceback (most recent call last):
  File "/home/airflow/.local/lib/python3.10/site-packages/airflow/models/dagbag.py", line 383, in parse
    loader.exec_module(new_module)
  File "<frozen importlib._bootstrap_external>", line 883, in exec_module
  File "<frozen importlib._bootstrap>", line 241, in _call_with_frames_removed
  File "/opt/airflow/dags/youtube_warehouse_pipeline.py", line 11, in <module>
    from include.transform import youtube_transform as transform_videos
  File "/opt/airflow/include/transform/youtube_transform.py", line 12
    [2026-09-17, 15:17:58 UTC] {logging_mixin.py:190} INFO - [{'kind': 'youtube#video', 'etag': 'KfZ2blRcP_ETQuSTfqGxawTYjqg', 'id': 'HPUDCgKqbLc', 'snippet': {'publishedAt': datetime.datetime(2026, 6, 25, 0, 0), 'channelId': 'UCVG705xosVltZb52R0hHr_g', 'title': 'LAOS (Visualizer)', 'description': 'SALGOAT (Vol. II - Extension) OUT NOW : \nhttps://bio.lnk.to/ElGrandeToto\n\nEGT SOCIALS:\nFacebook:   https://facebook.com/elgrandetoto.off  \nInstagram:   https://instagram.com/elgrandetoto  \nTwitter:   https://twitter.com/elgrandetoto  \nSnapchat:    https://snapchat.com/elgrandetoto\nTwitch : https://twitch.tv/EGT_OFF', 'thumbnails': {'default': {'url': 'https://i.ytimg.com/vi/HPUDCgKqbLc/default.jpg', 'width': 120, 'height': 90}, 'medium': {'url': 'https://i.ytimg.com/vi/HPUDCgKqbLc/mqdefault.jpg', 'width': 320, 'height': 180}, 'high': {'url': 'https://i.ytimg.com/vi/HPUDCgKqbLc/hqdefault.jpg', 'width': 480, 'height': 360}, 'standard': {'url': 'https://i.ytimg.com/vi/HPUDCgKqbLc/sddefault.jpg', 'width': 640, 'height': 480}, 'maxres': {'url': 'https://i.ytimg.com/vi/HPUDCgKqbLc/maxresdefault.jpg', 'width': 1280, 'height': 720}}, 'channelTitle': 'ElGrandeToto', 'tags': ['Elgrandetoto', 'HORS SÉRIE', 'elgrandetoto hors serie', 'elgrandetoto live', 'el grande toto', 'elgrandetoto album', 'elgrandetoto Pablo', 'elgrandetoto freestyle', 'rap 2020', 'rap maroc 2020', 'rap francais', 'rap maroc 2020 jadid', 'rap maroc 2020 new', 'elgrandetoto apache', 'elgrandetoto 7elmetado', 'راب مغربي', 'راب مغربي 2020'], 'categoryId': '10', 'liveBroadcastContent': 'none', 'defaultLanguage': 'en', 'localized': {'title': 'LAOS (Visualizer)', 'description': 'SALGOAT (Vol. II - Extension) OUT NOW : \nhttps://bio.lnk.to/ElGrandeToto\n\nEGT SOCIALS:\nFacebook:   https://facebook.com/elgrandetoto.off  \nInstagram:   https://instagram.com/elgrandetoto  \nTwitter:   https://twitter.com/elgrandetoto  \nSnapchat:    https://snapchat.com/elgrandetoto\nTwitch : https://twitch.tv/EGT_OFF'}, 'defaultAudioLanguage': 'ar'}, 'contentDetails': {'duration': 'PT3M39S', 'dimension': '2d', 'definition': 'hd', 'caption': 'false', 'licensedContent': False, 'regionRestriction': {'blocked': ['RU']}, 'contentRating': {}, 'projection': 'rectangular'}, 'statistics': {'viewCount': '761793', 'likeCount': '7679', 'favoriteCount': '0', 'commentCount': '334'}},
          ^
SyntaxError: leading zeros in decimal integer literals are not permitted; use an 0o prefix for octal integers
[2026-09-17T15:19:12.490+0000] {processor.py:927} WARNING - No viable dags retrieved from /opt/airflow/dags/youtube_warehouse_pipeline.py
[2026-09-17T15:19:12.549+0000] {processor.py:208} INFO - Processing /opt/airflow/dags/youtube_warehouse_pipeline.py took 0.250 seconds
[2026-09-17T15:19:42.825+0000] {processor.py:186} INFO - Started process (PID=182) to work on /opt/airflow/dags/youtube_warehouse_pipeline.py
[2026-09-17T15:19:42.827+0000] {processor.py:914} INFO - Processing file /opt/airflow/dags/youtube_warehouse_pipeline.py for tasks to queue
[2026-09-17T15:19:42.835+0000] {logging_mixin.py:190} INFO - [2026-09-17T15:19:42.834+0000] {dagbag.py:588} INFO - Filling up the DagBag from /opt/airflow/dags/youtube_warehouse_pipeline.py
[2026-09-17T15:19:42.941+0000] {logging_mixin.py:190} INFO - [2026-09-17T15:19:42.935+0000] {dagbag.py:387} ERROR - Failed to import: /opt/airflow/dags/youtube_warehouse_pipeline.py
Traceback (most recent call last):
  File "/home/airflow/.local/lib/python3.10/site-packages/airflow/models/dagbag.py", line 383, in parse
    loader.exec_module(new_module)
  File "<frozen importlib._bootstrap_external>", line 883, in exec_module
  File "<frozen importlib._bootstrap>", line 241, in _call_with_frames_removed
  File "/opt/airflow/dags/youtube_warehouse_pipeline.py", line 11, in <module>
    from include.transform import youtube_transform as transform_videos
  File "/opt/airflow/include/transform/youtube_transform.py", line 12
    [2026-09-17, 15:17:58 UTC] {logging_mixin.py:190} INFO - [{'kind': 'youtube#video', 'etag': 'KfZ2blRcP_ETQuSTfqGxawTYjqg', 'id': 'HPUDCgKqbLc', 'snippet': {'publishedAt': datetime.datetime(2026, 6, 25, 0, 0), 'channelId': 'UCVG705xosVltZb52R0hHr_g', 'title': 'LAOS (Visualizer)', 'description': 'SALGOAT (Vol. II - Extension) OUT NOW : \nhttps://bio.lnk.to/ElGrandeToto\n\nEGT SOCIALS:\nFacebook:   https://facebook.com/elgrandetoto.off  \nInstagram:   https://instagram.com/elgrandetoto  \nTwitter:   https://twitter.com/elgrandetoto  \nSnapchat:    https://snapchat.com/elgrandetoto\nTwitch : https://twitch.tv/EGT_OFF', 'thumbnails': {'default': {'url': 'https://i.ytimg.com/vi/HPUDCgKqbLc/default.jpg', 'width': 120, 'height': 90}, 'medium': {'url': 'https://i.ytimg.com/vi/HPUDCgKqbLc/mqdefault.jpg', 'width': 320, 'height': 180}, 'high': {'url': 'https://i.ytimg.com/vi/HPUDCgKqbLc/hqdefault.jpg', 'width': 480, 'height': 360}, 'standard': {'url': 'https://i.ytimg.com/vi/HPUDCgKqbLc/sddefault.jpg', 'width': 640, 'height': 480}, 'maxres': {'url': 'https://i.ytimg.com/vi/HPUDCgKqbLc/maxresdefault.jpg', 'width': 1280, 'height': 720}}, 'channelTitle': 'ElGrandeToto', 'tags': ['Elgrandetoto', 'HORS SÉRIE', 'elgrandetoto hors serie', 'elgrandetoto live', 'el grande toto', 'elgrandetoto album', 'elgrandetoto Pablo', 'elgrandetoto freestyle', 'rap 2020', 'rap maroc 2020', 'rap francais', 'rap maroc 2020 jadid', 'rap maroc 2020 new', 'elgrandetoto apache', 'elgrandetoto 7elmetado', 'راب مغربي', 'راب مغربي 2020'], 'categoryId': '10', 'liveBroadcastContent': 'none', 'defaultLanguage': 'en', 'localized': {'title': 'LAOS (Visualizer)', 'description': 'SALGOAT (Vol. II - Extension) OUT NOW : \nhttps://bio.lnk.to/ElGrandeToto\n\nEGT SOCIALS:\nFacebook:   https://facebook.com/elgrandetoto.off  \nInstagram:   https://instagram.com/elgrandetoto  \nTwitter:   https://twitter.com/elgrandetoto  \nSnapchat:    https://snapchat.com/elgrandetoto\nTwitch : https://twitch.tv/EGT_OFF'}, 'defaultAudioLanguage': 'ar'}, 'contentDetails': {'duration': 'PT3M39S', 'dimension': '2d', 'definition': 'hd', 'caption': 'false', 'licensedContent': False, 'regionRestriction': {'blocked': ['RU']}, 'contentRating': {}, 'projection': 'rectangular'}, 'statistics': {'viewCount': '761793', 'likeCount': '7679', 'favoriteCount': '0', 'commentCount': '334'}},
          ^
SyntaxError: leading zeros in decimal integer literals are not permitted; use an 0o prefix for octal integers
[2026-09-17T15:19:42.944+0000] {processor.py:927} WARNING - No viable dags retrieved from /opt/airflow/dags/youtube_warehouse_pipeline.py
[2026-09-17T15:19:42.969+0000] {processor.py:208} INFO - Processing /opt/airflow/dags/youtube_warehouse_pipeline.py took 0.153 seconds
[2026-09-17T15:20:13.364+0000] {processor.py:186} INFO - Started process (PID=191) to work on /opt/airflow/dags/youtube_warehouse_pipeline.py
[2026-09-17T15:20:13.367+0000] {processor.py:914} INFO - Processing file /opt/airflow/dags/youtube_warehouse_pipeline.py for tasks to queue
[2026-09-17T15:20:13.373+0000] {logging_mixin.py:190} INFO - [2026-09-17T15:20:13.373+0000] {dagbag.py:588} INFO - Filling up the DagBag from /opt/airflow/dags/youtube_warehouse_pipeline.py
[2026-09-17T15:20:13.499+0000] {processor.py:925} INFO - DAG(s) 'youtube_warehouse_pipeline' retrieved from /opt/airflow/dags/youtube_warehouse_pipeline.py
[2026-09-17T15:20:13.565+0000] {logging_mixin.py:190} INFO - [2026-09-17T15:20:13.564+0000] {dag.py:3239} INFO - Sync 1 DAGs
[2026-09-17T15:20:13.613+0000] {logging_mixin.py:190} INFO - [2026-09-17T15:20:13.612+0000] {dag.py:4180} INFO - Setting next_dagrun for youtube_warehouse_pipeline to None, run_after=None
[2026-09-17T15:20:13.710+0000] {processor.py:208} INFO - Processing /opt/airflow/dags/youtube_warehouse_pipeline.py took 0.353 seconds
[2026-09-17T15:20:44.083+0000] {processor.py:186} INFO - Started process (PID=200) to work on /opt/airflow/dags/youtube_warehouse_pipeline.py
[2026-09-17T15:20:44.087+0000] {processor.py:914} INFO - Processing file /opt/airflow/dags/youtube_warehouse_pipeline.py for tasks to queue
[2026-09-17T15:20:44.094+0000] {logging_mixin.py:190} INFO - [2026-09-17T15:20:44.094+0000] {dagbag.py:588} INFO - Filling up the DagBag from /opt/airflow/dags/youtube_warehouse_pipeline.py
[2026-09-17T15:20:44.238+0000] {processor.py:925} INFO - DAG(s) 'youtube_warehouse_pipeline' retrieved from /opt/airflow/dags/youtube_warehouse_pipeline.py
[2026-09-17T15:20:44.265+0000] {logging_mixin.py:190} INFO - [2026-09-17T15:20:44.265+0000] {dag.py:3239} INFO - Sync 1 DAGs
[2026-09-17T15:20:44.280+0000] {logging_mixin.py:190} INFO - [2026-09-17T15:20:44.280+0000] {dag.py:4180} INFO - Setting next_dagrun for youtube_warehouse_pipeline to None, run_after=None
[2026-09-17T15:20:44.300+0000] {processor.py:208} INFO - Processing /opt/airflow/dags/youtube_warehouse_pipeline.py took 0.229 seconds
[2026-09-17T15:21:14.660+0000] {processor.py:186} INFO - Started process (PID=208) to work on /opt/airflow/dags/youtube_warehouse_pipeline.py
[2026-09-17T15:21:14.663+0000] {processor.py:914} INFO - Processing file /opt/airflow/dags/youtube_warehouse_pipeline.py for tasks to queue
[2026-09-17T15:21:14.672+0000] {logging_mixin.py:190} INFO - [2026-09-17T15:21:14.671+0000] {dagbag.py:588} INFO - Filling up the DagBag from /opt/airflow/dags/youtube_warehouse_pipeline.py
[2026-09-17T15:21:14.784+0000] {processor.py:925} INFO - DAG(s) 'youtube_warehouse_pipeline' retrieved from /opt/airflow/dags/youtube_warehouse_pipeline.py
[2026-09-17T15:21:14.811+0000] {logging_mixin.py:190} INFO - [2026-09-17T15:21:14.811+0000] {dag.py:3239} INFO - Sync 1 DAGs
[2026-09-17T15:21:14.833+0000] {logging_mixin.py:190} INFO - [2026-09-17T15:21:14.833+0000] {dag.py:4180} INFO - Setting next_dagrun for youtube_warehouse_pipeline to None, run_after=None
[2026-09-17T15:21:14.858+0000] {processor.py:208} INFO - Processing /opt/airflow/dags/youtube_warehouse_pipeline.py took 0.205 seconds
[2026-09-17T15:21:45.355+0000] {processor.py:186} INFO - Started process (PID=216) to work on /opt/airflow/dags/youtube_warehouse_pipeline.py
[2026-09-17T15:21:45.364+0000] {processor.py:914} INFO - Processing file /opt/airflow/dags/youtube_warehouse_pipeline.py for tasks to queue
[2026-09-17T15:21:45.376+0000] {logging_mixin.py:190} INFO - [2026-09-17T15:21:45.375+0000] {dagbag.py:588} INFO - Filling up the DagBag from /opt/airflow/dags/youtube_warehouse_pipeline.py
[2026-09-17T15:21:45.591+0000] {processor.py:925} INFO - DAG(s) 'youtube_warehouse_pipeline' retrieved from /opt/airflow/dags/youtube_warehouse_pipeline.py
[2026-09-17T15:21:45.672+0000] {logging_mixin.py:190} INFO - [2026-09-17T15:21:45.670+0000] {dag.py:3239} INFO - Sync 1 DAGs
[2026-09-17T15:21:45.711+0000] {logging_mixin.py:190} INFO - [2026-09-17T15:21:45.710+0000] {dag.py:4180} INFO - Setting next_dagrun for youtube_warehouse_pipeline to None, run_after=None
[2026-09-17T15:21:45.748+0000] {processor.py:208} INFO - Processing /opt/airflow/dags/youtube_warehouse_pipeline.py took 0.416 seconds
[2026-09-17T15:22:16.046+0000] {processor.py:186} INFO - Started process (PID=224) to work on /opt/airflow/dags/youtube_warehouse_pipeline.py
[2026-09-17T15:22:16.049+0000] {processor.py:914} INFO - Processing file /opt/airflow/dags/youtube_warehouse_pipeline.py for tasks to queue
[2026-09-17T15:22:16.053+0000] {logging_mixin.py:190} INFO - [2026-09-17T15:22:16.053+0000] {dagbag.py:588} INFO - Filling up the DagBag from /opt/airflow/dags/youtube_warehouse_pipeline.py
[2026-09-17T15:22:16.146+0000] {processor.py:925} INFO - DAG(s) 'youtube_warehouse_pipeline' retrieved from /opt/airflow/dags/youtube_warehouse_pipeline.py
[2026-09-17T15:22:16.175+0000] {logging_mixin.py:190} INFO - [2026-09-17T15:22:16.174+0000] {dag.py:3239} INFO - Sync 1 DAGs
[2026-09-17T15:22:16.193+0000] {logging_mixin.py:190} INFO - [2026-09-17T15:22:16.193+0000] {dag.py:4180} INFO - Setting next_dagrun for youtube_warehouse_pipeline to None, run_after=None
[2026-09-17T15:22:16.228+0000] {processor.py:208} INFO - Processing /opt/airflow/dags/youtube_warehouse_pipeline.py took 0.191 seconds
[2026-09-17T15:22:46.604+0000] {processor.py:186} INFO - Started process (PID=231) to work on /opt/airflow/dags/youtube_warehouse_pipeline.py
[2026-09-17T15:22:46.609+0000] {processor.py:914} INFO - Processing file /opt/airflow/dags/youtube_warehouse_pipeline.py for tasks to queue
[2026-09-17T15:22:46.625+0000] {logging_mixin.py:190} INFO - [2026-09-17T15:22:46.623+0000] {dagbag.py:588} INFO - Filling up the DagBag from /opt/airflow/dags/youtube_warehouse_pipeline.py
[2026-09-17T15:22:46.866+0000] {processor.py:925} INFO - DAG(s) 'youtube_warehouse_pipeline' retrieved from /opt/airflow/dags/youtube_warehouse_pipeline.py
[2026-09-17T15:22:46.953+0000] {logging_mixin.py:190} INFO - [2026-09-17T15:22:46.953+0000] {dag.py:3239} INFO - Sync 1 DAGs
[2026-09-17T15:22:47.014+0000] {logging_mixin.py:190} INFO - [2026-09-17T15:22:47.013+0000] {dag.py:4180} INFO - Setting next_dagrun for youtube_warehouse_pipeline to None, run_after=None
[2026-09-17T15:22:47.069+0000] {processor.py:208} INFO - Processing /opt/airflow/dags/youtube_warehouse_pipeline.py took 0.482 seconds
[2026-09-17T15:23:17.400+0000] {processor.py:186} INFO - Started process (PID=239) to work on /opt/airflow/dags/youtube_warehouse_pipeline.py
[2026-09-17T15:23:17.402+0000] {processor.py:914} INFO - Processing file /opt/airflow/dags/youtube_warehouse_pipeline.py for tasks to queue
[2026-09-17T15:23:17.406+0000] {logging_mixin.py:190} INFO - [2026-09-17T15:23:17.405+0000] {dagbag.py:588} INFO - Filling up the DagBag from /opt/airflow/dags/youtube_warehouse_pipeline.py
[2026-09-17T15:23:17.499+0000] {processor.py:925} INFO - DAG(s) 'youtube_warehouse_pipeline' retrieved from /opt/airflow/dags/youtube_warehouse_pipeline.py
[2026-09-17T15:23:17.523+0000] {logging_mixin.py:190} INFO - [2026-09-17T15:23:17.522+0000] {dag.py:3239} INFO - Sync 1 DAGs
[2026-09-17T15:23:17.536+0000] {logging_mixin.py:190} INFO - [2026-09-17T15:23:17.536+0000] {dag.py:4180} INFO - Setting next_dagrun for youtube_warehouse_pipeline to None, run_after=None
[2026-09-17T15:23:17.561+0000] {processor.py:208} INFO - Processing /opt/airflow/dags/youtube_warehouse_pipeline.py took 0.168 seconds
[2026-09-17T15:23:47.775+0000] {processor.py:186} INFO - Started process (PID=247) to work on /opt/airflow/dags/youtube_warehouse_pipeline.py
[2026-09-17T15:23:47.780+0000] {processor.py:914} INFO - Processing file /opt/airflow/dags/youtube_warehouse_pipeline.py for tasks to queue
[2026-09-17T15:23:47.789+0000] {logging_mixin.py:190} INFO - [2026-09-17T15:23:47.788+0000] {dagbag.py:588} INFO - Filling up the DagBag from /opt/airflow/dags/youtube_warehouse_pipeline.py
[2026-09-17T15:23:47.916+0000] {processor.py:925} INFO - DAG(s) 'youtube_warehouse_pipeline' retrieved from /opt/airflow/dags/youtube_warehouse_pipeline.py
[2026-09-17T15:23:47.950+0000] {logging_mixin.py:190} INFO - [2026-09-17T15:23:47.950+0000] {dag.py:3239} INFO - Sync 1 DAGs
[2026-09-17T15:23:47.966+0000] {logging_mixin.py:190} INFO - [2026-09-17T15:23:47.965+0000] {dag.py:4180} INFO - Setting next_dagrun for youtube_warehouse_pipeline to None, run_after=None
[2026-09-17T15:23:47.990+0000] {processor.py:208} INFO - Processing /opt/airflow/dags/youtube_warehouse_pipeline.py took 0.227 seconds
[2026-09-17T15:24:18.277+0000] {processor.py:186} INFO - Started process (PID=255) to work on /opt/airflow/dags/youtube_warehouse_pipeline.py
[2026-09-17T15:24:18.280+0000] {processor.py:914} INFO - Processing file /opt/airflow/dags/youtube_warehouse_pipeline.py for tasks to queue
[2026-09-17T15:24:18.284+0000] {logging_mixin.py:190} INFO - [2026-09-17T15:24:18.283+0000] {dagbag.py:588} INFO - Filling up the DagBag from /opt/airflow/dags/youtube_warehouse_pipeline.py
[2026-09-17T15:24:18.368+0000] {processor.py:925} INFO - DAG(s) 'youtube_warehouse_pipeline' retrieved from /opt/airflow/dags/youtube_warehouse_pipeline.py
[2026-09-17T15:24:18.392+0000] {logging_mixin.py:190} INFO - [2026-09-17T15:24:18.392+0000] {dag.py:3239} INFO - Sync 1 DAGs
[2026-09-17T15:24:18.407+0000] {logging_mixin.py:190} INFO - [2026-09-17T15:24:18.406+0000] {dag.py:4180} INFO - Setting next_dagrun for youtube_warehouse_pipeline to None, run_after=None
[2026-09-17T15:24:18.428+0000] {processor.py:208} INFO - Processing /opt/airflow/dags/youtube_warehouse_pipeline.py took 0.161 seconds
[2026-09-17T15:24:48.744+0000] {processor.py:186} INFO - Started process (PID=263) to work on /opt/airflow/dags/youtube_warehouse_pipeline.py
[2026-09-17T15:24:48.746+0000] {processor.py:914} INFO - Processing file /opt/airflow/dags/youtube_warehouse_pipeline.py for tasks to queue
[2026-09-17T15:24:48.751+0000] {logging_mixin.py:190} INFO - [2026-09-17T15:24:48.751+0000] {dagbag.py:588} INFO - Filling up the DagBag from /opt/airflow/dags/youtube_warehouse_pipeline.py
[2026-09-17T15:24:48.840+0000] {processor.py:925} INFO - DAG(s) 'youtube_warehouse_pipeline' retrieved from /opt/airflow/dags/youtube_warehouse_pipeline.py
[2026-09-17T15:24:48.867+0000] {logging_mixin.py:190} INFO - [2026-09-17T15:24:48.867+0000] {dag.py:3239} INFO - Sync 1 DAGs
[2026-09-17T15:24:48.881+0000] {logging_mixin.py:190} INFO - [2026-09-17T15:24:48.881+0000] {dag.py:4180} INFO - Setting next_dagrun for youtube_warehouse_pipeline to None, run_after=None
[2026-09-17T15:24:48.903+0000] {processor.py:208} INFO - Processing /opt/airflow/dags/youtube_warehouse_pipeline.py took 0.165 seconds
[2026-09-17T15:25:19.388+0000] {processor.py:186} INFO - Started process (PID=271) to work on /opt/airflow/dags/youtube_warehouse_pipeline.py
[2026-09-17T15:25:19.392+0000] {processor.py:914} INFO - Processing file /opt/airflow/dags/youtube_warehouse_pipeline.py for tasks to queue
[2026-09-17T15:25:19.480+0000] {logging_mixin.py:190} INFO - [2026-09-17T15:25:19.473+0000] {dagbag.py:588} INFO - Filling up the DagBag from /opt/airflow/dags/youtube_warehouse_pipeline.py
[2026-09-17T15:25:19.914+0000] {processor.py:925} INFO - DAG(s) 'youtube_warehouse_pipeline' retrieved from /opt/airflow/dags/youtube_warehouse_pipeline.py
[2026-09-17T15:25:20.001+0000] {logging_mixin.py:190} INFO - [2026-09-17T15:25:20.000+0000] {dag.py:3239} INFO - Sync 1 DAGs
[2026-09-17T15:25:20.038+0000] {logging_mixin.py:190} INFO - [2026-09-17T15:25:20.038+0000] {dag.py:4180} INFO - Setting next_dagrun for youtube_warehouse_pipeline to None, run_after=None
[2026-09-17T15:25:20.086+0000] {processor.py:208} INFO - Processing /opt/airflow/dags/youtube_warehouse_pipeline.py took 0.758 seconds
[2026-09-17T15:25:50.462+0000] {processor.py:186} INFO - Started process (PID=279) to work on /opt/airflow/dags/youtube_warehouse_pipeline.py
[2026-09-17T15:25:50.467+0000] {processor.py:914} INFO - Processing file /opt/airflow/dags/youtube_warehouse_pipeline.py for tasks to queue
[2026-09-17T15:25:50.484+0000] {logging_mixin.py:190} INFO - [2026-09-17T15:25:50.483+0000] {dagbag.py:588} INFO - Filling up the DagBag from /opt/airflow/dags/youtube_warehouse_pipeline.py
[2026-09-17T15:25:50.626+0000] {processor.py:925} INFO - DAG(s) 'youtube_warehouse_pipeline' retrieved from /opt/airflow/dags/youtube_warehouse_pipeline.py
[2026-09-17T15:25:50.672+0000] {logging_mixin.py:190} INFO - [2026-09-17T15:25:50.672+0000] {dag.py:3239} INFO - Sync 1 DAGs
[2026-09-17T15:25:50.717+0000] {logging_mixin.py:190} INFO - [2026-09-17T15:25:50.717+0000] {dag.py:4180} INFO - Setting next_dagrun for youtube_warehouse_pipeline to None, run_after=None
[2026-09-17T15:25:50.747+0000] {processor.py:208} INFO - Processing /opt/airflow/dags/youtube_warehouse_pipeline.py took 0.318 seconds
[2026-09-17T15:26:21.042+0000] {processor.py:186} INFO - Started process (PID=287) to work on /opt/airflow/dags/youtube_warehouse_pipeline.py
[2026-09-17T15:26:21.045+0000] {processor.py:914} INFO - Processing file /opt/airflow/dags/youtube_warehouse_pipeline.py for tasks to queue
[2026-09-17T15:26:21.050+0000] {logging_mixin.py:190} INFO - [2026-09-17T15:26:21.050+0000] {dagbag.py:588} INFO - Filling up the DagBag from /opt/airflow/dags/youtube_warehouse_pipeline.py
[2026-09-17T15:26:21.154+0000] {processor.py:925} INFO - DAG(s) 'youtube_warehouse_pipeline' retrieved from /opt/airflow/dags/youtube_warehouse_pipeline.py
[2026-09-17T15:26:21.175+0000] {logging_mixin.py:190} INFO - [2026-09-17T15:26:21.175+0000] {dag.py:3239} INFO - Sync 1 DAGs
[2026-09-17T15:26:21.189+0000] {logging_mixin.py:190} INFO - [2026-09-17T15:26:21.188+0000] {dag.py:4180} INFO - Setting next_dagrun for youtube_warehouse_pipeline to None, run_after=None
[2026-09-17T15:26:21.213+0000] {processor.py:208} INFO - Processing /opt/airflow/dags/youtube_warehouse_pipeline.py took 0.178 seconds
[2026-09-17T15:26:51.659+0000] {processor.py:186} INFO - Started process (PID=295) to work on /opt/airflow/dags/youtube_warehouse_pipeline.py
[2026-09-17T15:26:51.661+0000] {processor.py:914} INFO - Processing file /opt/airflow/dags/youtube_warehouse_pipeline.py for tasks to queue
[2026-09-17T15:26:51.668+0000] {logging_mixin.py:190} INFO - [2026-09-17T15:26:51.667+0000] {dagbag.py:588} INFO - Filling up the DagBag from /opt/airflow/dags/youtube_warehouse_pipeline.py
[2026-09-17T15:26:51.805+0000] {processor.py:925} INFO - DAG(s) 'youtube_warehouse_pipeline' retrieved from /opt/airflow/dags/youtube_warehouse_pipeline.py
[2026-09-17T15:26:51.838+0000] {logging_mixin.py:190} INFO - [2026-09-17T15:26:51.837+0000] {dag.py:3239} INFO - Sync 1 DAGs
[2026-09-17T15:26:51.859+0000] {logging_mixin.py:190} INFO - [2026-09-17T15:26:51.859+0000] {dag.py:4180} INFO - Setting next_dagrun for youtube_warehouse_pipeline to None, run_after=None
[2026-09-17T15:26:51.885+0000] {processor.py:208} INFO - Processing /opt/airflow/dags/youtube_warehouse_pipeline.py took 0.234 seconds
[2026-09-17T15:27:22.265+0000] {processor.py:186} INFO - Started process (PID=303) to work on /opt/airflow/dags/youtube_warehouse_pipeline.py
[2026-09-17T15:27:22.266+0000] {processor.py:914} INFO - Processing file /opt/airflow/dags/youtube_warehouse_pipeline.py for tasks to queue
[2026-09-17T15:27:22.271+0000] {logging_mixin.py:190} INFO - [2026-09-17T15:27:22.271+0000] {dagbag.py:588} INFO - Filling up the DagBag from /opt/airflow/dags/youtube_warehouse_pipeline.py
[2026-09-17T15:27:22.349+0000] {processor.py:925} INFO - DAG(s) 'youtube_warehouse_pipeline' retrieved from /opt/airflow/dags/youtube_warehouse_pipeline.py
[2026-09-17T15:27:22.372+0000] {logging_mixin.py:190} INFO - [2026-09-17T15:27:22.372+0000] {dag.py:3239} INFO - Sync 1 DAGs
[2026-09-17T15:27:22.386+0000] {logging_mixin.py:190} INFO - [2026-09-17T15:27:22.386+0000] {dag.py:4180} INFO - Setting next_dagrun for youtube_warehouse_pipeline to None, run_after=None
[2026-09-17T15:27:22.411+0000] {processor.py:208} INFO - Processing /opt/airflow/dags/youtube_warehouse_pipeline.py took 0.155 seconds
[2026-09-17T15:27:52.741+0000] {processor.py:186} INFO - Started process (PID=311) to work on /opt/airflow/dags/youtube_warehouse_pipeline.py
[2026-09-17T15:27:52.747+0000] {processor.py:914} INFO - Processing file /opt/airflow/dags/youtube_warehouse_pipeline.py for tasks to queue
[2026-09-17T15:27:52.752+0000] {logging_mixin.py:190} INFO - [2026-09-17T15:27:52.751+0000] {dagbag.py:588} INFO - Filling up the DagBag from /opt/airflow/dags/youtube_warehouse_pipeline.py
[2026-09-17T15:27:52.953+0000] {processor.py:925} INFO - DAG(s) 'youtube_warehouse_pipeline' retrieved from /opt/airflow/dags/youtube_warehouse_pipeline.py
[2026-09-17T15:27:52.981+0000] {logging_mixin.py:190} INFO - [2026-09-17T15:27:52.981+0000] {dag.py:3239} INFO - Sync 1 DAGs
[2026-09-17T15:27:52.992+0000] {logging_mixin.py:190} INFO - [2026-09-17T15:27:52.992+0000] {dag.py:4180} INFO - Setting next_dagrun for youtube_warehouse_pipeline to None, run_after=None
[2026-09-17T15:27:53.009+0000] {processor.py:208} INFO - Processing /opt/airflow/dags/youtube_warehouse_pipeline.py took 0.276 seconds
[2026-09-17T15:28:23.642+0000] {processor.py:186} INFO - Started process (PID=319) to work on /opt/airflow/dags/youtube_warehouse_pipeline.py
[2026-09-17T15:28:23.698+0000] {processor.py:914} INFO - Processing file /opt/airflow/dags/youtube_warehouse_pipeline.py for tasks to queue
[2026-09-17T15:28:23.703+0000] {logging_mixin.py:190} INFO - [2026-09-17T15:28:23.702+0000] {dagbag.py:588} INFO - Filling up the DagBag from /opt/airflow/dags/youtube_warehouse_pipeline.py
[2026-09-17T15:28:24.197+0000] {processor.py:925} INFO - DAG(s) 'youtube_warehouse_pipeline' retrieved from /opt/airflow/dags/youtube_warehouse_pipeline.py
[2026-09-17T15:28:24.232+0000] {logging_mixin.py:190} INFO - [2026-09-17T15:28:24.232+0000] {dag.py:3239} INFO - Sync 1 DAGs
[2026-09-17T15:28:24.251+0000] {logging_mixin.py:190} INFO - [2026-09-17T15:28:24.250+0000] {dag.py:4180} INFO - Setting next_dagrun for youtube_warehouse_pipeline to None, run_after=None
[2026-09-17T15:28:24.281+0000] {processor.py:208} INFO - Processing /opt/airflow/dags/youtube_warehouse_pipeline.py took 0.645 seconds
[2026-09-17T15:28:54.655+0000] {processor.py:186} INFO - Started process (PID=327) to work on /opt/airflow/dags/youtube_warehouse_pipeline.py
[2026-09-17T15:28:54.658+0000] {processor.py:914} INFO - Processing file /opt/airflow/dags/youtube_warehouse_pipeline.py for tasks to queue
[2026-09-17T15:28:54.665+0000] {logging_mixin.py:190} INFO - [2026-09-17T15:28:54.665+0000] {dagbag.py:588} INFO - Filling up the DagBag from /opt/airflow/dags/youtube_warehouse_pipeline.py
[2026-09-17T15:28:54.763+0000] {processor.py:925} INFO - DAG(s) 'youtube_warehouse_pipeline' retrieved from /opt/airflow/dags/youtube_warehouse_pipeline.py
[2026-09-17T15:28:54.794+0000] {logging_mixin.py:190} INFO - [2026-09-17T15:28:54.793+0000] {dag.py:3239} INFO - Sync 1 DAGs
[2026-09-17T15:28:54.821+0000] {logging_mixin.py:190} INFO - [2026-09-17T15:28:54.821+0000] {dag.py:4180} INFO - Setting next_dagrun for youtube_warehouse_pipeline to None, run_after=None
[2026-09-17T15:28:54.853+0000] {processor.py:208} INFO - Processing /opt/airflow/dags/youtube_warehouse_pipeline.py took 0.215 seconds
[2026-09-17T15:29:25.303+0000] {processor.py:186} INFO - Started process (PID=335) to work on /opt/airflow/dags/youtube_warehouse_pipeline.py
[2026-09-17T15:29:25.307+0000] {processor.py:914} INFO - Processing file /opt/airflow/dags/youtube_warehouse_pipeline.py for tasks to queue
[2026-09-17T15:29:25.311+0000] {logging_mixin.py:190} INFO - [2026-09-17T15:29:25.311+0000] {dagbag.py:588} INFO - Filling up the DagBag from /opt/airflow/dags/youtube_warehouse_pipeline.py
[2026-09-17T15:29:25.408+0000] {processor.py:925} INFO - DAG(s) 'youtube_warehouse_pipeline' retrieved from /opt/airflow/dags/youtube_warehouse_pipeline.py
[2026-09-17T15:29:25.429+0000] {logging_mixin.py:190} INFO - [2026-09-17T15:29:25.429+0000] {dag.py:3239} INFO - Sync 1 DAGs
[2026-09-17T15:29:25.442+0000] {logging_mixin.py:190} INFO - [2026-09-17T15:29:25.442+0000] {dag.py:4180} INFO - Setting next_dagrun for youtube_warehouse_pipeline to None, run_after=None
[2026-09-17T15:29:25.464+0000] {processor.py:208} INFO - Processing /opt/airflow/dags/youtube_warehouse_pipeline.py took 0.170 seconds
[2026-09-17T15:29:55.810+0000] {processor.py:186} INFO - Started process (PID=343) to work on /opt/airflow/dags/youtube_warehouse_pipeline.py
[2026-09-17T15:29:55.812+0000] {processor.py:914} INFO - Processing file /opt/airflow/dags/youtube_warehouse_pipeline.py for tasks to queue
[2026-09-17T15:29:55.818+0000] {logging_mixin.py:190} INFO - [2026-09-17T15:29:55.817+0000] {dagbag.py:588} INFO - Filling up the DagBag from /opt/airflow/dags/youtube_warehouse_pipeline.py
[2026-09-17T15:29:55.929+0000] {processor.py:925} INFO - DAG(s) 'youtube_warehouse_pipeline' retrieved from /opt/airflow/dags/youtube_warehouse_pipeline.py
[2026-09-17T15:29:55.986+0000] {logging_mixin.py:190} INFO - [2026-09-17T15:29:55.985+0000] {dag.py:3239} INFO - Sync 1 DAGs
[2026-09-17T15:29:56.027+0000] {logging_mixin.py:190} INFO - [2026-09-17T15:29:56.026+0000] {dag.py:4180} INFO - Setting next_dagrun for youtube_warehouse_pipeline to None, run_after=None
[2026-09-17T15:29:56.083+0000] {processor.py:208} INFO - Processing /opt/airflow/dags/youtube_warehouse_pipeline.py took 0.281 seconds
[2026-09-17T15:30:26.539+0000] {processor.py:186} INFO - Started process (PID=351) to work on /opt/airflow/dags/youtube_warehouse_pipeline.py
[2026-09-17T15:30:26.544+0000] {processor.py:914} INFO - Processing file /opt/airflow/dags/youtube_warehouse_pipeline.py for tasks to queue
[2026-09-17T15:30:26.571+0000] {logging_mixin.py:190} INFO - [2026-09-17T15:30:26.570+0000] {dagbag.py:588} INFO - Filling up the DagBag from /opt/airflow/dags/youtube_warehouse_pipeline.py
[2026-09-17T15:30:26.790+0000] {processor.py:925} INFO - DAG(s) 'youtube_warehouse_pipeline' retrieved from /opt/airflow/dags/youtube_warehouse_pipeline.py
[2026-09-17T15:30:26.821+0000] {logging_mixin.py:190} INFO - [2026-09-17T15:30:26.821+0000] {dag.py:3239} INFO - Sync 1 DAGs
[2026-09-17T15:30:26.845+0000] {logging_mixin.py:190} INFO - [2026-09-17T15:30:26.845+0000] {dag.py:4180} INFO - Setting next_dagrun for youtube_warehouse_pipeline to None, run_after=None
[2026-09-17T15:30:26.879+0000] {processor.py:208} INFO - Processing /opt/airflow/dags/youtube_warehouse_pipeline.py took 0.390 seconds
[2026-09-17T15:30:57.249+0000] {processor.py:186} INFO - Started process (PID=359) to work on /opt/airflow/dags/youtube_warehouse_pipeline.py
[2026-09-17T15:30:57.250+0000] {processor.py:914} INFO - Processing file /opt/airflow/dags/youtube_warehouse_pipeline.py for tasks to queue
[2026-09-17T15:30:57.256+0000] {logging_mixin.py:190} INFO - [2026-09-17T15:30:57.255+0000] {dagbag.py:588} INFO - Filling up the DagBag from /opt/airflow/dags/youtube_warehouse_pipeline.py
[2026-09-17T15:30:57.394+0000] {processor.py:925} INFO - DAG(s) 'youtube_warehouse_pipeline' retrieved from /opt/airflow/dags/youtube_warehouse_pipeline.py
[2026-09-17T15:30:57.420+0000] {logging_mixin.py:190} INFO - [2026-09-17T15:30:57.420+0000] {dag.py:3239} INFO - Sync 1 DAGs
[2026-09-17T15:30:57.436+0000] {logging_mixin.py:190} INFO - [2026-09-17T15:30:57.436+0000] {dag.py:4180} INFO - Setting next_dagrun for youtube_warehouse_pipeline to None, run_after=None
[2026-09-17T15:30:57.458+0000] {processor.py:208} INFO - Processing /opt/airflow/dags/youtube_warehouse_pipeline.py took 0.218 seconds
[2026-09-17T15:31:27.616+0000] {processor.py:186} INFO - Started process (PID=367) to work on /opt/airflow/dags/youtube_warehouse_pipeline.py
[2026-09-17T15:31:27.618+0000] {processor.py:914} INFO - Processing file /opt/airflow/dags/youtube_warehouse_pipeline.py for tasks to queue
[2026-09-17T15:31:27.626+0000] {logging_mixin.py:190} INFO - [2026-09-17T15:31:27.624+0000] {dagbag.py:588} INFO - Filling up the DagBag from /opt/airflow/dags/youtube_warehouse_pipeline.py
[2026-09-17T15:31:27.748+0000] {processor.py:925} INFO - DAG(s) 'youtube_warehouse_pipeline' retrieved from /opt/airflow/dags/youtube_warehouse_pipeline.py
[2026-09-17T15:31:27.771+0000] {logging_mixin.py:190} INFO - [2026-09-17T15:31:27.770+0000] {dag.py:3239} INFO - Sync 1 DAGs
[2026-09-17T15:31:27.783+0000] {logging_mixin.py:190} INFO - [2026-09-17T15:31:27.783+0000] {dag.py:4180} INFO - Setting next_dagrun for youtube_warehouse_pipeline to None, run_after=None
[2026-09-17T15:31:27.804+0000] {processor.py:208} INFO - Processing /opt/airflow/dags/youtube_warehouse_pipeline.py took 0.195 seconds
[2026-09-17T15:31:57.117+0000] {processor.py:186} INFO - Started process (PID=375) to work on /opt/airflow/dags/youtube_warehouse_pipeline.py
[2026-09-17T15:31:57.119+0000] {processor.py:914} INFO - Processing file /opt/airflow/dags/youtube_warehouse_pipeline.py for tasks to queue
[2026-09-17T15:31:57.123+0000] {logging_mixin.py:190} INFO - [2026-09-17T15:31:57.122+0000] {dagbag.py:588} INFO - Filling up the DagBag from /opt/airflow/dags/youtube_warehouse_pipeline.py
[2026-09-17T15:31:57.224+0000] {processor.py:925} INFO - DAG(s) 'youtube_warehouse_pipeline' retrieved from /opt/airflow/dags/youtube_warehouse_pipeline.py
[2026-09-17T15:31:57.696+0000] {logging_mixin.py:190} INFO - [2026-09-17T15:31:57.696+0000] {dag.py:3239} INFO - Sync 1 DAGs
[2026-09-17T15:31:57.708+0000] {logging_mixin.py:190} INFO - [2026-09-17T15:31:57.708+0000] {dag.py:4180} INFO - Setting next_dagrun for youtube_warehouse_pipeline to None, run_after=None
[2026-09-17T15:31:57.749+0000] {processor.py:208} INFO - Processing /opt/airflow/dags/youtube_warehouse_pipeline.py took 0.636 seconds
[2026-09-17T15:32:28.514+0000] {processor.py:186} INFO - Started process (PID=383) to work on /opt/airflow/dags/youtube_warehouse_pipeline.py
[2026-09-17T15:32:28.515+0000] {processor.py:914} INFO - Processing file /opt/airflow/dags/youtube_warehouse_pipeline.py for tasks to queue
[2026-09-17T15:32:28.519+0000] {logging_mixin.py:190} INFO - [2026-09-17T15:32:28.519+0000] {dagbag.py:588} INFO - Filling up the DagBag from /opt/airflow/dags/youtube_warehouse_pipeline.py
[2026-09-17T15:32:28.596+0000] {processor.py:925} INFO - DAG(s) 'youtube_warehouse_pipeline' retrieved from /opt/airflow/dags/youtube_warehouse_pipeline.py
[2026-09-17T15:32:28.620+0000] {logging_mixin.py:190} INFO - [2026-09-17T15:32:28.620+0000] {dag.py:3239} INFO - Sync 1 DAGs
[2026-09-17T15:32:28.634+0000] {logging_mixin.py:190} INFO - [2026-09-17T15:32:28.634+0000] {dag.py:4180} INFO - Setting next_dagrun for youtube_warehouse_pipeline to None, run_after=None
[2026-09-17T15:32:28.655+0000] {processor.py:208} INFO - Processing /opt/airflow/dags/youtube_warehouse_pipeline.py took 0.151 seconds
[2026-09-17T15:32:58.995+0000] {processor.py:186} INFO - Started process (PID=391) to work on /opt/airflow/dags/youtube_warehouse_pipeline.py
[2026-09-17T15:32:58.996+0000] {processor.py:914} INFO - Processing file /opt/airflow/dags/youtube_warehouse_pipeline.py for tasks to queue
[2026-09-17T15:32:59.000+0000] {logging_mixin.py:190} INFO - [2026-09-17T15:32:59.000+0000] {dagbag.py:588} INFO - Filling up the DagBag from /opt/airflow/dags/youtube_warehouse_pipeline.py
[2026-09-17T15:32:59.079+0000] {processor.py:925} INFO - DAG(s) 'youtube_warehouse_pipeline' retrieved from /opt/airflow/dags/youtube_warehouse_pipeline.py
[2026-09-17T15:32:59.102+0000] {logging_mixin.py:190} INFO - [2026-09-17T15:32:59.101+0000] {dag.py:3239} INFO - Sync 1 DAGs
[2026-09-17T15:32:59.116+0000] {logging_mixin.py:190} INFO - [2026-09-17T15:32:59.116+0000] {dag.py:4180} INFO - Setting next_dagrun for youtube_warehouse_pipeline to None, run_after=None
[2026-09-17T15:32:59.139+0000] {processor.py:208} INFO - Processing /opt/airflow/dags/youtube_warehouse_pipeline.py took 0.151 seconds
[2026-09-17T15:33:29.622+0000] {processor.py:186} INFO - Started process (PID=400) to work on /opt/airflow/dags/youtube_warehouse_pipeline.py
[2026-09-17T15:33:29.648+0000] {processor.py:914} INFO - Processing file /opt/airflow/dags/youtube_warehouse_pipeline.py for tasks to queue
[2026-09-17T15:33:29.661+0000] {logging_mixin.py:190} INFO - [2026-09-17T15:33:29.661+0000] {dagbag.py:588} INFO - Filling up the DagBag from /opt/airflow/dags/youtube_warehouse_pipeline.py
[2026-09-17T15:33:29.747+0000] {processor.py:925} INFO - DAG(s) 'youtube_warehouse_pipeline' retrieved from /opt/airflow/dags/youtube_warehouse_pipeline.py
[2026-09-17T15:33:29.830+0000] {logging_mixin.py:190} INFO - [2026-09-17T15:33:29.829+0000] {dag.py:3239} INFO - Sync 1 DAGs
[2026-09-17T15:33:29.957+0000] {logging_mixin.py:190} INFO - [2026-09-17T15:33:29.957+0000] {dag.py:4180} INFO - Setting next_dagrun for youtube_warehouse_pipeline to None, run_after=None
[2026-09-17T15:33:30.049+0000] {processor.py:208} INFO - Processing /opt/airflow/dags/youtube_warehouse_pipeline.py took 0.567 seconds
[2026-09-17T15:34:00.426+0000] {processor.py:186} INFO - Started process (PID=408) to work on /opt/airflow/dags/youtube_warehouse_pipeline.py
[2026-09-17T15:34:00.427+0000] {processor.py:914} INFO - Processing file /opt/airflow/dags/youtube_warehouse_pipeline.py for tasks to queue
[2026-09-17T15:34:00.431+0000] {logging_mixin.py:190} INFO - [2026-09-17T15:34:00.431+0000] {dagbag.py:588} INFO - Filling up the DagBag from /opt/airflow/dags/youtube_warehouse_pipeline.py
[2026-09-17T15:34:00.510+0000] {processor.py:925} INFO - DAG(s) 'youtube_warehouse_pipeline' retrieved from /opt/airflow/dags/youtube_warehouse_pipeline.py
[2026-09-17T15:34:00.531+0000] {logging_mixin.py:190} INFO - [2026-09-17T15:34:00.531+0000] {dag.py:3239} INFO - Sync 1 DAGs
[2026-09-17T15:34:00.542+0000] {logging_mixin.py:190} INFO - [2026-09-17T15:34:00.542+0000] {dag.py:4180} INFO - Setting next_dagrun for youtube_warehouse_pipeline to None, run_after=None
[2026-09-17T15:34:00.562+0000] {processor.py:208} INFO - Processing /opt/airflow/dags/youtube_warehouse_pipeline.py took 0.143 seconds
[2026-09-17T15:34:30.910+0000] {processor.py:186} INFO - Started process (PID=415) to work on /opt/airflow/dags/youtube_warehouse_pipeline.py
[2026-09-17T15:34:30.911+0000] {processor.py:914} INFO - Processing file /opt/airflow/dags/youtube_warehouse_pipeline.py for tasks to queue
[2026-09-17T15:34:30.917+0000] {logging_mixin.py:190} INFO - [2026-09-17T15:34:30.917+0000] {dagbag.py:588} INFO - Filling up the DagBag from /opt/airflow/dags/youtube_warehouse_pipeline.py
[2026-09-17T15:34:31.002+0000] {processor.py:925} INFO - DAG(s) 'youtube_warehouse_pipeline' retrieved from /opt/airflow/dags/youtube_warehouse_pipeline.py
[2026-09-17T15:34:31.030+0000] {logging_mixin.py:190} INFO - [2026-09-17T15:34:31.030+0000] {dag.py:3239} INFO - Sync 1 DAGs
[2026-09-17T15:34:31.049+0000] {logging_mixin.py:190} INFO - [2026-09-17T15:34:31.049+0000] {dag.py:4180} INFO - Setting next_dagrun for youtube_warehouse_pipeline to None, run_after=None
[2026-09-17T15:34:31.069+0000] {processor.py:208} INFO - Processing /opt/airflow/dags/youtube_warehouse_pipeline.py took 0.165 seconds
[2026-09-17T15:35:01.321+0000] {processor.py:186} INFO - Started process (PID=423) to work on /opt/airflow/dags/youtube_warehouse_pipeline.py
[2026-09-17T15:35:01.323+0000] {processor.py:914} INFO - Processing file /opt/airflow/dags/youtube_warehouse_pipeline.py for tasks to queue
[2026-09-17T15:35:01.327+0000] {logging_mixin.py:190} INFO - [2026-09-17T15:35:01.327+0000] {dagbag.py:588} INFO - Filling up the DagBag from /opt/airflow/dags/youtube_warehouse_pipeline.py
[2026-09-17T15:35:01.403+0000] {processor.py:925} INFO - DAG(s) 'youtube_warehouse_pipeline' retrieved from /opt/airflow/dags/youtube_warehouse_pipeline.py
[2026-09-17T15:35:01.424+0000] {logging_mixin.py:190} INFO - [2026-09-17T15:35:01.424+0000] {dag.py:3239} INFO - Sync 1 DAGs
[2026-09-17T15:35:01.436+0000] {logging_mixin.py:190} INFO - [2026-09-17T15:35:01.436+0000] {dag.py:4180} INFO - Setting next_dagrun for youtube_warehouse_pipeline to None, run_after=None
[2026-09-17T15:35:01.455+0000] {processor.py:208} INFO - Processing /opt/airflow/dags/youtube_warehouse_pipeline.py took 0.150 seconds
[2026-09-17T15:35:31.752+0000] {processor.py:186} INFO - Started process (PID=431) to work on /opt/airflow/dags/youtube_warehouse_pipeline.py
[2026-09-17T15:35:31.754+0000] {processor.py:914} INFO - Processing file /opt/airflow/dags/youtube_warehouse_pipeline.py for tasks to queue
[2026-09-17T15:35:31.759+0000] {logging_mixin.py:190} INFO - [2026-09-17T15:35:31.758+0000] {dagbag.py:588} INFO - Filling up the DagBag from /opt/airflow/dags/youtube_warehouse_pipeline.py
[2026-09-17T15:35:31.845+0000] {processor.py:925} INFO - DAG(s) 'youtube_warehouse_pipeline' retrieved from /opt/airflow/dags/youtube_warehouse_pipeline.py
[2026-09-17T15:35:31.867+0000] {logging_mixin.py:190} INFO - [2026-09-17T15:35:31.867+0000] {dag.py:3239} INFO - Sync 1 DAGs
[2026-09-17T15:35:31.885+0000] {logging_mixin.py:190} INFO - [2026-09-17T15:35:31.885+0000] {dag.py:4180} INFO - Setting next_dagrun for youtube_warehouse_pipeline to None, run_after=None
[2026-09-17T15:35:31.905+0000] {processor.py:208} INFO - Processing /opt/airflow/dags/youtube_warehouse_pipeline.py took 0.164 seconds
[2026-09-17T15:36:02.244+0000] {processor.py:186} INFO - Started process (PID=439) to work on /opt/airflow/dags/youtube_warehouse_pipeline.py
[2026-09-17T15:36:02.246+0000] {processor.py:914} INFO - Processing file /opt/airflow/dags/youtube_warehouse_pipeline.py for tasks to queue
[2026-09-17T15:36:02.250+0000] {logging_mixin.py:190} INFO - [2026-09-17T15:36:02.249+0000] {dagbag.py:588} INFO - Filling up the DagBag from /opt/airflow/dags/youtube_warehouse_pipeline.py
[2026-09-17T15:36:02.321+0000] {processor.py:925} INFO - DAG(s) 'youtube_warehouse_pipeline' retrieved from /opt/airflow/dags/youtube_warehouse_pipeline.py
[2026-09-17T15:36:02.342+0000] {logging_mixin.py:190} INFO - [2026-09-17T15:36:02.341+0000] {dag.py:3239} INFO - Sync 1 DAGs
[2026-09-17T15:36:02.355+0000] {logging_mixin.py:190} INFO - [2026-09-17T15:36:02.355+0000] {dag.py:4180} INFO - Setting next_dagrun for youtube_warehouse_pipeline to None, run_after=None
[2026-09-17T15:36:02.379+0000] {processor.py:208} INFO - Processing /opt/airflow/dags/youtube_warehouse_pipeline.py took 0.142 seconds
[2026-09-17T15:36:32.607+0000] {processor.py:186} INFO - Started process (PID=447) to work on /opt/airflow/dags/youtube_warehouse_pipeline.py
[2026-09-17T15:36:32.609+0000] {processor.py:914} INFO - Processing file /opt/airflow/dags/youtube_warehouse_pipeline.py for tasks to queue
[2026-09-17T15:36:32.617+0000] {logging_mixin.py:190} INFO - [2026-09-17T15:36:32.616+0000] {dagbag.py:588} INFO - Filling up the DagBag from /opt/airflow/dags/youtube_warehouse_pipeline.py
[2026-09-17T15:36:32.722+0000] {processor.py:925} INFO - DAG(s) 'youtube_warehouse_pipeline' retrieved from /opt/airflow/dags/youtube_warehouse_pipeline.py
[2026-09-17T15:36:32.746+0000] {logging_mixin.py:190} INFO - [2026-09-17T15:36:32.746+0000] {dag.py:3239} INFO - Sync 1 DAGs
[2026-09-17T15:36:32.760+0000] {logging_mixin.py:190} INFO - [2026-09-17T15:36:32.760+0000] {dag.py:4180} INFO - Setting next_dagrun for youtube_warehouse_pipeline to None, run_after=None
[2026-09-17T15:36:32.784+0000] {processor.py:208} INFO - Processing /opt/airflow/dags/youtube_warehouse_pipeline.py took 0.184 seconds
