[2026-09-17T08:09:38.564+0000] {processor.py:186} INFO - Started process (PID=63) to work on /opt/airflow/dags/youtube_extract_pipeline.py
[2026-09-17T08:09:38.580+0000] {processor.py:914} INFO - Processing file /opt/airflow/dags/youtube_extract_pipeline.py for tasks to queue
[2026-09-17T08:09:38.599+0000] {logging_mixin.py:190} INFO - [2026-09-17T08:09:38.596+0000] {dagbag.py:588} INFO - Filling up the DagBag from /opt/airflow/dags/youtube_extract_pipeline.py
[2026-09-17T08:09:38.790+0000] {processor.py:925} INFO - DAG(s) 'youtube_pipeline_extraction' retrieved from /opt/airflow/dags/youtube_extract_pipeline.py
[2026-09-17T08:09:38.950+0000] {logging_mixin.py:190} INFO - [2026-09-17T08:09:38.949+0000] {dag.py:3239} INFO - Sync 1 DAGs
[2026-09-17T08:09:39.126+0000] {logging_mixin.py:190} INFO - [2026-09-17T08:09:39.126+0000] {dag.py:4180} INFO - Setting next_dagrun for youtube_pipeline_extraction to 2026-09-17 07:00:00+00:00, run_after=2026-09-17 08:00:00+00:00
[2026-09-17T08:09:39.253+0000] {processor.py:208} INFO - Processing /opt/airflow/dags/youtube_extract_pipeline.py took 0.799 seconds
[2026-09-17T08:10:09.890+0000] {processor.py:186} INFO - Started process (PID=71) to work on /opt/airflow/dags/youtube_extract_pipeline.py
[2026-09-17T08:10:09.906+0000] {processor.py:914} INFO - Processing file /opt/airflow/dags/youtube_extract_pipeline.py for tasks to queue
[2026-09-17T08:10:10.041+0000] {logging_mixin.py:190} INFO - [2026-09-17T08:10:09.997+0000] {dagbag.py:588} INFO - Filling up the DagBag from /opt/airflow/dags/youtube_extract_pipeline.py
[2026-09-17T08:10:10.664+0000] {processor.py:925} INFO - DAG(s) 'youtube_pipeline_extraction' retrieved from /opt/airflow/dags/youtube_extract_pipeline.py
[2026-09-17T08:10:10.830+0000] {logging_mixin.py:190} INFO - [2026-09-17T08:10:10.829+0000] {dag.py:3239} INFO - Sync 1 DAGs
[2026-09-17T08:10:11.106+0000] {logging_mixin.py:190} INFO - [2026-09-17T08:10:11.105+0000] {dag.py:4180} INFO - Setting next_dagrun for youtube_pipeline_extraction to 2026-09-17 07:00:00+00:00, run_after=2026-09-17 08:00:00+00:00
[2026-09-17T08:10:11.158+0000] {processor.py:208} INFO - Processing /opt/airflow/dags/youtube_extract_pipeline.py took 1.479 seconds
[2026-09-17T08:10:41.489+0000] {processor.py:186} INFO - Started process (PID=79) to work on /opt/airflow/dags/youtube_extract_pipeline.py
[2026-09-17T08:10:41.492+0000] {processor.py:914} INFO - Processing file /opt/airflow/dags/youtube_extract_pipeline.py for tasks to queue
[2026-09-17T08:10:41.497+0000] {logging_mixin.py:190} INFO - [2026-09-17T08:10:41.497+0000] {dagbag.py:588} INFO - Filling up the DagBag from /opt/airflow/dags/youtube_extract_pipeline.py
[2026-09-17T08:10:41.565+0000] {processor.py:925} INFO - DAG(s) 'youtube_pipeline_extraction' retrieved from /opt/airflow/dags/youtube_extract_pipeline.py
[2026-09-17T08:10:41.629+0000] {logging_mixin.py:190} INFO - [2026-09-17T08:10:41.629+0000] {dag.py:3239} INFO - Sync 1 DAGs
[2026-09-17T08:10:41.684+0000] {logging_mixin.py:190} INFO - [2026-09-17T08:10:41.684+0000] {dag.py:4180} INFO - Setting next_dagrun for youtube_pipeline_extraction to 2026-09-17 07:00:00+00:00, run_after=2026-09-17 08:00:00+00:00
[2026-09-17T08:10:41.708+0000] {processor.py:208} INFO - Processing /opt/airflow/dags/youtube_extract_pipeline.py took 0.224 seconds
[2026-09-17T08:11:12.004+0000] {processor.py:186} INFO - Started process (PID=86) to work on /opt/airflow/dags/youtube_extract_pipeline.py
[2026-09-17T08:11:12.007+0000] {processor.py:914} INFO - Processing file /opt/airflow/dags/youtube_extract_pipeline.py for tasks to queue
[2026-09-17T08:11:12.012+0000] {logging_mixin.py:190} INFO - [2026-09-17T08:11:12.011+0000] {dagbag.py:588} INFO - Filling up the DagBag from /opt/airflow/dags/youtube_extract_pipeline.py
[2026-09-17T08:11:12.090+0000] {processor.py:925} INFO - DAG(s) 'youtube_pipeline_extraction' retrieved from /opt/airflow/dags/youtube_extract_pipeline.py
[2026-09-17T08:11:12.130+0000] {logging_mixin.py:190} INFO - [2026-09-17T08:11:12.130+0000] {dag.py:3239} INFO - Sync 1 DAGs
[2026-09-17T08:11:12.155+0000] {logging_mixin.py:190} INFO - [2026-09-17T08:11:12.154+0000] {dag.py:4180} INFO - Setting next_dagrun for youtube_pipeline_extraction to 2026-09-17 07:00:00+00:00, run_after=2026-09-17 08:00:00+00:00
[2026-09-17T08:11:12.204+0000] {processor.py:208} INFO - Processing /opt/airflow/dags/youtube_extract_pipeline.py took 0.206 seconds
[2026-09-17T08:11:42.329+0000] {processor.py:186} INFO - Started process (PID=94) to work on /opt/airflow/dags/youtube_extract_pipeline.py
[2026-09-17T08:11:42.332+0000] {processor.py:914} INFO - Processing file /opt/airflow/dags/youtube_extract_pipeline.py for tasks to queue
[2026-09-17T08:11:42.336+0000] {logging_mixin.py:190} INFO - [2026-09-17T08:11:42.336+0000] {dagbag.py:588} INFO - Filling up the DagBag from /opt/airflow/dags/youtube_extract_pipeline.py
[2026-09-17T08:11:42.439+0000] {processor.py:925} INFO - DAG(s) 'youtube_pipeline_extraction' retrieved from /opt/airflow/dags/youtube_extract_pipeline.py
[2026-09-17T08:11:42.477+0000] {logging_mixin.py:190} INFO - [2026-09-17T08:11:42.477+0000] {dag.py:3239} INFO - Sync 1 DAGs
[2026-09-17T08:11:42.520+0000] {logging_mixin.py:190} INFO - [2026-09-17T08:11:42.519+0000] {dag.py:4180} INFO - Setting next_dagrun for youtube_pipeline_extraction to 2026-09-17 07:00:00+00:00, run_after=2026-09-17 08:00:00+00:00
[2026-09-17T08:11:42.552+0000] {processor.py:208} INFO - Processing /opt/airflow/dags/youtube_extract_pipeline.py took 0.235 seconds
[2026-09-17T08:12:12.861+0000] {processor.py:186} INFO - Started process (PID=102) to work on /opt/airflow/dags/youtube_extract_pipeline.py
[2026-09-17T08:12:12.864+0000] {processor.py:914} INFO - Processing file /opt/airflow/dags/youtube_extract_pipeline.py for tasks to queue
[2026-09-17T08:12:12.869+0000] {logging_mixin.py:190} INFO - [2026-09-17T08:12:12.868+0000] {dagbag.py:588} INFO - Filling up the DagBag from /opt/airflow/dags/youtube_extract_pipeline.py
[2026-09-17T08:12:12.931+0000] {processor.py:925} INFO - DAG(s) 'youtube_pipeline_extraction' retrieved from /opt/airflow/dags/youtube_extract_pipeline.py
[2026-09-17T08:12:12.954+0000] {logging_mixin.py:190} INFO - [2026-09-17T08:12:12.954+0000] {dag.py:3239} INFO - Sync 1 DAGs
[2026-09-17T08:12:12.979+0000] {logging_mixin.py:190} INFO - [2026-09-17T08:12:12.978+0000] {dag.py:4180} INFO - Setting next_dagrun for youtube_pipeline_extraction to 2026-09-17 07:00:00+00:00, run_after=2026-09-17 08:00:00+00:00
[2026-09-17T08:12:13.001+0000] {processor.py:208} INFO - Processing /opt/airflow/dags/youtube_extract_pipeline.py took 0.146 seconds
[2026-09-17T08:12:43.362+0000] {processor.py:186} INFO - Started process (PID=110) to work on /opt/airflow/dags/youtube_extract_pipeline.py
[2026-09-17T08:12:43.365+0000] {processor.py:914} INFO - Processing file /opt/airflow/dags/youtube_extract_pipeline.py for tasks to queue
[2026-09-17T08:12:43.368+0000] {logging_mixin.py:190} INFO - [2026-09-17T08:12:43.367+0000] {dagbag.py:588} INFO - Filling up the DagBag from /opt/airflow/dags/youtube_extract_pipeline.py
[2026-09-17T08:12:43.427+0000] {processor.py:925} INFO - DAG(s) 'youtube_pipeline_extraction' retrieved from /opt/airflow/dags/youtube_extract_pipeline.py
[2026-09-17T08:12:43.452+0000] {logging_mixin.py:190} INFO - [2026-09-17T08:12:43.452+0000] {dag.py:3239} INFO - Sync 1 DAGs
[2026-09-17T08:12:43.476+0000] {logging_mixin.py:190} INFO - [2026-09-17T08:12:43.476+0000] {dag.py:4180} INFO - Setting next_dagrun for youtube_pipeline_extraction to 2026-09-17 07:00:00+00:00, run_after=2026-09-17 08:00:00+00:00
[2026-09-17T08:12:43.497+0000] {processor.py:208} INFO - Processing /opt/airflow/dags/youtube_extract_pipeline.py took 0.140 seconds
[2026-09-17T08:13:13.804+0000] {processor.py:186} INFO - Started process (PID=118) to work on /opt/airflow/dags/youtube_extract_pipeline.py
[2026-09-17T08:13:13.806+0000] {processor.py:914} INFO - Processing file /opt/airflow/dags/youtube_extract_pipeline.py for tasks to queue
[2026-09-17T08:13:13.810+0000] {logging_mixin.py:190} INFO - [2026-09-17T08:13:13.809+0000] {dagbag.py:588} INFO - Filling up the DagBag from /opt/airflow/dags/youtube_extract_pipeline.py
[2026-09-17T08:13:13.869+0000] {processor.py:925} INFO - DAG(s) 'youtube_pipeline_extraction' retrieved from /opt/airflow/dags/youtube_extract_pipeline.py
[2026-09-17T08:13:13.899+0000] {logging_mixin.py:190} INFO - [2026-09-17T08:13:13.899+0000] {dag.py:3239} INFO - Sync 1 DAGs
[2026-09-17T08:13:13.931+0000] {logging_mixin.py:190} INFO - [2026-09-17T08:13:13.931+0000] {dag.py:4180} INFO - Setting next_dagrun for youtube_pipeline_extraction to 2026-09-17 07:00:00+00:00, run_after=2026-09-17 08:00:00+00:00
[2026-09-17T08:13:13.950+0000] {processor.py:208} INFO - Processing /opt/airflow/dags/youtube_extract_pipeline.py took 0.151 seconds
[2026-09-17T08:13:44.266+0000] {processor.py:186} INFO - Started process (PID=126) to work on /opt/airflow/dags/youtube_extract_pipeline.py
[2026-09-17T08:13:44.282+0000] {processor.py:914} INFO - Processing file /opt/airflow/dags/youtube_extract_pipeline.py for tasks to queue
[2026-09-17T08:13:44.286+0000] {logging_mixin.py:190} INFO - [2026-09-17T08:13:44.286+0000] {dagbag.py:588} INFO - Filling up the DagBag from /opt/airflow/dags/youtube_extract_pipeline.py
[2026-09-17T08:13:44.364+0000] {processor.py:925} INFO - DAG(s) 'youtube_pipeline_extraction' retrieved from /opt/airflow/dags/youtube_extract_pipeline.py
[2026-09-17T08:13:44.392+0000] {logging_mixin.py:190} INFO - [2026-09-17T08:13:44.392+0000] {dag.py:3239} INFO - Sync 1 DAGs
[2026-09-17T08:13:44.420+0000] {logging_mixin.py:190} INFO - [2026-09-17T08:13:44.420+0000] {dag.py:4180} INFO - Setting next_dagrun for youtube_pipeline_extraction to 2026-09-17 07:00:00+00:00, run_after=2026-09-17 08:00:00+00:00
[2026-09-17T08:13:44.441+0000] {processor.py:208} INFO - Processing /opt/airflow/dags/youtube_extract_pipeline.py took 0.184 seconds
[2026-09-17T08:14:14.572+0000] {processor.py:186} INFO - Started process (PID=134) to work on /opt/airflow/dags/youtube_extract_pipeline.py
[2026-09-17T08:14:14.573+0000] {processor.py:914} INFO - Processing file /opt/airflow/dags/youtube_extract_pipeline.py for tasks to queue
[2026-09-17T08:14:14.590+0000] {logging_mixin.py:190} INFO - [2026-09-17T08:14:14.590+0000] {dagbag.py:588} INFO - Filling up the DagBag from /opt/airflow/dags/youtube_extract_pipeline.py
[2026-09-17T08:14:14.638+0000] {processor.py:925} INFO - DAG(s) 'youtube_pipeline_extraction' retrieved from /opt/airflow/dags/youtube_extract_pipeline.py
[2026-09-17T08:14:14.661+0000] {logging_mixin.py:190} INFO - [2026-09-17T08:14:14.661+0000] {dag.py:3239} INFO - Sync 1 DAGs
[2026-09-17T08:14:14.681+0000] {logging_mixin.py:190} INFO - [2026-09-17T08:14:14.681+0000] {dag.py:4180} INFO - Setting next_dagrun for youtube_pipeline_extraction to 2026-09-17 07:00:00+00:00, run_after=2026-09-17 08:00:00+00:00
[2026-09-17T08:14:14.702+0000] {processor.py:208} INFO - Processing /opt/airflow/dags/youtube_extract_pipeline.py took 0.135 seconds
[2026-09-17T08:14:45.084+0000] {processor.py:186} INFO - Started process (PID=142) to work on /opt/airflow/dags/youtube_extract_pipeline.py
[2026-09-17T08:14:45.086+0000] {processor.py:914} INFO - Processing file /opt/airflow/dags/youtube_extract_pipeline.py for tasks to queue
[2026-09-17T08:14:45.090+0000] {logging_mixin.py:190} INFO - [2026-09-17T08:14:45.089+0000] {dagbag.py:588} INFO - Filling up the DagBag from /opt/airflow/dags/youtube_extract_pipeline.py
[2026-09-17T08:14:45.146+0000] {processor.py:925} INFO - DAG(s) 'youtube_pipeline_extraction' retrieved from /opt/airflow/dags/youtube_extract_pipeline.py
[2026-09-17T08:14:45.174+0000] {logging_mixin.py:190} INFO - [2026-09-17T08:14:45.174+0000] {dag.py:3239} INFO - Sync 1 DAGs
[2026-09-17T08:14:45.195+0000] {logging_mixin.py:190} INFO - [2026-09-17T08:14:45.195+0000] {dag.py:4180} INFO - Setting next_dagrun for youtube_pipeline_extraction to 2026-09-17 07:00:00+00:00, run_after=2026-09-17 08:00:00+00:00
[2026-09-17T08:14:45.213+0000] {processor.py:208} INFO - Processing /opt/airflow/dags/youtube_extract_pipeline.py took 0.134 seconds
[2026-09-17T08:15:15.554+0000] {processor.py:186} INFO - Started process (PID=150) to work on /opt/airflow/dags/youtube_extract_pipeline.py
[2026-09-17T08:15:15.556+0000] {processor.py:914} INFO - Processing file /opt/airflow/dags/youtube_extract_pipeline.py for tasks to queue
[2026-09-17T08:15:15.559+0000] {logging_mixin.py:190} INFO - [2026-09-17T08:15:15.559+0000] {dagbag.py:588} INFO - Filling up the DagBag from /opt/airflow/dags/youtube_extract_pipeline.py
[2026-09-17T08:15:15.616+0000] {processor.py:925} INFO - DAG(s) 'youtube_pipeline_extraction' retrieved from /opt/airflow/dags/youtube_extract_pipeline.py
[2026-09-17T08:15:15.635+0000] {logging_mixin.py:190} INFO - [2026-09-17T08:15:15.635+0000] {dag.py:3239} INFO - Sync 1 DAGs
[2026-09-17T08:15:15.658+0000] {logging_mixin.py:190} INFO - [2026-09-17T08:15:15.657+0000] {dag.py:4180} INFO - Setting next_dagrun for youtube_pipeline_extraction to 2026-09-17 07:00:00+00:00, run_after=2026-09-17 08:00:00+00:00
[2026-09-17T08:15:15.677+0000] {processor.py:208} INFO - Processing /opt/airflow/dags/youtube_extract_pipeline.py took 0.128 seconds
[2026-09-17T08:15:45.906+0000] {processor.py:186} INFO - Started process (PID=158) to work on /opt/airflow/dags/youtube_extract_pipeline.py
[2026-09-17T08:15:45.907+0000] {processor.py:914} INFO - Processing file /opt/airflow/dags/youtube_extract_pipeline.py for tasks to queue
[2026-09-17T08:15:45.910+0000] {logging_mixin.py:190} INFO - [2026-09-17T08:15:45.910+0000] {dagbag.py:588} INFO - Filling up the DagBag from /opt/airflow/dags/youtube_extract_pipeline.py
[2026-09-17T08:15:45.978+0000] {processor.py:925} INFO - DAG(s) 'youtube_pipeline_extraction' retrieved from /opt/airflow/dags/youtube_extract_pipeline.py
[2026-09-17T08:15:46.003+0000] {logging_mixin.py:190} INFO - [2026-09-17T08:15:46.003+0000] {dag.py:3239} INFO - Sync 1 DAGs
[2026-09-17T08:15:46.026+0000] {logging_mixin.py:190} INFO - [2026-09-17T08:15:46.026+0000] {dag.py:4180} INFO - Setting next_dagrun for youtube_pipeline_extraction to 2026-09-17 07:00:00+00:00, run_after=2026-09-17 08:00:00+00:00
[2026-09-17T08:15:46.046+0000] {processor.py:208} INFO - Processing /opt/airflow/dags/youtube_extract_pipeline.py took 0.145 seconds
[2026-09-17T08:16:16.401+0000] {processor.py:186} INFO - Started process (PID=166) to work on /opt/airflow/dags/youtube_extract_pipeline.py
[2026-09-17T08:16:16.403+0000] {processor.py:914} INFO - Processing file /opt/airflow/dags/youtube_extract_pipeline.py for tasks to queue
[2026-09-17T08:16:16.406+0000] {logging_mixin.py:190} INFO - [2026-09-17T08:16:16.406+0000] {dagbag.py:588} INFO - Filling up the DagBag from /opt/airflow/dags/youtube_extract_pipeline.py
[2026-09-17T08:16:16.465+0000] {processor.py:925} INFO - DAG(s) 'youtube_pipeline_extraction' retrieved from /opt/airflow/dags/youtube_extract_pipeline.py
[2026-09-17T08:16:16.484+0000] {logging_mixin.py:190} INFO - [2026-09-17T08:16:16.483+0000] {dag.py:3239} INFO - Sync 1 DAGs
[2026-09-17T08:16:16.505+0000] {logging_mixin.py:190} INFO - [2026-09-17T08:16:16.505+0000] {dag.py:4180} INFO - Setting next_dagrun for youtube_pipeline_extraction to 2026-09-17 07:00:00+00:00, run_after=2026-09-17 08:00:00+00:00
[2026-09-17T08:16:16.526+0000] {processor.py:208} INFO - Processing /opt/airflow/dags/youtube_extract_pipeline.py took 0.129 seconds
[2026-09-17T08:16:46.879+0000] {processor.py:186} INFO - Started process (PID=174) to work on /opt/airflow/dags/youtube_extract_pipeline.py
[2026-09-17T08:16:46.881+0000] {processor.py:914} INFO - Processing file /opt/airflow/dags/youtube_extract_pipeline.py for tasks to queue
[2026-09-17T08:16:46.884+0000] {logging_mixin.py:190} INFO - [2026-09-17T08:16:46.884+0000] {dagbag.py:588} INFO - Filling up the DagBag from /opt/airflow/dags/youtube_extract_pipeline.py
[2026-09-17T08:16:46.937+0000] {processor.py:925} INFO - DAG(s) 'youtube_pipeline_extraction' retrieved from /opt/airflow/dags/youtube_extract_pipeline.py
[2026-09-17T08:16:46.958+0000] {logging_mixin.py:190} INFO - [2026-09-17T08:16:46.957+0000] {dag.py:3239} INFO - Sync 1 DAGs
[2026-09-17T08:16:46.988+0000] {logging_mixin.py:190} INFO - [2026-09-17T08:16:46.987+0000] {dag.py:4180} INFO - Setting next_dagrun for youtube_pipeline_extraction to 2026-09-17 07:00:00+00:00, run_after=2026-09-17 08:00:00+00:00
[2026-09-17T08:16:47.009+0000] {processor.py:208} INFO - Processing /opt/airflow/dags/youtube_extract_pipeline.py took 0.135 seconds
[2026-09-17T08:17:17.211+0000] {processor.py:186} INFO - Started process (PID=182) to work on /opt/airflow/dags/youtube_extract_pipeline.py
[2026-09-17T08:17:17.212+0000] {processor.py:914} INFO - Processing file /opt/airflow/dags/youtube_extract_pipeline.py for tasks to queue
[2026-09-17T08:17:17.216+0000] {logging_mixin.py:190} INFO - [2026-09-17T08:17:17.216+0000] {dagbag.py:588} INFO - Filling up the DagBag from /opt/airflow/dags/youtube_extract_pipeline.py
[2026-09-17T08:17:17.301+0000] {processor.py:925} INFO - DAG(s) 'youtube_pipeline_extraction' retrieved from /opt/airflow/dags/youtube_extract_pipeline.py
[2026-09-17T08:17:17.331+0000] {logging_mixin.py:190} INFO - [2026-09-17T08:17:17.330+0000] {dag.py:3239} INFO - Sync 1 DAGs
[2026-09-17T08:17:17.358+0000] {logging_mixin.py:190} INFO - [2026-09-17T08:17:17.357+0000] {dag.py:4180} INFO - Setting next_dagrun for youtube_pipeline_extraction to 2026-09-17 07:00:00+00:00, run_after=2026-09-17 08:00:00+00:00
[2026-09-17T08:17:17.386+0000] {processor.py:208} INFO - Processing /opt/airflow/dags/youtube_extract_pipeline.py took 0.181 seconds
[2026-09-17T08:17:47.689+0000] {processor.py:186} INFO - Started process (PID=190) to work on /opt/airflow/dags/youtube_extract_pipeline.py
[2026-09-17T08:17:47.691+0000] {processor.py:914} INFO - Processing file /opt/airflow/dags/youtube_extract_pipeline.py for tasks to queue
[2026-09-17T08:17:47.696+0000] {logging_mixin.py:190} INFO - [2026-09-17T08:17:47.696+0000] {dagbag.py:588} INFO - Filling up the DagBag from /opt/airflow/dags/youtube_extract_pipeline.py
[2026-09-17T08:17:47.791+0000] {processor.py:925} INFO - DAG(s) 'youtube_pipeline_extraction' retrieved from /opt/airflow/dags/youtube_extract_pipeline.py
[2026-09-17T08:17:47.814+0000] {logging_mixin.py:190} INFO - [2026-09-17T08:17:47.814+0000] {dag.py:3239} INFO - Sync 1 DAGs
[2026-09-17T08:17:47.838+0000] {logging_mixin.py:190} INFO - [2026-09-17T08:17:47.838+0000] {dag.py:4180} INFO - Setting next_dagrun for youtube_pipeline_extraction to 2026-09-17 07:00:00+00:00, run_after=2026-09-17 08:00:00+00:00
[2026-09-17T08:17:47.858+0000] {processor.py:208} INFO - Processing /opt/airflow/dags/youtube_extract_pipeline.py took 0.180 seconds
[2026-09-17T08:18:18.017+0000] {processor.py:186} INFO - Started process (PID=198) to work on /opt/airflow/dags/youtube_extract_pipeline.py
[2026-09-17T08:18:18.018+0000] {processor.py:914} INFO - Processing file /opt/airflow/dags/youtube_extract_pipeline.py for tasks to queue
[2026-09-17T08:18:18.021+0000] {logging_mixin.py:190} INFO - [2026-09-17T08:18:18.021+0000] {dagbag.py:588} INFO - Filling up the DagBag from /opt/airflow/dags/youtube_extract_pipeline.py
[2026-09-17T08:18:18.076+0000] {processor.py:925} INFO - DAG(s) 'youtube_pipeline_extraction' retrieved from /opt/airflow/dags/youtube_extract_pipeline.py
[2026-09-17T08:18:18.099+0000] {logging_mixin.py:190} INFO - [2026-09-17T08:18:18.099+0000] {dag.py:3239} INFO - Sync 1 DAGs
[2026-09-17T08:18:18.130+0000] {logging_mixin.py:190} INFO - [2026-09-17T08:18:18.130+0000] {dag.py:4180} INFO - Setting next_dagrun for youtube_pipeline_extraction to 2026-09-17 07:00:00+00:00, run_after=2026-09-17 08:00:00+00:00
[2026-09-17T08:18:18.147+0000] {processor.py:208} INFO - Processing /opt/airflow/dags/youtube_extract_pipeline.py took 0.136 seconds
[2026-09-17T08:18:48.480+0000] {processor.py:186} INFO - Started process (PID=206) to work on /opt/airflow/dags/youtube_extract_pipeline.py
[2026-09-17T08:18:48.482+0000] {processor.py:914} INFO - Processing file /opt/airflow/dags/youtube_extract_pipeline.py for tasks to queue
[2026-09-17T08:18:48.485+0000] {logging_mixin.py:190} INFO - [2026-09-17T08:18:48.485+0000] {dagbag.py:588} INFO - Filling up the DagBag from /opt/airflow/dags/youtube_extract_pipeline.py
[2026-09-17T08:18:48.539+0000] {processor.py:925} INFO - DAG(s) 'youtube_pipeline_extraction' retrieved from /opt/airflow/dags/youtube_extract_pipeline.py
[2026-09-17T08:18:48.578+0000] {logging_mixin.py:190} INFO - [2026-09-17T08:18:48.578+0000] {dag.py:3239} INFO - Sync 1 DAGs
[2026-09-17T08:18:48.610+0000] {logging_mixin.py:190} INFO - [2026-09-17T08:18:48.610+0000] {dag.py:4180} INFO - Setting next_dagrun for youtube_pipeline_extraction to 2026-09-17 07:00:00+00:00, run_after=2026-09-17 08:00:00+00:00
[2026-09-17T08:18:48.636+0000] {processor.py:208} INFO - Processing /opt/airflow/dags/youtube_extract_pipeline.py took 0.161 seconds
[2026-09-17T08:19:18.952+0000] {processor.py:186} INFO - Started process (PID=214) to work on /opt/airflow/dags/youtube_extract_pipeline.py
[2026-09-17T08:19:18.954+0000] {processor.py:914} INFO - Processing file /opt/airflow/dags/youtube_extract_pipeline.py for tasks to queue
[2026-09-17T08:19:18.957+0000] {logging_mixin.py:190} INFO - [2026-09-17T08:19:18.957+0000] {dagbag.py:588} INFO - Filling up the DagBag from /opt/airflow/dags/youtube_extract_pipeline.py
[2026-09-17T08:19:19.020+0000] {processor.py:925} INFO - DAG(s) 'youtube_pipeline_extraction' retrieved from /opt/airflow/dags/youtube_extract_pipeline.py
[2026-09-17T08:19:19.046+0000] {logging_mixin.py:190} INFO - [2026-09-17T08:19:19.046+0000] {dag.py:3239} INFO - Sync 1 DAGs
[2026-09-17T08:19:19.077+0000] {logging_mixin.py:190} INFO - [2026-09-17T08:19:19.076+0000] {dag.py:4180} INFO - Setting next_dagrun for youtube_pipeline_extraction to 2026-09-17 07:00:00+00:00, run_after=2026-09-17 08:00:00+00:00
[2026-09-17T08:19:19.103+0000] {processor.py:208} INFO - Processing /opt/airflow/dags/youtube_extract_pipeline.py took 0.158 seconds
[2026-09-17T08:19:49.329+0000] {processor.py:186} INFO - Started process (PID=222) to work on /opt/airflow/dags/youtube_extract_pipeline.py
[2026-09-17T08:19:49.330+0000] {processor.py:914} INFO - Processing file /opt/airflow/dags/youtube_extract_pipeline.py for tasks to queue
[2026-09-17T08:19:49.334+0000] {logging_mixin.py:190} INFO - [2026-09-17T08:19:49.334+0000] {dagbag.py:588} INFO - Filling up the DagBag from /opt/airflow/dags/youtube_extract_pipeline.py
[2026-09-17T08:19:49.413+0000] {processor.py:925} INFO - DAG(s) 'youtube_pipeline_extraction' retrieved from /opt/airflow/dags/youtube_extract_pipeline.py
[2026-09-17T08:19:49.447+0000] {logging_mixin.py:190} INFO - [2026-09-17T08:19:49.446+0000] {dag.py:3239} INFO - Sync 1 DAGs
[2026-09-17T08:19:49.472+0000] {logging_mixin.py:190} INFO - [2026-09-17T08:19:49.472+0000] {dag.py:4180} INFO - Setting next_dagrun for youtube_pipeline_extraction to 2026-09-17 07:00:00+00:00, run_after=2026-09-17 08:00:00+00:00
[2026-09-17T08:19:49.495+0000] {processor.py:208} INFO - Processing /opt/airflow/dags/youtube_extract_pipeline.py took 0.172 seconds
[2026-09-17T08:20:19.841+0000] {processor.py:186} INFO - Started process (PID=230) to work on /opt/airflow/dags/youtube_extract_pipeline.py
[2026-09-17T08:20:19.843+0000] {processor.py:914} INFO - Processing file /opt/airflow/dags/youtube_extract_pipeline.py for tasks to queue
[2026-09-17T08:20:19.846+0000] {logging_mixin.py:190} INFO - [2026-09-17T08:20:19.846+0000] {dagbag.py:588} INFO - Filling up the DagBag from /opt/airflow/dags/youtube_extract_pipeline.py
[2026-09-17T08:20:19.901+0000] {processor.py:925} INFO - DAG(s) 'youtube_pipeline_extraction' retrieved from /opt/airflow/dags/youtube_extract_pipeline.py
[2026-09-17T08:20:19.929+0000] {logging_mixin.py:190} INFO - [2026-09-17T08:20:19.928+0000] {dag.py:3239} INFO - Sync 1 DAGs
[2026-09-17T08:20:19.951+0000] {logging_mixin.py:190} INFO - [2026-09-17T08:20:19.950+0000] {dag.py:4180} INFO - Setting next_dagrun for youtube_pipeline_extraction to 2026-09-17 07:00:00+00:00, run_after=2026-09-17 08:00:00+00:00
[2026-09-17T08:20:19.971+0000] {processor.py:208} INFO - Processing /opt/airflow/dags/youtube_extract_pipeline.py took 0.136 seconds
[2026-09-17T08:20:50.383+0000] {processor.py:186} INFO - Started process (PID=238) to work on /opt/airflow/dags/youtube_extract_pipeline.py
[2026-09-17T08:20:50.385+0000] {processor.py:914} INFO - Processing file /opt/airflow/dags/youtube_extract_pipeline.py for tasks to queue
[2026-09-17T08:20:50.389+0000] {logging_mixin.py:190} INFO - [2026-09-17T08:20:50.388+0000] {dagbag.py:588} INFO - Filling up the DagBag from /opt/airflow/dags/youtube_extract_pipeline.py
[2026-09-17T08:20:50.451+0000] {processor.py:925} INFO - DAG(s) 'youtube_pipeline_extraction' retrieved from /opt/airflow/dags/youtube_extract_pipeline.py
[2026-09-17T08:20:50.480+0000] {logging_mixin.py:190} INFO - [2026-09-17T08:20:50.480+0000] {dag.py:3239} INFO - Sync 1 DAGs
[2026-09-17T08:20:50.501+0000] {logging_mixin.py:190} INFO - [2026-09-17T08:20:50.501+0000] {dag.py:4180} INFO - Setting next_dagrun for youtube_pipeline_extraction to 2026-09-17 07:00:00+00:00, run_after=2026-09-17 08:00:00+00:00
[2026-09-17T08:20:50.520+0000] {processor.py:208} INFO - Processing /opt/airflow/dags/youtube_extract_pipeline.py took 0.145 seconds
[2026-09-17T08:21:20.927+0000] {processor.py:186} INFO - Started process (PID=246) to work on /opt/airflow/dags/youtube_extract_pipeline.py
[2026-09-17T08:21:20.928+0000] {processor.py:914} INFO - Processing file /opt/airflow/dags/youtube_extract_pipeline.py for tasks to queue
[2026-09-17T08:21:20.932+0000] {logging_mixin.py:190} INFO - [2026-09-17T08:21:20.932+0000] {dagbag.py:588} INFO - Filling up the DagBag from /opt/airflow/dags/youtube_extract_pipeline.py
[2026-09-17T08:21:20.988+0000] {processor.py:925} INFO - DAG(s) 'youtube_pipeline_extraction' retrieved from /opt/airflow/dags/youtube_extract_pipeline.py
[2026-09-17T08:21:21.008+0000] {logging_mixin.py:190} INFO - [2026-09-17T08:21:21.007+0000] {dag.py:3239} INFO - Sync 1 DAGs
[2026-09-17T08:21:21.027+0000] {logging_mixin.py:190} INFO - [2026-09-17T08:21:21.027+0000] {dag.py:4180} INFO - Setting next_dagrun for youtube_pipeline_extraction to 2026-09-17 07:00:00+00:00, run_after=2026-09-17 08:00:00+00:00
[2026-09-17T08:21:21.047+0000] {processor.py:208} INFO - Processing /opt/airflow/dags/youtube_extract_pipeline.py took 0.126 seconds
[2026-09-17T08:21:51.393+0000] {processor.py:186} INFO - Started process (PID=254) to work on /opt/airflow/dags/youtube_extract_pipeline.py
[2026-09-17T08:21:51.394+0000] {processor.py:914} INFO - Processing file /opt/airflow/dags/youtube_extract_pipeline.py for tasks to queue
[2026-09-17T08:21:51.397+0000] {logging_mixin.py:190} INFO - [2026-09-17T08:21:51.397+0000] {dagbag.py:588} INFO - Filling up the DagBag from /opt/airflow/dags/youtube_extract_pipeline.py
[2026-09-17T08:21:51.457+0000] {processor.py:925} INFO - DAG(s) 'youtube_pipeline_extraction' retrieved from /opt/airflow/dags/youtube_extract_pipeline.py
[2026-09-17T08:21:51.481+0000] {logging_mixin.py:190} INFO - [2026-09-17T08:21:51.481+0000] {dag.py:3239} INFO - Sync 1 DAGs
[2026-09-17T08:21:51.508+0000] {logging_mixin.py:190} INFO - [2026-09-17T08:21:51.508+0000] {dag.py:4180} INFO - Setting next_dagrun for youtube_pipeline_extraction to 2026-09-17 07:00:00+00:00, run_after=2026-09-17 08:00:00+00:00
[2026-09-17T08:21:51.534+0000] {processor.py:208} INFO - Processing /opt/airflow/dags/youtube_extract_pipeline.py took 0.147 seconds
[2026-09-17T08:22:21.892+0000] {processor.py:186} INFO - Started process (PID=262) to work on /opt/airflow/dags/youtube_extract_pipeline.py
[2026-09-17T08:22:21.894+0000] {processor.py:914} INFO - Processing file /opt/airflow/dags/youtube_extract_pipeline.py for tasks to queue
[2026-09-17T08:22:21.897+0000] {logging_mixin.py:190} INFO - [2026-09-17T08:22:21.897+0000] {dagbag.py:588} INFO - Filling up the DagBag from /opt/airflow/dags/youtube_extract_pipeline.py
[2026-09-17T08:22:21.964+0000] {processor.py:925} INFO - DAG(s) 'youtube_pipeline_extraction' retrieved from /opt/airflow/dags/youtube_extract_pipeline.py
[2026-09-17T08:22:21.989+0000] {logging_mixin.py:190} INFO - [2026-09-17T08:22:21.988+0000] {dag.py:3239} INFO - Sync 1 DAGs
[2026-09-17T08:22:22.011+0000] {logging_mixin.py:190} INFO - [2026-09-17T08:22:22.011+0000] {dag.py:4180} INFO - Setting next_dagrun for youtube_pipeline_extraction to 2026-09-17 07:00:00+00:00, run_after=2026-09-17 08:00:00+00:00
[2026-09-17T08:22:22.031+0000] {processor.py:208} INFO - Processing /opt/airflow/dags/youtube_extract_pipeline.py took 0.145 seconds
[2026-09-17T08:22:52.263+0000] {processor.py:186} INFO - Started process (PID=270) to work on /opt/airflow/dags/youtube_extract_pipeline.py
[2026-09-17T08:22:52.265+0000] {processor.py:914} INFO - Processing file /opt/airflow/dags/youtube_extract_pipeline.py for tasks to queue
[2026-09-17T08:22:52.269+0000] {logging_mixin.py:190} INFO - [2026-09-17T08:22:52.269+0000] {dagbag.py:588} INFO - Filling up the DagBag from /opt/airflow/dags/youtube_extract_pipeline.py
[2026-09-17T08:22:52.341+0000] {processor.py:925} INFO - DAG(s) 'youtube_pipeline_extraction' retrieved from /opt/airflow/dags/youtube_extract_pipeline.py
[2026-09-17T08:22:52.364+0000] {logging_mixin.py:190} INFO - [2026-09-17T08:22:52.364+0000] {dag.py:3239} INFO - Sync 1 DAGs
[2026-09-17T08:22:52.390+0000] {logging_mixin.py:190} INFO - [2026-09-17T08:22:52.389+0000] {dag.py:4180} INFO - Setting next_dagrun for youtube_pipeline_extraction to 2026-09-17 07:00:00+00:00, run_after=2026-09-17 08:00:00+00:00
[2026-09-17T08:22:52.412+0000] {processor.py:208} INFO - Processing /opt/airflow/dags/youtube_extract_pipeline.py took 0.156 seconds
[2026-09-17T08:23:22.790+0000] {processor.py:186} INFO - Started process (PID=278) to work on /opt/airflow/dags/youtube_extract_pipeline.py
[2026-09-17T08:23:22.791+0000] {processor.py:914} INFO - Processing file /opt/airflow/dags/youtube_extract_pipeline.py for tasks to queue
[2026-09-17T08:23:22.794+0000] {logging_mixin.py:190} INFO - [2026-09-17T08:23:22.794+0000] {dagbag.py:588} INFO - Filling up the DagBag from /opt/airflow/dags/youtube_extract_pipeline.py
[2026-09-17T08:23:22.858+0000] {processor.py:925} INFO - DAG(s) 'youtube_pipeline_extraction' retrieved from /opt/airflow/dags/youtube_extract_pipeline.py
[2026-09-17T08:23:22.883+0000] {logging_mixin.py:190} INFO - [2026-09-17T08:23:22.883+0000] {dag.py:3239} INFO - Sync 1 DAGs
[2026-09-17T08:23:22.907+0000] {logging_mixin.py:190} INFO - [2026-09-17T08:23:22.907+0000] {dag.py:4180} INFO - Setting next_dagrun for youtube_pipeline_extraction to 2026-09-17 07:00:00+00:00, run_after=2026-09-17 08:00:00+00:00
[2026-09-17T08:23:22.927+0000] {processor.py:208} INFO - Processing /opt/airflow/dags/youtube_extract_pipeline.py took 0.142 seconds
[2026-09-17T08:23:53.285+0000] {processor.py:186} INFO - Started process (PID=292) to work on /opt/airflow/dags/youtube_extract_pipeline.py
[2026-09-17T08:23:53.288+0000] {processor.py:914} INFO - Processing file /opt/airflow/dags/youtube_extract_pipeline.py for tasks to queue
[2026-09-17T08:23:53.293+0000] {logging_mixin.py:190} INFO - [2026-09-17T08:23:53.292+0000] {dagbag.py:588} INFO - Filling up the DagBag from /opt/airflow/dags/youtube_extract_pipeline.py
[2026-09-17T08:23:53.371+0000] {processor.py:925} INFO - DAG(s) 'youtube_pipeline_extraction' retrieved from /opt/airflow/dags/youtube_extract_pipeline.py
[2026-09-17T08:23:53.405+0000] {logging_mixin.py:190} INFO - [2026-09-17T08:23:53.404+0000] {dag.py:3239} INFO - Sync 1 DAGs
[2026-09-17T08:23:53.446+0000] {logging_mixin.py:190} INFO - [2026-09-17T08:23:53.446+0000] {dag.py:4180} INFO - Setting next_dagrun for youtube_pipeline_extraction to 2026-09-17 07:00:00+00:00, run_after=2026-09-17 08:00:00+00:00
[2026-09-17T08:23:53.466+0000] {processor.py:208} INFO - Processing /opt/airflow/dags/youtube_extract_pipeline.py took 0.189 seconds
[2026-09-17T08:24:24.425+0000] {processor.py:186} INFO - Started process (PID=300) to work on /opt/airflow/dags/youtube_extract_pipeline.py
[2026-09-17T08:24:24.429+0000] {processor.py:914} INFO - Processing file /opt/airflow/dags/youtube_extract_pipeline.py for tasks to queue
[2026-09-17T08:24:24.434+0000] {logging_mixin.py:190} INFO - [2026-09-17T08:24:24.433+0000] {dagbag.py:588} INFO - Filling up the DagBag from /opt/airflow/dags/youtube_extract_pipeline.py
[2026-09-17T08:24:24.587+0000] {processor.py:925} INFO - DAG(s) 'youtube_pipeline_extraction' retrieved from /opt/airflow/dags/youtube_extract_pipeline.py
[2026-09-17T08:24:24.629+0000] {logging_mixin.py:190} INFO - [2026-09-17T08:24:24.629+0000] {dag.py:3239} INFO - Sync 1 DAGs
[2026-09-17T08:24:24.705+0000] {logging_mixin.py:190} INFO - [2026-09-17T08:24:24.705+0000] {dag.py:4180} INFO - Setting next_dagrun for youtube_pipeline_extraction to 2026-09-17 07:00:00+00:00, run_after=2026-09-17 08:00:00+00:00
[2026-09-17T08:24:24.752+0000] {processor.py:208} INFO - Processing /opt/airflow/dags/youtube_extract_pipeline.py took 0.336 seconds
[2026-09-17T08:24:55.148+0000] {processor.py:186} INFO - Started process (PID=308) to work on /opt/airflow/dags/youtube_extract_pipeline.py
[2026-09-17T08:24:55.153+0000] {processor.py:914} INFO - Processing file /opt/airflow/dags/youtube_extract_pipeline.py for tasks to queue
[2026-09-17T08:24:55.159+0000] {logging_mixin.py:190} INFO - [2026-09-17T08:24:55.158+0000] {dagbag.py:588} INFO - Filling up the DagBag from /opt/airflow/dags/youtube_extract_pipeline.py
[2026-09-17T08:24:55.242+0000] {processor.py:925} INFO - DAG(s) 'youtube_pipeline_extraction' retrieved from /opt/airflow/dags/youtube_extract_pipeline.py
[2026-09-17T08:24:55.280+0000] {logging_mixin.py:190} INFO - [2026-09-17T08:24:55.279+0000] {dag.py:3239} INFO - Sync 1 DAGs
[2026-09-17T08:24:55.309+0000] {logging_mixin.py:190} INFO - [2026-09-17T08:24:55.309+0000] {dag.py:4180} INFO - Setting next_dagrun for youtube_pipeline_extraction to 2026-09-17 07:00:00+00:00, run_after=2026-09-17 08:00:00+00:00
[2026-09-17T08:24:55.330+0000] {processor.py:208} INFO - Processing /opt/airflow/dags/youtube_extract_pipeline.py took 0.253 seconds
[2026-09-17T08:25:25.613+0000] {processor.py:186} INFO - Started process (PID=316) to work on /opt/airflow/dags/youtube_extract_pipeline.py
[2026-09-17T08:25:25.614+0000] {processor.py:914} INFO - Processing file /opt/airflow/dags/youtube_extract_pipeline.py for tasks to queue
[2026-09-17T08:25:25.618+0000] {logging_mixin.py:190} INFO - [2026-09-17T08:25:25.617+0000] {dagbag.py:588} INFO - Filling up the DagBag from /opt/airflow/dags/youtube_extract_pipeline.py
[2026-09-17T08:25:25.690+0000] {processor.py:925} INFO - DAG(s) 'youtube_pipeline_extraction' retrieved from /opt/airflow/dags/youtube_extract_pipeline.py
[2026-09-17T08:25:25.715+0000] {logging_mixin.py:190} INFO - [2026-09-17T08:25:25.715+0000] {dag.py:3239} INFO - Sync 1 DAGs
[2026-09-17T08:25:25.746+0000] {logging_mixin.py:190} INFO - [2026-09-17T08:25:25.746+0000] {dag.py:4180} INFO - Setting next_dagrun for youtube_pipeline_extraction to 2026-09-17 07:00:00+00:00, run_after=2026-09-17 08:00:00+00:00
[2026-09-17T08:25:25.766+0000] {processor.py:208} INFO - Processing /opt/airflow/dags/youtube_extract_pipeline.py took 0.158 seconds
[2026-09-17T08:25:55.972+0000] {processor.py:186} INFO - Started process (PID=325) to work on /opt/airflow/dags/youtube_extract_pipeline.py
[2026-09-17T08:25:55.973+0000] {processor.py:914} INFO - Processing file /opt/airflow/dags/youtube_extract_pipeline.py for tasks to queue
[2026-09-17T08:25:55.977+0000] {logging_mixin.py:190} INFO - [2026-09-17T08:25:55.977+0000] {dagbag.py:588} INFO - Filling up the DagBag from /opt/airflow/dags/youtube_extract_pipeline.py
[2026-09-17T08:25:56.085+0000] {processor.py:925} INFO - DAG(s) 'youtube_pipeline_extraction' retrieved from /opt/airflow/dags/youtube_extract_pipeline.py
[2026-09-17T08:25:56.103+0000] {logging_mixin.py:190} INFO - [2026-09-17T08:25:56.103+0000] {dag.py:3239} INFO - Sync 1 DAGs
[2026-09-17T08:25:56.123+0000] {logging_mixin.py:190} INFO - [2026-09-17T08:25:56.122+0000] {dag.py:4180} INFO - Setting next_dagrun for youtube_pipeline_extraction to 2026-09-17 07:00:00+00:00, run_after=2026-09-17 08:00:00+00:00
[2026-09-17T08:25:56.142+0000] {processor.py:208} INFO - Processing /opt/airflow/dags/youtube_extract_pipeline.py took 0.178 seconds
[2026-09-17T08:26:26.512+0000] {processor.py:186} INFO - Started process (PID=333) to work on /opt/airflow/dags/youtube_extract_pipeline.py
[2026-09-17T08:26:26.514+0000] {processor.py:914} INFO - Processing file /opt/airflow/dags/youtube_extract_pipeline.py for tasks to queue
[2026-09-17T08:26:26.518+0000] {logging_mixin.py:190} INFO - [2026-09-17T08:26:26.517+0000] {dagbag.py:588} INFO - Filling up the DagBag from /opt/airflow/dags/youtube_extract_pipeline.py
[2026-09-17T08:26:26.582+0000] {processor.py:925} INFO - DAG(s) 'youtube_pipeline_extraction' retrieved from /opt/airflow/dags/youtube_extract_pipeline.py
[2026-09-17T08:26:26.604+0000] {logging_mixin.py:190} INFO - [2026-09-17T08:26:26.603+0000] {dag.py:3239} INFO - Sync 1 DAGs
[2026-09-17T08:26:26.626+0000] {logging_mixin.py:190} INFO - [2026-09-17T08:26:26.625+0000] {dag.py:4180} INFO - Setting next_dagrun for youtube_pipeline_extraction to 2026-09-17 07:00:00+00:00, run_after=2026-09-17 08:00:00+00:00
[2026-09-17T08:26:26.644+0000] {processor.py:208} INFO - Processing /opt/airflow/dags/youtube_extract_pipeline.py took 0.137 seconds
[2026-09-17T08:26:57.051+0000] {processor.py:186} INFO - Started process (PID=341) to work on /opt/airflow/dags/youtube_extract_pipeline.py
[2026-09-17T08:26:57.053+0000] {processor.py:914} INFO - Processing file /opt/airflow/dags/youtube_extract_pipeline.py for tasks to queue
[2026-09-17T08:26:57.057+0000] {logging_mixin.py:190} INFO - [2026-09-17T08:26:57.056+0000] {dagbag.py:588} INFO - Filling up the DagBag from /opt/airflow/dags/youtube_extract_pipeline.py
[2026-09-17T08:26:57.113+0000] {processor.py:925} INFO - DAG(s) 'youtube_pipeline_extraction' retrieved from /opt/airflow/dags/youtube_extract_pipeline.py
[2026-09-17T08:26:57.133+0000] {logging_mixin.py:190} INFO - [2026-09-17T08:26:57.133+0000] {dag.py:3239} INFO - Sync 1 DAGs
[2026-09-17T08:26:57.158+0000] {logging_mixin.py:190} INFO - [2026-09-17T08:26:57.158+0000] {dag.py:4180} INFO - Setting next_dagrun for youtube_pipeline_extraction to 2026-09-17 07:00:00+00:00, run_after=2026-09-17 08:00:00+00:00
[2026-09-17T08:26:57.177+0000] {processor.py:208} INFO - Processing /opt/airflow/dags/youtube_extract_pipeline.py took 0.130 seconds
[2026-09-17T08:27:27.557+0000] {processor.py:186} INFO - Started process (PID=349) to work on /opt/airflow/dags/youtube_extract_pipeline.py
[2026-09-17T08:27:27.559+0000] {processor.py:914} INFO - Processing file /opt/airflow/dags/youtube_extract_pipeline.py for tasks to queue
[2026-09-17T08:27:27.562+0000] {logging_mixin.py:190} INFO - [2026-09-17T08:27:27.562+0000] {dagbag.py:588} INFO - Filling up the DagBag from /opt/airflow/dags/youtube_extract_pipeline.py
[2026-09-17T08:27:27.623+0000] {processor.py:925} INFO - DAG(s) 'youtube_pipeline_extraction' retrieved from /opt/airflow/dags/youtube_extract_pipeline.py
[2026-09-17T08:27:27.648+0000] {logging_mixin.py:190} INFO - [2026-09-17T08:27:27.648+0000] {dag.py:3239} INFO - Sync 1 DAGs
[2026-09-17T08:27:27.669+0000] {logging_mixin.py:190} INFO - [2026-09-17T08:27:27.669+0000] {dag.py:4180} INFO - Setting next_dagrun for youtube_pipeline_extraction to 2026-09-17 07:00:00+00:00, run_after=2026-09-17 08:00:00+00:00
[2026-09-17T08:27:27.687+0000] {processor.py:208} INFO - Processing /opt/airflow/dags/youtube_extract_pipeline.py took 0.135 seconds
[2026-09-17T08:27:57.901+0000] {processor.py:186} INFO - Started process (PID=357) to work on /opt/airflow/dags/youtube_extract_pipeline.py
[2026-09-17T08:27:57.903+0000] {processor.py:914} INFO - Processing file /opt/airflow/dags/youtube_extract_pipeline.py for tasks to queue
[2026-09-17T08:27:57.907+0000] {logging_mixin.py:190} INFO - [2026-09-17T08:27:57.907+0000] {dagbag.py:588} INFO - Filling up the DagBag from /opt/airflow/dags/youtube_extract_pipeline.py
[2026-09-17T08:27:57.958+0000] {processor.py:925} INFO - DAG(s) 'youtube_pipeline_extraction' retrieved from /opt/airflow/dags/youtube_extract_pipeline.py
[2026-09-17T08:27:57.981+0000] {logging_mixin.py:190} INFO - [2026-09-17T08:27:57.980+0000] {dag.py:3239} INFO - Sync 1 DAGs
[2026-09-17T08:27:58.008+0000] {logging_mixin.py:190} INFO - [2026-09-17T08:27:58.008+0000] {dag.py:4180} INFO - Setting next_dagrun for youtube_pipeline_extraction to 2026-09-17 07:00:00+00:00, run_after=2026-09-17 08:00:00+00:00
[2026-09-17T08:27:58.030+0000] {processor.py:208} INFO - Processing /opt/airflow/dags/youtube_extract_pipeline.py took 0.134 seconds
[2026-09-17T08:28:28.366+0000] {processor.py:186} INFO - Started process (PID=365) to work on /opt/airflow/dags/youtube_extract_pipeline.py
[2026-09-17T08:28:28.368+0000] {processor.py:914} INFO - Processing file /opt/airflow/dags/youtube_extract_pipeline.py for tasks to queue
[2026-09-17T08:28:28.371+0000] {logging_mixin.py:190} INFO - [2026-09-17T08:28:28.371+0000] {dagbag.py:588} INFO - Filling up the DagBag from /opt/airflow/dags/youtube_extract_pipeline.py
[2026-09-17T08:28:28.426+0000] {processor.py:925} INFO - DAG(s) 'youtube_pipeline_extraction' retrieved from /opt/airflow/dags/youtube_extract_pipeline.py
[2026-09-17T08:28:28.446+0000] {logging_mixin.py:190} INFO - [2026-09-17T08:28:28.445+0000] {dag.py:3239} INFO - Sync 1 DAGs
[2026-09-17T08:28:28.466+0000] {logging_mixin.py:190} INFO - [2026-09-17T08:28:28.466+0000] {dag.py:4180} INFO - Setting next_dagrun for youtube_pipeline_extraction to 2026-09-17 07:00:00+00:00, run_after=2026-09-17 08:00:00+00:00
[2026-09-17T08:28:28.486+0000] {processor.py:208} INFO - Processing /opt/airflow/dags/youtube_extract_pipeline.py took 0.126 seconds
[2026-09-17T08:28:58.702+0000] {processor.py:186} INFO - Started process (PID=373) to work on /opt/airflow/dags/youtube_extract_pipeline.py
[2026-09-17T08:28:58.704+0000] {processor.py:914} INFO - Processing file /opt/airflow/dags/youtube_extract_pipeline.py for tasks to queue
[2026-09-17T08:28:58.709+0000] {logging_mixin.py:190} INFO - [2026-09-17T08:28:58.708+0000] {dagbag.py:588} INFO - Filling up the DagBag from /opt/airflow/dags/youtube_extract_pipeline.py
[2026-09-17T08:28:58.780+0000] {processor.py:925} INFO - DAG(s) 'youtube_pipeline_extraction' retrieved from /opt/airflow/dags/youtube_extract_pipeline.py
[2026-09-17T08:28:58.803+0000] {logging_mixin.py:190} INFO - [2026-09-17T08:28:58.803+0000] {dag.py:3239} INFO - Sync 1 DAGs
[2026-09-17T08:28:58.828+0000] {logging_mixin.py:190} INFO - [2026-09-17T08:28:58.828+0000] {dag.py:4180} INFO - Setting next_dagrun for youtube_pipeline_extraction to 2026-09-17 07:00:00+00:00, run_after=2026-09-17 08:00:00+00:00
[2026-09-17T08:28:58.862+0000] {processor.py:208} INFO - Processing /opt/airflow/dags/youtube_extract_pipeline.py took 0.166 seconds
[2026-09-17T08:29:29.238+0000] {processor.py:186} INFO - Started process (PID=382) to work on /opt/airflow/dags/youtube_extract_pipeline.py
[2026-09-17T08:29:29.239+0000] {processor.py:914} INFO - Processing file /opt/airflow/dags/youtube_extract_pipeline.py for tasks to queue
[2026-09-17T08:29:29.244+0000] {logging_mixin.py:190} INFO - [2026-09-17T08:29:29.243+0000] {dagbag.py:588} INFO - Filling up the DagBag from /opt/airflow/dags/youtube_extract_pipeline.py
[2026-09-17T08:29:29.301+0000] {processor.py:925} INFO - DAG(s) 'youtube_pipeline_extraction' retrieved from /opt/airflow/dags/youtube_extract_pipeline.py
[2026-09-17T08:29:29.322+0000] {logging_mixin.py:190} INFO - [2026-09-17T08:29:29.321+0000] {dag.py:3239} INFO - Sync 1 DAGs
[2026-09-17T08:29:29.344+0000] {logging_mixin.py:190} INFO - [2026-09-17T08:29:29.344+0000] {dag.py:4180} INFO - Setting next_dagrun for youtube_pipeline_extraction to 2026-09-17 07:00:00+00:00, run_after=2026-09-17 08:00:00+00:00
[2026-09-17T08:29:29.374+0000] {processor.py:208} INFO - Processing /opt/airflow/dags/youtube_extract_pipeline.py took 0.143 seconds
[2026-09-17T08:29:59.805+0000] {processor.py:186} INFO - Started process (PID=390) to work on /opt/airflow/dags/youtube_extract_pipeline.py
[2026-09-17T08:29:59.807+0000] {processor.py:914} INFO - Processing file /opt/airflow/dags/youtube_extract_pipeline.py for tasks to queue
[2026-09-17T08:29:59.811+0000] {logging_mixin.py:190} INFO - [2026-09-17T08:29:59.810+0000] {dagbag.py:588} INFO - Filling up the DagBag from /opt/airflow/dags/youtube_extract_pipeline.py
[2026-09-17T08:29:59.885+0000] {processor.py:925} INFO - DAG(s) 'youtube_pipeline_extraction' retrieved from /opt/airflow/dags/youtube_extract_pipeline.py
[2026-09-17T08:29:59.914+0000] {logging_mixin.py:190} INFO - [2026-09-17T08:29:59.914+0000] {dag.py:3239} INFO - Sync 1 DAGs
[2026-09-17T08:29:59.941+0000] {logging_mixin.py:190} INFO - [2026-09-17T08:29:59.941+0000] {dag.py:4180} INFO - Setting next_dagrun for youtube_pipeline_extraction to 2026-09-17 07:00:00+00:00, run_after=2026-09-17 08:00:00+00:00
[2026-09-17T08:29:59.963+0000] {processor.py:208} INFO - Processing /opt/airflow/dags/youtube_extract_pipeline.py took 0.163 seconds
[2026-09-17T08:30:30.157+0000] {processor.py:186} INFO - Started process (PID=398) to work on /opt/airflow/dags/youtube_extract_pipeline.py
[2026-09-17T08:30:30.159+0000] {processor.py:914} INFO - Processing file /opt/airflow/dags/youtube_extract_pipeline.py for tasks to queue
[2026-09-17T08:30:30.163+0000] {logging_mixin.py:190} INFO - [2026-09-17T08:30:30.163+0000] {dagbag.py:588} INFO - Filling up the DagBag from /opt/airflow/dags/youtube_extract_pipeline.py
[2026-09-17T08:30:30.223+0000] {processor.py:925} INFO - DAG(s) 'youtube_pipeline_extraction' retrieved from /opt/airflow/dags/youtube_extract_pipeline.py
[2026-09-17T08:30:30.249+0000] {logging_mixin.py:190} INFO - [2026-09-17T08:30:30.248+0000] {dag.py:3239} INFO - Sync 1 DAGs
[2026-09-17T08:30:30.272+0000] {logging_mixin.py:190} INFO - [2026-09-17T08:30:30.272+0000] {dag.py:4180} INFO - Setting next_dagrun for youtube_pipeline_extraction to 2026-09-17 07:00:00+00:00, run_after=2026-09-17 08:00:00+00:00
[2026-09-17T08:30:30.294+0000] {processor.py:208} INFO - Processing /opt/airflow/dags/youtube_extract_pipeline.py took 0.142 seconds
[2026-09-17T08:31:00.604+0000] {processor.py:186} INFO - Started process (PID=406) to work on /opt/airflow/dags/youtube_extract_pipeline.py
[2026-09-17T08:31:00.607+0000] {processor.py:914} INFO - Processing file /opt/airflow/dags/youtube_extract_pipeline.py for tasks to queue
[2026-09-17T08:31:00.611+0000] {logging_mixin.py:190} INFO - [2026-09-17T08:31:00.610+0000] {dagbag.py:588} INFO - Filling up the DagBag from /opt/airflow/dags/youtube_extract_pipeline.py
[2026-09-17T08:31:00.661+0000] {processor.py:925} INFO - DAG(s) 'youtube_pipeline_extraction' retrieved from /opt/airflow/dags/youtube_extract_pipeline.py
[2026-09-17T08:31:00.680+0000] {logging_mixin.py:190} INFO - [2026-09-17T08:31:00.680+0000] {dag.py:3239} INFO - Sync 1 DAGs
[2026-09-17T08:31:00.701+0000] {logging_mixin.py:190} INFO - [2026-09-17T08:31:00.701+0000] {dag.py:4180} INFO - Setting next_dagrun for youtube_pipeline_extraction to 2026-09-17 07:00:00+00:00, run_after=2026-09-17 08:00:00+00:00
[2026-09-17T08:31:00.720+0000] {processor.py:208} INFO - Processing /opt/airflow/dags/youtube_extract_pipeline.py took 0.120 seconds
[2026-09-17T08:31:31.094+0000] {processor.py:186} INFO - Started process (PID=414) to work on /opt/airflow/dags/youtube_extract_pipeline.py
[2026-09-17T08:31:31.096+0000] {processor.py:914} INFO - Processing file /opt/airflow/dags/youtube_extract_pipeline.py for tasks to queue
[2026-09-17T08:31:31.099+0000] {logging_mixin.py:190} INFO - [2026-09-17T08:31:31.098+0000] {dagbag.py:588} INFO - Filling up the DagBag from /opt/airflow/dags/youtube_extract_pipeline.py
[2026-09-17T08:31:31.156+0000] {processor.py:925} INFO - DAG(s) 'youtube_pipeline_extraction' retrieved from /opt/airflow/dags/youtube_extract_pipeline.py
[2026-09-17T08:31:31.180+0000] {logging_mixin.py:190} INFO - [2026-09-17T08:31:31.180+0000] {dag.py:3239} INFO - Sync 1 DAGs
[2026-09-17T08:31:31.203+0000] {logging_mixin.py:190} INFO - [2026-09-17T08:31:31.202+0000] {dag.py:4180} INFO - Setting next_dagrun for youtube_pipeline_extraction to 2026-09-17 07:00:00+00:00, run_after=2026-09-17 08:00:00+00:00
[2026-09-17T08:31:31.222+0000] {processor.py:208} INFO - Processing /opt/airflow/dags/youtube_extract_pipeline.py took 0.133 seconds
[2026-09-17T08:32:01.448+0000] {processor.py:186} INFO - Started process (PID=422) to work on /opt/airflow/dags/youtube_extract_pipeline.py
[2026-09-17T08:32:01.449+0000] {processor.py:914} INFO - Processing file /opt/airflow/dags/youtube_extract_pipeline.py for tasks to queue
[2026-09-17T08:32:01.453+0000] {logging_mixin.py:190} INFO - [2026-09-17T08:32:01.452+0000] {dagbag.py:588} INFO - Filling up the DagBag from /opt/airflow/dags/youtube_extract_pipeline.py
[2026-09-17T08:32:01.507+0000] {processor.py:925} INFO - DAG(s) 'youtube_pipeline_extraction' retrieved from /opt/airflow/dags/youtube_extract_pipeline.py
[2026-09-17T08:32:01.548+0000] {logging_mixin.py:190} INFO - [2026-09-17T08:32:01.548+0000] {dag.py:3239} INFO - Sync 1 DAGs
[2026-09-17T08:32:01.600+0000] {logging_mixin.py:190} INFO - [2026-09-17T08:32:01.600+0000] {dag.py:4180} INFO - Setting next_dagrun for youtube_pipeline_extraction to 2026-09-17 07:00:00+00:00, run_after=2026-09-17 08:00:00+00:00
[2026-09-17T08:32:01.617+0000] {processor.py:208} INFO - Processing /opt/airflow/dags/youtube_extract_pipeline.py took 0.174 seconds
[2026-09-17T08:32:31.948+0000] {processor.py:186} INFO - Started process (PID=430) to work on /opt/airflow/dags/youtube_extract_pipeline.py
[2026-09-17T08:32:31.950+0000] {processor.py:914} INFO - Processing file /opt/airflow/dags/youtube_extract_pipeline.py for tasks to queue
[2026-09-17T08:32:31.953+0000] {logging_mixin.py:190} INFO - [2026-09-17T08:32:31.952+0000] {dagbag.py:588} INFO - Filling up the DagBag from /opt/airflow/dags/youtube_extract_pipeline.py
[2026-09-17T08:32:32.016+0000] {processor.py:925} INFO - DAG(s) 'youtube_pipeline_extraction' retrieved from /opt/airflow/dags/youtube_extract_pipeline.py
[2026-09-17T08:32:32.042+0000] {logging_mixin.py:190} INFO - [2026-09-17T08:32:32.042+0000] {dag.py:3239} INFO - Sync 1 DAGs
[2026-09-17T08:32:32.061+0000] {logging_mixin.py:190} INFO - [2026-09-17T08:32:32.061+0000] {dag.py:4180} INFO - Setting next_dagrun for youtube_pipeline_extraction to 2026-09-17 07:00:00+00:00, run_after=2026-09-17 08:00:00+00:00
[2026-09-17T08:32:32.080+0000] {processor.py:208} INFO - Processing /opt/airflow/dags/youtube_extract_pipeline.py took 0.138 seconds
[2026-09-17T08:33:02.330+0000] {processor.py:186} INFO - Started process (PID=438) to work on /opt/airflow/dags/youtube_extract_pipeline.py
[2026-09-17T08:33:02.332+0000] {processor.py:914} INFO - Processing file /opt/airflow/dags/youtube_extract_pipeline.py for tasks to queue
[2026-09-17T08:33:02.336+0000] {logging_mixin.py:190} INFO - [2026-09-17T08:33:02.335+0000] {dagbag.py:588} INFO - Filling up the DagBag from /opt/airflow/dags/youtube_extract_pipeline.py
[2026-09-17T08:33:02.394+0000] {processor.py:925} INFO - DAG(s) 'youtube_pipeline_extraction' retrieved from /opt/airflow/dags/youtube_extract_pipeline.py
[2026-09-17T08:33:02.417+0000] {logging_mixin.py:190} INFO - [2026-09-17T08:33:02.416+0000] {dag.py:3239} INFO - Sync 1 DAGs
[2026-09-17T08:33:02.439+0000] {logging_mixin.py:190} INFO - [2026-09-17T08:33:02.439+0000] {dag.py:4180} INFO - Setting next_dagrun for youtube_pipeline_extraction to 2026-09-17 07:00:00+00:00, run_after=2026-09-17 08:00:00+00:00
[2026-09-17T08:33:02.458+0000] {processor.py:208} INFO - Processing /opt/airflow/dags/youtube_extract_pipeline.py took 0.135 seconds
[2026-09-17T08:33:32.764+0000] {processor.py:186} INFO - Started process (PID=446) to work on /opt/airflow/dags/youtube_extract_pipeline.py
[2026-09-17T08:33:32.766+0000] {processor.py:914} INFO - Processing file /opt/airflow/dags/youtube_extract_pipeline.py for tasks to queue
[2026-09-17T08:33:32.770+0000] {logging_mixin.py:190} INFO - [2026-09-17T08:33:32.770+0000] {dagbag.py:588} INFO - Filling up the DagBag from /opt/airflow/dags/youtube_extract_pipeline.py
[2026-09-17T08:33:32.828+0000] {processor.py:925} INFO - DAG(s) 'youtube_pipeline_extraction' retrieved from /opt/airflow/dags/youtube_extract_pipeline.py
[2026-09-17T08:33:32.846+0000] {logging_mixin.py:190} INFO - [2026-09-17T08:33:32.846+0000] {dag.py:3239} INFO - Sync 1 DAGs
[2026-09-17T08:33:32.868+0000] {logging_mixin.py:190} INFO - [2026-09-17T08:33:32.868+0000] {dag.py:4180} INFO - Setting next_dagrun for youtube_pipeline_extraction to 2026-09-17 07:00:00+00:00, run_after=2026-09-17 08:00:00+00:00
[2026-09-17T08:33:32.902+0000] {processor.py:208} INFO - Processing /opt/airflow/dags/youtube_extract_pipeline.py took 0.144 seconds
[2026-09-17T08:34:03.107+0000] {processor.py:186} INFO - Started process (PID=454) to work on /opt/airflow/dags/youtube_extract_pipeline.py
[2026-09-17T08:34:03.109+0000] {processor.py:914} INFO - Processing file /opt/airflow/dags/youtube_extract_pipeline.py for tasks to queue
[2026-09-17T08:34:03.112+0000] {logging_mixin.py:190} INFO - [2026-09-17T08:34:03.112+0000] {dagbag.py:588} INFO - Filling up the DagBag from /opt/airflow/dags/youtube_extract_pipeline.py
[2026-09-17T08:34:03.168+0000] {processor.py:925} INFO - DAG(s) 'youtube_pipeline_extraction' retrieved from /opt/airflow/dags/youtube_extract_pipeline.py
[2026-09-17T08:34:03.189+0000] {logging_mixin.py:190} INFO - [2026-09-17T08:34:03.189+0000] {dag.py:3239} INFO - Sync 1 DAGs
[2026-09-17T08:34:03.214+0000] {logging_mixin.py:190} INFO - [2026-09-17T08:34:03.214+0000] {dag.py:4180} INFO - Setting next_dagrun for youtube_pipeline_extraction to 2026-09-17 07:00:00+00:00, run_after=2026-09-17 08:00:00+00:00
[2026-09-17T08:34:03.233+0000] {processor.py:208} INFO - Processing /opt/airflow/dags/youtube_extract_pipeline.py took 0.133 seconds
[2026-09-17T08:34:33.576+0000] {processor.py:186} INFO - Started process (PID=462) to work on /opt/airflow/dags/youtube_extract_pipeline.py
[2026-09-17T08:34:33.577+0000] {processor.py:914} INFO - Processing file /opt/airflow/dags/youtube_extract_pipeline.py for tasks to queue
[2026-09-17T08:34:33.580+0000] {logging_mixin.py:190} INFO - [2026-09-17T08:34:33.580+0000] {dagbag.py:588} INFO - Filling up the DagBag from /opt/airflow/dags/youtube_extract_pipeline.py
[2026-09-17T08:34:33.637+0000] {processor.py:925} INFO - DAG(s) 'youtube_pipeline_extraction' retrieved from /opt/airflow/dags/youtube_extract_pipeline.py
[2026-09-17T08:34:33.657+0000] {logging_mixin.py:190} INFO - [2026-09-17T08:34:33.657+0000] {dag.py:3239} INFO - Sync 1 DAGs
[2026-09-17T08:34:33.682+0000] {logging_mixin.py:190} INFO - [2026-09-17T08:34:33.682+0000] {dag.py:4180} INFO - Setting next_dagrun for youtube_pipeline_extraction to 2026-09-17 07:00:00+00:00, run_after=2026-09-17 08:00:00+00:00
[2026-09-17T08:34:33.702+0000] {processor.py:208} INFO - Processing /opt/airflow/dags/youtube_extract_pipeline.py took 0.131 seconds
[2026-09-17T08:35:04.109+0000] {processor.py:186} INFO - Started process (PID=471) to work on /opt/airflow/dags/youtube_extract_pipeline.py
[2026-09-17T08:35:04.110+0000] {processor.py:914} INFO - Processing file /opt/airflow/dags/youtube_extract_pipeline.py for tasks to queue
[2026-09-17T08:35:04.113+0000] {logging_mixin.py:190} INFO - [2026-09-17T08:35:04.113+0000] {dagbag.py:588} INFO - Filling up the DagBag from /opt/airflow/dags/youtube_extract_pipeline.py
[2026-09-17T08:35:04.162+0000] {processor.py:925} INFO - DAG(s) 'youtube_pipeline_extraction' retrieved from /opt/airflow/dags/youtube_extract_pipeline.py
[2026-09-17T08:35:04.183+0000] {logging_mixin.py:190} INFO - [2026-09-17T08:35:04.182+0000] {dag.py:3239} INFO - Sync 1 DAGs
[2026-09-17T08:35:04.204+0000] {logging_mixin.py:190} INFO - [2026-09-17T08:35:04.204+0000] {dag.py:4180} INFO - Setting next_dagrun for youtube_pipeline_extraction to 2026-09-17 07:00:00+00:00, run_after=2026-09-17 08:00:00+00:00
[2026-09-17T08:35:04.224+0000] {processor.py:208} INFO - Processing /opt/airflow/dags/youtube_extract_pipeline.py took 0.121 seconds
[2026-09-17T08:35:34.506+0000] {processor.py:186} INFO - Started process (PID=479) to work on /opt/airflow/dags/youtube_extract_pipeline.py
[2026-09-17T08:35:34.508+0000] {processor.py:914} INFO - Processing file /opt/airflow/dags/youtube_extract_pipeline.py for tasks to queue
[2026-09-17T08:35:34.511+0000] {logging_mixin.py:190} INFO - [2026-09-17T08:35:34.510+0000] {dagbag.py:588} INFO - Filling up the DagBag from /opt/airflow/dags/youtube_extract_pipeline.py
[2026-09-17T08:35:34.568+0000] {processor.py:925} INFO - DAG(s) 'youtube_pipeline_extraction' retrieved from /opt/airflow/dags/youtube_extract_pipeline.py
[2026-09-17T08:35:34.587+0000] {logging_mixin.py:190} INFO - [2026-09-17T08:35:34.587+0000] {dag.py:3239} INFO - Sync 1 DAGs
[2026-09-17T08:35:34.608+0000] {logging_mixin.py:190} INFO - [2026-09-17T08:35:34.607+0000] {dag.py:4180} INFO - Setting next_dagrun for youtube_pipeline_extraction to 2026-09-17 07:00:00+00:00, run_after=2026-09-17 08:00:00+00:00
[2026-09-17T08:35:34.638+0000] {processor.py:208} INFO - Processing /opt/airflow/dags/youtube_extract_pipeline.py took 0.137 seconds
[2026-09-17T08:36:04.921+0000] {processor.py:186} INFO - Started process (PID=487) to work on /opt/airflow/dags/youtube_extract_pipeline.py
[2026-09-17T08:36:04.923+0000] {processor.py:914} INFO - Processing file /opt/airflow/dags/youtube_extract_pipeline.py for tasks to queue
[2026-09-17T08:36:04.929+0000] {logging_mixin.py:190} INFO - [2026-09-17T08:36:04.929+0000] {dagbag.py:588} INFO - Filling up the DagBag from /opt/airflow/dags/youtube_extract_pipeline.py
[2026-09-17T08:36:04.984+0000] {processor.py:925} INFO - DAG(s) 'youtube_pipeline_extraction' retrieved from /opt/airflow/dags/youtube_extract_pipeline.py
[2026-09-17T08:36:05.004+0000] {logging_mixin.py:190} INFO - [2026-09-17T08:36:05.004+0000] {dag.py:3239} INFO - Sync 1 DAGs
[2026-09-17T08:36:05.024+0000] {logging_mixin.py:190} INFO - [2026-09-17T08:36:05.024+0000] {dag.py:4180} INFO - Setting next_dagrun for youtube_pipeline_extraction to 2026-09-17 07:00:00+00:00, run_after=2026-09-17 08:00:00+00:00
[2026-09-17T08:36:05.047+0000] {processor.py:208} INFO - Processing /opt/airflow/dags/youtube_extract_pipeline.py took 0.131 seconds
[2026-09-17T08:36:35.282+0000] {processor.py:186} INFO - Started process (PID=495) to work on /opt/airflow/dags/youtube_extract_pipeline.py
[2026-09-17T08:36:35.284+0000] {processor.py:914} INFO - Processing file /opt/airflow/dags/youtube_extract_pipeline.py for tasks to queue
[2026-09-17T08:36:35.288+0000] {logging_mixin.py:190} INFO - [2026-09-17T08:36:35.288+0000] {dagbag.py:588} INFO - Filling up the DagBag from /opt/airflow/dags/youtube_extract_pipeline.py
[2026-09-17T08:36:35.357+0000] {processor.py:925} INFO - DAG(s) 'youtube_pipeline_extraction' retrieved from /opt/airflow/dags/youtube_extract_pipeline.py
[2026-09-17T08:36:35.381+0000] {logging_mixin.py:190} INFO - [2026-09-17T08:36:35.381+0000] {dag.py:3239} INFO - Sync 1 DAGs
[2026-09-17T08:36:35.411+0000] {logging_mixin.py:190} INFO - [2026-09-17T08:36:35.411+0000] {dag.py:4180} INFO - Setting next_dagrun for youtube_pipeline_extraction to 2026-09-17 07:00:00+00:00, run_after=2026-09-17 08:00:00+00:00
[2026-09-17T08:36:35.431+0000] {processor.py:208} INFO - Processing /opt/airflow/dags/youtube_extract_pipeline.py took 0.156 seconds
[2026-09-17T08:37:05.778+0000] {processor.py:186} INFO - Started process (PID=503) to work on /opt/airflow/dags/youtube_extract_pipeline.py
[2026-09-17T08:37:05.780+0000] {processor.py:914} INFO - Processing file /opt/airflow/dags/youtube_extract_pipeline.py for tasks to queue
[2026-09-17T08:37:05.784+0000] {logging_mixin.py:190} INFO - [2026-09-17T08:37:05.783+0000] {dagbag.py:588} INFO - Filling up the DagBag from /opt/airflow/dags/youtube_extract_pipeline.py
[2026-09-17T08:37:05.846+0000] {processor.py:925} INFO - DAG(s) 'youtube_pipeline_extraction' retrieved from /opt/airflow/dags/youtube_extract_pipeline.py
[2026-09-17T08:37:05.879+0000] {logging_mixin.py:190} INFO - [2026-09-17T08:37:05.878+0000] {dag.py:3239} INFO - Sync 1 DAGs
[2026-09-17T08:37:05.914+0000] {logging_mixin.py:190} INFO - [2026-09-17T08:37:05.913+0000] {dag.py:4180} INFO - Setting next_dagrun for youtube_pipeline_extraction to 2026-09-17 07:00:00+00:00, run_after=2026-09-17 08:00:00+00:00
[2026-09-17T08:37:05.932+0000] {processor.py:208} INFO - Processing /opt/airflow/dags/youtube_extract_pipeline.py took 0.159 seconds
[2026-09-17T08:37:36.163+0000] {processor.py:186} INFO - Started process (PID=511) to work on /opt/airflow/dags/youtube_extract_pipeline.py
[2026-09-17T08:37:36.165+0000] {processor.py:914} INFO - Processing file /opt/airflow/dags/youtube_extract_pipeline.py for tasks to queue
[2026-09-17T08:37:36.169+0000] {logging_mixin.py:190} INFO - [2026-09-17T08:37:36.169+0000] {dagbag.py:588} INFO - Filling up the DagBag from /opt/airflow/dags/youtube_extract_pipeline.py
[2026-09-17T08:37:36.239+0000] {processor.py:925} INFO - DAG(s) 'youtube_pipeline_extraction' retrieved from /opt/airflow/dags/youtube_extract_pipeline.py
[2026-09-17T08:37:36.260+0000] {logging_mixin.py:190} INFO - [2026-09-17T08:37:36.260+0000] {dag.py:3239} INFO - Sync 1 DAGs
[2026-09-17T08:37:36.282+0000] {logging_mixin.py:190} INFO - [2026-09-17T08:37:36.282+0000] {dag.py:4180} INFO - Setting next_dagrun for youtube_pipeline_extraction to 2026-09-17 07:00:00+00:00, run_after=2026-09-17 08:00:00+00:00
[2026-09-17T08:37:36.303+0000] {processor.py:208} INFO - Processing /opt/airflow/dags/youtube_extract_pipeline.py took 0.148 seconds
[2026-09-17T08:38:06.681+0000] {processor.py:186} INFO - Started process (PID=519) to work on /opt/airflow/dags/youtube_extract_pipeline.py
[2026-09-17T08:38:06.682+0000] {processor.py:914} INFO - Processing file /opt/airflow/dags/youtube_extract_pipeline.py for tasks to queue
[2026-09-17T08:38:06.686+0000] {logging_mixin.py:190} INFO - [2026-09-17T08:38:06.686+0000] {dagbag.py:588} INFO - Filling up the DagBag from /opt/airflow/dags/youtube_extract_pipeline.py
[2026-09-17T08:38:06.742+0000] {processor.py:925} INFO - DAG(s) 'youtube_pipeline_extraction' retrieved from /opt/airflow/dags/youtube_extract_pipeline.py
[2026-09-17T08:38:06.764+0000] {logging_mixin.py:190} INFO - [2026-09-17T08:38:06.763+0000] {dag.py:3239} INFO - Sync 1 DAGs
[2026-09-17T08:38:06.785+0000] {logging_mixin.py:190} INFO - [2026-09-17T08:38:06.785+0000] {dag.py:4180} INFO - Setting next_dagrun for youtube_pipeline_extraction to 2026-09-17 07:00:00+00:00, run_after=2026-09-17 08:00:00+00:00
[2026-09-17T08:38:06.804+0000] {processor.py:208} INFO - Processing /opt/airflow/dags/youtube_extract_pipeline.py took 0.130 seconds
[2026-09-17T08:38:37.172+0000] {processor.py:186} INFO - Started process (PID=527) to work on /opt/airflow/dags/youtube_extract_pipeline.py
[2026-09-17T08:38:37.173+0000] {processor.py:914} INFO - Processing file /opt/airflow/dags/youtube_extract_pipeline.py for tasks to queue
[2026-09-17T08:38:37.176+0000] {logging_mixin.py:190} INFO - [2026-09-17T08:38:37.176+0000] {dagbag.py:588} INFO - Filling up the DagBag from /opt/airflow/dags/youtube_extract_pipeline.py
[2026-09-17T08:38:37.234+0000] {processor.py:925} INFO - DAG(s) 'youtube_pipeline_extraction' retrieved from /opt/airflow/dags/youtube_extract_pipeline.py
[2026-09-17T08:38:37.257+0000] {logging_mixin.py:190} INFO - [2026-09-17T08:38:37.256+0000] {dag.py:3239} INFO - Sync 1 DAGs
[2026-09-17T08:38:37.277+0000] {logging_mixin.py:190} INFO - [2026-09-17T08:38:37.277+0000] {dag.py:4180} INFO - Setting next_dagrun for youtube_pipeline_extraction to 2026-09-17 07:00:00+00:00, run_after=2026-09-17 08:00:00+00:00
[2026-09-17T08:38:37.296+0000] {processor.py:208} INFO - Processing /opt/airflow/dags/youtube_extract_pipeline.py took 0.130 seconds
[2026-09-17T08:39:07.519+0000] {processor.py:186} INFO - Started process (PID=535) to work on /opt/airflow/dags/youtube_extract_pipeline.py
[2026-09-17T08:39:07.520+0000] {processor.py:914} INFO - Processing file /opt/airflow/dags/youtube_extract_pipeline.py for tasks to queue
[2026-09-17T08:39:07.525+0000] {logging_mixin.py:190} INFO - [2026-09-17T08:39:07.524+0000] {dagbag.py:588} INFO - Filling up the DagBag from /opt/airflow/dags/youtube_extract_pipeline.py
[2026-09-17T08:39:07.573+0000] {processor.py:925} INFO - DAG(s) 'youtube_pipeline_extraction' retrieved from /opt/airflow/dags/youtube_extract_pipeline.py
[2026-09-17T08:39:07.595+0000] {logging_mixin.py:190} INFO - [2026-09-17T08:39:07.595+0000] {dag.py:3239} INFO - Sync 1 DAGs
[2026-09-17T08:39:07.614+0000] {logging_mixin.py:190} INFO - [2026-09-17T08:39:07.614+0000] {dag.py:4180} INFO - Setting next_dagrun for youtube_pipeline_extraction to 2026-09-17 07:00:00+00:00, run_after=2026-09-17 08:00:00+00:00
[2026-09-17T08:39:07.633+0000] {processor.py:208} INFO - Processing /opt/airflow/dags/youtube_extract_pipeline.py took 0.119 seconds
[2026-09-17T08:39:38.003+0000] {processor.py:186} INFO - Started process (PID=543) to work on /opt/airflow/dags/youtube_extract_pipeline.py
[2026-09-17T08:39:38.005+0000] {processor.py:914} INFO - Processing file /opt/airflow/dags/youtube_extract_pipeline.py for tasks to queue
[2026-09-17T08:39:38.008+0000] {logging_mixin.py:190} INFO - [2026-09-17T08:39:38.007+0000] {dagbag.py:588} INFO - Filling up the DagBag from /opt/airflow/dags/youtube_extract_pipeline.py
[2026-09-17T08:39:38.066+0000] {processor.py:925} INFO - DAG(s) 'youtube_pipeline_extraction' retrieved from /opt/airflow/dags/youtube_extract_pipeline.py
[2026-09-17T08:39:38.090+0000] {logging_mixin.py:190} INFO - [2026-09-17T08:39:38.089+0000] {dag.py:3239} INFO - Sync 1 DAGs
[2026-09-17T08:39:38.110+0000] {logging_mixin.py:190} INFO - [2026-09-17T08:39:38.110+0000] {dag.py:4180} INFO - Setting next_dagrun for youtube_pipeline_extraction to 2026-09-17 07:00:00+00:00, run_after=2026-09-17 08:00:00+00:00
[2026-09-17T08:39:38.128+0000] {processor.py:208} INFO - Processing /opt/airflow/dags/youtube_extract_pipeline.py took 0.130 seconds
[2026-09-17T08:40:08.428+0000] {processor.py:186} INFO - Started process (PID=551) to work on /opt/airflow/dags/youtube_extract_pipeline.py
[2026-09-17T08:40:08.430+0000] {processor.py:914} INFO - Processing file /opt/airflow/dags/youtube_extract_pipeline.py for tasks to queue
[2026-09-17T08:40:08.433+0000] {logging_mixin.py:190} INFO - [2026-09-17T08:40:08.433+0000] {dagbag.py:588} INFO - Filling up the DagBag from /opt/airflow/dags/youtube_extract_pipeline.py
[2026-09-17T08:40:08.504+0000] {processor.py:925} INFO - DAG(s) 'youtube_pipeline_extraction' retrieved from /opt/airflow/dags/youtube_extract_pipeline.py
[2026-09-17T08:40:08.527+0000] {logging_mixin.py:190} INFO - [2026-09-17T08:40:08.527+0000] {dag.py:3239} INFO - Sync 1 DAGs
[2026-09-17T08:40:08.548+0000] {logging_mixin.py:190} INFO - [2026-09-17T08:40:08.548+0000] {dag.py:4180} INFO - Setting next_dagrun for youtube_pipeline_extraction to 2026-09-17 07:00:00+00:00, run_after=2026-09-17 08:00:00+00:00
[2026-09-17T08:40:08.573+0000] {processor.py:208} INFO - Processing /opt/airflow/dags/youtube_extract_pipeline.py took 0.152 seconds
[2026-09-17T08:40:38.979+0000] {processor.py:186} INFO - Started process (PID=559) to work on /opt/airflow/dags/youtube_extract_pipeline.py
[2026-09-17T08:40:38.981+0000] {processor.py:914} INFO - Processing file /opt/airflow/dags/youtube_extract_pipeline.py for tasks to queue
[2026-09-17T08:40:38.985+0000] {logging_mixin.py:190} INFO - [2026-09-17T08:40:38.984+0000] {dagbag.py:588} INFO - Filling up the DagBag from /opt/airflow/dags/youtube_extract_pipeline.py
[2026-09-17T08:40:39.043+0000] {processor.py:925} INFO - DAG(s) 'youtube_pipeline_extraction' retrieved from /opt/airflow/dags/youtube_extract_pipeline.py
[2026-09-17T08:40:39.062+0000] {logging_mixin.py:190} INFO - [2026-09-17T08:40:39.062+0000] {dag.py:3239} INFO - Sync 1 DAGs
[2026-09-17T08:40:39.083+0000] {logging_mixin.py:190} INFO - [2026-09-17T08:40:39.083+0000] {dag.py:4180} INFO - Setting next_dagrun for youtube_pipeline_extraction to 2026-09-17 07:00:00+00:00, run_after=2026-09-17 08:00:00+00:00
[2026-09-17T08:40:39.102+0000] {processor.py:208} INFO - Processing /opt/airflow/dags/youtube_extract_pipeline.py took 0.128 seconds
[2026-09-17T08:41:09.444+0000] {processor.py:186} INFO - Started process (PID=566) to work on /opt/airflow/dags/youtube_extract_pipeline.py
[2026-09-17T08:41:09.445+0000] {processor.py:914} INFO - Processing file /opt/airflow/dags/youtube_extract_pipeline.py for tasks to queue
[2026-09-17T08:41:09.448+0000] {logging_mixin.py:190} INFO - [2026-09-17T08:41:09.448+0000] {dagbag.py:588} INFO - Filling up the DagBag from /opt/airflow/dags/youtube_extract_pipeline.py
[2026-09-17T08:41:09.506+0000] {processor.py:925} INFO - DAG(s) 'youtube_pipeline_extraction' retrieved from /opt/airflow/dags/youtube_extract_pipeline.py
[2026-09-17T08:41:09.526+0000] {logging_mixin.py:190} INFO - [2026-09-17T08:41:09.525+0000] {dag.py:3239} INFO - Sync 1 DAGs
[2026-09-17T08:41:09.547+0000] {logging_mixin.py:190} INFO - [2026-09-17T08:41:09.547+0000] {dag.py:4180} INFO - Setting next_dagrun for youtube_pipeline_extraction to 2026-09-17 07:00:00+00:00, run_after=2026-09-17 08:00:00+00:00
[2026-09-17T08:41:09.566+0000] {processor.py:208} INFO - Processing /opt/airflow/dags/youtube_extract_pipeline.py took 0.128 seconds
[2026-09-17T08:41:39.931+0000] {processor.py:186} INFO - Started process (PID=574) to work on /opt/airflow/dags/youtube_extract_pipeline.py
[2026-09-17T08:41:39.933+0000] {processor.py:914} INFO - Processing file /opt/airflow/dags/youtube_extract_pipeline.py for tasks to queue
[2026-09-17T08:41:39.935+0000] {logging_mixin.py:190} INFO - [2026-09-17T08:41:39.935+0000] {dagbag.py:588} INFO - Filling up the DagBag from /opt/airflow/dags/youtube_extract_pipeline.py
[2026-09-17T08:41:39.995+0000] {processor.py:925} INFO - DAG(s) 'youtube_pipeline_extraction' retrieved from /opt/airflow/dags/youtube_extract_pipeline.py
[2026-09-17T08:41:40.013+0000] {logging_mixin.py:190} INFO - [2026-09-17T08:41:40.013+0000] {dag.py:3239} INFO - Sync 1 DAGs
[2026-09-17T08:41:40.032+0000] {logging_mixin.py:190} INFO - [2026-09-17T08:41:40.032+0000] {dag.py:4180} INFO - Setting next_dagrun for youtube_pipeline_extraction to 2026-09-17 07:00:00+00:00, run_after=2026-09-17 08:00:00+00:00
[2026-09-17T08:41:40.052+0000] {processor.py:208} INFO - Processing /opt/airflow/dags/youtube_extract_pipeline.py took 0.127 seconds
[2026-09-17T08:42:10.455+0000] {processor.py:186} INFO - Started process (PID=582) to work on /opt/airflow/dags/youtube_extract_pipeline.py
[2026-09-17T08:42:10.457+0000] {processor.py:914} INFO - Processing file /opt/airflow/dags/youtube_extract_pipeline.py for tasks to queue
[2026-09-17T08:42:10.461+0000] {logging_mixin.py:190} INFO - [2026-09-17T08:42:10.461+0000] {dagbag.py:588} INFO - Filling up the DagBag from /opt/airflow/dags/youtube_extract_pipeline.py
[2026-09-17T08:42:10.529+0000] {processor.py:925} INFO - DAG(s) 'youtube_pipeline_extraction' retrieved from /opt/airflow/dags/youtube_extract_pipeline.py
[2026-09-17T08:42:10.551+0000] {logging_mixin.py:190} INFO - [2026-09-17T08:42:10.551+0000] {dag.py:3239} INFO - Sync 1 DAGs
[2026-09-17T08:42:10.574+0000] {logging_mixin.py:190} INFO - [2026-09-17T08:42:10.574+0000] {dag.py:4180} INFO - Setting next_dagrun for youtube_pipeline_extraction to 2026-09-17 07:00:00+00:00, run_after=2026-09-17 08:00:00+00:00
[2026-09-17T08:42:10.595+0000] {processor.py:208} INFO - Processing /opt/airflow/dags/youtube_extract_pipeline.py took 0.148 seconds
[2026-09-17T08:42:40.844+0000] {processor.py:186} INFO - Started process (PID=590) to work on /opt/airflow/dags/youtube_extract_pipeline.py
[2026-09-17T08:42:40.846+0000] {processor.py:914} INFO - Processing file /opt/airflow/dags/youtube_extract_pipeline.py for tasks to queue
[2026-09-17T08:42:40.849+0000] {logging_mixin.py:190} INFO - [2026-09-17T08:42:40.849+0000] {dagbag.py:588} INFO - Filling up the DagBag from /opt/airflow/dags/youtube_extract_pipeline.py
[2026-09-17T08:42:40.910+0000] {processor.py:925} INFO - DAG(s) 'youtube_pipeline_extraction' retrieved from /opt/airflow/dags/youtube_extract_pipeline.py
[2026-09-17T08:42:40.934+0000] {logging_mixin.py:190} INFO - [2026-09-17T08:42:40.934+0000] {dag.py:3239} INFO - Sync 1 DAGs
[2026-09-17T08:42:40.955+0000] {logging_mixin.py:190} INFO - [2026-09-17T08:42:40.955+0000] {dag.py:4180} INFO - Setting next_dagrun for youtube_pipeline_extraction to 2026-09-17 07:00:00+00:00, run_after=2026-09-17 08:00:00+00:00
[2026-09-17T08:42:40.985+0000] {processor.py:208} INFO - Processing /opt/airflow/dags/youtube_extract_pipeline.py took 0.147 seconds
[2026-09-17T08:43:11.291+0000] {processor.py:186} INFO - Started process (PID=598) to work on /opt/airflow/dags/youtube_extract_pipeline.py
[2026-09-17T08:43:11.293+0000] {processor.py:914} INFO - Processing file /opt/airflow/dags/youtube_extract_pipeline.py for tasks to queue
[2026-09-17T08:43:11.296+0000] {logging_mixin.py:190} INFO - [2026-09-17T08:43:11.296+0000] {dagbag.py:588} INFO - Filling up the DagBag from /opt/airflow/dags/youtube_extract_pipeline.py
[2026-09-17T08:43:11.346+0000] {processor.py:925} INFO - DAG(s) 'youtube_pipeline_extraction' retrieved from /opt/airflow/dags/youtube_extract_pipeline.py
[2026-09-17T08:43:11.364+0000] {logging_mixin.py:190} INFO - [2026-09-17T08:43:11.364+0000] {dag.py:3239} INFO - Sync 1 DAGs
[2026-09-17T08:43:11.386+0000] {logging_mixin.py:190} INFO - [2026-09-17T08:43:11.386+0000] {dag.py:4180} INFO - Setting next_dagrun for youtube_pipeline_extraction to 2026-09-17 07:00:00+00:00, run_after=2026-09-17 08:00:00+00:00
[2026-09-17T08:43:11.405+0000] {processor.py:208} INFO - Processing /opt/airflow/dags/youtube_extract_pipeline.py took 0.120 seconds
[2026-09-17T08:43:41.771+0000] {processor.py:186} INFO - Started process (PID=606) to work on /opt/airflow/dags/youtube_extract_pipeline.py
[2026-09-17T08:43:41.773+0000] {processor.py:914} INFO - Processing file /opt/airflow/dags/youtube_extract_pipeline.py for tasks to queue
[2026-09-17T08:43:41.776+0000] {logging_mixin.py:190} INFO - [2026-09-17T08:43:41.776+0000] {dagbag.py:588} INFO - Filling up the DagBag from /opt/airflow/dags/youtube_extract_pipeline.py
[2026-09-17T08:43:41.841+0000] {processor.py:925} INFO - DAG(s) 'youtube_pipeline_extraction' retrieved from /opt/airflow/dags/youtube_extract_pipeline.py
[2026-09-17T08:43:41.866+0000] {logging_mixin.py:190} INFO - [2026-09-17T08:43:41.866+0000] {dag.py:3239} INFO - Sync 1 DAGs
[2026-09-17T08:43:41.890+0000] {logging_mixin.py:190} INFO - [2026-09-17T08:43:41.890+0000] {dag.py:4180} INFO - Setting next_dagrun for youtube_pipeline_extraction to 2026-09-17 07:00:00+00:00, run_after=2026-09-17 08:00:00+00:00
[2026-09-17T08:43:41.912+0000] {processor.py:208} INFO - Processing /opt/airflow/dags/youtube_extract_pipeline.py took 0.148 seconds
[2026-09-17T08:44:12.237+0000] {processor.py:186} INFO - Started process (PID=614) to work on /opt/airflow/dags/youtube_extract_pipeline.py
[2026-09-17T08:44:12.238+0000] {processor.py:914} INFO - Processing file /opt/airflow/dags/youtube_extract_pipeline.py for tasks to queue
[2026-09-17T08:44:12.242+0000] {logging_mixin.py:190} INFO - [2026-09-17T08:44:12.241+0000] {dagbag.py:588} INFO - Filling up the DagBag from /opt/airflow/dags/youtube_extract_pipeline.py
[2026-09-17T08:44:12.297+0000] {processor.py:925} INFO - DAG(s) 'youtube_pipeline_extraction' retrieved from /opt/airflow/dags/youtube_extract_pipeline.py
[2026-09-17T08:44:12.318+0000] {logging_mixin.py:190} INFO - [2026-09-17T08:44:12.318+0000] {dag.py:3239} INFO - Sync 1 DAGs
[2026-09-17T08:44:12.341+0000] {logging_mixin.py:190} INFO - [2026-09-17T08:44:12.341+0000] {dag.py:4180} INFO - Setting next_dagrun for youtube_pipeline_extraction to 2026-09-17 07:00:00+00:00, run_after=2026-09-17 08:00:00+00:00
[2026-09-17T08:44:12.365+0000] {processor.py:208} INFO - Processing /opt/airflow/dags/youtube_extract_pipeline.py took 0.134 seconds
[2026-09-17T08:44:42.647+0000] {processor.py:186} INFO - Started process (PID=622) to work on /opt/airflow/dags/youtube_extract_pipeline.py
[2026-09-17T08:44:42.649+0000] {processor.py:914} INFO - Processing file /opt/airflow/dags/youtube_extract_pipeline.py for tasks to queue
[2026-09-17T08:44:42.652+0000] {logging_mixin.py:190} INFO - [2026-09-17T08:44:42.652+0000] {dagbag.py:588} INFO - Filling up the DagBag from /opt/airflow/dags/youtube_extract_pipeline.py
[2026-09-17T08:44:42.735+0000] {processor.py:925} INFO - DAG(s) 'youtube_pipeline_extraction' retrieved from /opt/airflow/dags/youtube_extract_pipeline.py
[2026-09-17T08:44:42.757+0000] {logging_mixin.py:190} INFO - [2026-09-17T08:44:42.757+0000] {dag.py:3239} INFO - Sync 1 DAGs
[2026-09-17T08:44:42.777+0000] {logging_mixin.py:190} INFO - [2026-09-17T08:44:42.776+0000] {dag.py:4180} INFO - Setting next_dagrun for youtube_pipeline_extraction to 2026-09-17 07:00:00+00:00, run_after=2026-09-17 08:00:00+00:00
[2026-09-17T08:44:42.795+0000] {processor.py:208} INFO - Processing /opt/airflow/dags/youtube_extract_pipeline.py took 0.154 seconds
[2026-09-17T08:45:13.210+0000] {processor.py:186} INFO - Started process (PID=630) to work on /opt/airflow/dags/youtube_extract_pipeline.py
[2026-09-17T08:45:13.211+0000] {processor.py:914} INFO - Processing file /opt/airflow/dags/youtube_extract_pipeline.py for tasks to queue
[2026-09-17T08:45:13.215+0000] {logging_mixin.py:190} INFO - [2026-09-17T08:45:13.215+0000] {dagbag.py:588} INFO - Filling up the DagBag from /opt/airflow/dags/youtube_extract_pipeline.py
[2026-09-17T08:45:13.307+0000] {processor.py:925} INFO - DAG(s) 'youtube_pipeline_extraction' retrieved from /opt/airflow/dags/youtube_extract_pipeline.py
[2026-09-17T08:45:13.360+0000] {logging_mixin.py:190} INFO - [2026-09-17T08:45:13.359+0000] {dag.py:3239} INFO - Sync 1 DAGs
[2026-09-17T08:45:13.390+0000] {logging_mixin.py:190} INFO - [2026-09-17T08:45:13.390+0000] {dag.py:4180} INFO - Setting next_dagrun for youtube_pipeline_extraction to 2026-09-17 07:00:00+00:00, run_after=2026-09-17 08:00:00+00:00
[2026-09-17T08:45:13.432+0000] {processor.py:208} INFO - Processing /opt/airflow/dags/youtube_extract_pipeline.py took 0.229 seconds
[2026-09-17T08:45:43.794+0000] {processor.py:186} INFO - Started process (PID=638) to work on /opt/airflow/dags/youtube_extract_pipeline.py
[2026-09-17T08:45:43.796+0000] {processor.py:914} INFO - Processing file /opt/airflow/dags/youtube_extract_pipeline.py for tasks to queue
[2026-09-17T08:45:43.799+0000] {logging_mixin.py:190} INFO - [2026-09-17T08:45:43.799+0000] {dagbag.py:588} INFO - Filling up the DagBag from /opt/airflow/dags/youtube_extract_pipeline.py
[2026-09-17T08:45:43.864+0000] {processor.py:925} INFO - DAG(s) 'youtube_pipeline_extraction' retrieved from /opt/airflow/dags/youtube_extract_pipeline.py
[2026-09-17T08:45:43.887+0000] {logging_mixin.py:190} INFO - [2026-09-17T08:45:43.887+0000] {dag.py:3239} INFO - Sync 1 DAGs
[2026-09-17T08:45:43.913+0000] {logging_mixin.py:190} INFO - [2026-09-17T08:45:43.913+0000] {dag.py:4180} INFO - Setting next_dagrun for youtube_pipeline_extraction to 2026-09-17 07:00:00+00:00, run_after=2026-09-17 08:00:00+00:00
[2026-09-17T08:45:43.934+0000] {processor.py:208} INFO - Processing /opt/airflow/dags/youtube_extract_pipeline.py took 0.149 seconds
[2026-09-17T08:46:14.163+0000] {processor.py:186} INFO - Started process (PID=646) to work on /opt/airflow/dags/youtube_extract_pipeline.py
[2026-09-17T08:46:14.165+0000] {processor.py:914} INFO - Processing file /opt/airflow/dags/youtube_extract_pipeline.py for tasks to queue
[2026-09-17T08:46:14.168+0000] {logging_mixin.py:190} INFO - [2026-09-17T08:46:14.167+0000] {dagbag.py:588} INFO - Filling up the DagBag from /opt/airflow/dags/youtube_extract_pipeline.py
[2026-09-17T08:46:14.292+0000] {processor.py:925} INFO - DAG(s) 'youtube_pipeline_extraction' retrieved from /opt/airflow/dags/youtube_extract_pipeline.py
[2026-09-17T08:46:14.334+0000] {logging_mixin.py:190} INFO - [2026-09-17T08:46:14.333+0000] {dag.py:3239} INFO - Sync 1 DAGs
[2026-09-17T08:46:14.365+0000] {logging_mixin.py:190} INFO - [2026-09-17T08:46:14.365+0000] {dag.py:4180} INFO - Setting next_dagrun for youtube_pipeline_extraction to 2026-09-17 07:00:00+00:00, run_after=2026-09-17 08:00:00+00:00
[2026-09-17T08:46:14.387+0000] {processor.py:208} INFO - Processing /opt/airflow/dags/youtube_extract_pipeline.py took 0.233 seconds
[2026-09-17T08:46:44.720+0000] {processor.py:186} INFO - Started process (PID=654) to work on /opt/airflow/dags/youtube_extract_pipeline.py
[2026-09-17T08:46:44.722+0000] {processor.py:914} INFO - Processing file /opt/airflow/dags/youtube_extract_pipeline.py for tasks to queue
[2026-09-17T08:46:44.723+0000] {logging_mixin.py:190} INFO - [2026-09-17T08:46:44.723+0000] {dagbag.py:588} INFO - Filling up the DagBag from /opt/airflow/dags/youtube_extract_pipeline.py
[2026-09-17T08:46:44.785+0000] {processor.py:925} INFO - DAG(s) 'youtube_pipeline_extraction' retrieved from /opt/airflow/dags/youtube_extract_pipeline.py
[2026-09-17T08:46:44.807+0000] {logging_mixin.py:190} INFO - [2026-09-17T08:46:44.806+0000] {dag.py:3239} INFO - Sync 1 DAGs
[2026-09-17T08:46:44.832+0000] {logging_mixin.py:190} INFO - [2026-09-17T08:46:44.832+0000] {dag.py:4180} INFO - Setting next_dagrun for youtube_pipeline_extraction to 2026-09-17 07:00:00+00:00, run_after=2026-09-17 08:00:00+00:00
[2026-09-17T08:46:44.853+0000] {processor.py:208} INFO - Processing /opt/airflow/dags/youtube_extract_pipeline.py took 0.140 seconds
[2026-09-17T08:47:15.250+0000] {processor.py:186} INFO - Started process (PID=662) to work on /opt/airflow/dags/youtube_extract_pipeline.py
[2026-09-17T08:47:15.251+0000] {processor.py:914} INFO - Processing file /opt/airflow/dags/youtube_extract_pipeline.py for tasks to queue
[2026-09-17T08:47:15.253+0000] {logging_mixin.py:190} INFO - [2026-09-17T08:47:15.253+0000] {dagbag.py:588} INFO - Filling up the DagBag from /opt/airflow/dags/youtube_extract_pipeline.py
[2026-09-17T08:47:15.317+0000] {processor.py:925} INFO - DAG(s) 'youtube_pipeline_extraction' retrieved from /opt/airflow/dags/youtube_extract_pipeline.py
[2026-09-17T08:47:15.338+0000] {logging_mixin.py:190} INFO - [2026-09-17T08:47:15.337+0000] {dag.py:3239} INFO - Sync 1 DAGs
[2026-09-17T08:47:15.366+0000] {logging_mixin.py:190} INFO - [2026-09-17T08:47:15.366+0000] {dag.py:4180} INFO - Setting next_dagrun for youtube_pipeline_extraction to 2026-09-17 07:00:00+00:00, run_after=2026-09-17 08:00:00+00:00
[2026-09-17T08:47:15.400+0000] {processor.py:208} INFO - Processing /opt/airflow/dags/youtube_extract_pipeline.py took 0.157 seconds
[2026-09-17T08:47:45.741+0000] {processor.py:186} INFO - Started process (PID=670) to work on /opt/airflow/dags/youtube_extract_pipeline.py
[2026-09-17T08:47:45.743+0000] {processor.py:914} INFO - Processing file /opt/airflow/dags/youtube_extract_pipeline.py for tasks to queue
[2026-09-17T08:47:45.745+0000] {logging_mixin.py:190} INFO - [2026-09-17T08:47:45.744+0000] {dagbag.py:588} INFO - Filling up the DagBag from /opt/airflow/dags/youtube_extract_pipeline.py
[2026-09-17T08:47:45.805+0000] {processor.py:925} INFO - DAG(s) 'youtube_pipeline_extraction' retrieved from /opt/airflow/dags/youtube_extract_pipeline.py
[2026-09-17T08:47:45.828+0000] {logging_mixin.py:190} INFO - [2026-09-17T08:47:45.827+0000] {dag.py:3239} INFO - Sync 1 DAGs
[2026-09-17T08:47:45.852+0000] {logging_mixin.py:190} INFO - [2026-09-17T08:47:45.852+0000] {dag.py:4180} INFO - Setting next_dagrun for youtube_pipeline_extraction to 2026-09-17 07:00:00+00:00, run_after=2026-09-17 08:00:00+00:00
[2026-09-17T08:47:45.878+0000] {processor.py:208} INFO - Processing /opt/airflow/dags/youtube_extract_pipeline.py took 0.143 seconds
[2026-09-17T08:48:16.216+0000] {processor.py:186} INFO - Started process (PID=678) to work on /opt/airflow/dags/youtube_extract_pipeline.py
[2026-09-17T08:48:16.219+0000] {processor.py:914} INFO - Processing file /opt/airflow/dags/youtube_extract_pipeline.py for tasks to queue
[2026-09-17T08:48:16.222+0000] {logging_mixin.py:190} INFO - [2026-09-17T08:48:16.221+0000] {dagbag.py:588} INFO - Filling up the DagBag from /opt/airflow/dags/youtube_extract_pipeline.py
[2026-09-17T08:48:16.308+0000] {processor.py:925} INFO - DAG(s) 'youtube_pipeline_extraction' retrieved from /opt/airflow/dags/youtube_extract_pipeline.py
[2026-09-17T08:48:16.331+0000] {logging_mixin.py:190} INFO - [2026-09-17T08:48:16.331+0000] {dag.py:3239} INFO - Sync 1 DAGs
[2026-09-17T08:48:16.354+0000] {logging_mixin.py:190} INFO - [2026-09-17T08:48:16.354+0000] {dag.py:4180} INFO - Setting next_dagrun for youtube_pipeline_extraction to 2026-09-17 07:00:00+00:00, run_after=2026-09-17 08:00:00+00:00
[2026-09-17T08:48:16.380+0000] {processor.py:208} INFO - Processing /opt/airflow/dags/youtube_extract_pipeline.py took 0.172 seconds
[2026-09-17T08:48:46.763+0000] {processor.py:186} INFO - Started process (PID=685) to work on /opt/airflow/dags/youtube_extract_pipeline.py
[2026-09-17T08:48:46.764+0000] {processor.py:914} INFO - Processing file /opt/airflow/dags/youtube_extract_pipeline.py for tasks to queue
[2026-09-17T08:48:46.766+0000] {logging_mixin.py:190} INFO - [2026-09-17T08:48:46.765+0000] {dagbag.py:588} INFO - Filling up the DagBag from /opt/airflow/dags/youtube_extract_pipeline.py
[2026-09-17T08:48:46.825+0000] {processor.py:925} INFO - DAG(s) 'youtube_pipeline_extraction' retrieved from /opt/airflow/dags/youtube_extract_pipeline.py
[2026-09-17T08:48:46.847+0000] {logging_mixin.py:190} INFO - [2026-09-17T08:48:46.846+0000] {dag.py:3239} INFO - Sync 1 DAGs
[2026-09-17T08:48:46.868+0000] {logging_mixin.py:190} INFO - [2026-09-17T08:48:46.868+0000] {dag.py:4180} INFO - Setting next_dagrun for youtube_pipeline_extraction to 2026-09-17 07:00:00+00:00, run_after=2026-09-17 08:00:00+00:00
[2026-09-17T08:48:46.886+0000] {processor.py:208} INFO - Processing /opt/airflow/dags/youtube_extract_pipeline.py took 0.129 seconds
[2026-09-17T08:49:17.232+0000] {processor.py:186} INFO - Started process (PID=693) to work on /opt/airflow/dags/youtube_extract_pipeline.py
[2026-09-17T08:49:17.234+0000] {processor.py:914} INFO - Processing file /opt/airflow/dags/youtube_extract_pipeline.py for tasks to queue
[2026-09-17T08:49:17.237+0000] {logging_mixin.py:190} INFO - [2026-09-17T08:49:17.236+0000] {dagbag.py:588} INFO - Filling up the DagBag from /opt/airflow/dags/youtube_extract_pipeline.py
[2026-09-17T08:49:17.316+0000] {processor.py:925} INFO - DAG(s) 'youtube_pipeline_extraction' retrieved from /opt/airflow/dags/youtube_extract_pipeline.py
[2026-09-17T08:49:17.346+0000] {logging_mixin.py:190} INFO - [2026-09-17T08:49:17.345+0000] {dag.py:3239} INFO - Sync 1 DAGs
[2026-09-17T08:49:17.382+0000] {logging_mixin.py:190} INFO - [2026-09-17T08:49:17.382+0000] {dag.py:4180} INFO - Setting next_dagrun for youtube_pipeline_extraction to 2026-09-17 07:00:00+00:00, run_after=2026-09-17 08:00:00+00:00
[2026-09-17T08:49:17.406+0000] {processor.py:208} INFO - Processing /opt/airflow/dags/youtube_extract_pipeline.py took 0.185 seconds
[2026-09-17T08:49:47.817+0000] {processor.py:186} INFO - Started process (PID=701) to work on /opt/airflow/dags/youtube_extract_pipeline.py
[2026-09-17T08:49:47.820+0000] {processor.py:914} INFO - Processing file /opt/airflow/dags/youtube_extract_pipeline.py for tasks to queue
[2026-09-17T08:49:47.822+0000] {logging_mixin.py:190} INFO - [2026-09-17T08:49:47.822+0000] {dagbag.py:588} INFO - Filling up the DagBag from /opt/airflow/dags/youtube_extract_pipeline.py
[2026-09-17T08:49:47.902+0000] {processor.py:925} INFO - DAG(s) 'youtube_pipeline_extraction' retrieved from /opt/airflow/dags/youtube_extract_pipeline.py
[2026-09-17T08:49:47.931+0000] {logging_mixin.py:190} INFO - [2026-09-17T08:49:47.930+0000] {dag.py:3239} INFO - Sync 1 DAGs
[2026-09-17T08:49:47.957+0000] {logging_mixin.py:190} INFO - [2026-09-17T08:49:47.957+0000] {dag.py:4180} INFO - Setting next_dagrun for youtube_pipeline_extraction to 2026-09-17 07:00:00+00:00, run_after=2026-09-17 08:00:00+00:00
[2026-09-17T08:49:48.001+0000] {processor.py:208} INFO - Processing /opt/airflow/dags/youtube_extract_pipeline.py took 0.191 seconds
[2026-09-17T08:50:18.338+0000] {processor.py:186} INFO - Started process (PID=709) to work on /opt/airflow/dags/youtube_extract_pipeline.py
[2026-09-17T08:50:18.341+0000] {processor.py:914} INFO - Processing file /opt/airflow/dags/youtube_extract_pipeline.py for tasks to queue
[2026-09-17T08:50:18.344+0000] {logging_mixin.py:190} INFO - [2026-09-17T08:50:18.343+0000] {dagbag.py:588} INFO - Filling up the DagBag from /opt/airflow/dags/youtube_extract_pipeline.py
[2026-09-17T08:50:18.421+0000] {processor.py:925} INFO - DAG(s) 'youtube_pipeline_extraction' retrieved from /opt/airflow/dags/youtube_extract_pipeline.py
[2026-09-17T08:50:18.461+0000] {logging_mixin.py:190} INFO - [2026-09-17T08:50:18.460+0000] {dag.py:3239} INFO - Sync 1 DAGs
[2026-09-17T08:50:18.508+0000] {logging_mixin.py:190} INFO - [2026-09-17T08:50:18.507+0000] {dag.py:4180} INFO - Setting next_dagrun for youtube_pipeline_extraction to 2026-09-17 07:00:00+00:00, run_after=2026-09-17 08:00:00+00:00
[2026-09-17T08:50:18.531+0000] {processor.py:208} INFO - Processing /opt/airflow/dags/youtube_extract_pipeline.py took 0.202 seconds
[2026-09-17T08:50:48.859+0000] {processor.py:186} INFO - Started process (PID=717) to work on /opt/airflow/dags/youtube_extract_pipeline.py
[2026-09-17T08:50:48.861+0000] {processor.py:914} INFO - Processing file /opt/airflow/dags/youtube_extract_pipeline.py for tasks to queue
[2026-09-17T08:50:48.863+0000] {logging_mixin.py:190} INFO - [2026-09-17T08:50:48.862+0000] {dagbag.py:588} INFO - Filling up the DagBag from /opt/airflow/dags/youtube_extract_pipeline.py
[2026-09-17T08:50:48.930+0000] {processor.py:925} INFO - DAG(s) 'youtube_pipeline_extraction' retrieved from /opt/airflow/dags/youtube_extract_pipeline.py
[2026-09-17T08:50:48.955+0000] {logging_mixin.py:190} INFO - [2026-09-17T08:50:48.955+0000] {dag.py:3239} INFO - Sync 1 DAGs
[2026-09-17T08:50:48.979+0000] {logging_mixin.py:190} INFO - [2026-09-17T08:50:48.979+0000] {dag.py:4180} INFO - Setting next_dagrun for youtube_pipeline_extraction to 2026-09-17 07:00:00+00:00, run_after=2026-09-17 08:00:00+00:00
[2026-09-17T08:50:49.001+0000] {processor.py:208} INFO - Processing /opt/airflow/dags/youtube_extract_pipeline.py took 0.148 seconds
[2026-09-17T08:51:19.321+0000] {processor.py:186} INFO - Started process (PID=725) to work on /opt/airflow/dags/youtube_extract_pipeline.py
[2026-09-17T08:51:19.323+0000] {processor.py:914} INFO - Processing file /opt/airflow/dags/youtube_extract_pipeline.py for tasks to queue
[2026-09-17T08:51:19.325+0000] {logging_mixin.py:190} INFO - [2026-09-17T08:51:19.324+0000] {dagbag.py:588} INFO - Filling up the DagBag from /opt/airflow/dags/youtube_extract_pipeline.py
[2026-09-17T08:51:19.384+0000] {processor.py:925} INFO - DAG(s) 'youtube_pipeline_extraction' retrieved from /opt/airflow/dags/youtube_extract_pipeline.py
[2026-09-17T08:51:19.403+0000] {logging_mixin.py:190} INFO - [2026-09-17T08:51:19.403+0000] {dag.py:3239} INFO - Sync 1 DAGs
[2026-09-17T08:51:19.425+0000] {logging_mixin.py:190} INFO - [2026-09-17T08:51:19.425+0000] {dag.py:4180} INFO - Setting next_dagrun for youtube_pipeline_extraction to 2026-09-17 07:00:00+00:00, run_after=2026-09-17 08:00:00+00:00
[2026-09-17T08:51:19.443+0000] {processor.py:208} INFO - Processing /opt/airflow/dags/youtube_extract_pipeline.py took 0.128 seconds
[2026-09-17T08:51:49.718+0000] {processor.py:186} INFO - Started process (PID=733) to work on /opt/airflow/dags/youtube_extract_pipeline.py
[2026-09-17T08:51:49.719+0000] {processor.py:914} INFO - Processing file /opt/airflow/dags/youtube_extract_pipeline.py for tasks to queue
[2026-09-17T08:51:49.721+0000] {logging_mixin.py:190} INFO - [2026-09-17T08:51:49.721+0000] {dagbag.py:588} INFO - Filling up the DagBag from /opt/airflow/dags/youtube_extract_pipeline.py
[2026-09-17T08:51:49.778+0000] {processor.py:925} INFO - DAG(s) 'youtube_pipeline_extraction' retrieved from /opt/airflow/dags/youtube_extract_pipeline.py
[2026-09-17T08:51:49.801+0000] {logging_mixin.py:190} INFO - [2026-09-17T08:51:49.801+0000] {dag.py:3239} INFO - Sync 1 DAGs
[2026-09-17T08:51:49.826+0000] {logging_mixin.py:190} INFO - [2026-09-17T08:51:49.826+0000] {dag.py:4180} INFO - Setting next_dagrun for youtube_pipeline_extraction to 2026-09-17 07:00:00+00:00, run_after=2026-09-17 08:00:00+00:00
[2026-09-17T08:51:49.846+0000] {processor.py:208} INFO - Processing /opt/airflow/dags/youtube_extract_pipeline.py took 0.133 seconds
[2026-09-17T08:52:20.150+0000] {processor.py:186} INFO - Started process (PID=741) to work on /opt/airflow/dags/youtube_extract_pipeline.py
[2026-09-17T08:52:20.152+0000] {processor.py:914} INFO - Processing file /opt/airflow/dags/youtube_extract_pipeline.py for tasks to queue
[2026-09-17T08:52:20.154+0000] {logging_mixin.py:190} INFO - [2026-09-17T08:52:20.153+0000] {dagbag.py:588} INFO - Filling up the DagBag from /opt/airflow/dags/youtube_extract_pipeline.py
[2026-09-17T08:52:20.211+0000] {processor.py:925} INFO - DAG(s) 'youtube_pipeline_extraction' retrieved from /opt/airflow/dags/youtube_extract_pipeline.py
[2026-09-17T08:52:20.230+0000] {logging_mixin.py:190} INFO - [2026-09-17T08:52:20.230+0000] {dag.py:3239} INFO - Sync 1 DAGs
[2026-09-17T08:52:20.251+0000] {logging_mixin.py:190} INFO - [2026-09-17T08:52:20.250+0000] {dag.py:4180} INFO - Setting next_dagrun for youtube_pipeline_extraction to 2026-09-17 07:00:00+00:00, run_after=2026-09-17 08:00:00+00:00
[2026-09-17T08:52:20.275+0000] {processor.py:208} INFO - Processing /opt/airflow/dags/youtube_extract_pipeline.py took 0.131 seconds
[2026-09-17T08:52:50.587+0000] {processor.py:186} INFO - Started process (PID=749) to work on /opt/airflow/dags/youtube_extract_pipeline.py
[2026-09-17T08:52:50.588+0000] {processor.py:914} INFO - Processing file /opt/airflow/dags/youtube_extract_pipeline.py for tasks to queue
[2026-09-17T08:52:50.590+0000] {logging_mixin.py:190} INFO - [2026-09-17T08:52:50.590+0000] {dagbag.py:588} INFO - Filling up the DagBag from /opt/airflow/dags/youtube_extract_pipeline.py
[2026-09-17T08:52:50.647+0000] {processor.py:925} INFO - DAG(s) 'youtube_pipeline_extraction' retrieved from /opt/airflow/dags/youtube_extract_pipeline.py
[2026-09-17T08:52:50.667+0000] {logging_mixin.py:190} INFO - [2026-09-17T08:52:50.666+0000] {dag.py:3239} INFO - Sync 1 DAGs
[2026-09-17T08:52:50.689+0000] {logging_mixin.py:190} INFO - [2026-09-17T08:52:50.689+0000] {dag.py:4180} INFO - Setting next_dagrun for youtube_pipeline_extraction to 2026-09-17 07:00:00+00:00, run_after=2026-09-17 08:00:00+00:00
[2026-09-17T08:52:50.708+0000] {processor.py:208} INFO - Processing /opt/airflow/dags/youtube_extract_pipeline.py took 0.127 seconds
[2026-09-17T08:53:21.025+0000] {processor.py:186} INFO - Started process (PID=757) to work on /opt/airflow/dags/youtube_extract_pipeline.py
[2026-09-17T08:53:21.027+0000] {processor.py:914} INFO - Processing file /opt/airflow/dags/youtube_extract_pipeline.py for tasks to queue
[2026-09-17T08:53:21.029+0000] {logging_mixin.py:190} INFO - [2026-09-17T08:53:21.029+0000] {dagbag.py:588} INFO - Filling up the DagBag from /opt/airflow/dags/youtube_extract_pipeline.py
[2026-09-17T08:53:21.099+0000] {processor.py:925} INFO - DAG(s) 'youtube_pipeline_extraction' retrieved from /opt/airflow/dags/youtube_extract_pipeline.py
[2026-09-17T08:53:21.120+0000] {logging_mixin.py:190} INFO - [2026-09-17T08:53:21.120+0000] {dag.py:3239} INFO - Sync 1 DAGs
[2026-09-17T08:53:21.146+0000] {logging_mixin.py:190} INFO - [2026-09-17T08:53:21.145+0000] {dag.py:4180} INFO - Setting next_dagrun for youtube_pipeline_extraction to 2026-09-17 07:00:00+00:00, run_after=2026-09-17 08:00:00+00:00
[2026-09-17T08:53:21.163+0000] {processor.py:208} INFO - Processing /opt/airflow/dags/youtube_extract_pipeline.py took 0.144 seconds
[2026-09-17T08:53:51.488+0000] {processor.py:186} INFO - Started process (PID=764) to work on /opt/airflow/dags/youtube_extract_pipeline.py
[2026-09-17T08:53:51.491+0000] {processor.py:914} INFO - Processing file /opt/airflow/dags/youtube_extract_pipeline.py for tasks to queue
[2026-09-17T08:53:51.493+0000] {logging_mixin.py:190} INFO - [2026-09-17T08:53:51.492+0000] {dagbag.py:588} INFO - Filling up the DagBag from /opt/airflow/dags/youtube_extract_pipeline.py
[2026-09-17T08:53:51.564+0000] {processor.py:925} INFO - DAG(s) 'youtube_pipeline_extraction' retrieved from /opt/airflow/dags/youtube_extract_pipeline.py
[2026-09-17T08:53:51.593+0000] {logging_mixin.py:190} INFO - [2026-09-17T08:53:51.593+0000] {dag.py:3239} INFO - Sync 1 DAGs
[2026-09-17T08:53:51.626+0000] {logging_mixin.py:190} INFO - [2026-09-17T08:53:51.626+0000] {dag.py:4180} INFO - Setting next_dagrun for youtube_pipeline_extraction to 2026-09-17 07:00:00+00:00, run_after=2026-09-17 08:00:00+00:00
[2026-09-17T08:53:51.651+0000] {processor.py:208} INFO - Processing /opt/airflow/dags/youtube_extract_pipeline.py took 0.170 seconds
[2026-09-17T08:54:22.017+0000] {processor.py:186} INFO - Started process (PID=772) to work on /opt/airflow/dags/youtube_extract_pipeline.py
[2026-09-17T08:54:22.020+0000] {processor.py:914} INFO - Processing file /opt/airflow/dags/youtube_extract_pipeline.py for tasks to queue
[2026-09-17T08:54:22.023+0000] {logging_mixin.py:190} INFO - [2026-09-17T08:54:22.022+0000] {dagbag.py:588} INFO - Filling up the DagBag from /opt/airflow/dags/youtube_extract_pipeline.py
[2026-09-17T08:54:22.096+0000] {processor.py:925} INFO - DAG(s) 'youtube_pipeline_extraction' retrieved from /opt/airflow/dags/youtube_extract_pipeline.py
[2026-09-17T08:54:22.118+0000] {logging_mixin.py:190} INFO - [2026-09-17T08:54:22.117+0000] {dag.py:3239} INFO - Sync 1 DAGs
[2026-09-17T08:54:22.142+0000] {logging_mixin.py:190} INFO - [2026-09-17T08:54:22.141+0000] {dag.py:4180} INFO - Setting next_dagrun for youtube_pipeline_extraction to 2026-09-17 07:00:00+00:00, run_after=2026-09-17 08:00:00+00:00
[2026-09-17T08:54:22.162+0000] {processor.py:208} INFO - Processing /opt/airflow/dags/youtube_extract_pipeline.py took 0.158 seconds
[2026-09-17T08:54:52.583+0000] {processor.py:186} INFO - Started process (PID=780) to work on /opt/airflow/dags/youtube_extract_pipeline.py
[2026-09-17T08:54:52.586+0000] {processor.py:914} INFO - Processing file /opt/airflow/dags/youtube_extract_pipeline.py for tasks to queue
[2026-09-17T08:54:52.589+0000] {logging_mixin.py:190} INFO - [2026-09-17T08:54:52.588+0000] {dagbag.py:588} INFO - Filling up the DagBag from /opt/airflow/dags/youtube_extract_pipeline.py
[2026-09-17T08:54:52.698+0000] {processor.py:925} INFO - DAG(s) 'youtube_pipeline_extraction' retrieved from /opt/airflow/dags/youtube_extract_pipeline.py
[2026-09-17T08:54:52.745+0000] {logging_mixin.py:190} INFO - [2026-09-17T08:54:52.745+0000] {dag.py:3239} INFO - Sync 1 DAGs
[2026-09-17T08:54:52.820+0000] {logging_mixin.py:190} INFO - [2026-09-17T08:54:52.820+0000] {dag.py:4180} INFO - Setting next_dagrun for youtube_pipeline_extraction to 2026-09-17 07:00:00+00:00, run_after=2026-09-17 08:00:00+00:00
[2026-09-17T08:54:52.878+0000] {processor.py:208} INFO - Processing /opt/airflow/dags/youtube_extract_pipeline.py took 0.305 seconds
[2026-09-17T08:55:23.232+0000] {processor.py:186} INFO - Started process (PID=788) to work on /opt/airflow/dags/youtube_extract_pipeline.py
[2026-09-17T08:55:23.234+0000] {processor.py:914} INFO - Processing file /opt/airflow/dags/youtube_extract_pipeline.py for tasks to queue
[2026-09-17T08:55:23.235+0000] {logging_mixin.py:190} INFO - [2026-09-17T08:55:23.235+0000] {dagbag.py:588} INFO - Filling up the DagBag from /opt/airflow/dags/youtube_extract_pipeline.py
[2026-09-17T08:55:23.296+0000] {processor.py:925} INFO - DAG(s) 'youtube_pipeline_extraction' retrieved from /opt/airflow/dags/youtube_extract_pipeline.py
[2026-09-17T08:55:23.321+0000] {logging_mixin.py:190} INFO - [2026-09-17T08:55:23.321+0000] {dag.py:3239} INFO - Sync 1 DAGs
[2026-09-17T08:55:23.351+0000] {logging_mixin.py:190} INFO - [2026-09-17T08:55:23.351+0000] {dag.py:4180} INFO - Setting next_dagrun for youtube_pipeline_extraction to 2026-09-17 07:00:00+00:00, run_after=2026-09-17 08:00:00+00:00
[2026-09-17T08:55:23.370+0000] {processor.py:208} INFO - Processing /opt/airflow/dags/youtube_extract_pipeline.py took 0.144 seconds
[2026-09-17T08:55:53.701+0000] {processor.py:186} INFO - Started process (PID=796) to work on /opt/airflow/dags/youtube_extract_pipeline.py
[2026-09-17T08:55:53.704+0000] {processor.py:914} INFO - Processing file /opt/airflow/dags/youtube_extract_pipeline.py for tasks to queue
[2026-09-17T08:55:53.706+0000] {logging_mixin.py:190} INFO - [2026-09-17T08:55:53.706+0000] {dagbag.py:588} INFO - Filling up the DagBag from /opt/airflow/dags/youtube_extract_pipeline.py
[2026-09-17T08:55:53.769+0000] {processor.py:925} INFO - DAG(s) 'youtube_pipeline_extraction' retrieved from /opt/airflow/dags/youtube_extract_pipeline.py
[2026-09-17T08:55:53.807+0000] {logging_mixin.py:190} INFO - [2026-09-17T08:55:53.807+0000] {dag.py:3239} INFO - Sync 1 DAGs
[2026-09-17T08:55:53.833+0000] {logging_mixin.py:190} INFO - [2026-09-17T08:55:53.833+0000] {dag.py:4180} INFO - Setting next_dagrun for youtube_pipeline_extraction to 2026-09-17 07:00:00+00:00, run_after=2026-09-17 08:00:00+00:00
[2026-09-17T08:55:53.856+0000] {processor.py:208} INFO - Processing /opt/airflow/dags/youtube_extract_pipeline.py took 0.161 seconds
[2026-09-17T08:56:24.227+0000] {processor.py:186} INFO - Started process (PID=804) to work on /opt/airflow/dags/youtube_extract_pipeline.py
[2026-09-17T08:56:24.230+0000] {processor.py:914} INFO - Processing file /opt/airflow/dags/youtube_extract_pipeline.py for tasks to queue
[2026-09-17T08:56:24.234+0000] {logging_mixin.py:190} INFO - [2026-09-17T08:56:24.233+0000] {dagbag.py:588} INFO - Filling up the DagBag from /opt/airflow/dags/youtube_extract_pipeline.py
[2026-09-17T08:56:24.321+0000] {processor.py:925} INFO - DAG(s) 'youtube_pipeline_extraction' retrieved from /opt/airflow/dags/youtube_extract_pipeline.py
[2026-09-17T08:56:24.350+0000] {logging_mixin.py:190} INFO - [2026-09-17T08:56:24.349+0000] {dag.py:3239} INFO - Sync 1 DAGs
[2026-09-17T08:56:24.383+0000] {logging_mixin.py:190} INFO - [2026-09-17T08:56:24.382+0000] {dag.py:4180} INFO - Setting next_dagrun for youtube_pipeline_extraction to 2026-09-17 07:00:00+00:00, run_after=2026-09-17 08:00:00+00:00
[2026-09-17T08:56:24.402+0000] {processor.py:208} INFO - Processing /opt/airflow/dags/youtube_extract_pipeline.py took 0.184 seconds
[2026-09-17T08:56:54.766+0000] {processor.py:186} INFO - Started process (PID=812) to work on /opt/airflow/dags/youtube_extract_pipeline.py
[2026-09-17T08:56:54.768+0000] {processor.py:914} INFO - Processing file /opt/airflow/dags/youtube_extract_pipeline.py for tasks to queue
[2026-09-17T08:56:54.770+0000] {logging_mixin.py:190} INFO - [2026-09-17T08:56:54.770+0000] {dagbag.py:588} INFO - Filling up the DagBag from /opt/airflow/dags/youtube_extract_pipeline.py
[2026-09-17T08:56:54.836+0000] {processor.py:925} INFO - DAG(s) 'youtube_pipeline_extraction' retrieved from /opt/airflow/dags/youtube_extract_pipeline.py
[2026-09-17T08:56:54.865+0000] {logging_mixin.py:190} INFO - [2026-09-17T08:56:54.865+0000] {dag.py:3239} INFO - Sync 1 DAGs
[2026-09-17T08:56:54.891+0000] {logging_mixin.py:190} INFO - [2026-09-17T08:56:54.891+0000] {dag.py:4180} INFO - Setting next_dagrun for youtube_pipeline_extraction to 2026-09-17 07:00:00+00:00, run_after=2026-09-17 08:00:00+00:00
[2026-09-17T08:56:54.911+0000] {processor.py:208} INFO - Processing /opt/airflow/dags/youtube_extract_pipeline.py took 0.151 seconds
[2026-09-17T08:57:25.231+0000] {processor.py:186} INFO - Started process (PID=820) to work on /opt/airflow/dags/youtube_extract_pipeline.py
[2026-09-17T08:57:25.234+0000] {processor.py:914} INFO - Processing file /opt/airflow/dags/youtube_extract_pipeline.py for tasks to queue
[2026-09-17T08:57:25.238+0000] {logging_mixin.py:190} INFO - [2026-09-17T08:57:25.238+0000] {dagbag.py:588} INFO - Filling up the DagBag from /opt/airflow/dags/youtube_extract_pipeline.py
[2026-09-17T08:57:25.347+0000] {processor.py:925} INFO - DAG(s) 'youtube_pipeline_extraction' retrieved from /opt/airflow/dags/youtube_extract_pipeline.py
[2026-09-17T08:57:25.385+0000] {logging_mixin.py:190} INFO - [2026-09-17T08:57:25.385+0000] {dag.py:3239} INFO - Sync 1 DAGs
[2026-09-17T08:57:25.472+0000] {logging_mixin.py:190} INFO - [2026-09-17T08:57:25.472+0000] {dag.py:4180} INFO - Setting next_dagrun for youtube_pipeline_extraction to 2026-09-17 07:00:00+00:00, run_after=2026-09-17 08:00:00+00:00
[2026-09-17T08:57:25.535+0000] {processor.py:208} INFO - Processing /opt/airflow/dags/youtube_extract_pipeline.py took 0.316 seconds
[2026-09-17T08:57:55.858+0000] {processor.py:186} INFO - Started process (PID=828) to work on /opt/airflow/dags/youtube_extract_pipeline.py
[2026-09-17T08:57:55.859+0000] {processor.py:914} INFO - Processing file /opt/airflow/dags/youtube_extract_pipeline.py for tasks to queue
[2026-09-17T08:57:55.861+0000] {logging_mixin.py:190} INFO - [2026-09-17T08:57:55.861+0000] {dagbag.py:588} INFO - Filling up the DagBag from /opt/airflow/dags/youtube_extract_pipeline.py
[2026-09-17T08:57:55.918+0000] {processor.py:925} INFO - DAG(s) 'youtube_pipeline_extraction' retrieved from /opt/airflow/dags/youtube_extract_pipeline.py
[2026-09-17T08:57:55.940+0000] {logging_mixin.py:190} INFO - [2026-09-17T08:57:55.940+0000] {dag.py:3239} INFO - Sync 1 DAGs
[2026-09-17T08:57:55.966+0000] {logging_mixin.py:190} INFO - [2026-09-17T08:57:55.965+0000] {dag.py:4180} INFO - Setting next_dagrun for youtube_pipeline_extraction to 2026-09-17 07:00:00+00:00, run_after=2026-09-17 08:00:00+00:00
[2026-09-17T08:57:55.984+0000] {processor.py:208} INFO - Processing /opt/airflow/dags/youtube_extract_pipeline.py took 0.131 seconds
[2026-09-17T08:58:26.365+0000] {processor.py:186} INFO - Started process (PID=836) to work on /opt/airflow/dags/youtube_extract_pipeline.py
[2026-09-17T08:58:26.367+0000] {processor.py:914} INFO - Processing file /opt/airflow/dags/youtube_extract_pipeline.py for tasks to queue
[2026-09-17T08:58:26.369+0000] {logging_mixin.py:190} INFO - [2026-09-17T08:58:26.368+0000] {dagbag.py:588} INFO - Filling up the DagBag from /opt/airflow/dags/youtube_extract_pipeline.py
[2026-09-17T08:58:26.430+0000] {processor.py:925} INFO - DAG(s) 'youtube_pipeline_extraction' retrieved from /opt/airflow/dags/youtube_extract_pipeline.py
[2026-09-17T08:58:26.450+0000] {logging_mixin.py:190} INFO - [2026-09-17T08:58:26.450+0000] {dag.py:3239} INFO - Sync 1 DAGs
[2026-09-17T08:58:26.471+0000] {logging_mixin.py:190} INFO - [2026-09-17T08:58:26.471+0000] {dag.py:4180} INFO - Setting next_dagrun for youtube_pipeline_extraction to 2026-09-17 07:00:00+00:00, run_after=2026-09-17 08:00:00+00:00
[2026-09-17T08:58:26.489+0000] {processor.py:208} INFO - Processing /opt/airflow/dags/youtube_extract_pipeline.py took 0.129 seconds
[2026-09-17T08:58:56.836+0000] {processor.py:186} INFO - Started process (PID=850) to work on /opt/airflow/dags/youtube_extract_pipeline.py
[2026-09-17T08:58:56.837+0000] {processor.py:914} INFO - Processing file /opt/airflow/dags/youtube_extract_pipeline.py for tasks to queue
[2026-09-17T08:58:56.839+0000] {logging_mixin.py:190} INFO - [2026-09-17T08:58:56.839+0000] {dagbag.py:588} INFO - Filling up the DagBag from /opt/airflow/dags/youtube_extract_pipeline.py
[2026-09-17T08:58:56.895+0000] {processor.py:925} INFO - DAG(s) 'youtube_pipeline_extraction' retrieved from /opt/airflow/dags/youtube_extract_pipeline.py
[2026-09-17T08:58:56.917+0000] {logging_mixin.py:190} INFO - [2026-09-17T08:58:56.917+0000] {dag.py:3239} INFO - Sync 1 DAGs
[2026-09-17T08:58:56.941+0000] {logging_mixin.py:190} INFO - [2026-09-17T08:58:56.941+0000] {dag.py:4180} INFO - Setting next_dagrun for youtube_pipeline_extraction to 2026-09-17 07:00:00+00:00, run_after=2026-09-17 08:00:00+00:00
[2026-09-17T08:58:56.961+0000] {processor.py:208} INFO - Processing /opt/airflow/dags/youtube_extract_pipeline.py took 0.130 seconds
[2026-09-17T08:59:27.287+0000] {processor.py:186} INFO - Started process (PID=858) to work on /opt/airflow/dags/youtube_extract_pipeline.py
[2026-09-17T08:59:27.289+0000] {processor.py:914} INFO - Processing file /opt/airflow/dags/youtube_extract_pipeline.py for tasks to queue
[2026-09-17T08:59:27.291+0000] {logging_mixin.py:190} INFO - [2026-09-17T08:59:27.291+0000] {dagbag.py:588} INFO - Filling up the DagBag from /opt/airflow/dags/youtube_extract_pipeline.py
[2026-09-17T08:59:27.358+0000] {processor.py:925} INFO - DAG(s) 'youtube_pipeline_extraction' retrieved from /opt/airflow/dags/youtube_extract_pipeline.py
[2026-09-17T08:59:27.379+0000] {logging_mixin.py:190} INFO - [2026-09-17T08:59:27.379+0000] {dag.py:3239} INFO - Sync 1 DAGs
[2026-09-17T08:59:27.401+0000] {logging_mixin.py:190} INFO - [2026-09-17T08:59:27.401+0000] {dag.py:4180} INFO - Setting next_dagrun for youtube_pipeline_extraction to 2026-09-17 07:00:00+00:00, run_after=2026-09-17 08:00:00+00:00
[2026-09-17T08:59:27.420+0000] {processor.py:208} INFO - Processing /opt/airflow/dags/youtube_extract_pipeline.py took 0.139 seconds
[2026-09-17T08:59:57.830+0000] {processor.py:186} INFO - Started process (PID=866) to work on /opt/airflow/dags/youtube_extract_pipeline.py
[2026-09-17T08:59:57.832+0000] {processor.py:914} INFO - Processing file /opt/airflow/dags/youtube_extract_pipeline.py for tasks to queue
[2026-09-17T08:59:57.834+0000] {logging_mixin.py:190} INFO - [2026-09-17T08:59:57.834+0000] {dagbag.py:588} INFO - Filling up the DagBag from /opt/airflow/dags/youtube_extract_pipeline.py
[2026-09-17T08:59:57.904+0000] {processor.py:925} INFO - DAG(s) 'youtube_pipeline_extraction' retrieved from /opt/airflow/dags/youtube_extract_pipeline.py
[2026-09-17T08:59:57.925+0000] {logging_mixin.py:190} INFO - [2026-09-17T08:59:57.925+0000] {dag.py:3239} INFO - Sync 1 DAGs
[2026-09-17T08:59:57.948+0000] {logging_mixin.py:190} INFO - [2026-09-17T08:59:57.948+0000] {dag.py:4180} INFO - Setting next_dagrun for youtube_pipeline_extraction to 2026-09-17 07:00:00+00:00, run_after=2026-09-17 08:00:00+00:00
[2026-09-17T08:59:57.970+0000] {processor.py:208} INFO - Processing /opt/airflow/dags/youtube_extract_pipeline.py took 0.149 seconds
[2026-09-17T09:00:28.341+0000] {processor.py:186} INFO - Started process (PID=874) to work on /opt/airflow/dags/youtube_extract_pipeline.py
[2026-09-17T09:00:28.343+0000] {processor.py:914} INFO - Processing file /opt/airflow/dags/youtube_extract_pipeline.py for tasks to queue
[2026-09-17T09:00:28.345+0000] {logging_mixin.py:190} INFO - [2026-09-17T09:00:28.345+0000] {dagbag.py:588} INFO - Filling up the DagBag from /opt/airflow/dags/youtube_extract_pipeline.py
[2026-09-17T09:00:28.412+0000] {processor.py:925} INFO - DAG(s) 'youtube_pipeline_extraction' retrieved from /opt/airflow/dags/youtube_extract_pipeline.py
[2026-09-17T09:00:28.435+0000] {logging_mixin.py:190} INFO - [2026-09-17T09:00:28.434+0000] {dag.py:3239} INFO - Sync 1 DAGs
[2026-09-17T09:00:28.460+0000] {logging_mixin.py:190} INFO - [2026-09-17T09:00:28.460+0000] {dag.py:4180} INFO - Setting next_dagrun for youtube_pipeline_extraction to 2026-09-17 08:00:00+00:00, run_after=2026-09-17 09:00:00+00:00
[2026-09-17T09:00:28.479+0000] {processor.py:208} INFO - Processing /opt/airflow/dags/youtube_extract_pipeline.py took 0.144 seconds
[2026-09-17T09:00:58.851+0000] {processor.py:186} INFO - Started process (PID=882) to work on /opt/airflow/dags/youtube_extract_pipeline.py
[2026-09-17T09:00:58.853+0000] {processor.py:914} INFO - Processing file /opt/airflow/dags/youtube_extract_pipeline.py for tasks to queue
[2026-09-17T09:00:58.855+0000] {logging_mixin.py:190} INFO - [2026-09-17T09:00:58.855+0000] {dagbag.py:588} INFO - Filling up the DagBag from /opt/airflow/dags/youtube_extract_pipeline.py
[2026-09-17T09:00:58.913+0000] {processor.py:925} INFO - DAG(s) 'youtube_pipeline_extraction' retrieved from /opt/airflow/dags/youtube_extract_pipeline.py
[2026-09-17T09:00:58.964+0000] {logging_mixin.py:190} INFO - [2026-09-17T09:00:58.964+0000] {dag.py:3239} INFO - Sync 1 DAGs
[2026-09-17T09:00:58.989+0000] {logging_mixin.py:190} INFO - [2026-09-17T09:00:58.989+0000] {dag.py:4180} INFO - Setting next_dagrun for youtube_pipeline_extraction to 2026-09-17 08:00:00+00:00, run_after=2026-09-17 09:00:00+00:00
[2026-09-17T09:00:59.009+0000] {processor.py:208} INFO - Processing /opt/airflow/dags/youtube_extract_pipeline.py took 0.164 seconds
[2026-09-17T09:01:29.364+0000] {processor.py:186} INFO - Started process (PID=890) to work on /opt/airflow/dags/youtube_extract_pipeline.py
[2026-09-17T09:01:29.365+0000] {processor.py:914} INFO - Processing file /opt/airflow/dags/youtube_extract_pipeline.py for tasks to queue
[2026-09-17T09:01:29.367+0000] {logging_mixin.py:190} INFO - [2026-09-17T09:01:29.366+0000] {dagbag.py:588} INFO - Filling up the DagBag from /opt/airflow/dags/youtube_extract_pipeline.py
[2026-09-17T09:01:29.430+0000] {processor.py:925} INFO - DAG(s) 'youtube_pipeline_extraction' retrieved from /opt/airflow/dags/youtube_extract_pipeline.py
[2026-09-17T09:01:29.452+0000] {logging_mixin.py:190} INFO - [2026-09-17T09:01:29.452+0000] {dag.py:3239} INFO - Sync 1 DAGs
[2026-09-17T09:01:29.478+0000] {logging_mixin.py:190} INFO - [2026-09-17T09:01:29.478+0000] {dag.py:4180} INFO - Setting next_dagrun for youtube_pipeline_extraction to 2026-09-17 08:00:00+00:00, run_after=2026-09-17 09:00:00+00:00
[2026-09-17T09:01:29.496+0000] {processor.py:208} INFO - Processing /opt/airflow/dags/youtube_extract_pipeline.py took 0.138 seconds
[2026-09-17T09:01:59.816+0000] {processor.py:186} INFO - Started process (PID=898) to work on /opt/airflow/dags/youtube_extract_pipeline.py
[2026-09-17T09:01:59.818+0000] {processor.py:914} INFO - Processing file /opt/airflow/dags/youtube_extract_pipeline.py for tasks to queue
[2026-09-17T09:01:59.820+0000] {logging_mixin.py:190} INFO - [2026-09-17T09:01:59.820+0000] {dagbag.py:588} INFO - Filling up the DagBag from /opt/airflow/dags/youtube_extract_pipeline.py
[2026-09-17T09:01:59.882+0000] {processor.py:925} INFO - DAG(s) 'youtube_pipeline_extraction' retrieved from /opt/airflow/dags/youtube_extract_pipeline.py
[2026-09-17T09:01:59.905+0000] {logging_mixin.py:190} INFO - [2026-09-17T09:01:59.905+0000] {dag.py:3239} INFO - Sync 1 DAGs
[2026-09-17T09:01:59.930+0000] {logging_mixin.py:190} INFO - [2026-09-17T09:01:59.929+0000] {dag.py:4180} INFO - Setting next_dagrun for youtube_pipeline_extraction to 2026-09-17 08:00:00+00:00, run_after=2026-09-17 09:00:00+00:00
[2026-09-17T09:01:59.947+0000] {processor.py:208} INFO - Processing /opt/airflow/dags/youtube_extract_pipeline.py took 0.136 seconds
[2026-09-17T09:02:30.254+0000] {processor.py:186} INFO - Started process (PID=906) to work on /opt/airflow/dags/youtube_extract_pipeline.py
[2026-09-17T09:02:30.256+0000] {processor.py:914} INFO - Processing file /opt/airflow/dags/youtube_extract_pipeline.py for tasks to queue
[2026-09-17T09:02:30.258+0000] {logging_mixin.py:190} INFO - [2026-09-17T09:02:30.257+0000] {dagbag.py:588} INFO - Filling up the DagBag from /opt/airflow/dags/youtube_extract_pipeline.py
[2026-09-17T09:02:30.320+0000] {processor.py:925} INFO - DAG(s) 'youtube_pipeline_extraction' retrieved from /opt/airflow/dags/youtube_extract_pipeline.py
[2026-09-17T09:02:30.339+0000] {logging_mixin.py:190} INFO - [2026-09-17T09:02:30.339+0000] {dag.py:3239} INFO - Sync 1 DAGs
[2026-09-17T09:02:30.362+0000] {logging_mixin.py:190} INFO - [2026-09-17T09:02:30.361+0000] {dag.py:4180} INFO - Setting next_dagrun for youtube_pipeline_extraction to 2026-09-17 08:00:00+00:00, run_after=2026-09-17 09:00:00+00:00
[2026-09-17T09:02:30.383+0000] {processor.py:208} INFO - Processing /opt/airflow/dags/youtube_extract_pipeline.py took 0.135 seconds
[2026-09-17T09:03:00.722+0000] {processor.py:186} INFO - Started process (PID=914) to work on /opt/airflow/dags/youtube_extract_pipeline.py
[2026-09-17T09:03:00.724+0000] {processor.py:914} INFO - Processing file /opt/airflow/dags/youtube_extract_pipeline.py for tasks to queue
[2026-09-17T09:03:00.726+0000] {logging_mixin.py:190} INFO - [2026-09-17T09:03:00.725+0000] {dagbag.py:588} INFO - Filling up the DagBag from /opt/airflow/dags/youtube_extract_pipeline.py
[2026-09-17T09:03:00.799+0000] {processor.py:925} INFO - DAG(s) 'youtube_pipeline_extraction' retrieved from /opt/airflow/dags/youtube_extract_pipeline.py
[2026-09-17T09:03:00.822+0000] {logging_mixin.py:190} INFO - [2026-09-17T09:03:00.821+0000] {dag.py:3239} INFO - Sync 1 DAGs
[2026-09-17T09:03:00.850+0000] {logging_mixin.py:190} INFO - [2026-09-17T09:03:00.849+0000] {dag.py:4180} INFO - Setting next_dagrun for youtube_pipeline_extraction to 2026-09-17 08:00:00+00:00, run_after=2026-09-17 09:00:00+00:00
[2026-09-17T09:03:00.870+0000] {processor.py:208} INFO - Processing /opt/airflow/dags/youtube_extract_pipeline.py took 0.153 seconds
[2026-09-17T09:03:31.221+0000] {processor.py:186} INFO - Started process (PID=922) to work on /opt/airflow/dags/youtube_extract_pipeline.py
[2026-09-17T09:03:31.222+0000] {processor.py:914} INFO - Processing file /opt/airflow/dags/youtube_extract_pipeline.py for tasks to queue
[2026-09-17T09:03:31.223+0000] {logging_mixin.py:190} INFO - [2026-09-17T09:03:31.223+0000] {dagbag.py:588} INFO - Filling up the DagBag from /opt/airflow/dags/youtube_extract_pipeline.py
[2026-09-17T09:03:31.290+0000] {processor.py:925} INFO - DAG(s) 'youtube_pipeline_extraction' retrieved from /opt/airflow/dags/youtube_extract_pipeline.py
[2026-09-17T09:03:31.317+0000] {logging_mixin.py:190} INFO - [2026-09-17T09:03:31.316+0000] {dag.py:3239} INFO - Sync 1 DAGs
[2026-09-17T09:03:31.348+0000] {logging_mixin.py:190} INFO - [2026-09-17T09:03:31.348+0000] {dag.py:4180} INFO - Setting next_dagrun for youtube_pipeline_extraction to 2026-09-17 08:00:00+00:00, run_after=2026-09-17 09:00:00+00:00
[2026-09-17T09:03:31.382+0000] {processor.py:208} INFO - Processing /opt/airflow/dags/youtube_extract_pipeline.py took 0.167 seconds
[2026-09-17T09:04:01.709+0000] {processor.py:186} INFO - Started process (PID=930) to work on /opt/airflow/dags/youtube_extract_pipeline.py
[2026-09-17T09:04:01.710+0000] {processor.py:914} INFO - Processing file /opt/airflow/dags/youtube_extract_pipeline.py for tasks to queue
[2026-09-17T09:04:01.712+0000] {logging_mixin.py:190} INFO - [2026-09-17T09:04:01.711+0000] {dagbag.py:588} INFO - Filling up the DagBag from /opt/airflow/dags/youtube_extract_pipeline.py
[2026-09-17T09:04:01.767+0000] {processor.py:925} INFO - DAG(s) 'youtube_pipeline_extraction' retrieved from /opt/airflow/dags/youtube_extract_pipeline.py
[2026-09-17T09:04:01.788+0000] {logging_mixin.py:190} INFO - [2026-09-17T09:04:01.787+0000] {dag.py:3239} INFO - Sync 1 DAGs
[2026-09-17T09:04:01.816+0000] {logging_mixin.py:190} INFO - [2026-09-17T09:04:01.816+0000] {dag.py:4180} INFO - Setting next_dagrun for youtube_pipeline_extraction to 2026-09-17 08:00:00+00:00, run_after=2026-09-17 09:00:00+00:00
[2026-09-17T09:04:01.836+0000] {processor.py:208} INFO - Processing /opt/airflow/dags/youtube_extract_pipeline.py took 0.133 seconds
[2026-09-17T09:04:32.091+0000] {processor.py:186} INFO - Started process (PID=938) to work on /opt/airflow/dags/youtube_extract_pipeline.py
[2026-09-17T09:04:32.094+0000] {processor.py:914} INFO - Processing file /opt/airflow/dags/youtube_extract_pipeline.py for tasks to queue
[2026-09-17T09:04:32.097+0000] {logging_mixin.py:190} INFO - [2026-09-17T09:04:32.096+0000] {dagbag.py:588} INFO - Filling up the DagBag from /opt/airflow/dags/youtube_extract_pipeline.py
[2026-09-17T09:04:32.167+0000] {processor.py:925} INFO - DAG(s) 'youtube_pipeline_extraction' retrieved from /opt/airflow/dags/youtube_extract_pipeline.py
[2026-09-17T09:04:32.197+0000] {logging_mixin.py:190} INFO - [2026-09-17T09:04:32.197+0000] {dag.py:3239} INFO - Sync 1 DAGs
[2026-09-17T09:04:32.226+0000] {logging_mixin.py:190} INFO - [2026-09-17T09:04:32.226+0000] {dag.py:4180} INFO - Setting next_dagrun for youtube_pipeline_extraction to 2026-09-17 08:00:00+00:00, run_after=2026-09-17 09:00:00+00:00
[2026-09-17T09:04:32.249+0000] {processor.py:208} INFO - Processing /opt/airflow/dags/youtube_extract_pipeline.py took 0.166 seconds
[2026-09-17T09:05:03.721+0000] {processor.py:186} INFO - Started process (PID=946) to work on /opt/airflow/dags/youtube_extract_pipeline.py
[2026-09-17T09:05:03.777+0000] {processor.py:914} INFO - Processing file /opt/airflow/dags/youtube_extract_pipeline.py for tasks to queue
[2026-09-17T09:05:03.815+0000] {logging_mixin.py:190} INFO - [2026-09-17T09:05:03.812+0000] {dagbag.py:588} INFO - Filling up the DagBag from /opt/airflow/dags/youtube_extract_pipeline.py
[2026-09-17T09:05:05.864+0000] {processor.py:925} INFO - DAG(s) 'youtube_pipeline_extraction' retrieved from /opt/airflow/dags/youtube_extract_pipeline.py
[2026-09-17T09:05:06.498+0000] {logging_mixin.py:190} INFO - [2026-09-17T09:05:06.498+0000] {dag.py:3239} INFO - Sync 1 DAGs
[2026-09-17T09:05:06.906+0000] {logging_mixin.py:190} INFO - [2026-09-17T09:05:06.905+0000] {dag.py:4180} INFO - Setting next_dagrun for youtube_pipeline_extraction to 2026-09-17 08:00:00+00:00, run_after=2026-09-17 09:00:00+00:00
[2026-09-17T09:05:06.968+0000] {processor.py:208} INFO - Processing /opt/airflow/dags/youtube_extract_pipeline.py took 3.543 seconds
[2026-09-17T09:05:37.611+0000] {processor.py:186} INFO - Started process (PID=954) to work on /opt/airflow/dags/youtube_extract_pipeline.py
[2026-09-17T09:05:37.615+0000] {processor.py:914} INFO - Processing file /opt/airflow/dags/youtube_extract_pipeline.py for tasks to queue
[2026-09-17T09:05:37.618+0000] {logging_mixin.py:190} INFO - [2026-09-17T09:05:37.617+0000] {dagbag.py:588} INFO - Filling up the DagBag from /opt/airflow/dags/youtube_extract_pipeline.py
[2026-09-17T09:05:37.785+0000] {processor.py:925} INFO - DAG(s) 'youtube_pipeline_extraction' retrieved from /opt/airflow/dags/youtube_extract_pipeline.py
[2026-09-17T09:05:37.857+0000] {logging_mixin.py:190} INFO - [2026-09-17T09:05:37.857+0000] {dag.py:3239} INFO - Sync 1 DAGs
[2026-09-17T09:05:37.926+0000] {logging_mixin.py:190} INFO - [2026-09-17T09:05:37.926+0000] {dag.py:4180} INFO - Setting next_dagrun for youtube_pipeline_extraction to 2026-09-17 08:00:00+00:00, run_after=2026-09-17 09:00:00+00:00
[2026-09-17T09:05:37.962+0000] {processor.py:208} INFO - Processing /opt/airflow/dags/youtube_extract_pipeline.py took 0.366 seconds
[2026-09-17T09:06:08.320+0000] {processor.py:186} INFO - Started process (PID=962) to work on /opt/airflow/dags/youtube_extract_pipeline.py
[2026-09-17T09:06:08.322+0000] {processor.py:914} INFO - Processing file /opt/airflow/dags/youtube_extract_pipeline.py for tasks to queue
[2026-09-17T09:06:08.325+0000] {logging_mixin.py:190} INFO - [2026-09-17T09:06:08.324+0000] {dagbag.py:588} INFO - Filling up the DagBag from /opt/airflow/dags/youtube_extract_pipeline.py
[2026-09-17T09:06:08.415+0000] {processor.py:925} INFO - DAG(s) 'youtube_pipeline_extraction' retrieved from /opt/airflow/dags/youtube_extract_pipeline.py
[2026-09-17T09:06:08.453+0000] {logging_mixin.py:190} INFO - [2026-09-17T09:06:08.453+0000] {dag.py:3239} INFO - Sync 1 DAGs
[2026-09-17T09:06:08.481+0000] {logging_mixin.py:190} INFO - [2026-09-17T09:06:08.481+0000] {dag.py:4180} INFO - Setting next_dagrun for youtube_pipeline_extraction to 2026-09-17 08:00:00+00:00, run_after=2026-09-17 09:00:00+00:00
[2026-09-17T09:06:08.505+0000] {processor.py:208} INFO - Processing /opt/airflow/dags/youtube_extract_pipeline.py took 0.191 seconds
[2026-09-17T09:06:38.878+0000] {processor.py:186} INFO - Started process (PID=970) to work on /opt/airflow/dags/youtube_extract_pipeline.py
[2026-09-17T09:06:38.879+0000] {processor.py:914} INFO - Processing file /opt/airflow/dags/youtube_extract_pipeline.py for tasks to queue
[2026-09-17T09:06:38.883+0000] {logging_mixin.py:190} INFO - [2026-09-17T09:06:38.882+0000] {dagbag.py:588} INFO - Filling up the DagBag from /opt/airflow/dags/youtube_extract_pipeline.py
[2026-09-17T09:06:38.938+0000] {processor.py:925} INFO - DAG(s) 'youtube_pipeline_extraction' retrieved from /opt/airflow/dags/youtube_extract_pipeline.py
[2026-09-17T09:06:38.957+0000] {logging_mixin.py:190} INFO - [2026-09-17T09:06:38.957+0000] {dag.py:3239} INFO - Sync 1 DAGs
[2026-09-17T09:06:39.000+0000] {logging_mixin.py:190} INFO - [2026-09-17T09:06:39.000+0000] {dag.py:4180} INFO - Setting next_dagrun for youtube_pipeline_extraction to 2026-09-17 08:00:00+00:00, run_after=2026-09-17 09:00:00+00:00
[2026-09-17T09:06:39.019+0000] {processor.py:208} INFO - Processing /opt/airflow/dags/youtube_extract_pipeline.py took 0.146 seconds
[2026-09-17T09:07:09.353+0000] {processor.py:186} INFO - Started process (PID=978) to work on /opt/airflow/dags/youtube_extract_pipeline.py
[2026-09-17T09:07:09.355+0000] {processor.py:914} INFO - Processing file /opt/airflow/dags/youtube_extract_pipeline.py for tasks to queue
[2026-09-17T09:07:09.357+0000] {logging_mixin.py:190} INFO - [2026-09-17T09:07:09.356+0000] {dagbag.py:588} INFO - Filling up the DagBag from /opt/airflow/dags/youtube_extract_pipeline.py
[2026-09-17T09:07:09.399+0000] {processor.py:925} INFO - DAG(s) 'youtube_pipeline_extraction' retrieved from /opt/airflow/dags/youtube_extract_pipeline.py
[2026-09-17T09:07:09.421+0000] {logging_mixin.py:190} INFO - [2026-09-17T09:07:09.421+0000] {dag.py:3239} INFO - Sync 1 DAGs
[2026-09-17T09:07:09.442+0000] {logging_mixin.py:190} INFO - [2026-09-17T09:07:09.442+0000] {dag.py:4180} INFO - Setting next_dagrun for youtube_pipeline_extraction to 2026-09-17 08:00:00+00:00, run_after=2026-09-17 09:00:00+00:00
[2026-09-17T09:07:09.463+0000] {processor.py:208} INFO - Processing /opt/airflow/dags/youtube_extract_pipeline.py took 0.116 seconds
[2026-09-17T09:07:39.844+0000] {processor.py:186} INFO - Started process (PID=986) to work on /opt/airflow/dags/youtube_extract_pipeline.py
[2026-09-17T09:07:39.846+0000] {processor.py:914} INFO - Processing file /opt/airflow/dags/youtube_extract_pipeline.py for tasks to queue
[2026-09-17T09:07:39.849+0000] {logging_mixin.py:190} INFO - [2026-09-17T09:07:39.848+0000] {dagbag.py:588} INFO - Filling up the DagBag from /opt/airflow/dags/youtube_extract_pipeline.py
[2026-09-17T09:07:39.918+0000] {processor.py:925} INFO - DAG(s) 'youtube_pipeline_extraction' retrieved from /opt/airflow/dags/youtube_extract_pipeline.py
[2026-09-17T09:07:39.937+0000] {logging_mixin.py:190} INFO - [2026-09-17T09:07:39.937+0000] {dag.py:3239} INFO - Sync 1 DAGs
[2026-09-17T09:07:39.960+0000] {logging_mixin.py:190} INFO - [2026-09-17T09:07:39.960+0000] {dag.py:4180} INFO - Setting next_dagrun for youtube_pipeline_extraction to 2026-09-17 08:00:00+00:00, run_after=2026-09-17 09:00:00+00:00
[2026-09-17T09:07:39.980+0000] {processor.py:208} INFO - Processing /opt/airflow/dags/youtube_extract_pipeline.py took 0.147 seconds
[2026-09-17T09:08:10.349+0000] {processor.py:186} INFO - Started process (PID=994) to work on /opt/airflow/dags/youtube_extract_pipeline.py
[2026-09-17T09:08:10.351+0000] {processor.py:914} INFO - Processing file /opt/airflow/dags/youtube_extract_pipeline.py for tasks to queue
[2026-09-17T09:08:10.354+0000] {logging_mixin.py:190} INFO - [2026-09-17T09:08:10.354+0000] {dagbag.py:588} INFO - Filling up the DagBag from /opt/airflow/dags/youtube_extract_pipeline.py
[2026-09-17T09:08:10.413+0000] {processor.py:925} INFO - DAG(s) 'youtube_pipeline_extraction' retrieved from /opt/airflow/dags/youtube_extract_pipeline.py
[2026-09-17T09:08:10.436+0000] {logging_mixin.py:190} INFO - [2026-09-17T09:08:10.436+0000] {dag.py:3239} INFO - Sync 1 DAGs
[2026-09-17T09:08:10.458+0000] {logging_mixin.py:190} INFO - [2026-09-17T09:08:10.458+0000] {dag.py:4180} INFO - Setting next_dagrun for youtube_pipeline_extraction to 2026-09-17 08:00:00+00:00, run_after=2026-09-17 09:00:00+00:00
[2026-09-17T09:08:10.478+0000] {processor.py:208} INFO - Processing /opt/airflow/dags/youtube_extract_pipeline.py took 0.135 seconds
[2026-09-17T09:08:40.915+0000] {processor.py:186} INFO - Started process (PID=1004) to work on /opt/airflow/dags/youtube_extract_pipeline.py
[2026-09-17T09:08:40.918+0000] {processor.py:914} INFO - Processing file /opt/airflow/dags/youtube_extract_pipeline.py for tasks to queue
[2026-09-17T09:08:40.920+0000] {logging_mixin.py:190} INFO - [2026-09-17T09:08:40.920+0000] {dagbag.py:588} INFO - Filling up the DagBag from /opt/airflow/dags/youtube_extract_pipeline.py
[2026-09-17T09:08:41.011+0000] {processor.py:925} INFO - DAG(s) 'youtube_pipeline_extraction' retrieved from /opt/airflow/dags/youtube_extract_pipeline.py
[2026-09-17T09:08:41.042+0000] {logging_mixin.py:190} INFO - [2026-09-17T09:08:41.042+0000] {dag.py:3239} INFO - Sync 1 DAGs
[2026-09-17T09:08:41.091+0000] {logging_mixin.py:190} INFO - [2026-09-17T09:08:41.091+0000] {dag.py:4180} INFO - Setting next_dagrun for youtube_pipeline_extraction to 2026-09-17 08:00:00+00:00, run_after=2026-09-17 09:00:00+00:00
[2026-09-17T09:08:41.135+0000] {processor.py:208} INFO - Processing /opt/airflow/dags/youtube_extract_pipeline.py took 0.225 seconds
[2026-09-17T09:09:11.721+0000] {processor.py:186} INFO - Started process (PID=1013) to work on /opt/airflow/dags/youtube_extract_pipeline.py
[2026-09-17T09:09:11.725+0000] {processor.py:914} INFO - Processing file /opt/airflow/dags/youtube_extract_pipeline.py for tasks to queue
[2026-09-17T09:09:11.730+0000] {logging_mixin.py:190} INFO - [2026-09-17T09:09:11.730+0000] {dagbag.py:588} INFO - Filling up the DagBag from /opt/airflow/dags/youtube_extract_pipeline.py
[2026-09-17T09:09:11.822+0000] {processor.py:925} INFO - DAG(s) 'youtube_pipeline_extraction' retrieved from /opt/airflow/dags/youtube_extract_pipeline.py
[2026-09-17T09:09:11.854+0000] {logging_mixin.py:190} INFO - [2026-09-17T09:09:11.854+0000] {dag.py:3239} INFO - Sync 1 DAGs
[2026-09-17T09:09:11.883+0000] {logging_mixin.py:190} INFO - [2026-09-17T09:09:11.883+0000] {dag.py:4180} INFO - Setting next_dagrun for youtube_pipeline_extraction to 2026-09-17 08:00:00+00:00, run_after=2026-09-17 09:00:00+00:00
[2026-09-17T09:09:11.904+0000] {processor.py:208} INFO - Processing /opt/airflow/dags/youtube_extract_pipeline.py took 0.198 seconds
[2026-09-17T09:09:42.295+0000] {processor.py:186} INFO - Started process (PID=1022) to work on /opt/airflow/dags/youtube_extract_pipeline.py
[2026-09-17T09:09:42.297+0000] {processor.py:914} INFO - Processing file /opt/airflow/dags/youtube_extract_pipeline.py for tasks to queue
[2026-09-17T09:09:42.300+0000] {logging_mixin.py:190} INFO - [2026-09-17T09:09:42.299+0000] {dagbag.py:588} INFO - Filling up the DagBag from /opt/airflow/dags/youtube_extract_pipeline.py
[2026-09-17T09:09:42.372+0000] {processor.py:925} INFO - DAG(s) 'youtube_pipeline_extraction' retrieved from /opt/airflow/dags/youtube_extract_pipeline.py
[2026-09-17T09:09:42.395+0000] {logging_mixin.py:190} INFO - [2026-09-17T09:09:42.395+0000] {dag.py:3239} INFO - Sync 1 DAGs
[2026-09-17T09:09:42.417+0000] {logging_mixin.py:190} INFO - [2026-09-17T09:09:42.417+0000] {dag.py:4180} INFO - Setting next_dagrun for youtube_pipeline_extraction to 2026-09-17 08:00:00+00:00, run_after=2026-09-17 09:00:00+00:00
[2026-09-17T09:09:42.442+0000] {processor.py:208} INFO - Processing /opt/airflow/dags/youtube_extract_pipeline.py took 0.153 seconds
[2026-09-17T09:10:12.972+0000] {processor.py:186} INFO - Started process (PID=1031) to work on /opt/airflow/dags/youtube_extract_pipeline.py
[2026-09-17T09:10:12.974+0000] {processor.py:914} INFO - Processing file /opt/airflow/dags/youtube_extract_pipeline.py for tasks to queue
[2026-09-17T09:10:12.976+0000] {logging_mixin.py:190} INFO - [2026-09-17T09:10:12.976+0000] {dagbag.py:588} INFO - Filling up the DagBag from /opt/airflow/dags/youtube_extract_pipeline.py
[2026-09-17T09:10:13.035+0000] {processor.py:925} INFO - DAG(s) 'youtube_pipeline_extraction' retrieved from /opt/airflow/dags/youtube_extract_pipeline.py
[2026-09-17T09:10:13.052+0000] {logging_mixin.py:190} INFO - [2026-09-17T09:10:13.052+0000] {dag.py:3239} INFO - Sync 1 DAGs
[2026-09-17T09:10:13.071+0000] {logging_mixin.py:190} INFO - [2026-09-17T09:10:13.070+0000] {dag.py:4180} INFO - Setting next_dagrun for youtube_pipeline_extraction to 2026-09-17 08:00:00+00:00, run_after=2026-09-17 09:00:00+00:00
[2026-09-17T09:10:13.092+0000] {processor.py:208} INFO - Processing /opt/airflow/dags/youtube_extract_pipeline.py took 0.126 seconds
[2026-09-17T09:10:43.487+0000] {processor.py:186} INFO - Started process (PID=1040) to work on /opt/airflow/dags/youtube_extract_pipeline.py
[2026-09-17T09:10:43.490+0000] {processor.py:914} INFO - Processing file /opt/airflow/dags/youtube_extract_pipeline.py for tasks to queue
[2026-09-17T09:10:43.492+0000] {logging_mixin.py:190} INFO - [2026-09-17T09:10:43.491+0000] {dagbag.py:588} INFO - Filling up the DagBag from /opt/airflow/dags/youtube_extract_pipeline.py
[2026-09-17T09:10:43.561+0000] {processor.py:925} INFO - DAG(s) 'youtube_pipeline_extraction' retrieved from /opt/airflow/dags/youtube_extract_pipeline.py
[2026-09-17T09:10:43.582+0000] {logging_mixin.py:190} INFO - [2026-09-17T09:10:43.582+0000] {dag.py:3239} INFO - Sync 1 DAGs
[2026-09-17T09:10:43.605+0000] {logging_mixin.py:190} INFO - [2026-09-17T09:10:43.605+0000] {dag.py:4180} INFO - Setting next_dagrun for youtube_pipeline_extraction to 2026-09-17 08:00:00+00:00, run_after=2026-09-17 09:00:00+00:00
[2026-09-17T09:10:43.628+0000] {processor.py:208} INFO - Processing /opt/airflow/dags/youtube_extract_pipeline.py took 0.147 seconds
[2026-09-17T09:11:13.947+0000] {processor.py:186} INFO - Started process (PID=1048) to work on /opt/airflow/dags/youtube_extract_pipeline.py
[2026-09-17T09:11:13.950+0000] {processor.py:914} INFO - Processing file /opt/airflow/dags/youtube_extract_pipeline.py for tasks to queue
[2026-09-17T09:11:13.952+0000] {logging_mixin.py:190} INFO - [2026-09-17T09:11:13.952+0000] {dagbag.py:588} INFO - Filling up the DagBag from /opt/airflow/dags/youtube_extract_pipeline.py
[2026-09-17T09:11:14.018+0000] {processor.py:925} INFO - DAG(s) 'youtube_pipeline_extraction' retrieved from /opt/airflow/dags/youtube_extract_pipeline.py
[2026-09-17T09:11:14.038+0000] {logging_mixin.py:190} INFO - [2026-09-17T09:11:14.038+0000] {dag.py:3239} INFO - Sync 1 DAGs
[2026-09-17T09:11:14.061+0000] {logging_mixin.py:190} INFO - [2026-09-17T09:11:14.061+0000] {dag.py:4180} INFO - Setting next_dagrun for youtube_pipeline_extraction to 2026-09-17 08:00:00+00:00, run_after=2026-09-17 09:00:00+00:00
[2026-09-17T09:11:14.081+0000] {processor.py:208} INFO - Processing /opt/airflow/dags/youtube_extract_pipeline.py took 0.139 seconds
[2026-09-17T09:11:44.446+0000] {processor.py:186} INFO - Started process (PID=1056) to work on /opt/airflow/dags/youtube_extract_pipeline.py
[2026-09-17T09:11:44.448+0000] {processor.py:914} INFO - Processing file /opt/airflow/dags/youtube_extract_pipeline.py for tasks to queue
[2026-09-17T09:11:44.451+0000] {logging_mixin.py:190} INFO - [2026-09-17T09:11:44.451+0000] {dagbag.py:588} INFO - Filling up the DagBag from /opt/airflow/dags/youtube_extract_pipeline.py
[2026-09-17T09:11:44.530+0000] {processor.py:925} INFO - DAG(s) 'youtube_pipeline_extraction' retrieved from /opt/airflow/dags/youtube_extract_pipeline.py
[2026-09-17T09:11:44.553+0000] {logging_mixin.py:190} INFO - [2026-09-17T09:11:44.552+0000] {dag.py:3239} INFO - Sync 1 DAGs
[2026-09-17T09:11:44.606+0000] {logging_mixin.py:190} INFO - [2026-09-17T09:11:44.605+0000] {dag.py:4180} INFO - Setting next_dagrun for youtube_pipeline_extraction to 2026-09-17 08:00:00+00:00, run_after=2026-09-17 09:00:00+00:00
[2026-09-17T09:11:44.654+0000] {processor.py:208} INFO - Processing /opt/airflow/dags/youtube_extract_pipeline.py took 0.215 seconds
[2026-09-17T09:12:14.976+0000] {processor.py:186} INFO - Started process (PID=1064) to work on /opt/airflow/dags/youtube_extract_pipeline.py
[2026-09-17T09:12:14.978+0000] {processor.py:914} INFO - Processing file /opt/airflow/dags/youtube_extract_pipeline.py for tasks to queue
[2026-09-17T09:12:14.980+0000] {logging_mixin.py:190} INFO - [2026-09-17T09:12:14.980+0000] {dagbag.py:588} INFO - Filling up the DagBag from /opt/airflow/dags/youtube_extract_pipeline.py
[2026-09-17T09:12:15.069+0000] {processor.py:925} INFO - DAG(s) 'youtube_pipeline_extraction' retrieved from /opt/airflow/dags/youtube_extract_pipeline.py
[2026-09-17T09:12:15.088+0000] {logging_mixin.py:190} INFO - [2026-09-17T09:12:15.087+0000] {dag.py:3239} INFO - Sync 1 DAGs
[2026-09-17T09:12:15.110+0000] {logging_mixin.py:190} INFO - [2026-09-17T09:12:15.110+0000] {dag.py:4180} INFO - Setting next_dagrun for youtube_pipeline_extraction to 2026-09-17 08:00:00+00:00, run_after=2026-09-17 09:00:00+00:00
[2026-09-17T09:12:15.131+0000] {processor.py:208} INFO - Processing /opt/airflow/dags/youtube_extract_pipeline.py took 0.161 seconds
[2026-09-17T09:12:45.664+0000] {processor.py:186} INFO - Started process (PID=1074) to work on /opt/airflow/dags/youtube_extract_pipeline.py
[2026-09-17T09:12:45.668+0000] {processor.py:914} INFO - Processing file /opt/airflow/dags/youtube_extract_pipeline.py for tasks to queue
[2026-09-17T09:12:45.671+0000] {logging_mixin.py:190} INFO - [2026-09-17T09:12:45.670+0000] {dagbag.py:588} INFO - Filling up the DagBag from /opt/airflow/dags/youtube_extract_pipeline.py
[2026-09-17T09:12:45.766+0000] {processor.py:925} INFO - DAG(s) 'youtube_pipeline_extraction' retrieved from /opt/airflow/dags/youtube_extract_pipeline.py
[2026-09-17T09:12:45.788+0000] {logging_mixin.py:190} INFO - [2026-09-17T09:12:45.788+0000] {dag.py:3239} INFO - Sync 1 DAGs
[2026-09-17T09:12:45.813+0000] {logging_mixin.py:190} INFO - [2026-09-17T09:12:45.813+0000] {dag.py:4180} INFO - Setting next_dagrun for youtube_pipeline_extraction to 2026-09-17 08:00:00+00:00, run_after=2026-09-17 09:00:00+00:00
[2026-09-17T09:12:45.837+0000] {processor.py:208} INFO - Processing /opt/airflow/dags/youtube_extract_pipeline.py took 0.181 seconds
[2026-09-17T09:13:16.173+0000] {processor.py:186} INFO - Started process (PID=1082) to work on /opt/airflow/dags/youtube_extract_pipeline.py
[2026-09-17T09:13:16.174+0000] {processor.py:914} INFO - Processing file /opt/airflow/dags/youtube_extract_pipeline.py for tasks to queue
[2026-09-17T09:13:16.177+0000] {logging_mixin.py:190} INFO - [2026-09-17T09:13:16.176+0000] {dagbag.py:588} INFO - Filling up the DagBag from /opt/airflow/dags/youtube_extract_pipeline.py
[2026-09-17T09:13:16.236+0000] {processor.py:925} INFO - DAG(s) 'youtube_pipeline_extraction' retrieved from /opt/airflow/dags/youtube_extract_pipeline.py
[2026-09-17T09:13:16.255+0000] {logging_mixin.py:190} INFO - [2026-09-17T09:13:16.255+0000] {dag.py:3239} INFO - Sync 1 DAGs
[2026-09-17T09:13:16.278+0000] {logging_mixin.py:190} INFO - [2026-09-17T09:13:16.277+0000] {dag.py:4180} INFO - Setting next_dagrun for youtube_pipeline_extraction to 2026-09-17 08:00:00+00:00, run_after=2026-09-17 09:00:00+00:00
[2026-09-17T09:13:16.299+0000] {processor.py:208} INFO - Processing /opt/airflow/dags/youtube_extract_pipeline.py took 0.133 seconds
[2026-09-17T09:13:46.658+0000] {processor.py:186} INFO - Started process (PID=1090) to work on /opt/airflow/dags/youtube_extract_pipeline.py
[2026-09-17T09:13:46.660+0000] {processor.py:914} INFO - Processing file /opt/airflow/dags/youtube_extract_pipeline.py for tasks to queue
[2026-09-17T09:13:46.662+0000] {logging_mixin.py:190} INFO - [2026-09-17T09:13:46.662+0000] {dagbag.py:588} INFO - Filling up the DagBag from /opt/airflow/dags/youtube_extract_pipeline.py
[2026-09-17T09:13:46.729+0000] {processor.py:925} INFO - DAG(s) 'youtube_pipeline_extraction' retrieved from /opt/airflow/dags/youtube_extract_pipeline.py
[2026-09-17T09:13:46.752+0000] {logging_mixin.py:190} INFO - [2026-09-17T09:13:46.752+0000] {dag.py:3239} INFO - Sync 1 DAGs
[2026-09-17T09:13:46.778+0000] {logging_mixin.py:190} INFO - [2026-09-17T09:13:46.777+0000] {dag.py:4180} INFO - Setting next_dagrun for youtube_pipeline_extraction to 2026-09-17 08:00:00+00:00, run_after=2026-09-17 09:00:00+00:00
[2026-09-17T09:13:46.797+0000] {processor.py:208} INFO - Processing /opt/airflow/dags/youtube_extract_pipeline.py took 0.145 seconds
[2026-09-17T09:14:17.135+0000] {processor.py:186} INFO - Started process (PID=1098) to work on /opt/airflow/dags/youtube_extract_pipeline.py
[2026-09-17T09:14:17.137+0000] {processor.py:914} INFO - Processing file /opt/airflow/dags/youtube_extract_pipeline.py for tasks to queue
[2026-09-17T09:14:17.141+0000] {logging_mixin.py:190} INFO - [2026-09-17T09:14:17.141+0000] {dagbag.py:588} INFO - Filling up the DagBag from /opt/airflow/dags/youtube_extract_pipeline.py
[2026-09-17T09:14:17.210+0000] {processor.py:925} INFO - DAG(s) 'youtube_pipeline_extraction' retrieved from /opt/airflow/dags/youtube_extract_pipeline.py
[2026-09-17T09:14:17.229+0000] {logging_mixin.py:190} INFO - [2026-09-17T09:14:17.229+0000] {dag.py:3239} INFO - Sync 1 DAGs
[2026-09-17T09:14:17.249+0000] {logging_mixin.py:190} INFO - [2026-09-17T09:14:17.249+0000] {dag.py:4180} INFO - Setting next_dagrun for youtube_pipeline_extraction to 2026-09-17 08:00:00+00:00, run_after=2026-09-17 09:00:00+00:00
[2026-09-17T09:14:17.269+0000] {processor.py:208} INFO - Processing /opt/airflow/dags/youtube_extract_pipeline.py took 0.140 seconds
[2026-09-17T09:14:47.732+0000] {processor.py:186} INFO - Started process (PID=1106) to work on /opt/airflow/dags/youtube_extract_pipeline.py
[2026-09-17T09:14:47.735+0000] {processor.py:914} INFO - Processing file /opt/airflow/dags/youtube_extract_pipeline.py for tasks to queue
[2026-09-17T09:14:47.740+0000] {logging_mixin.py:190} INFO - [2026-09-17T09:14:47.739+0000] {dagbag.py:588} INFO - Filling up the DagBag from /opt/airflow/dags/youtube_extract_pipeline.py
[2026-09-17T09:14:47.829+0000] {processor.py:925} INFO - DAG(s) 'youtube_pipeline_extraction' retrieved from /opt/airflow/dags/youtube_extract_pipeline.py
[2026-09-17T09:14:47.858+0000] {logging_mixin.py:190} INFO - [2026-09-17T09:14:47.858+0000] {dag.py:3239} INFO - Sync 1 DAGs
[2026-09-17T09:14:47.888+0000] {logging_mixin.py:190} INFO - [2026-09-17T09:14:47.888+0000] {dag.py:4180} INFO - Setting next_dagrun for youtube_pipeline_extraction to 2026-09-17 08:00:00+00:00, run_after=2026-09-17 09:00:00+00:00
[2026-09-17T09:14:47.916+0000] {processor.py:208} INFO - Processing /opt/airflow/dags/youtube_extract_pipeline.py took 0.192 seconds
[2026-09-17T09:15:18.327+0000] {processor.py:186} INFO - Started process (PID=1115) to work on /opt/airflow/dags/youtube_extract_pipeline.py
[2026-09-17T09:15:18.330+0000] {processor.py:914} INFO - Processing file /opt/airflow/dags/youtube_extract_pipeline.py for tasks to queue
[2026-09-17T09:15:18.332+0000] {logging_mixin.py:190} INFO - [2026-09-17T09:15:18.332+0000] {dagbag.py:588} INFO - Filling up the DagBag from /opt/airflow/dags/youtube_extract_pipeline.py
[2026-09-17T09:15:18.409+0000] {processor.py:925} INFO - DAG(s) 'youtube_pipeline_extraction' retrieved from /opt/airflow/dags/youtube_extract_pipeline.py
[2026-09-17T09:15:18.433+0000] {logging_mixin.py:190} INFO - [2026-09-17T09:15:18.432+0000] {dag.py:3239} INFO - Sync 1 DAGs
[2026-09-17T09:15:18.455+0000] {logging_mixin.py:190} INFO - [2026-09-17T09:15:18.455+0000] {dag.py:4180} INFO - Setting next_dagrun for youtube_pipeline_extraction to 2026-09-17 08:00:00+00:00, run_after=2026-09-17 09:00:00+00:00
[2026-09-17T09:15:18.474+0000] {processor.py:208} INFO - Processing /opt/airflow/dags/youtube_extract_pipeline.py took 0.155 seconds
[2026-09-17T09:15:49.180+0000] {processor.py:186} INFO - Started process (PID=1127) to work on /opt/airflow/dags/youtube_extract_pipeline.py
[2026-09-17T09:15:49.182+0000] {processor.py:914} INFO - Processing file /opt/airflow/dags/youtube_extract_pipeline.py for tasks to queue
[2026-09-17T09:15:49.184+0000] {logging_mixin.py:190} INFO - [2026-09-17T09:15:49.184+0000] {dagbag.py:588} INFO - Filling up the DagBag from /opt/airflow/dags/youtube_extract_pipeline.py
[2026-09-17T09:15:49.266+0000] {processor.py:925} INFO - DAG(s) 'youtube_pipeline_extraction' retrieved from /opt/airflow/dags/youtube_extract_pipeline.py
[2026-09-17T09:15:49.289+0000] {logging_mixin.py:190} INFO - [2026-09-17T09:15:49.288+0000] {dag.py:3239} INFO - Sync 1 DAGs
[2026-09-17T09:15:49.309+0000] {logging_mixin.py:190} INFO - [2026-09-17T09:15:49.309+0000] {dag.py:4180} INFO - Setting next_dagrun for youtube_pipeline_extraction to 2026-09-17 08:00:00+00:00, run_after=2026-09-17 09:00:00+00:00
[2026-09-17T09:15:49.330+0000] {processor.py:208} INFO - Processing /opt/airflow/dags/youtube_extract_pipeline.py took 0.154 seconds
[2026-09-17T09:16:19.899+0000] {processor.py:186} INFO - Started process (PID=1137) to work on /opt/airflow/dags/youtube_extract_pipeline.py
[2026-09-17T09:16:19.903+0000] {processor.py:914} INFO - Processing file /opt/airflow/dags/youtube_extract_pipeline.py for tasks to queue
[2026-09-17T09:16:19.905+0000] {logging_mixin.py:190} INFO - [2026-09-17T09:16:19.905+0000] {dagbag.py:588} INFO - Filling up the DagBag from /opt/airflow/dags/youtube_extract_pipeline.py
[2026-09-17T09:16:19.987+0000] {processor.py:925} INFO - DAG(s) 'youtube_pipeline_extraction' retrieved from /opt/airflow/dags/youtube_extract_pipeline.py
[2026-09-17T09:16:20.007+0000] {logging_mixin.py:190} INFO - [2026-09-17T09:16:20.007+0000] {dag.py:3239} INFO - Sync 1 DAGs
[2026-09-17T09:16:20.030+0000] {logging_mixin.py:190} INFO - [2026-09-17T09:16:20.030+0000] {dag.py:4180} INFO - Setting next_dagrun for youtube_pipeline_extraction to 2026-09-17 08:00:00+00:00, run_after=2026-09-17 09:00:00+00:00
[2026-09-17T09:16:20.060+0000] {processor.py:208} INFO - Processing /opt/airflow/dags/youtube_extract_pipeline.py took 0.168 seconds
[2026-09-17T09:16:50.447+0000] {processor.py:186} INFO - Started process (PID=1145) to work on /opt/airflow/dags/youtube_extract_pipeline.py
[2026-09-17T09:16:50.449+0000] {processor.py:914} INFO - Processing file /opt/airflow/dags/youtube_extract_pipeline.py for tasks to queue
[2026-09-17T09:16:50.452+0000] {logging_mixin.py:190} INFO - [2026-09-17T09:16:50.451+0000] {dagbag.py:588} INFO - Filling up the DagBag from /opt/airflow/dags/youtube_extract_pipeline.py
[2026-09-17T09:16:50.511+0000] {processor.py:925} INFO - DAG(s) 'youtube_pipeline_extraction' retrieved from /opt/airflow/dags/youtube_extract_pipeline.py
[2026-09-17T09:16:50.534+0000] {logging_mixin.py:190} INFO - [2026-09-17T09:16:50.534+0000] {dag.py:3239} INFO - Sync 1 DAGs
[2026-09-17T09:16:50.559+0000] {logging_mixin.py:190} INFO - [2026-09-17T09:16:50.559+0000] {dag.py:4180} INFO - Setting next_dagrun for youtube_pipeline_extraction to 2026-09-17 08:00:00+00:00, run_after=2026-09-17 09:00:00+00:00
[2026-09-17T09:16:50.591+0000] {processor.py:208} INFO - Processing /opt/airflow/dags/youtube_extract_pipeline.py took 0.152 seconds
[2026-09-17T09:17:21.364+0000] {processor.py:186} INFO - Started process (PID=1156) to work on /opt/airflow/dags/youtube_extract_pipeline.py
[2026-09-17T09:17:21.366+0000] {processor.py:914} INFO - Processing file /opt/airflow/dags/youtube_extract_pipeline.py for tasks to queue
[2026-09-17T09:17:21.370+0000] {logging_mixin.py:190} INFO - [2026-09-17T09:17:21.369+0000] {dagbag.py:588} INFO - Filling up the DagBag from /opt/airflow/dags/youtube_extract_pipeline.py
[2026-09-17T09:17:21.448+0000] {processor.py:925} INFO - DAG(s) 'youtube_pipeline_extraction' retrieved from /opt/airflow/dags/youtube_extract_pipeline.py
[2026-09-17T09:17:21.480+0000] {logging_mixin.py:190} INFO - [2026-09-17T09:17:21.479+0000] {dag.py:3239} INFO - Sync 1 DAGs
[2026-09-17T09:17:21.516+0000] {logging_mixin.py:190} INFO - [2026-09-17T09:17:21.516+0000] {dag.py:4180} INFO - Setting next_dagrun for youtube_pipeline_extraction to 2026-09-17 08:00:00+00:00, run_after=2026-09-17 09:00:00+00:00
[2026-09-17T09:17:21.544+0000] {processor.py:208} INFO - Processing /opt/airflow/dags/youtube_extract_pipeline.py took 0.187 seconds
[2026-09-17T09:17:51.878+0000] {processor.py:186} INFO - Started process (PID=1164) to work on /opt/airflow/dags/youtube_extract_pipeline.py
[2026-09-17T09:17:51.880+0000] {processor.py:914} INFO - Processing file /opt/airflow/dags/youtube_extract_pipeline.py for tasks to queue
[2026-09-17T09:17:51.883+0000] {logging_mixin.py:190} INFO - [2026-09-17T09:17:51.882+0000] {dagbag.py:588} INFO - Filling up the DagBag from /opt/airflow/dags/youtube_extract_pipeline.py
[2026-09-17T09:17:52.022+0000] {processor.py:925} INFO - DAG(s) 'youtube_pipeline_extraction' retrieved from /opt/airflow/dags/youtube_extract_pipeline.py
[2026-09-17T09:17:52.050+0000] {logging_mixin.py:190} INFO - [2026-09-17T09:17:52.050+0000] {dag.py:3239} INFO - Sync 1 DAGs
[2026-09-17T09:17:52.083+0000] {logging_mixin.py:190} INFO - [2026-09-17T09:17:52.083+0000] {dag.py:4180} INFO - Setting next_dagrun for youtube_pipeline_extraction to 2026-09-17 08:00:00+00:00, run_after=2026-09-17 09:00:00+00:00
[2026-09-17T09:17:52.108+0000] {processor.py:208} INFO - Processing /opt/airflow/dags/youtube_extract_pipeline.py took 0.238 seconds
[2026-09-17T09:18:22.508+0000] {processor.py:186} INFO - Started process (PID=1173) to work on /opt/airflow/dags/youtube_extract_pipeline.py
[2026-09-17T09:18:22.510+0000] {processor.py:914} INFO - Processing file /opt/airflow/dags/youtube_extract_pipeline.py for tasks to queue
[2026-09-17T09:18:22.512+0000] {logging_mixin.py:190} INFO - [2026-09-17T09:18:22.512+0000] {dagbag.py:588} INFO - Filling up the DagBag from /opt/airflow/dags/youtube_extract_pipeline.py
[2026-09-17T09:18:22.570+0000] {processor.py:925} INFO - DAG(s) 'youtube_pipeline_extraction' retrieved from /opt/airflow/dags/youtube_extract_pipeline.py
[2026-09-17T09:18:22.592+0000] {logging_mixin.py:190} INFO - [2026-09-17T09:18:22.592+0000] {dag.py:3239} INFO - Sync 1 DAGs
[2026-09-17T09:18:22.619+0000] {logging_mixin.py:190} INFO - [2026-09-17T09:18:22.618+0000] {dag.py:4180} INFO - Setting next_dagrun for youtube_pipeline_extraction to 2026-09-17 08:00:00+00:00, run_after=2026-09-17 09:00:00+00:00
[2026-09-17T09:18:22.656+0000] {processor.py:208} INFO - Processing /opt/airflow/dags/youtube_extract_pipeline.py took 0.155 seconds
[2026-09-17T09:18:53.008+0000] {processor.py:186} INFO - Started process (PID=1181) to work on /opt/airflow/dags/youtube_extract_pipeline.py
[2026-09-17T09:18:53.010+0000] {processor.py:914} INFO - Processing file /opt/airflow/dags/youtube_extract_pipeline.py for tasks to queue
[2026-09-17T09:18:53.012+0000] {logging_mixin.py:190} INFO - [2026-09-17T09:18:53.012+0000] {dagbag.py:588} INFO - Filling up the DagBag from /opt/airflow/dags/youtube_extract_pipeline.py
[2026-09-17T09:18:53.078+0000] {processor.py:925} INFO - DAG(s) 'youtube_pipeline_extraction' retrieved from /opt/airflow/dags/youtube_extract_pipeline.py
[2026-09-17T09:18:53.101+0000] {logging_mixin.py:190} INFO - [2026-09-17T09:18:53.100+0000] {dag.py:3239} INFO - Sync 1 DAGs
[2026-09-17T09:18:53.129+0000] {logging_mixin.py:190} INFO - [2026-09-17T09:18:53.128+0000] {dag.py:4180} INFO - Setting next_dagrun for youtube_pipeline_extraction to 2026-09-17 08:00:00+00:00, run_after=2026-09-17 09:00:00+00:00
[2026-09-17T09:18:53.158+0000] {processor.py:208} INFO - Processing /opt/airflow/dags/youtube_extract_pipeline.py took 0.156 seconds
[2026-09-17T09:19:23.638+0000] {processor.py:186} INFO - Started process (PID=1190) to work on /opt/airflow/dags/youtube_extract_pipeline.py
[2026-09-17T09:19:23.640+0000] {processor.py:914} INFO - Processing file /opt/airflow/dags/youtube_extract_pipeline.py for tasks to queue
[2026-09-17T09:19:23.642+0000] {logging_mixin.py:190} INFO - [2026-09-17T09:19:23.641+0000] {dagbag.py:588} INFO - Filling up the DagBag from /opt/airflow/dags/youtube_extract_pipeline.py
[2026-09-17T09:19:23.727+0000] {processor.py:925} INFO - DAG(s) 'youtube_pipeline_extraction' retrieved from /opt/airflow/dags/youtube_extract_pipeline.py
[2026-09-17T09:19:23.752+0000] {logging_mixin.py:190} INFO - [2026-09-17T09:19:23.752+0000] {dag.py:3239} INFO - Sync 1 DAGs
[2026-09-17T09:19:23.777+0000] {logging_mixin.py:190} INFO - [2026-09-17T09:19:23.776+0000] {dag.py:4180} INFO - Setting next_dagrun for youtube_pipeline_extraction to 2026-09-17 08:00:00+00:00, run_after=2026-09-17 09:00:00+00:00
[2026-09-17T09:19:23.797+0000] {processor.py:208} INFO - Processing /opt/airflow/dags/youtube_extract_pipeline.py took 0.165 seconds
[2026-09-17T09:19:54.172+0000] {processor.py:186} INFO - Started process (PID=1199) to work on /opt/airflow/dags/youtube_extract_pipeline.py
[2026-09-17T09:19:54.174+0000] {processor.py:914} INFO - Processing file /opt/airflow/dags/youtube_extract_pipeline.py for tasks to queue
[2026-09-17T09:19:54.176+0000] {logging_mixin.py:190} INFO - [2026-09-17T09:19:54.176+0000] {dagbag.py:588} INFO - Filling up the DagBag from /opt/airflow/dags/youtube_extract_pipeline.py
[2026-09-17T09:19:54.247+0000] {processor.py:925} INFO - DAG(s) 'youtube_pipeline_extraction' retrieved from /opt/airflow/dags/youtube_extract_pipeline.py
[2026-09-17T09:19:54.264+0000] {logging_mixin.py:190} INFO - [2026-09-17T09:19:54.264+0000] {dag.py:3239} INFO - Sync 1 DAGs
[2026-09-17T09:19:54.283+0000] {logging_mixin.py:190} INFO - [2026-09-17T09:19:54.283+0000] {dag.py:4180} INFO - Setting next_dagrun for youtube_pipeline_extraction to 2026-09-17 08:00:00+00:00, run_after=2026-09-17 09:00:00+00:00
[2026-09-17T09:19:54.303+0000] {processor.py:208} INFO - Processing /opt/airflow/dags/youtube_extract_pipeline.py took 0.136 seconds
[2026-09-17T09:20:24.648+0000] {processor.py:186} INFO - Started process (PID=1207) to work on /opt/airflow/dags/youtube_extract_pipeline.py
[2026-09-17T09:20:24.651+0000] {processor.py:914} INFO - Processing file /opt/airflow/dags/youtube_extract_pipeline.py for tasks to queue
[2026-09-17T09:20:24.655+0000] {logging_mixin.py:190} INFO - [2026-09-17T09:20:24.654+0000] {dagbag.py:588} INFO - Filling up the DagBag from /opt/airflow/dags/youtube_extract_pipeline.py
[2026-09-17T09:20:24.740+0000] {processor.py:925} INFO - DAG(s) 'youtube_pipeline_extraction' retrieved from /opt/airflow/dags/youtube_extract_pipeline.py
[2026-09-17T09:20:24.772+0000] {logging_mixin.py:190} INFO - [2026-09-17T09:20:24.771+0000] {dag.py:3239} INFO - Sync 1 DAGs
[2026-09-17T09:20:24.809+0000] {logging_mixin.py:190} INFO - [2026-09-17T09:20:24.809+0000] {dag.py:4180} INFO - Setting next_dagrun for youtube_pipeline_extraction to 2026-09-17 08:00:00+00:00, run_after=2026-09-17 09:00:00+00:00
[2026-09-17T09:20:24.842+0000] {processor.py:208} INFO - Processing /opt/airflow/dags/youtube_extract_pipeline.py took 0.204 seconds
[2026-09-17T09:20:55.142+0000] {processor.py:186} INFO - Started process (PID=1215) to work on /opt/airflow/dags/youtube_extract_pipeline.py
[2026-09-17T09:20:55.143+0000] {processor.py:914} INFO - Processing file /opt/airflow/dags/youtube_extract_pipeline.py for tasks to queue
[2026-09-17T09:20:55.145+0000] {logging_mixin.py:190} INFO - [2026-09-17T09:20:55.145+0000] {dagbag.py:588} INFO - Filling up the DagBag from /opt/airflow/dags/youtube_extract_pipeline.py
[2026-09-17T09:20:55.209+0000] {processor.py:925} INFO - DAG(s) 'youtube_pipeline_extraction' retrieved from /opt/airflow/dags/youtube_extract_pipeline.py
[2026-09-17T09:20:55.231+0000] {logging_mixin.py:190} INFO - [2026-09-17T09:20:55.230+0000] {dag.py:3239} INFO - Sync 1 DAGs
[2026-09-17T09:20:55.257+0000] {logging_mixin.py:190} INFO - [2026-09-17T09:20:55.257+0000] {dag.py:4180} INFO - Setting next_dagrun for youtube_pipeline_extraction to 2026-09-17 08:00:00+00:00, run_after=2026-09-17 09:00:00+00:00
[2026-09-17T09:20:55.277+0000] {processor.py:208} INFO - Processing /opt/airflow/dags/youtube_extract_pipeline.py took 0.141 seconds
[2026-09-17T09:21:25.700+0000] {processor.py:186} INFO - Started process (PID=1231) to work on /opt/airflow/dags/youtube_extract_pipeline.py
[2026-09-17T09:21:25.702+0000] {processor.py:914} INFO - Processing file /opt/airflow/dags/youtube_extract_pipeline.py for tasks to queue
[2026-09-17T09:21:25.706+0000] {logging_mixin.py:190} INFO - [2026-09-17T09:21:25.706+0000] {dagbag.py:588} INFO - Filling up the DagBag from /opt/airflow/dags/youtube_extract_pipeline.py
[2026-09-17T09:21:25.785+0000] {processor.py:925} INFO - DAG(s) 'youtube_pipeline_extraction' retrieved from /opt/airflow/dags/youtube_extract_pipeline.py
[2026-09-17T09:21:25.810+0000] {logging_mixin.py:190} INFO - [2026-09-17T09:21:25.810+0000] {dag.py:3239} INFO - Sync 1 DAGs
[2026-09-17T09:21:25.838+0000] {logging_mixin.py:190} INFO - [2026-09-17T09:21:25.838+0000] {dag.py:4180} INFO - Setting next_dagrun for youtube_pipeline_extraction to 2026-09-17 09:00:00+00:00, run_after=2026-09-17 10:00:00+00:00
[2026-09-17T09:21:25.861+0000] {processor.py:208} INFO - Processing /opt/airflow/dags/youtube_extract_pipeline.py took 0.169 seconds
[2026-09-17T09:21:55.232+0000] {processor.py:186} INFO - Started process (PID=1239) to work on /opt/airflow/dags/youtube_extract_pipeline.py
[2026-09-17T09:21:55.234+0000] {processor.py:914} INFO - Processing file /opt/airflow/dags/youtube_extract_pipeline.py for tasks to queue
[2026-09-17T09:21:55.236+0000] {logging_mixin.py:190} INFO - [2026-09-17T09:21:55.236+0000] {dagbag.py:588} INFO - Filling up the DagBag from /opt/airflow/dags/youtube_extract_pipeline.py
[2026-09-17T09:21:55.312+0000] {processor.py:925} INFO - DAG(s) 'youtube_pipeline_extraction' retrieved from /opt/airflow/dags/youtube_extract_pipeline.py
[2026-09-17T09:21:55.333+0000] {logging_mixin.py:190} INFO - [2026-09-17T09:21:55.333+0000] {dag.py:3239} INFO - Sync 1 DAGs
[2026-09-17T09:21:55.355+0000] {logging_mixin.py:190} INFO - [2026-09-17T09:21:55.355+0000] {dag.py:4180} INFO - Setting next_dagrun for youtube_pipeline_extraction to 2026-09-17 09:00:00+00:00, run_after=2026-09-17 10:00:00+00:00
[2026-09-17T09:21:55.381+0000] {processor.py:208} INFO - Processing /opt/airflow/dags/youtube_extract_pipeline.py took 0.156 seconds
[2026-09-17T09:22:25.744+0000] {processor.py:186} INFO - Started process (PID=1248) to work on /opt/airflow/dags/youtube_extract_pipeline.py
[2026-09-17T09:22:25.746+0000] {processor.py:914} INFO - Processing file /opt/airflow/dags/youtube_extract_pipeline.py for tasks to queue
[2026-09-17T09:22:25.748+0000] {logging_mixin.py:190} INFO - [2026-09-17T09:22:25.748+0000] {dagbag.py:588} INFO - Filling up the DagBag from /opt/airflow/dags/youtube_extract_pipeline.py
[2026-09-17T09:22:25.809+0000] {processor.py:925} INFO - DAG(s) 'youtube_pipeline_extraction' retrieved from /opt/airflow/dags/youtube_extract_pipeline.py
[2026-09-17T09:22:25.829+0000] {logging_mixin.py:190} INFO - [2026-09-17T09:22:25.828+0000] {dag.py:3239} INFO - Sync 1 DAGs
[2026-09-17T09:22:25.851+0000] {logging_mixin.py:190} INFO - [2026-09-17T09:22:25.851+0000] {dag.py:4180} INFO - Setting next_dagrun for youtube_pipeline_extraction to 2026-09-17 09:00:00+00:00, run_after=2026-09-17 10:00:00+00:00
[2026-09-17T09:22:25.872+0000] {processor.py:208} INFO - Processing /opt/airflow/dags/youtube_extract_pipeline.py took 0.134 seconds
[2026-09-17T09:22:56.186+0000] {processor.py:186} INFO - Started process (PID=1256) to work on /opt/airflow/dags/youtube_extract_pipeline.py
[2026-09-17T09:22:56.187+0000] {processor.py:914} INFO - Processing file /opt/airflow/dags/youtube_extract_pipeline.py for tasks to queue
[2026-09-17T09:22:56.190+0000] {logging_mixin.py:190} INFO - [2026-09-17T09:22:56.190+0000] {dagbag.py:588} INFO - Filling up the DagBag from /opt/airflow/dags/youtube_extract_pipeline.py
[2026-09-17T09:22:56.259+0000] {processor.py:925} INFO - DAG(s) 'youtube_pipeline_extraction' retrieved from /opt/airflow/dags/youtube_extract_pipeline.py
[2026-09-17T09:22:56.405+0000] {logging_mixin.py:190} INFO - [2026-09-17T09:22:56.405+0000] {dag.py:3239} INFO - Sync 1 DAGs
[2026-09-17T09:22:56.417+0000] {logging_mixin.py:190} INFO - [2026-09-17T09:22:56.417+0000] {dag.py:3262} INFO - Creating ORM DAG for youtube_pipeline_extraction
[2026-09-17T09:22:56.433+0000] {logging_mixin.py:190} INFO - [2026-09-17T09:22:56.433+0000] {dag.py:4180} INFO - Setting next_dagrun for youtube_pipeline_extraction to 2026-09-17 08:00:00+00:00, run_after=2026-09-17 09:00:00+00:00
[2026-09-17T09:22:56.450+0000] {processor.py:208} INFO - Processing /opt/airflow/dags/youtube_extract_pipeline.py took 0.271 seconds
[2026-09-17T09:23:26.786+0000] {processor.py:186} INFO - Started process (PID=1264) to work on /opt/airflow/dags/youtube_extract_pipeline.py
[2026-09-17T09:23:26.787+0000] {processor.py:914} INFO - Processing file /opt/airflow/dags/youtube_extract_pipeline.py for tasks to queue
[2026-09-17T09:23:26.789+0000] {logging_mixin.py:190} INFO - [2026-09-17T09:23:26.789+0000] {dagbag.py:588} INFO - Filling up the DagBag from /opt/airflow/dags/youtube_extract_pipeline.py
[2026-09-17T09:23:26.846+0000] {processor.py:925} INFO - DAG(s) 'youtube_pipeline_extraction' retrieved from /opt/airflow/dags/youtube_extract_pipeline.py
[2026-09-17T09:23:26.874+0000] {logging_mixin.py:190} INFO - [2026-09-17T09:23:26.874+0000] {dag.py:3239} INFO - Sync 1 DAGs
[2026-09-17T09:23:26.895+0000] {logging_mixin.py:190} INFO - [2026-09-17T09:23:26.895+0000] {dag.py:4180} INFO - Setting next_dagrun for youtube_pipeline_extraction to 2026-09-17 08:00:00+00:00, run_after=2026-09-17 09:00:00+00:00
[2026-09-17T09:23:26.917+0000] {processor.py:208} INFO - Processing /opt/airflow/dags/youtube_extract_pipeline.py took 0.138 seconds
[2026-09-17T09:23:57.234+0000] {processor.py:186} INFO - Started process (PID=1271) to work on /opt/airflow/dags/youtube_extract_pipeline.py
[2026-09-17T09:23:57.236+0000] {processor.py:914} INFO - Processing file /opt/airflow/dags/youtube_extract_pipeline.py for tasks to queue
[2026-09-17T09:23:57.237+0000] {logging_mixin.py:190} INFO - [2026-09-17T09:23:57.237+0000] {dagbag.py:588} INFO - Filling up the DagBag from /opt/airflow/dags/youtube_extract_pipeline.py
[2026-09-17T09:23:57.306+0000] {processor.py:925} INFO - DAG(s) 'youtube_pipeline_extraction' retrieved from /opt/airflow/dags/youtube_extract_pipeline.py
[2026-09-17T09:23:57.330+0000] {logging_mixin.py:190} INFO - [2026-09-17T09:23:57.330+0000] {dag.py:3239} INFO - Sync 1 DAGs
[2026-09-17T09:23:57.351+0000] {logging_mixin.py:190} INFO - [2026-09-17T09:23:57.350+0000] {dag.py:4180} INFO - Setting next_dagrun for youtube_pipeline_extraction to 2026-09-17 08:00:00+00:00, run_after=2026-09-17 09:00:00+00:00
[2026-09-17T09:23:57.372+0000] {processor.py:208} INFO - Processing /opt/airflow/dags/youtube_extract_pipeline.py took 0.144 seconds
[2026-09-17T09:24:27.694+0000] {processor.py:186} INFO - Started process (PID=1279) to work on /opt/airflow/dags/youtube_extract_pipeline.py
[2026-09-17T09:24:27.696+0000] {processor.py:914} INFO - Processing file /opt/airflow/dags/youtube_extract_pipeline.py for tasks to queue
[2026-09-17T09:24:27.697+0000] {logging_mixin.py:190} INFO - [2026-09-17T09:24:27.697+0000] {dagbag.py:588} INFO - Filling up the DagBag from /opt/airflow/dags/youtube_extract_pipeline.py
[2026-09-17T09:24:27.766+0000] {processor.py:925} INFO - DAG(s) 'youtube_pipeline_extraction' retrieved from /opt/airflow/dags/youtube_extract_pipeline.py
[2026-09-17T09:24:27.793+0000] {logging_mixin.py:190} INFO - [2026-09-17T09:24:27.793+0000] {dag.py:3239} INFO - Sync 1 DAGs
[2026-09-17T09:24:27.817+0000] {logging_mixin.py:190} INFO - [2026-09-17T09:24:27.817+0000] {dag.py:4180} INFO - Setting next_dagrun for youtube_pipeline_extraction to 2026-09-17 08:00:00+00:00, run_after=2026-09-17 09:00:00+00:00
[2026-09-17T09:24:27.839+0000] {processor.py:208} INFO - Processing /opt/airflow/dags/youtube_extract_pipeline.py took 0.151 seconds
[2026-09-17T09:24:58.234+0000] {processor.py:186} INFO - Started process (PID=1287) to work on /opt/airflow/dags/youtube_extract_pipeline.py
[2026-09-17T09:24:58.236+0000] {processor.py:914} INFO - Processing file /opt/airflow/dags/youtube_extract_pipeline.py for tasks to queue
[2026-09-17T09:24:58.238+0000] {logging_mixin.py:190} INFO - [2026-09-17T09:24:58.238+0000] {dagbag.py:588} INFO - Filling up the DagBag from /opt/airflow/dags/youtube_extract_pipeline.py
[2026-09-17T09:24:58.306+0000] {processor.py:925} INFO - DAG(s) 'youtube_pipeline_extraction' retrieved from /opt/airflow/dags/youtube_extract_pipeline.py
[2026-09-17T09:24:58.335+0000] {logging_mixin.py:190} INFO - [2026-09-17T09:24:58.335+0000] {dag.py:3239} INFO - Sync 1 DAGs
[2026-09-17T09:24:58.355+0000] {logging_mixin.py:190} INFO - [2026-09-17T09:24:58.355+0000] {dag.py:4180} INFO - Setting next_dagrun for youtube_pipeline_extraction to 2026-09-17 08:00:00+00:00, run_after=2026-09-17 09:00:00+00:00
[2026-09-17T09:24:58.376+0000] {processor.py:208} INFO - Processing /opt/airflow/dags/youtube_extract_pipeline.py took 0.147 seconds
[2026-09-17T09:25:28.603+0000] {processor.py:186} INFO - Started process (PID=1295) to work on /opt/airflow/dags/youtube_extract_pipeline.py
[2026-09-17T09:25:28.606+0000] {processor.py:914} INFO - Processing file /opt/airflow/dags/youtube_extract_pipeline.py for tasks to queue
[2026-09-17T09:25:28.609+0000] {logging_mixin.py:190} INFO - [2026-09-17T09:25:28.609+0000] {dagbag.py:588} INFO - Filling up the DagBag from /opt/airflow/dags/youtube_extract_pipeline.py
[2026-09-17T09:25:28.692+0000] {processor.py:925} INFO - DAG(s) 'youtube_pipeline_extraction' retrieved from /opt/airflow/dags/youtube_extract_pipeline.py
[2026-09-17T09:25:28.716+0000] {logging_mixin.py:190} INFO - [2026-09-17T09:25:28.716+0000] {dag.py:3239} INFO - Sync 1 DAGs
[2026-09-17T09:25:28.742+0000] {logging_mixin.py:190} INFO - [2026-09-17T09:25:28.742+0000] {dag.py:4180} INFO - Setting next_dagrun for youtube_pipeline_extraction to 2026-09-17 08:00:00+00:00, run_after=2026-09-17 09:00:00+00:00
[2026-09-17T09:25:28.768+0000] {processor.py:208} INFO - Processing /opt/airflow/dags/youtube_extract_pipeline.py took 0.177 seconds
[2026-09-17T09:25:59.158+0000] {processor.py:186} INFO - Started process (PID=1303) to work on /opt/airflow/dags/youtube_extract_pipeline.py
[2026-09-17T09:25:59.160+0000] {processor.py:914} INFO - Processing file /opt/airflow/dags/youtube_extract_pipeline.py for tasks to queue
[2026-09-17T09:25:59.166+0000] {logging_mixin.py:190} INFO - [2026-09-17T09:25:59.161+0000] {dagbag.py:588} INFO - Filling up the DagBag from /opt/airflow/dags/youtube_extract_pipeline.py
[2026-09-17T09:25:59.218+0000] {processor.py:925} INFO - DAG(s) 'youtube_pipeline_extraction' retrieved from /opt/airflow/dags/youtube_extract_pipeline.py
[2026-09-17T09:25:59.236+0000] {logging_mixin.py:190} INFO - [2026-09-17T09:25:59.236+0000] {dag.py:3239} INFO - Sync 1 DAGs
[2026-09-17T09:25:59.257+0000] {logging_mixin.py:190} INFO - [2026-09-17T09:25:59.257+0000] {dag.py:4180} INFO - Setting next_dagrun for youtube_pipeline_extraction to 2026-09-17 08:00:00+00:00, run_after=2026-09-17 09:00:00+00:00
[2026-09-17T09:25:59.274+0000] {processor.py:208} INFO - Processing /opt/airflow/dags/youtube_extract_pipeline.py took 0.121 seconds
[2026-09-17T09:26:29.603+0000] {processor.py:186} INFO - Started process (PID=1311) to work on /opt/airflow/dags/youtube_extract_pipeline.py
[2026-09-17T09:26:29.605+0000] {processor.py:914} INFO - Processing file /opt/airflow/dags/youtube_extract_pipeline.py for tasks to queue
[2026-09-17T09:26:29.608+0000] {logging_mixin.py:190} INFO - [2026-09-17T09:26:29.607+0000] {dagbag.py:588} INFO - Filling up the DagBag from /opt/airflow/dags/youtube_extract_pipeline.py
[2026-09-17T09:26:29.667+0000] {processor.py:925} INFO - DAG(s) 'youtube_pipeline_extraction' retrieved from /opt/airflow/dags/youtube_extract_pipeline.py
[2026-09-17T09:26:29.690+0000] {logging_mixin.py:190} INFO - [2026-09-17T09:26:29.689+0000] {dag.py:3239} INFO - Sync 1 DAGs
[2026-09-17T09:26:29.713+0000] {logging_mixin.py:190} INFO - [2026-09-17T09:26:29.713+0000] {dag.py:4180} INFO - Setting next_dagrun for youtube_pipeline_extraction to 2026-09-17 08:00:00+00:00, run_after=2026-09-17 09:00:00+00:00
[2026-09-17T09:26:29.733+0000] {processor.py:208} INFO - Processing /opt/airflow/dags/youtube_extract_pipeline.py took 0.135 seconds
[2026-09-17T09:27:00.074+0000] {processor.py:186} INFO - Started process (PID=1319) to work on /opt/airflow/dags/youtube_extract_pipeline.py
[2026-09-17T09:27:00.076+0000] {processor.py:914} INFO - Processing file /opt/airflow/dags/youtube_extract_pipeline.py for tasks to queue
[2026-09-17T09:27:00.078+0000] {logging_mixin.py:190} INFO - [2026-09-17T09:27:00.078+0000] {dagbag.py:588} INFO - Filling up the DagBag from /opt/airflow/dags/youtube_extract_pipeline.py
[2026-09-17T09:27:00.147+0000] {processor.py:925} INFO - DAG(s) 'youtube_pipeline_extraction' retrieved from /opt/airflow/dags/youtube_extract_pipeline.py
[2026-09-17T09:27:00.173+0000] {logging_mixin.py:190} INFO - [2026-09-17T09:27:00.172+0000] {dag.py:3239} INFO - Sync 1 DAGs
[2026-09-17T09:27:00.196+0000] {logging_mixin.py:190} INFO - [2026-09-17T09:27:00.195+0000] {dag.py:4180} INFO - Setting next_dagrun for youtube_pipeline_extraction to 2026-09-17 08:00:00+00:00, run_after=2026-09-17 09:00:00+00:00
[2026-09-17T09:27:00.214+0000] {processor.py:208} INFO - Processing /opt/airflow/dags/youtube_extract_pipeline.py took 0.148 seconds
[2026-09-17T09:27:30.582+0000] {processor.py:186} INFO - Started process (PID=1327) to work on /opt/airflow/dags/youtube_extract_pipeline.py
[2026-09-17T09:27:30.584+0000] {processor.py:914} INFO - Processing file /opt/airflow/dags/youtube_extract_pipeline.py for tasks to queue
[2026-09-17T09:27:30.586+0000] {logging_mixin.py:190} INFO - [2026-09-17T09:27:30.585+0000] {dagbag.py:588} INFO - Filling up the DagBag from /opt/airflow/dags/youtube_extract_pipeline.py
[2026-09-17T09:27:30.629+0000] {processor.py:925} INFO - DAG(s) 'youtube_pipeline_extraction' retrieved from /opt/airflow/dags/youtube_extract_pipeline.py
[2026-09-17T09:27:30.650+0000] {logging_mixin.py:190} INFO - [2026-09-17T09:27:30.650+0000] {dag.py:3239} INFO - Sync 1 DAGs
[2026-09-17T09:27:30.671+0000] {logging_mixin.py:190} INFO - [2026-09-17T09:27:30.671+0000] {dag.py:4180} INFO - Setting next_dagrun for youtube_pipeline_extraction to 2026-09-17 08:00:00+00:00, run_after=2026-09-17 09:00:00+00:00
[2026-09-17T09:27:30.691+0000] {processor.py:208} INFO - Processing /opt/airflow/dags/youtube_extract_pipeline.py took 0.114 seconds
[2026-09-17T09:28:01.050+0000] {processor.py:186} INFO - Started process (PID=1335) to work on /opt/airflow/dags/youtube_extract_pipeline.py
[2026-09-17T09:28:01.051+0000] {processor.py:914} INFO - Processing file /opt/airflow/dags/youtube_extract_pipeline.py for tasks to queue
[2026-09-17T09:28:01.054+0000] {logging_mixin.py:190} INFO - [2026-09-17T09:28:01.053+0000] {dagbag.py:588} INFO - Filling up the DagBag from /opt/airflow/dags/youtube_extract_pipeline.py
[2026-09-17T09:28:01.123+0000] {processor.py:925} INFO - DAG(s) 'youtube_pipeline_extraction' retrieved from /opt/airflow/dags/youtube_extract_pipeline.py
[2026-09-17T09:28:01.151+0000] {logging_mixin.py:190} INFO - [2026-09-17T09:28:01.151+0000] {dag.py:3239} INFO - Sync 1 DAGs
[2026-09-17T09:28:01.171+0000] {logging_mixin.py:190} INFO - [2026-09-17T09:28:01.171+0000] {dag.py:4180} INFO - Setting next_dagrun for youtube_pipeline_extraction to 2026-09-17 08:00:00+00:00, run_after=2026-09-17 09:00:00+00:00
[2026-09-17T09:28:01.192+0000] {processor.py:208} INFO - Processing /opt/airflow/dags/youtube_extract_pipeline.py took 0.149 seconds
[2026-09-17T09:28:31.553+0000] {processor.py:186} INFO - Started process (PID=1343) to work on /opt/airflow/dags/youtube_extract_pipeline.py
[2026-09-17T09:28:31.554+0000] {processor.py:914} INFO - Processing file /opt/airflow/dags/youtube_extract_pipeline.py for tasks to queue
[2026-09-17T09:28:31.556+0000] {logging_mixin.py:190} INFO - [2026-09-17T09:28:31.556+0000] {dagbag.py:588} INFO - Filling up the DagBag from /opt/airflow/dags/youtube_extract_pipeline.py
[2026-09-17T09:28:31.635+0000] {processor.py:925} INFO - DAG(s) 'youtube_pipeline_extraction' retrieved from /opt/airflow/dags/youtube_extract_pipeline.py
[2026-09-17T09:28:31.663+0000] {logging_mixin.py:190} INFO - [2026-09-17T09:28:31.663+0000] {dag.py:3239} INFO - Sync 1 DAGs
[2026-09-17T09:28:31.683+0000] {logging_mixin.py:190} INFO - [2026-09-17T09:28:31.683+0000] {dag.py:4180} INFO - Setting next_dagrun for youtube_pipeline_extraction to 2026-09-17 08:00:00+00:00, run_after=2026-09-17 09:00:00+00:00
[2026-09-17T09:28:31.702+0000] {processor.py:208} INFO - Processing /opt/airflow/dags/youtube_extract_pipeline.py took 0.155 seconds
[2026-09-17T09:29:02.070+0000] {processor.py:186} INFO - Started process (PID=1357) to work on /opt/airflow/dags/youtube_extract_pipeline.py
[2026-09-17T09:29:02.072+0000] {processor.py:914} INFO - Processing file /opt/airflow/dags/youtube_extract_pipeline.py for tasks to queue
[2026-09-17T09:29:02.074+0000] {logging_mixin.py:190} INFO - [2026-09-17T09:29:02.074+0000] {dagbag.py:588} INFO - Filling up the DagBag from /opt/airflow/dags/youtube_extract_pipeline.py
[2026-09-17T09:29:02.139+0000] {processor.py:925} INFO - DAG(s) 'youtube_pipeline_extraction' retrieved from /opt/airflow/dags/youtube_extract_pipeline.py
[2026-09-17T09:29:02.161+0000] {logging_mixin.py:190} INFO - [2026-09-17T09:29:02.160+0000] {dag.py:3239} INFO - Sync 1 DAGs
[2026-09-17T09:29:02.181+0000] {logging_mixin.py:190} INFO - [2026-09-17T09:29:02.181+0000] {dag.py:4180} INFO - Setting next_dagrun for youtube_pipeline_extraction to 2026-09-17 08:00:00+00:00, run_after=2026-09-17 09:00:00+00:00
[2026-09-17T09:29:02.200+0000] {processor.py:208} INFO - Processing /opt/airflow/dags/youtube_extract_pipeline.py took 0.140 seconds
[2026-09-17T09:29:32.548+0000] {processor.py:186} INFO - Started process (PID=1365) to work on /opt/airflow/dags/youtube_extract_pipeline.py
[2026-09-17T09:29:32.550+0000] {processor.py:914} INFO - Processing file /opt/airflow/dags/youtube_extract_pipeline.py for tasks to queue
[2026-09-17T09:29:32.552+0000] {logging_mixin.py:190} INFO - [2026-09-17T09:29:32.552+0000] {dagbag.py:588} INFO - Filling up the DagBag from /opt/airflow/dags/youtube_extract_pipeline.py
[2026-09-17T09:29:32.614+0000] {processor.py:925} INFO - DAG(s) 'youtube_pipeline_extraction' retrieved from /opt/airflow/dags/youtube_extract_pipeline.py
[2026-09-17T09:29:32.634+0000] {logging_mixin.py:190} INFO - [2026-09-17T09:29:32.634+0000] {dag.py:3239} INFO - Sync 1 DAGs
[2026-09-17T09:29:32.655+0000] {logging_mixin.py:190} INFO - [2026-09-17T09:29:32.655+0000] {dag.py:4180} INFO - Setting next_dagrun for youtube_pipeline_extraction to 2026-09-17 08:00:00+00:00, run_after=2026-09-17 09:00:00+00:00
[2026-09-17T09:29:32.673+0000] {processor.py:208} INFO - Processing /opt/airflow/dags/youtube_extract_pipeline.py took 0.132 seconds
[2026-09-17T09:30:02.948+0000] {processor.py:186} INFO - Started process (PID=1373) to work on /opt/airflow/dags/youtube_extract_pipeline.py
[2026-09-17T09:30:02.950+0000] {processor.py:914} INFO - Processing file /opt/airflow/dags/youtube_extract_pipeline.py for tasks to queue
[2026-09-17T09:30:02.952+0000] {logging_mixin.py:190} INFO - [2026-09-17T09:30:02.951+0000] {dagbag.py:588} INFO - Filling up the DagBag from /opt/airflow/dags/youtube_extract_pipeline.py
[2026-09-17T09:30:03.010+0000] {processor.py:925} INFO - DAG(s) 'youtube_pipeline_extraction' retrieved from /opt/airflow/dags/youtube_extract_pipeline.py
[2026-09-17T09:30:03.033+0000] {logging_mixin.py:190} INFO - [2026-09-17T09:30:03.033+0000] {dag.py:3239} INFO - Sync 1 DAGs
[2026-09-17T09:30:03.054+0000] {logging_mixin.py:190} INFO - [2026-09-17T09:30:03.054+0000] {dag.py:4180} INFO - Setting next_dagrun for youtube_pipeline_extraction to 2026-09-17 08:00:00+00:00, run_after=2026-09-17 09:00:00+00:00
[2026-09-17T09:30:03.072+0000] {processor.py:208} INFO - Processing /opt/airflow/dags/youtube_extract_pipeline.py took 0.130 seconds
[2026-09-17T09:30:33.406+0000] {processor.py:186} INFO - Started process (PID=1381) to work on /opt/airflow/dags/youtube_extract_pipeline.py
[2026-09-17T09:30:33.407+0000] {processor.py:914} INFO - Processing file /opt/airflow/dags/youtube_extract_pipeline.py for tasks to queue
[2026-09-17T09:30:33.409+0000] {logging_mixin.py:190} INFO - [2026-09-17T09:30:33.409+0000] {dagbag.py:588} INFO - Filling up the DagBag from /opt/airflow/dags/youtube_extract_pipeline.py
[2026-09-17T09:30:33.469+0000] {processor.py:925} INFO - DAG(s) 'youtube_pipeline_extraction' retrieved from /opt/airflow/dags/youtube_extract_pipeline.py
[2026-09-17T09:30:33.489+0000] {logging_mixin.py:190} INFO - [2026-09-17T09:30:33.489+0000] {dag.py:3239} INFO - Sync 1 DAGs
[2026-09-17T09:30:33.508+0000] {logging_mixin.py:190} INFO - [2026-09-17T09:30:33.508+0000] {dag.py:4180} INFO - Setting next_dagrun for youtube_pipeline_extraction to 2026-09-17 08:00:00+00:00, run_after=2026-09-17 09:00:00+00:00
[2026-09-17T09:30:33.528+0000] {processor.py:208} INFO - Processing /opt/airflow/dags/youtube_extract_pipeline.py took 0.127 seconds
[2026-09-17T09:31:03.900+0000] {processor.py:186} INFO - Started process (PID=1389) to work on /opt/airflow/dags/youtube_extract_pipeline.py
[2026-09-17T09:31:03.902+0000] {processor.py:914} INFO - Processing file /opt/airflow/dags/youtube_extract_pipeline.py for tasks to queue
[2026-09-17T09:31:03.905+0000] {logging_mixin.py:190} INFO - [2026-09-17T09:31:03.904+0000] {dagbag.py:588} INFO - Filling up the DagBag from /opt/airflow/dags/youtube_extract_pipeline.py
[2026-09-17T09:31:03.965+0000] {processor.py:925} INFO - DAG(s) 'youtube_pipeline_extraction' retrieved from /opt/airflow/dags/youtube_extract_pipeline.py
[2026-09-17T09:31:04.043+0000] {logging_mixin.py:190} INFO - [2026-09-17T09:31:04.042+0000] {dag.py:3239} INFO - Sync 1 DAGs
[2026-09-17T09:31:04.065+0000] {logging_mixin.py:190} INFO - [2026-09-17T09:31:04.065+0000] {dag.py:4180} INFO - Setting next_dagrun for youtube_pipeline_extraction to 2026-09-17 08:00:00+00:00, run_after=2026-09-17 09:00:00+00:00
[2026-09-17T09:31:04.084+0000] {processor.py:208} INFO - Processing /opt/airflow/dags/youtube_extract_pipeline.py took 0.189 seconds
[2026-09-17T09:31:34.464+0000] {processor.py:186} INFO - Started process (PID=1397) to work on /opt/airflow/dags/youtube_extract_pipeline.py
[2026-09-17T09:31:34.467+0000] {processor.py:914} INFO - Processing file /opt/airflow/dags/youtube_extract_pipeline.py for tasks to queue
[2026-09-17T09:31:34.469+0000] {logging_mixin.py:190} INFO - [2026-09-17T09:31:34.469+0000] {dagbag.py:588} INFO - Filling up the DagBag from /opt/airflow/dags/youtube_extract_pipeline.py
[2026-09-17T09:31:34.537+0000] {processor.py:925} INFO - DAG(s) 'youtube_pipeline_extraction' retrieved from /opt/airflow/dags/youtube_extract_pipeline.py
[2026-09-17T09:31:34.555+0000] {logging_mixin.py:190} INFO - [2026-09-17T09:31:34.555+0000] {dag.py:3239} INFO - Sync 1 DAGs
[2026-09-17T09:31:34.575+0000] {logging_mixin.py:190} INFO - [2026-09-17T09:31:34.574+0000] {dag.py:4180} INFO - Setting next_dagrun for youtube_pipeline_extraction to 2026-09-17 08:00:00+00:00, run_after=2026-09-17 09:00:00+00:00
[2026-09-17T09:31:34.609+0000] {processor.py:208} INFO - Processing /opt/airflow/dags/youtube_extract_pipeline.py took 0.150 seconds
[2026-09-17T09:32:04.996+0000] {processor.py:186} INFO - Started process (PID=1406) to work on /opt/airflow/dags/youtube_extract_pipeline.py
[2026-09-17T09:32:04.998+0000] {processor.py:914} INFO - Processing file /opt/airflow/dags/youtube_extract_pipeline.py for tasks to queue
[2026-09-17T09:32:05.000+0000] {logging_mixin.py:190} INFO - [2026-09-17T09:32:05.000+0000] {dagbag.py:588} INFO - Filling up the DagBag from /opt/airflow/dags/youtube_extract_pipeline.py
[2026-09-17T09:32:05.059+0000] {processor.py:925} INFO - DAG(s) 'youtube_pipeline_extraction' retrieved from /opt/airflow/dags/youtube_extract_pipeline.py
[2026-09-17T09:32:05.083+0000] {logging_mixin.py:190} INFO - [2026-09-17T09:32:05.083+0000] {dag.py:3239} INFO - Sync 1 DAGs
[2026-09-17T09:32:05.101+0000] {logging_mixin.py:190} INFO - [2026-09-17T09:32:05.101+0000] {dag.py:4180} INFO - Setting next_dagrun for youtube_pipeline_extraction to 2026-09-17 08:00:00+00:00, run_after=2026-09-17 09:00:00+00:00
[2026-09-17T09:32:05.119+0000] {processor.py:208} INFO - Processing /opt/airflow/dags/youtube_extract_pipeline.py took 0.127 seconds
[2026-09-17T09:32:35.491+0000] {processor.py:186} INFO - Started process (PID=1414) to work on /opt/airflow/dags/youtube_extract_pipeline.py
[2026-09-17T09:32:35.493+0000] {processor.py:914} INFO - Processing file /opt/airflow/dags/youtube_extract_pipeline.py for tasks to queue
[2026-09-17T09:32:35.494+0000] {logging_mixin.py:190} INFO - [2026-09-17T09:32:35.494+0000] {dagbag.py:588} INFO - Filling up the DagBag from /opt/airflow/dags/youtube_extract_pipeline.py
[2026-09-17T09:32:35.548+0000] {processor.py:925} INFO - DAG(s) 'youtube_pipeline_extraction' retrieved from /opt/airflow/dags/youtube_extract_pipeline.py
[2026-09-17T09:32:35.567+0000] {logging_mixin.py:190} INFO - [2026-09-17T09:32:35.566+0000] {dag.py:3239} INFO - Sync 1 DAGs
[2026-09-17T09:32:35.588+0000] {logging_mixin.py:190} INFO - [2026-09-17T09:32:35.588+0000] {dag.py:4180} INFO - Setting next_dagrun for youtube_pipeline_extraction to 2026-09-17 08:00:00+00:00, run_after=2026-09-17 09:00:00+00:00
[2026-09-17T09:32:35.606+0000] {processor.py:208} INFO - Processing /opt/airflow/dags/youtube_extract_pipeline.py took 0.119 seconds
[2026-09-17T09:33:05.961+0000] {processor.py:186} INFO - Started process (PID=1421) to work on /opt/airflow/dags/youtube_extract_pipeline.py
[2026-09-17T09:33:05.963+0000] {processor.py:914} INFO - Processing file /opt/airflow/dags/youtube_extract_pipeline.py for tasks to queue
[2026-09-17T09:33:05.965+0000] {logging_mixin.py:190} INFO - [2026-09-17T09:33:05.965+0000] {dagbag.py:588} INFO - Filling up the DagBag from /opt/airflow/dags/youtube_extract_pipeline.py
[2026-09-17T09:33:06.024+0000] {processor.py:925} INFO - DAG(s) 'youtube_pipeline_extraction' retrieved from /opt/airflow/dags/youtube_extract_pipeline.py
[2026-09-17T09:33:06.042+0000] {logging_mixin.py:190} INFO - [2026-09-17T09:33:06.042+0000] {dag.py:3239} INFO - Sync 1 DAGs
[2026-09-17T09:33:06.061+0000] {logging_mixin.py:190} INFO - [2026-09-17T09:33:06.061+0000] {dag.py:4180} INFO - Setting next_dagrun for youtube_pipeline_extraction to 2026-09-17 08:00:00+00:00, run_after=2026-09-17 09:00:00+00:00
[2026-09-17T09:33:06.081+0000] {processor.py:208} INFO - Processing /opt/airflow/dags/youtube_extract_pipeline.py took 0.126 seconds
[2026-09-17T09:33:36.452+0000] {processor.py:186} INFO - Started process (PID=1429) to work on /opt/airflow/dags/youtube_extract_pipeline.py
[2026-09-17T09:33:36.453+0000] {processor.py:914} INFO - Processing file /opt/airflow/dags/youtube_extract_pipeline.py for tasks to queue
[2026-09-17T09:33:36.455+0000] {logging_mixin.py:190} INFO - [2026-09-17T09:33:36.455+0000] {dagbag.py:588} INFO - Filling up the DagBag from /opt/airflow/dags/youtube_extract_pipeline.py
[2026-09-17T09:33:36.512+0000] {processor.py:925} INFO - DAG(s) 'youtube_pipeline_extraction' retrieved from /opt/airflow/dags/youtube_extract_pipeline.py
[2026-09-17T09:33:36.535+0000] {logging_mixin.py:190} INFO - [2026-09-17T09:33:36.535+0000] {dag.py:3239} INFO - Sync 1 DAGs
[2026-09-17T09:33:36.556+0000] {logging_mixin.py:190} INFO - [2026-09-17T09:33:36.556+0000] {dag.py:4180} INFO - Setting next_dagrun for youtube_pipeline_extraction to 2026-09-17 08:00:00+00:00, run_after=2026-09-17 09:00:00+00:00
[2026-09-17T09:33:36.576+0000] {processor.py:208} INFO - Processing /opt/airflow/dags/youtube_extract_pipeline.py took 0.128 seconds
[2026-09-17T09:34:06.971+0000] {processor.py:186} INFO - Started process (PID=1437) to work on /opt/airflow/dags/youtube_extract_pipeline.py
[2026-09-17T09:34:06.974+0000] {processor.py:914} INFO - Processing file /opt/airflow/dags/youtube_extract_pipeline.py for tasks to queue
[2026-09-17T09:34:06.976+0000] {logging_mixin.py:190} INFO - [2026-09-17T09:34:06.976+0000] {dagbag.py:588} INFO - Filling up the DagBag from /opt/airflow/dags/youtube_extract_pipeline.py
[2026-09-17T09:34:07.042+0000] {logging_mixin.py:190} INFO - [2026-09-17T09:34:07.035+0000] {dagbag.py:387} ERROR - Failed to import: /opt/airflow/dags/youtube_extract_pipeline.py
Traceback (most recent call last):
  File "/home/airflow/.local/lib/python3.10/site-packages/airflow/models/dagbag.py", line 383, in parse
    loader.exec_module(new_module)
  File "<frozen importlib._bootstrap_external>", line 883, in exec_module
  File "<frozen importlib._bootstrap>", line 241, in _call_with_frames_removed
  File "/opt/airflow/dags/youtube_extract_pipeline.py", line 11, in <module>
    from include.extract import youtube_extract as extract_videos
  File "<frozen importlib._bootstrap>", line 1027, in _find_and_load
  File "<frozen importlib._bootstrap>", line 1002, in _find_and_load_unlocked
  File "<frozen importlib._bootstrap>", line 945, in _find_spec
  File "<frozen importlib._bootstrap_external>", line 1439, in find_spec
  File "<frozen importlib._bootstrap_external>", line 1411, in _get_spec
  File "<frozen importlib._bootstrap_external>", line 1548, in find_spec
  File "<frozen importlib._bootstrap_external>", line 1591, in _fill_cache
OSError: [Errno 12] Cannot allocate memory: '/opt/airflow/include'
[2026-09-17T09:34:07.043+0000] {processor.py:927} WARNING - No viable dags retrieved from /opt/airflow/dags/youtube_extract_pipeline.py
[2026-09-17T09:34:07.067+0000] {processor.py:208} INFO - Processing /opt/airflow/dags/youtube_extract_pipeline.py took 0.113 seconds
[2026-09-17T09:34:37.419+0000] {processor.py:186} INFO - Started process (PID=1445) to work on /opt/airflow/dags/youtube_extract_pipeline.py
[2026-09-17T09:34:37.421+0000] {processor.py:914} INFO - Processing file /opt/airflow/dags/youtube_extract_pipeline.py for tasks to queue
[2026-09-17T09:34:37.423+0000] {logging_mixin.py:190} INFO - [2026-09-17T09:34:37.422+0000] {dagbag.py:588} INFO - Filling up the DagBag from /opt/airflow/dags/youtube_extract_pipeline.py
[2026-09-17T09:34:37.465+0000] {processor.py:925} INFO - DAG(s) 'youtube_pipeline_extraction' retrieved from /opt/airflow/dags/youtube_extract_pipeline.py
[2026-09-17T09:34:37.487+0000] {logging_mixin.py:190} INFO - [2026-09-17T09:34:37.487+0000] {dag.py:3239} INFO - Sync 1 DAGs
[2026-09-17T09:34:37.508+0000] {logging_mixin.py:190} INFO - [2026-09-17T09:34:37.508+0000] {dag.py:4180} INFO - Setting next_dagrun for youtube_pipeline_extraction to 2026-09-17 08:00:00+00:00, run_after=2026-09-17 09:00:00+00:00
[2026-09-17T09:34:37.528+0000] {processor.py:208} INFO - Processing /opt/airflow/dags/youtube_extract_pipeline.py took 0.113 seconds
[2026-09-17T09:38:44.284+0000] {processor.py:186} INFO - Started process (PID=1448) to work on /opt/airflow/dags/youtube_extract_pipeline.py
[2026-09-17T09:38:44.287+0000] {processor.py:914} INFO - Processing file /opt/airflow/dags/youtube_extract_pipeline.py for tasks to queue
[2026-09-17T09:38:44.289+0000] {logging_mixin.py:190} INFO - [2026-09-17T09:38:44.289+0000] {dagbag.py:588} INFO - Filling up the DagBag from /opt/airflow/dags/youtube_extract_pipeline.py
[2026-09-17T09:38:44.362+0000] {processor.py:925} INFO - DAG(s) 'youtube_pipeline_extraction' retrieved from /opt/airflow/dags/youtube_extract_pipeline.py
[2026-09-17T09:38:44.395+0000] {logging_mixin.py:190} INFO - [2026-09-17T09:38:44.394+0000] {dag.py:3239} INFO - Sync 1 DAGs
[2026-09-17T09:38:44.425+0000] {logging_mixin.py:190} INFO - [2026-09-17T09:38:44.425+0000] {dag.py:4180} INFO - Setting next_dagrun for youtube_pipeline_extraction to 2026-09-17 08:00:00+00:00, run_after=2026-09-17 09:00:00+00:00
[2026-09-17T09:38:44.449+0000] {processor.py:208} INFO - Processing /opt/airflow/dags/youtube_extract_pipeline.py took 0.176 seconds
[2026-09-17T09:39:14.672+0000] {processor.py:186} INFO - Started process (PID=1456) to work on /opt/airflow/dags/youtube_extract_pipeline.py
[2026-09-17T09:39:14.674+0000] {processor.py:914} INFO - Processing file /opt/airflow/dags/youtube_extract_pipeline.py for tasks to queue
[2026-09-17T09:39:14.676+0000] {logging_mixin.py:190} INFO - [2026-09-17T09:39:14.675+0000] {dagbag.py:588} INFO - Filling up the DagBag from /opt/airflow/dags/youtube_extract_pipeline.py
[2026-09-17T09:39:14.731+0000] {processor.py:925} INFO - DAG(s) 'youtube_pipeline_extraction' retrieved from /opt/airflow/dags/youtube_extract_pipeline.py
[2026-09-17T09:39:14.760+0000] {logging_mixin.py:190} INFO - [2026-09-17T09:39:14.760+0000] {dag.py:3239} INFO - Sync 1 DAGs
[2026-09-17T09:39:14.786+0000] {logging_mixin.py:190} INFO - [2026-09-17T09:39:14.786+0000] {dag.py:4180} INFO - Setting next_dagrun for youtube_pipeline_extraction to 2026-09-17 08:00:00+00:00, run_after=2026-09-17 09:00:00+00:00
[2026-09-17T09:39:14.805+0000] {processor.py:208} INFO - Processing /opt/airflow/dags/youtube_extract_pipeline.py took 0.139 seconds
[2026-09-17T09:39:45.142+0000] {processor.py:186} INFO - Started process (PID=1464) to work on /opt/airflow/dags/youtube_extract_pipeline.py
[2026-09-17T09:39:45.144+0000] {processor.py:914} INFO - Processing file /opt/airflow/dags/youtube_extract_pipeline.py for tasks to queue
[2026-09-17T09:39:45.146+0000] {logging_mixin.py:190} INFO - [2026-09-17T09:39:45.146+0000] {dagbag.py:588} INFO - Filling up the DagBag from /opt/airflow/dags/youtube_extract_pipeline.py
[2026-09-17T09:39:45.208+0000] {processor.py:925} INFO - DAG(s) 'youtube_pipeline_extraction' retrieved from /opt/airflow/dags/youtube_extract_pipeline.py
[2026-09-17T09:39:45.229+0000] {logging_mixin.py:190} INFO - [2026-09-17T09:39:45.229+0000] {dag.py:3239} INFO - Sync 1 DAGs
[2026-09-17T09:39:45.252+0000] {logging_mixin.py:190} INFO - [2026-09-17T09:39:45.252+0000] {dag.py:4180} INFO - Setting next_dagrun for youtube_pipeline_extraction to 2026-09-17 08:00:00+00:00, run_after=2026-09-17 09:00:00+00:00
[2026-09-17T09:39:45.272+0000] {processor.py:208} INFO - Processing /opt/airflow/dags/youtube_extract_pipeline.py took 0.136 seconds
[2026-09-17T09:40:15.571+0000] {processor.py:186} INFO - Started process (PID=1472) to work on /opt/airflow/dags/youtube_extract_pipeline.py
[2026-09-17T09:40:15.573+0000] {processor.py:914} INFO - Processing file /opt/airflow/dags/youtube_extract_pipeline.py for tasks to queue
[2026-09-17T09:40:15.575+0000] {logging_mixin.py:190} INFO - [2026-09-17T09:40:15.574+0000] {dagbag.py:588} INFO - Filling up the DagBag from /opt/airflow/dags/youtube_extract_pipeline.py
[2026-09-17T09:40:15.635+0000] {processor.py:925} INFO - DAG(s) 'youtube_pipeline_extraction' retrieved from /opt/airflow/dags/youtube_extract_pipeline.py
[2026-09-17T09:40:15.657+0000] {logging_mixin.py:190} INFO - [2026-09-17T09:40:15.656+0000] {dag.py:3239} INFO - Sync 1 DAGs
[2026-09-17T09:40:15.679+0000] {logging_mixin.py:190} INFO - [2026-09-17T09:40:15.679+0000] {dag.py:4180} INFO - Setting next_dagrun for youtube_pipeline_extraction to 2026-09-17 08:00:00+00:00, run_after=2026-09-17 09:00:00+00:00
[2026-09-17T09:40:15.699+0000] {processor.py:208} INFO - Processing /opt/airflow/dags/youtube_extract_pipeline.py took 0.135 seconds
[2026-09-17T09:40:45.955+0000] {processor.py:186} INFO - Started process (PID=1480) to work on /opt/airflow/dags/youtube_extract_pipeline.py
[2026-09-17T09:40:45.957+0000] {processor.py:914} INFO - Processing file /opt/airflow/dags/youtube_extract_pipeline.py for tasks to queue
[2026-09-17T09:40:45.959+0000] {logging_mixin.py:190} INFO - [2026-09-17T09:40:45.959+0000] {dagbag.py:588} INFO - Filling up the DagBag from /opt/airflow/dags/youtube_extract_pipeline.py
[2026-09-17T09:40:46.019+0000] {processor.py:925} INFO - DAG(s) 'youtube_pipeline_extraction' retrieved from /opt/airflow/dags/youtube_extract_pipeline.py
[2026-09-17T09:40:46.043+0000] {logging_mixin.py:190} INFO - [2026-09-17T09:40:46.043+0000] {dag.py:3239} INFO - Sync 1 DAGs
[2026-09-17T09:40:46.065+0000] {logging_mixin.py:190} INFO - [2026-09-17T09:40:46.065+0000] {dag.py:4180} INFO - Setting next_dagrun for youtube_pipeline_extraction to 2026-09-17 08:00:00+00:00, run_after=2026-09-17 09:00:00+00:00
[2026-09-17T09:40:46.085+0000] {processor.py:208} INFO - Processing /opt/airflow/dags/youtube_extract_pipeline.py took 0.135 seconds
[2026-09-17T09:41:16.348+0000] {processor.py:186} INFO - Started process (PID=1488) to work on /opt/airflow/dags/youtube_extract_pipeline.py
[2026-09-17T09:41:16.350+0000] {processor.py:914} INFO - Processing file /opt/airflow/dags/youtube_extract_pipeline.py for tasks to queue
[2026-09-17T09:41:16.352+0000] {logging_mixin.py:190} INFO - [2026-09-17T09:41:16.352+0000] {dagbag.py:588} INFO - Filling up the DagBag from /opt/airflow/dags/youtube_extract_pipeline.py
[2026-09-17T09:41:16.414+0000] {processor.py:925} INFO - DAG(s) 'youtube_pipeline_extraction' retrieved from /opt/airflow/dags/youtube_extract_pipeline.py
[2026-09-17T09:41:16.437+0000] {logging_mixin.py:190} INFO - [2026-09-17T09:41:16.437+0000] {dag.py:3239} INFO - Sync 1 DAGs
[2026-09-17T09:41:16.459+0000] {logging_mixin.py:190} INFO - [2026-09-17T09:41:16.458+0000] {dag.py:4180} INFO - Setting next_dagrun for youtube_pipeline_extraction to 2026-09-17 08:00:00+00:00, run_after=2026-09-17 09:00:00+00:00
[2026-09-17T09:41:16.477+0000] {processor.py:208} INFO - Processing /opt/airflow/dags/youtube_extract_pipeline.py took 0.135 seconds
[2026-09-17T09:41:46.750+0000] {processor.py:186} INFO - Started process (PID=1496) to work on /opt/airflow/dags/youtube_extract_pipeline.py
[2026-09-17T09:41:46.752+0000] {processor.py:914} INFO - Processing file /opt/airflow/dags/youtube_extract_pipeline.py for tasks to queue
[2026-09-17T09:41:46.754+0000] {logging_mixin.py:190} INFO - [2026-09-17T09:41:46.754+0000] {dagbag.py:588} INFO - Filling up the DagBag from /opt/airflow/dags/youtube_extract_pipeline.py
[2026-09-17T09:41:46.824+0000] {processor.py:925} INFO - DAG(s) 'youtube_pipeline_extraction' retrieved from /opt/airflow/dags/youtube_extract_pipeline.py
[2026-09-17T09:41:46.847+0000] {logging_mixin.py:190} INFO - [2026-09-17T09:41:46.847+0000] {dag.py:3239} INFO - Sync 1 DAGs
[2026-09-17T09:41:46.869+0000] {logging_mixin.py:190} INFO - [2026-09-17T09:41:46.869+0000] {dag.py:4180} INFO - Setting next_dagrun for youtube_pipeline_extraction to 2026-09-17 08:00:00+00:00, run_after=2026-09-17 09:00:00+00:00
[2026-09-17T09:41:46.887+0000] {processor.py:208} INFO - Processing /opt/airflow/dags/youtube_extract_pipeline.py took 0.143 seconds
[2026-09-17T09:42:17.187+0000] {processor.py:186} INFO - Started process (PID=1505) to work on /opt/airflow/dags/youtube_extract_pipeline.py
[2026-09-17T09:42:17.189+0000] {processor.py:914} INFO - Processing file /opt/airflow/dags/youtube_extract_pipeline.py for tasks to queue
[2026-09-17T09:42:17.191+0000] {logging_mixin.py:190} INFO - [2026-09-17T09:42:17.190+0000] {dagbag.py:588} INFO - Filling up the DagBag from /opt/airflow/dags/youtube_extract_pipeline.py
[2026-09-17T09:42:17.251+0000] {processor.py:925} INFO - DAG(s) 'youtube_pipeline_extraction' retrieved from /opt/airflow/dags/youtube_extract_pipeline.py
[2026-09-17T09:42:17.285+0000] {logging_mixin.py:190} INFO - [2026-09-17T09:42:17.285+0000] {dag.py:3239} INFO - Sync 1 DAGs
[2026-09-17T09:42:17.306+0000] {logging_mixin.py:190} INFO - [2026-09-17T09:42:17.306+0000] {dag.py:4180} INFO - Setting next_dagrun for youtube_pipeline_extraction to 2026-09-17 08:00:00+00:00, run_after=2026-09-17 09:00:00+00:00
[2026-09-17T09:42:17.325+0000] {processor.py:208} INFO - Processing /opt/airflow/dags/youtube_extract_pipeline.py took 0.143 seconds
[2026-09-17T09:42:47.684+0000] {processor.py:186} INFO - Started process (PID=1513) to work on /opt/airflow/dags/youtube_extract_pipeline.py
[2026-09-17T09:42:47.686+0000] {processor.py:914} INFO - Processing file /opt/airflow/dags/youtube_extract_pipeline.py for tasks to queue
[2026-09-17T09:42:47.688+0000] {logging_mixin.py:190} INFO - [2026-09-17T09:42:47.688+0000] {dagbag.py:588} INFO - Filling up the DagBag from /opt/airflow/dags/youtube_extract_pipeline.py
[2026-09-17T09:42:47.752+0000] {processor.py:925} INFO - DAG(s) 'youtube_pipeline_extraction' retrieved from /opt/airflow/dags/youtube_extract_pipeline.py
[2026-09-17T09:42:47.781+0000] {logging_mixin.py:190} INFO - [2026-09-17T09:42:47.781+0000] {dag.py:3239} INFO - Sync 1 DAGs
[2026-09-17T09:42:47.805+0000] {logging_mixin.py:190} INFO - [2026-09-17T09:42:47.805+0000] {dag.py:4180} INFO - Setting next_dagrun for youtube_pipeline_extraction to 2026-09-17 08:00:00+00:00, run_after=2026-09-17 09:00:00+00:00
[2026-09-17T09:42:47.824+0000] {processor.py:208} INFO - Processing /opt/airflow/dags/youtube_extract_pipeline.py took 0.146 seconds
[2026-09-17T09:43:18.038+0000] {processor.py:186} INFO - Started process (PID=1521) to work on /opt/airflow/dags/youtube_extract_pipeline.py
[2026-09-17T09:43:18.039+0000] {processor.py:914} INFO - Processing file /opt/airflow/dags/youtube_extract_pipeline.py for tasks to queue
[2026-09-17T09:43:18.041+0000] {logging_mixin.py:190} INFO - [2026-09-17T09:43:18.041+0000] {dagbag.py:588} INFO - Filling up the DagBag from /opt/airflow/dags/youtube_extract_pipeline.py
[2026-09-17T09:43:18.066+0000] {logging_mixin.py:190} INFO - [2026-09-17T09:43:18.059+0000] {dagbag.py:387} ERROR - Failed to import: /opt/airflow/dags/youtube_extract_pipeline.py
Traceback (most recent call last):
  File "/home/airflow/.local/lib/python3.10/site-packages/airflow/models/dagbag.py", line 383, in parse
    loader.exec_module(new_module)
  File "<frozen importlib._bootstrap_external>", line 883, in exec_module
  File "<frozen importlib._bootstrap>", line 241, in _call_with_frames_removed
  File "/opt/airflow/dags/youtube_extract_pipeline.py", line 11, in <module>
    from include.extract import youtube_extract as extract_videos
  File "<frozen importlib._bootstrap>", line 1027, in _find_and_load
  File "<frozen importlib._bootstrap>", line 1002, in _find_and_load_unlocked
  File "<frozen importlib._bootstrap>", line 945, in _find_spec
  File "<frozen importlib._bootstrap_external>", line 1439, in find_spec
  File "<frozen importlib._bootstrap_external>", line 1411, in _get_spec
  File "<frozen importlib._bootstrap_external>", line 1548, in find_spec
  File "<frozen importlib._bootstrap_external>", line 1591, in _fill_cache
OSError: [Errno 12] Cannot allocate memory: '/opt/airflow/include'
[2026-09-17T09:43:18.067+0000] {processor.py:927} WARNING - No viable dags retrieved from /opt/airflow/dags/youtube_extract_pipeline.py
[2026-09-17T09:43:18.098+0000] {processor.py:208} INFO - Processing /opt/airflow/dags/youtube_extract_pipeline.py took 0.066 seconds
[2026-09-17T09:43:48.488+0000] {processor.py:186} INFO - Started process (PID=1529) to work on /opt/airflow/dags/youtube_extract_pipeline.py
[2026-09-17T09:43:48.490+0000] {processor.py:914} INFO - Processing file /opt/airflow/dags/youtube_extract_pipeline.py for tasks to queue
[2026-09-17T09:43:48.494+0000] {logging_mixin.py:190} INFO - [2026-09-17T09:43:48.493+0000] {dagbag.py:588} INFO - Filling up the DagBag from /opt/airflow/dags/youtube_extract_pipeline.py
[2026-09-17T09:43:48.584+0000] {processor.py:925} INFO - DAG(s) 'youtube_pipeline_extraction' retrieved from /opt/airflow/dags/youtube_extract_pipeline.py
[2026-09-17T09:43:48.644+0000] {logging_mixin.py:190} INFO - [2026-09-17T09:43:48.644+0000] {dag.py:3239} INFO - Sync 1 DAGs
[2026-09-17T09:43:48.670+0000] {logging_mixin.py:190} INFO - [2026-09-17T09:43:48.670+0000] {dag.py:4180} INFO - Setting next_dagrun for youtube_pipeline_extraction to 2026-09-17 08:00:00+00:00, run_after=2026-09-17 09:00:00+00:00
[2026-09-17T09:43:48.697+0000] {processor.py:208} INFO - Processing /opt/airflow/dags/youtube_extract_pipeline.py took 0.222 seconds
[2026-09-17T09:44:18.886+0000] {processor.py:186} INFO - Started process (PID=1537) to work on /opt/airflow/dags/youtube_extract_pipeline.py
[2026-09-17T09:44:18.888+0000] {processor.py:914} INFO - Processing file /opt/airflow/dags/youtube_extract_pipeline.py for tasks to queue
[2026-09-17T09:44:18.890+0000] {logging_mixin.py:190} INFO - [2026-09-17T09:44:18.890+0000] {dagbag.py:588} INFO - Filling up the DagBag from /opt/airflow/dags/youtube_extract_pipeline.py
[2026-09-17T09:44:18.978+0000] {processor.py:925} INFO - DAG(s) 'youtube_pipeline_extraction' retrieved from /opt/airflow/dags/youtube_extract_pipeline.py
[2026-09-17T09:44:19.045+0000] {logging_mixin.py:190} INFO - [2026-09-17T09:44:19.045+0000] {dag.py:3239} INFO - Sync 1 DAGs
[2026-09-17T09:44:19.084+0000] {logging_mixin.py:190} INFO - [2026-09-17T09:44:19.083+0000] {dag.py:4180} INFO - Setting next_dagrun for youtube_pipeline_extraction to 2026-09-17 08:00:00+00:00, run_after=2026-09-17 09:00:00+00:00
[2026-09-17T09:44:19.115+0000] {processor.py:208} INFO - Processing /opt/airflow/dags/youtube_extract_pipeline.py took 0.235 seconds
[2026-09-17T09:44:49.532+0000] {processor.py:186} INFO - Started process (PID=1545) to work on /opt/airflow/dags/youtube_extract_pipeline.py
[2026-09-17T09:44:49.534+0000] {processor.py:914} INFO - Processing file /opt/airflow/dags/youtube_extract_pipeline.py for tasks to queue
[2026-09-17T09:44:49.535+0000] {logging_mixin.py:190} INFO - [2026-09-17T09:44:49.535+0000] {dagbag.py:588} INFO - Filling up the DagBag from /opt/airflow/dags/youtube_extract_pipeline.py
[2026-09-17T09:44:49.599+0000] {processor.py:925} INFO - DAG(s) 'youtube_pipeline_extraction' retrieved from /opt/airflow/dags/youtube_extract_pipeline.py
[2026-09-17T09:44:49.619+0000] {logging_mixin.py:190} INFO - [2026-09-17T09:44:49.619+0000] {dag.py:3239} INFO - Sync 1 DAGs
[2026-09-17T09:44:49.641+0000] {logging_mixin.py:190} INFO - [2026-09-17T09:44:49.640+0000] {dag.py:4180} INFO - Setting next_dagrun for youtube_pipeline_extraction to 2026-09-17 08:00:00+00:00, run_after=2026-09-17 09:00:00+00:00
[2026-09-17T09:44:49.661+0000] {processor.py:208} INFO - Processing /opt/airflow/dags/youtube_extract_pipeline.py took 0.134 seconds
[2026-09-17T09:45:19.892+0000] {processor.py:186} INFO - Started process (PID=1553) to work on /opt/airflow/dags/youtube_extract_pipeline.py
[2026-09-17T09:45:19.893+0000] {processor.py:914} INFO - Processing file /opt/airflow/dags/youtube_extract_pipeline.py for tasks to queue
[2026-09-17T09:45:19.895+0000] {logging_mixin.py:190} INFO - [2026-09-17T09:45:19.895+0000] {dagbag.py:588} INFO - Filling up the DagBag from /opt/airflow/dags/youtube_extract_pipeline.py
[2026-09-17T09:45:19.951+0000] {processor.py:925} INFO - DAG(s) 'youtube_pipeline_extraction' retrieved from /opt/airflow/dags/youtube_extract_pipeline.py
[2026-09-17T09:45:19.989+0000] {logging_mixin.py:190} INFO - [2026-09-17T09:45:19.989+0000] {dag.py:3239} INFO - Sync 1 DAGs
[2026-09-17T09:45:20.018+0000] {logging_mixin.py:190} INFO - [2026-09-17T09:45:20.018+0000] {dag.py:4180} INFO - Setting next_dagrun for youtube_pipeline_extraction to 2026-09-17 08:00:00+00:00, run_after=2026-09-17 09:00:00+00:00
[2026-09-17T09:45:20.038+0000] {processor.py:208} INFO - Processing /opt/airflow/dags/youtube_extract_pipeline.py took 0.152 seconds
[2026-09-17T09:45:50.338+0000] {processor.py:186} INFO - Started process (PID=1561) to work on /opt/airflow/dags/youtube_extract_pipeline.py
[2026-09-17T09:45:50.340+0000] {processor.py:914} INFO - Processing file /opt/airflow/dags/youtube_extract_pipeline.py for tasks to queue
[2026-09-17T09:45:50.343+0000] {logging_mixin.py:190} INFO - [2026-09-17T09:45:50.342+0000] {dagbag.py:588} INFO - Filling up the DagBag from /opt/airflow/dags/youtube_extract_pipeline.py
[2026-09-17T09:45:50.425+0000] {processor.py:925} INFO - DAG(s) 'youtube_pipeline_extraction' retrieved from /opt/airflow/dags/youtube_extract_pipeline.py
[2026-09-17T09:45:50.464+0000] {logging_mixin.py:190} INFO - [2026-09-17T09:45:50.463+0000] {dag.py:3239} INFO - Sync 1 DAGs
[2026-09-17T09:45:50.489+0000] {logging_mixin.py:190} INFO - [2026-09-17T09:45:50.489+0000] {dag.py:4180} INFO - Setting next_dagrun for youtube_pipeline_extraction to 2026-09-17 08:00:00+00:00, run_after=2026-09-17 09:00:00+00:00
[2026-09-17T09:45:50.509+0000] {processor.py:208} INFO - Processing /opt/airflow/dags/youtube_extract_pipeline.py took 0.177 seconds
[2026-09-17T09:46:20.908+0000] {processor.py:186} INFO - Started process (PID=1569) to work on /opt/airflow/dags/youtube_extract_pipeline.py
[2026-09-17T09:46:20.910+0000] {processor.py:914} INFO - Processing file /opt/airflow/dags/youtube_extract_pipeline.py for tasks to queue
[2026-09-17T09:46:20.912+0000] {logging_mixin.py:190} INFO - [2026-09-17T09:46:20.912+0000] {dagbag.py:588} INFO - Filling up the DagBag from /opt/airflow/dags/youtube_extract_pipeline.py
[2026-09-17T09:46:20.971+0000] {processor.py:925} INFO - DAG(s) 'youtube_pipeline_extraction' retrieved from /opt/airflow/dags/youtube_extract_pipeline.py
[2026-09-17T09:46:20.997+0000] {logging_mixin.py:190} INFO - [2026-09-17T09:46:20.997+0000] {dag.py:3239} INFO - Sync 1 DAGs
[2026-09-17T09:46:21.018+0000] {logging_mixin.py:190} INFO - [2026-09-17T09:46:21.017+0000] {dag.py:4180} INFO - Setting next_dagrun for youtube_pipeline_extraction to 2026-09-17 08:00:00+00:00, run_after=2026-09-17 09:00:00+00:00
[2026-09-17T09:46:21.036+0000] {processor.py:208} INFO - Processing /opt/airflow/dags/youtube_extract_pipeline.py took 0.134 seconds
[2026-09-17T09:46:51.274+0000] {processor.py:186} INFO - Started process (PID=1577) to work on /opt/airflow/dags/youtube_extract_pipeline.py
[2026-09-17T09:46:51.276+0000] {processor.py:914} INFO - Processing file /opt/airflow/dags/youtube_extract_pipeline.py for tasks to queue
[2026-09-17T09:46:51.278+0000] {logging_mixin.py:190} INFO - [2026-09-17T09:46:51.277+0000] {dagbag.py:588} INFO - Filling up the DagBag from /opt/airflow/dags/youtube_extract_pipeline.py
[2026-09-17T09:46:51.353+0000] {processor.py:925} INFO - DAG(s) 'youtube_pipeline_extraction' retrieved from /opt/airflow/dags/youtube_extract_pipeline.py
[2026-09-17T09:46:51.376+0000] {logging_mixin.py:190} INFO - [2026-09-17T09:46:51.376+0000] {dag.py:3239} INFO - Sync 1 DAGs
[2026-09-17T09:46:51.400+0000] {logging_mixin.py:190} INFO - [2026-09-17T09:46:51.400+0000] {dag.py:4180} INFO - Setting next_dagrun for youtube_pipeline_extraction to 2026-09-17 08:00:00+00:00, run_after=2026-09-17 09:00:00+00:00
[2026-09-17T09:46:51.428+0000] {processor.py:208} INFO - Processing /opt/airflow/dags/youtube_extract_pipeline.py took 0.159 seconds
[2026-09-17T09:47:21.798+0000] {processor.py:186} INFO - Started process (PID=1585) to work on /opt/airflow/dags/youtube_extract_pipeline.py
[2026-09-17T09:47:21.800+0000] {processor.py:914} INFO - Processing file /opt/airflow/dags/youtube_extract_pipeline.py for tasks to queue
[2026-09-17T09:47:21.803+0000] {logging_mixin.py:190} INFO - [2026-09-17T09:47:21.802+0000] {dagbag.py:588} INFO - Filling up the DagBag from /opt/airflow/dags/youtube_extract_pipeline.py
[2026-09-17T09:47:21.873+0000] {processor.py:925} INFO - DAG(s) 'youtube_pipeline_extraction' retrieved from /opt/airflow/dags/youtube_extract_pipeline.py
[2026-09-17T09:47:21.914+0000] {logging_mixin.py:190} INFO - [2026-09-17T09:47:21.913+0000] {dag.py:3239} INFO - Sync 1 DAGs
[2026-09-17T09:47:21.938+0000] {logging_mixin.py:190} INFO - [2026-09-17T09:47:21.938+0000] {dag.py:4180} INFO - Setting next_dagrun for youtube_pipeline_extraction to 2026-09-17 08:00:00+00:00, run_after=2026-09-17 09:00:00+00:00
[2026-09-17T09:47:21.961+0000] {processor.py:208} INFO - Processing /opt/airflow/dags/youtube_extract_pipeline.py took 0.168 seconds
[2026-09-17T09:47:52.294+0000] {processor.py:186} INFO - Started process (PID=1593) to work on /opt/airflow/dags/youtube_extract_pipeline.py
[2026-09-17T09:47:52.297+0000] {processor.py:914} INFO - Processing file /opt/airflow/dags/youtube_extract_pipeline.py for tasks to queue
[2026-09-17T09:47:52.301+0000] {logging_mixin.py:190} INFO - [2026-09-17T09:47:52.300+0000] {dagbag.py:588} INFO - Filling up the DagBag from /opt/airflow/dags/youtube_extract_pipeline.py
[2026-09-17T09:47:52.403+0000] {processor.py:925} INFO - DAG(s) 'youtube_pipeline_extraction' retrieved from /opt/airflow/dags/youtube_extract_pipeline.py
[2026-09-17T09:47:52.447+0000] {logging_mixin.py:190} INFO - [2026-09-17T09:47:52.446+0000] {dag.py:3239} INFO - Sync 1 DAGs
[2026-09-17T09:47:52.478+0000] {logging_mixin.py:190} INFO - [2026-09-17T09:47:52.478+0000] {dag.py:4180} INFO - Setting next_dagrun for youtube_pipeline_extraction to 2026-09-17 08:00:00+00:00, run_after=2026-09-17 09:00:00+00:00
[2026-09-17T09:47:52.500+0000] {processor.py:208} INFO - Processing /opt/airflow/dags/youtube_extract_pipeline.py took 0.211 seconds
[2026-09-17T09:48:22.868+0000] {processor.py:186} INFO - Started process (PID=1601) to work on /opt/airflow/dags/youtube_extract_pipeline.py
[2026-09-17T09:48:22.870+0000] {processor.py:914} INFO - Processing file /opt/airflow/dags/youtube_extract_pipeline.py for tasks to queue
[2026-09-17T09:48:22.872+0000] {logging_mixin.py:190} INFO - [2026-09-17T09:48:22.872+0000] {dagbag.py:588} INFO - Filling up the DagBag from /opt/airflow/dags/youtube_extract_pipeline.py
[2026-09-17T09:48:22.934+0000] {processor.py:925} INFO - DAG(s) 'youtube_pipeline_extraction' retrieved from /opt/airflow/dags/youtube_extract_pipeline.py
[2026-09-17T09:48:22.962+0000] {logging_mixin.py:190} INFO - [2026-09-17T09:48:22.962+0000] {dag.py:3239} INFO - Sync 1 DAGs
[2026-09-17T09:48:22.989+0000] {logging_mixin.py:190} INFO - [2026-09-17T09:48:22.988+0000] {dag.py:4180} INFO - Setting next_dagrun for youtube_pipeline_extraction to 2026-09-17 08:00:00+00:00, run_after=2026-09-17 09:00:00+00:00
[2026-09-17T09:48:23.008+0000] {processor.py:208} INFO - Processing /opt/airflow/dags/youtube_extract_pipeline.py took 0.145 seconds
[2026-09-17T09:48:53.223+0000] {processor.py:186} INFO - Started process (PID=1609) to work on /opt/airflow/dags/youtube_extract_pipeline.py
[2026-09-17T09:48:53.224+0000] {processor.py:914} INFO - Processing file /opt/airflow/dags/youtube_extract_pipeline.py for tasks to queue
[2026-09-17T09:48:53.226+0000] {logging_mixin.py:190} INFO - [2026-09-17T09:48:53.226+0000] {dagbag.py:588} INFO - Filling up the DagBag from /opt/airflow/dags/youtube_extract_pipeline.py
[2026-09-17T09:48:53.283+0000] {processor.py:925} INFO - DAG(s) 'youtube_pipeline_extraction' retrieved from /opt/airflow/dags/youtube_extract_pipeline.py
[2026-09-17T09:48:53.326+0000] {logging_mixin.py:190} INFO - [2026-09-17T09:48:53.326+0000] {dag.py:3239} INFO - Sync 1 DAGs
[2026-09-17T09:48:53.351+0000] {logging_mixin.py:190} INFO - [2026-09-17T09:48:53.351+0000] {dag.py:4180} INFO - Setting next_dagrun for youtube_pipeline_extraction to 2026-09-17 08:00:00+00:00, run_after=2026-09-17 09:00:00+00:00
[2026-09-17T09:48:53.371+0000] {processor.py:208} INFO - Processing /opt/airflow/dags/youtube_extract_pipeline.py took 0.154 seconds
[2026-09-17T09:49:23.760+0000] {processor.py:186} INFO - Started process (PID=1617) to work on /opt/airflow/dags/youtube_extract_pipeline.py
[2026-09-17T09:49:23.763+0000] {processor.py:914} INFO - Processing file /opt/airflow/dags/youtube_extract_pipeline.py for tasks to queue
[2026-09-17T09:49:23.765+0000] {logging_mixin.py:190} INFO - [2026-09-17T09:49:23.765+0000] {dagbag.py:588} INFO - Filling up the DagBag from /opt/airflow/dags/youtube_extract_pipeline.py
[2026-09-17T09:49:23.838+0000] {processor.py:925} INFO - DAG(s) 'youtube_pipeline_extraction' retrieved from /opt/airflow/dags/youtube_extract_pipeline.py
[2026-09-17T09:49:23.921+0000] {logging_mixin.py:190} INFO - [2026-09-17T09:49:23.921+0000] {dag.py:3239} INFO - Sync 1 DAGs
[2026-09-17T09:49:23.949+0000] {logging_mixin.py:190} INFO - [2026-09-17T09:49:23.949+0000] {dag.py:4180} INFO - Setting next_dagrun for youtube_pipeline_extraction to 2026-09-17 08:00:00+00:00, run_after=2026-09-17 09:00:00+00:00
[2026-09-17T09:49:23.971+0000] {processor.py:208} INFO - Processing /opt/airflow/dags/youtube_extract_pipeline.py took 0.220 seconds
[2026-09-17T09:49:54.401+0000] {processor.py:186} INFO - Started process (PID=1631) to work on /opt/airflow/dags/youtube_extract_pipeline.py
[2026-09-17T09:49:54.403+0000] {processor.py:914} INFO - Processing file /opt/airflow/dags/youtube_extract_pipeline.py for tasks to queue
[2026-09-17T09:49:54.405+0000] {logging_mixin.py:190} INFO - [2026-09-17T09:49:54.405+0000] {dagbag.py:588} INFO - Filling up the DagBag from /opt/airflow/dags/youtube_extract_pipeline.py
[2026-09-17T09:49:54.479+0000] {processor.py:925} INFO - DAG(s) 'youtube_pipeline_extraction' retrieved from /opt/airflow/dags/youtube_extract_pipeline.py
[2026-09-17T09:49:54.519+0000] {logging_mixin.py:190} INFO - [2026-09-17T09:49:54.519+0000] {dag.py:3239} INFO - Sync 1 DAGs
[2026-09-17T09:49:54.544+0000] {logging_mixin.py:190} INFO - [2026-09-17T09:49:54.543+0000] {dag.py:4180} INFO - Setting next_dagrun for youtube_pipeline_extraction to 2026-09-17 08:00:00+00:00, run_after=2026-09-17 09:00:00+00:00
[2026-09-17T09:49:54.565+0000] {processor.py:208} INFO - Processing /opt/airflow/dags/youtube_extract_pipeline.py took 0.170 seconds
[2026-09-17T09:50:24.923+0000] {processor.py:186} INFO - Started process (PID=1639) to work on /opt/airflow/dags/youtube_extract_pipeline.py
[2026-09-17T09:50:24.925+0000] {processor.py:914} INFO - Processing file /opt/airflow/dags/youtube_extract_pipeline.py for tasks to queue
[2026-09-17T09:50:24.926+0000] {logging_mixin.py:190} INFO - [2026-09-17T09:50:24.926+0000] {dagbag.py:588} INFO - Filling up the DagBag from /opt/airflow/dags/youtube_extract_pipeline.py
[2026-09-17T09:50:24.991+0000] {processor.py:925} INFO - DAG(s) 'youtube_pipeline_extraction' retrieved from /opt/airflow/dags/youtube_extract_pipeline.py
[2026-09-17T09:50:25.025+0000] {logging_mixin.py:190} INFO - [2026-09-17T09:50:25.024+0000] {dag.py:3239} INFO - Sync 1 DAGs
[2026-09-17T09:50:25.049+0000] {logging_mixin.py:190} INFO - [2026-09-17T09:50:25.048+0000] {dag.py:4180} INFO - Setting next_dagrun for youtube_pipeline_extraction to 2026-09-17 08:00:00+00:00, run_after=2026-09-17 09:00:00+00:00
[2026-09-17T09:50:25.067+0000] {processor.py:208} INFO - Processing /opt/airflow/dags/youtube_extract_pipeline.py took 0.152 seconds
[2026-09-17T09:50:55.282+0000] {processor.py:186} INFO - Started process (PID=1647) to work on /opt/airflow/dags/youtube_extract_pipeline.py
[2026-09-17T09:50:55.284+0000] {processor.py:914} INFO - Processing file /opt/airflow/dags/youtube_extract_pipeline.py for tasks to queue
[2026-09-17T09:50:55.285+0000] {logging_mixin.py:190} INFO - [2026-09-17T09:50:55.285+0000] {dagbag.py:588} INFO - Filling up the DagBag from /opt/airflow/dags/youtube_extract_pipeline.py
[2026-09-17T09:50:55.338+0000] {processor.py:925} INFO - DAG(s) 'youtube_pipeline_extraction' retrieved from /opt/airflow/dags/youtube_extract_pipeline.py
[2026-09-17T09:50:55.360+0000] {logging_mixin.py:190} INFO - [2026-09-17T09:50:55.360+0000] {dag.py:3239} INFO - Sync 1 DAGs
[2026-09-17T09:50:55.385+0000] {logging_mixin.py:190} INFO - [2026-09-17T09:50:55.385+0000] {dag.py:4180} INFO - Setting next_dagrun for youtube_pipeline_extraction to 2026-09-17 08:00:00+00:00, run_after=2026-09-17 09:00:00+00:00
[2026-09-17T09:50:55.404+0000] {processor.py:208} INFO - Processing /opt/airflow/dags/youtube_extract_pipeline.py took 0.127 seconds
[2026-09-17T09:51:25.758+0000] {processor.py:186} INFO - Started process (PID=1655) to work on /opt/airflow/dags/youtube_extract_pipeline.py
[2026-09-17T09:51:25.759+0000] {processor.py:914} INFO - Processing file /opt/airflow/dags/youtube_extract_pipeline.py for tasks to queue
[2026-09-17T09:51:25.761+0000] {logging_mixin.py:190} INFO - [2026-09-17T09:51:25.761+0000] {dagbag.py:588} INFO - Filling up the DagBag from /opt/airflow/dags/youtube_extract_pipeline.py
[2026-09-17T09:51:25.846+0000] {processor.py:925} INFO - DAG(s) 'youtube_pipeline_extraction' retrieved from /opt/airflow/dags/youtube_extract_pipeline.py
[2026-09-17T09:51:25.874+0000] {logging_mixin.py:190} INFO - [2026-09-17T09:51:25.874+0000] {dag.py:3239} INFO - Sync 1 DAGs
[2026-09-17T09:51:25.898+0000] {logging_mixin.py:190} INFO - [2026-09-17T09:51:25.898+0000] {dag.py:4180} INFO - Setting next_dagrun for youtube_pipeline_extraction to 2026-09-17 08:00:00+00:00, run_after=2026-09-17 09:00:00+00:00
[2026-09-17T09:51:25.919+0000] {processor.py:208} INFO - Processing /opt/airflow/dags/youtube_extract_pipeline.py took 0.169 seconds
[2026-09-17T09:51:56.280+0000] {processor.py:186} INFO - Started process (PID=1663) to work on /opt/airflow/dags/youtube_extract_pipeline.py
[2026-09-17T09:51:56.281+0000] {processor.py:914} INFO - Processing file /opt/airflow/dags/youtube_extract_pipeline.py for tasks to queue
[2026-09-17T09:51:56.284+0000] {logging_mixin.py:190} INFO - [2026-09-17T09:51:56.284+0000] {dagbag.py:588} INFO - Filling up the DagBag from /opt/airflow/dags/youtube_extract_pipeline.py
[2026-09-17T09:51:56.349+0000] {processor.py:925} INFO - DAG(s) 'youtube_pipeline_extraction' retrieved from /opt/airflow/dags/youtube_extract_pipeline.py
[2026-09-17T09:51:56.382+0000] {logging_mixin.py:190} INFO - [2026-09-17T09:51:56.382+0000] {dag.py:3239} INFO - Sync 1 DAGs
[2026-09-17T09:51:56.406+0000] {logging_mixin.py:190} INFO - [2026-09-17T09:51:56.405+0000] {dag.py:4180} INFO - Setting next_dagrun for youtube_pipeline_extraction to 2026-09-17 08:00:00+00:00, run_after=2026-09-17 09:00:00+00:00
[2026-09-17T09:51:56.427+0000] {processor.py:208} INFO - Processing /opt/airflow/dags/youtube_extract_pipeline.py took 0.156 seconds
[2026-09-17T09:52:26.783+0000] {processor.py:186} INFO - Started process (PID=1671) to work on /opt/airflow/dags/youtube_extract_pipeline.py
[2026-09-17T09:52:26.784+0000] {processor.py:914} INFO - Processing file /opt/airflow/dags/youtube_extract_pipeline.py for tasks to queue
[2026-09-17T09:52:26.786+0000] {logging_mixin.py:190} INFO - [2026-09-17T09:52:26.786+0000] {dagbag.py:588} INFO - Filling up the DagBag from /opt/airflow/dags/youtube_extract_pipeline.py
[2026-09-17T09:52:26.856+0000] {processor.py:925} INFO - DAG(s) 'youtube_pipeline_extraction' retrieved from /opt/airflow/dags/youtube_extract_pipeline.py
[2026-09-17T09:52:26.891+0000] {logging_mixin.py:190} INFO - [2026-09-17T09:52:26.890+0000] {dag.py:3239} INFO - Sync 1 DAGs
[2026-09-17T09:52:26.924+0000] {logging_mixin.py:190} INFO - [2026-09-17T09:52:26.924+0000] {dag.py:4180} INFO - Setting next_dagrun for youtube_pipeline_extraction to 2026-09-17 08:00:00+00:00, run_after=2026-09-17 09:00:00+00:00
[2026-09-17T09:52:26.945+0000] {processor.py:208} INFO - Processing /opt/airflow/dags/youtube_extract_pipeline.py took 0.168 seconds
[2026-09-17T09:52:57.319+0000] {processor.py:186} INFO - Started process (PID=1679) to work on /opt/airflow/dags/youtube_extract_pipeline.py
[2026-09-17T09:52:57.321+0000] {processor.py:914} INFO - Processing file /opt/airflow/dags/youtube_extract_pipeline.py for tasks to queue
[2026-09-17T09:52:57.323+0000] {logging_mixin.py:190} INFO - [2026-09-17T09:52:57.323+0000] {dagbag.py:588} INFO - Filling up the DagBag from /opt/airflow/dags/youtube_extract_pipeline.py
[2026-09-17T09:52:57.374+0000] {processor.py:925} INFO - DAG(s) 'youtube_pipeline_extraction' retrieved from /opt/airflow/dags/youtube_extract_pipeline.py
[2026-09-17T09:52:57.397+0000] {logging_mixin.py:190} INFO - [2026-09-17T09:52:57.397+0000] {dag.py:3239} INFO - Sync 1 DAGs
[2026-09-17T09:52:57.419+0000] {logging_mixin.py:190} INFO - [2026-09-17T09:52:57.419+0000] {dag.py:4180} INFO - Setting next_dagrun for youtube_pipeline_extraction to 2026-09-17 08:00:00+00:00, run_after=2026-09-17 09:00:00+00:00
[2026-09-17T09:52:57.438+0000] {processor.py:208} INFO - Processing /opt/airflow/dags/youtube_extract_pipeline.py took 0.124 seconds
[2026-09-17T09:53:27.665+0000] {processor.py:186} INFO - Started process (PID=1688) to work on /opt/airflow/dags/youtube_extract_pipeline.py
[2026-09-17T09:53:27.667+0000] {processor.py:914} INFO - Processing file /opt/airflow/dags/youtube_extract_pipeline.py for tasks to queue
[2026-09-17T09:53:27.669+0000] {logging_mixin.py:190} INFO - [2026-09-17T09:53:27.668+0000] {dagbag.py:588} INFO - Filling up the DagBag from /opt/airflow/dags/youtube_extract_pipeline.py
[2026-09-17T09:53:27.726+0000] {processor.py:925} INFO - DAG(s) 'youtube_pipeline_extraction' retrieved from /opt/airflow/dags/youtube_extract_pipeline.py
[2026-09-17T09:53:27.772+0000] {logging_mixin.py:190} INFO - [2026-09-17T09:53:27.772+0000] {dag.py:3239} INFO - Sync 1 DAGs
[2026-09-17T09:53:27.803+0000] {logging_mixin.py:190} INFO - [2026-09-17T09:53:27.803+0000] {dag.py:4180} INFO - Setting next_dagrun for youtube_pipeline_extraction to 2026-09-17 08:00:00+00:00, run_after=2026-09-17 09:00:00+00:00
[2026-09-17T09:53:27.820+0000] {processor.py:208} INFO - Processing /opt/airflow/dags/youtube_extract_pipeline.py took 0.161 seconds
[2026-09-17T09:53:58.174+0000] {processor.py:186} INFO - Started process (PID=1696) to work on /opt/airflow/dags/youtube_extract_pipeline.py
[2026-09-17T09:53:58.175+0000] {processor.py:914} INFO - Processing file /opt/airflow/dags/youtube_extract_pipeline.py for tasks to queue
[2026-09-17T09:53:58.177+0000] {logging_mixin.py:190} INFO - [2026-09-17T09:53:58.177+0000] {dagbag.py:588} INFO - Filling up the DagBag from /opt/airflow/dags/youtube_extract_pipeline.py
[2026-09-17T09:53:58.228+0000] {processor.py:925} INFO - DAG(s) 'youtube_pipeline_extraction' retrieved from /opt/airflow/dags/youtube_extract_pipeline.py
[2026-09-17T09:53:58.247+0000] {logging_mixin.py:190} INFO - [2026-09-17T09:53:58.247+0000] {dag.py:3239} INFO - Sync 1 DAGs
[2026-09-17T09:53:58.268+0000] {logging_mixin.py:190} INFO - [2026-09-17T09:53:58.268+0000] {dag.py:4180} INFO - Setting next_dagrun for youtube_pipeline_extraction to 2026-09-17 08:00:00+00:00, run_after=2026-09-17 09:00:00+00:00
[2026-09-17T09:53:58.301+0000] {processor.py:208} INFO - Processing /opt/airflow/dags/youtube_extract_pipeline.py took 0.132 seconds
[2026-09-17T09:54:28.564+0000] {processor.py:186} INFO - Started process (PID=1704) to work on /opt/airflow/dags/youtube_extract_pipeline.py
[2026-09-17T09:54:28.566+0000] {processor.py:914} INFO - Processing file /opt/airflow/dags/youtube_extract_pipeline.py for tasks to queue
[2026-09-17T09:54:28.568+0000] {logging_mixin.py:190} INFO - [2026-09-17T09:54:28.567+0000] {dagbag.py:588} INFO - Filling up the DagBag from /opt/airflow/dags/youtube_extract_pipeline.py
[2026-09-17T09:54:28.625+0000] {processor.py:925} INFO - DAG(s) 'youtube_pipeline_extraction' retrieved from /opt/airflow/dags/youtube_extract_pipeline.py
[2026-09-17T09:54:28.649+0000] {logging_mixin.py:190} INFO - [2026-09-17T09:54:28.649+0000] {dag.py:3239} INFO - Sync 1 DAGs
[2026-09-17T09:54:28.670+0000] {logging_mixin.py:190} INFO - [2026-09-17T09:54:28.670+0000] {dag.py:4180} INFO - Setting next_dagrun for youtube_pipeline_extraction to 2026-09-17 08:00:00+00:00, run_after=2026-09-17 09:00:00+00:00
[2026-09-17T09:54:28.691+0000] {processor.py:208} INFO - Processing /opt/airflow/dags/youtube_extract_pipeline.py took 0.132 seconds
[2026-09-17T09:54:59.005+0000] {processor.py:186} INFO - Started process (PID=1711) to work on /opt/airflow/dags/youtube_extract_pipeline.py
[2026-09-17T09:54:59.006+0000] {processor.py:914} INFO - Processing file /opt/airflow/dags/youtube_extract_pipeline.py for tasks to queue
[2026-09-17T09:54:59.008+0000] {logging_mixin.py:190} INFO - [2026-09-17T09:54:59.008+0000] {dagbag.py:588} INFO - Filling up the DagBag from /opt/airflow/dags/youtube_extract_pipeline.py
[2026-09-17T09:54:59.064+0000] {processor.py:925} INFO - DAG(s) 'youtube_pipeline_extraction' retrieved from /opt/airflow/dags/youtube_extract_pipeline.py
[2026-09-17T09:54:59.089+0000] {logging_mixin.py:190} INFO - [2026-09-17T09:54:59.089+0000] {dag.py:3239} INFO - Sync 1 DAGs
[2026-09-17T09:54:59.111+0000] {logging_mixin.py:190} INFO - [2026-09-17T09:54:59.111+0000] {dag.py:4180} INFO - Setting next_dagrun for youtube_pipeline_extraction to 2026-09-17 08:00:00+00:00, run_after=2026-09-17 09:00:00+00:00
[2026-09-17T09:54:59.133+0000] {processor.py:208} INFO - Processing /opt/airflow/dags/youtube_extract_pipeline.py took 0.135 seconds
[2026-09-17T09:55:29.550+0000] {processor.py:186} INFO - Started process (PID=1719) to work on /opt/airflow/dags/youtube_extract_pipeline.py
[2026-09-17T09:55:29.553+0000] {processor.py:914} INFO - Processing file /opt/airflow/dags/youtube_extract_pipeline.py for tasks to queue
[2026-09-17T09:55:29.557+0000] {logging_mixin.py:190} INFO - [2026-09-17T09:55:29.556+0000] {dagbag.py:588} INFO - Filling up the DagBag from /opt/airflow/dags/youtube_extract_pipeline.py
[2026-09-17T09:55:29.660+0000] {processor.py:925} INFO - DAG(s) 'youtube_pipeline_extraction' retrieved from /opt/airflow/dags/youtube_extract_pipeline.py
[2026-09-17T09:55:29.701+0000] {logging_mixin.py:190} INFO - [2026-09-17T09:55:29.700+0000] {dag.py:3239} INFO - Sync 1 DAGs
[2026-09-17T09:55:29.735+0000] {logging_mixin.py:190} INFO - [2026-09-17T09:55:29.735+0000] {dag.py:4180} INFO - Setting next_dagrun for youtube_pipeline_extraction to 2026-09-17 08:00:00+00:00, run_after=2026-09-17 09:00:00+00:00
[2026-09-17T09:55:29.759+0000] {processor.py:208} INFO - Processing /opt/airflow/dags/youtube_extract_pipeline.py took 0.222 seconds
[2026-09-17T09:55:59.910+0000] {processor.py:186} INFO - Started process (PID=1727) to work on /opt/airflow/dags/youtube_extract_pipeline.py
[2026-09-17T09:55:59.913+0000] {processor.py:914} INFO - Processing file /opt/airflow/dags/youtube_extract_pipeline.py for tasks to queue
[2026-09-17T09:55:59.914+0000] {logging_mixin.py:190} INFO - [2026-09-17T09:55:59.914+0000] {dagbag.py:588} INFO - Filling up the DagBag from /opt/airflow/dags/youtube_extract_pipeline.py
[2026-09-17T09:55:59.968+0000] {processor.py:925} INFO - DAG(s) 'youtube_pipeline_extraction' retrieved from /opt/airflow/dags/youtube_extract_pipeline.py
[2026-09-17T09:55:59.990+0000] {logging_mixin.py:190} INFO - [2026-09-17T09:55:59.990+0000] {dag.py:3239} INFO - Sync 1 DAGs
[2026-09-17T09:56:00.020+0000] {logging_mixin.py:190} INFO - [2026-09-17T09:56:00.019+0000] {dag.py:4180} INFO - Setting next_dagrun for youtube_pipeline_extraction to 2026-09-17 08:00:00+00:00, run_after=2026-09-17 09:00:00+00:00
[2026-09-17T09:56:00.040+0000] {processor.py:208} INFO - Processing /opt/airflow/dags/youtube_extract_pipeline.py took 0.136 seconds
[2026-09-17T09:56:30.244+0000] {processor.py:186} INFO - Started process (PID=1735) to work on /opt/airflow/dags/youtube_extract_pipeline.py
[2026-09-17T09:56:30.246+0000] {processor.py:914} INFO - Processing file /opt/airflow/dags/youtube_extract_pipeline.py for tasks to queue
[2026-09-17T09:56:30.248+0000] {logging_mixin.py:190} INFO - [2026-09-17T09:56:30.247+0000] {dagbag.py:588} INFO - Filling up the DagBag from /opt/airflow/dags/youtube_extract_pipeline.py
[2026-09-17T09:56:30.303+0000] {processor.py:925} INFO - DAG(s) 'youtube_pipeline_extraction' retrieved from /opt/airflow/dags/youtube_extract_pipeline.py
[2026-09-17T09:56:30.324+0000] {logging_mixin.py:190} INFO - [2026-09-17T09:56:30.324+0000] {dag.py:3239} INFO - Sync 1 DAGs
[2026-09-17T09:56:30.349+0000] {logging_mixin.py:190} INFO - [2026-09-17T09:56:30.349+0000] {dag.py:4180} INFO - Setting next_dagrun for youtube_pipeline_extraction to 2026-09-17 08:00:00+00:00, run_after=2026-09-17 09:00:00+00:00
[2026-09-17T09:56:30.370+0000] {processor.py:208} INFO - Processing /opt/airflow/dags/youtube_extract_pipeline.py took 0.131 seconds
[2026-09-17T09:57:00.689+0000] {processor.py:186} INFO - Started process (PID=1743) to work on /opt/airflow/dags/youtube_extract_pipeline.py
[2026-09-17T09:57:00.691+0000] {processor.py:914} INFO - Processing file /opt/airflow/dags/youtube_extract_pipeline.py for tasks to queue
[2026-09-17T09:57:00.692+0000] {logging_mixin.py:190} INFO - [2026-09-17T09:57:00.692+0000] {dagbag.py:588} INFO - Filling up the DagBag from /opt/airflow/dags/youtube_extract_pipeline.py
[2026-09-17T09:57:00.754+0000] {processor.py:925} INFO - DAG(s) 'youtube_pipeline_extraction' retrieved from /opt/airflow/dags/youtube_extract_pipeline.py
[2026-09-17T09:57:00.787+0000] {logging_mixin.py:190} INFO - [2026-09-17T09:57:00.787+0000] {dag.py:3239} INFO - Sync 1 DAGs
[2026-09-17T09:57:00.811+0000] {logging_mixin.py:190} INFO - [2026-09-17T09:57:00.811+0000] {dag.py:4180} INFO - Setting next_dagrun for youtube_pipeline_extraction to 2026-09-17 08:00:00+00:00, run_after=2026-09-17 09:00:00+00:00
[2026-09-17T09:57:00.837+0000] {processor.py:208} INFO - Processing /opt/airflow/dags/youtube_extract_pipeline.py took 0.153 seconds
[2026-09-17T09:57:31.028+0000] {processor.py:186} INFO - Started process (PID=1751) to work on /opt/airflow/dags/youtube_extract_pipeline.py
[2026-09-17T09:57:31.030+0000] {processor.py:914} INFO - Processing file /opt/airflow/dags/youtube_extract_pipeline.py for tasks to queue
[2026-09-17T09:57:31.033+0000] {logging_mixin.py:190} INFO - [2026-09-17T09:57:31.032+0000] {dagbag.py:588} INFO - Filling up the DagBag from /opt/airflow/dags/youtube_extract_pipeline.py
[2026-09-17T09:57:31.089+0000] {processor.py:925} INFO - DAG(s) 'youtube_pipeline_extraction' retrieved from /opt/airflow/dags/youtube_extract_pipeline.py
[2026-09-17T09:57:31.111+0000] {logging_mixin.py:190} INFO - [2026-09-17T09:57:31.111+0000] {dag.py:3239} INFO - Sync 1 DAGs
[2026-09-17T09:57:31.134+0000] {logging_mixin.py:190} INFO - [2026-09-17T09:57:31.134+0000] {dag.py:4180} INFO - Setting next_dagrun for youtube_pipeline_extraction to 2026-09-17 08:00:00+00:00, run_after=2026-09-17 09:00:00+00:00
[2026-09-17T09:57:31.156+0000] {processor.py:208} INFO - Processing /opt/airflow/dags/youtube_extract_pipeline.py took 0.135 seconds
[2026-09-17T09:58:01.473+0000] {processor.py:186} INFO - Started process (PID=1759) to work on /opt/airflow/dags/youtube_extract_pipeline.py
[2026-09-17T09:58:01.476+0000] {processor.py:914} INFO - Processing file /opt/airflow/dags/youtube_extract_pipeline.py for tasks to queue
[2026-09-17T09:58:01.478+0000] {logging_mixin.py:190} INFO - [2026-09-17T09:58:01.478+0000] {dagbag.py:588} INFO - Filling up the DagBag from /opt/airflow/dags/youtube_extract_pipeline.py
[2026-09-17T09:58:01.531+0000] {processor.py:925} INFO - DAG(s) 'youtube_pipeline_extraction' retrieved from /opt/airflow/dags/youtube_extract_pipeline.py
[2026-09-17T09:58:01.552+0000] {logging_mixin.py:190} INFO - [2026-09-17T09:58:01.552+0000] {dag.py:3239} INFO - Sync 1 DAGs
[2026-09-17T09:58:01.579+0000] {logging_mixin.py:190} INFO - [2026-09-17T09:58:01.579+0000] {dag.py:4180} INFO - Setting next_dagrun for youtube_pipeline_extraction to 2026-09-17 08:00:00+00:00, run_after=2026-09-17 09:00:00+00:00
[2026-09-17T09:58:01.613+0000] {processor.py:208} INFO - Processing /opt/airflow/dags/youtube_extract_pipeline.py took 0.144 seconds
[2026-09-17T09:58:31.843+0000] {processor.py:186} INFO - Started process (PID=1767) to work on /opt/airflow/dags/youtube_extract_pipeline.py
[2026-09-17T09:58:31.845+0000] {processor.py:914} INFO - Processing file /opt/airflow/dags/youtube_extract_pipeline.py for tasks to queue
[2026-09-17T09:58:31.849+0000] {logging_mixin.py:190} INFO - [2026-09-17T09:58:31.848+0000] {dagbag.py:588} INFO - Filling up the DagBag from /opt/airflow/dags/youtube_extract_pipeline.py
[2026-09-17T09:58:31.927+0000] {processor.py:925} INFO - DAG(s) 'youtube_pipeline_extraction' retrieved from /opt/airflow/dags/youtube_extract_pipeline.py
[2026-09-17T09:58:31.953+0000] {logging_mixin.py:190} INFO - [2026-09-17T09:58:31.953+0000] {dag.py:3239} INFO - Sync 1 DAGs
[2026-09-17T09:58:31.977+0000] {logging_mixin.py:190} INFO - [2026-09-17T09:58:31.977+0000] {dag.py:4180} INFO - Setting next_dagrun for youtube_pipeline_extraction to 2026-09-17 08:00:00+00:00, run_after=2026-09-17 09:00:00+00:00
[2026-09-17T09:58:31.998+0000] {processor.py:208} INFO - Processing /opt/airflow/dags/youtube_extract_pipeline.py took 0.163 seconds
[2026-09-17T09:59:02.273+0000] {processor.py:186} INFO - Started process (PID=1775) to work on /opt/airflow/dags/youtube_extract_pipeline.py
[2026-09-17T09:59:02.275+0000] {processor.py:914} INFO - Processing file /opt/airflow/dags/youtube_extract_pipeline.py for tasks to queue
[2026-09-17T09:59:02.277+0000] {logging_mixin.py:190} INFO - [2026-09-17T09:59:02.276+0000] {dagbag.py:588} INFO - Filling up the DagBag from /opt/airflow/dags/youtube_extract_pipeline.py
[2026-09-17T09:59:02.342+0000] {processor.py:925} INFO - DAG(s) 'youtube_pipeline_extraction' retrieved from /opt/airflow/dags/youtube_extract_pipeline.py
[2026-09-17T09:59:02.361+0000] {logging_mixin.py:190} INFO - [2026-09-17T09:59:02.360+0000] {dag.py:3239} INFO - Sync 1 DAGs
[2026-09-17T09:59:02.383+0000] {logging_mixin.py:190} INFO - [2026-09-17T09:59:02.383+0000] {dag.py:4180} INFO - Setting next_dagrun for youtube_pipeline_extraction to 2026-09-17 08:00:00+00:00, run_after=2026-09-17 09:00:00+00:00
[2026-09-17T09:59:02.403+0000] {processor.py:208} INFO - Processing /opt/airflow/dags/youtube_extract_pipeline.py took 0.136 seconds
[2026-09-17T09:59:32.738+0000] {processor.py:186} INFO - Started process (PID=1783) to work on /opt/airflow/dags/youtube_extract_pipeline.py
[2026-09-17T09:59:32.740+0000] {processor.py:914} INFO - Processing file /opt/airflow/dags/youtube_extract_pipeline.py for tasks to queue
[2026-09-17T09:59:32.742+0000] {logging_mixin.py:190} INFO - [2026-09-17T09:59:32.742+0000] {dagbag.py:588} INFO - Filling up the DagBag from /opt/airflow/dags/youtube_extract_pipeline.py
[2026-09-17T09:59:32.834+0000] {processor.py:925} INFO - DAG(s) 'youtube_pipeline_extraction' retrieved from /opt/airflow/dags/youtube_extract_pipeline.py
[2026-09-17T09:59:32.869+0000] {logging_mixin.py:190} INFO - [2026-09-17T09:59:32.869+0000] {dag.py:3239} INFO - Sync 1 DAGs
[2026-09-17T09:59:33.159+0000] {logging_mixin.py:190} INFO - [2026-09-17T09:59:33.159+0000] {dag.py:4180} INFO - Setting next_dagrun for youtube_pipeline_extraction to 2026-09-17 09:00:00+00:00, run_after=2026-09-17 10:00:00+00:00
[2026-09-17T09:59:33.193+0000] {processor.py:208} INFO - Processing /opt/airflow/dags/youtube_extract_pipeline.py took 0.463 seconds
[2026-09-17T10:00:03.359+0000] {processor.py:186} INFO - Started process (PID=1799) to work on /opt/airflow/dags/youtube_extract_pipeline.py
[2026-09-17T10:00:03.397+0000] {processor.py:914} INFO - Processing file /opt/airflow/dags/youtube_extract_pipeline.py for tasks to queue
[2026-09-17T10:00:03.400+0000] {logging_mixin.py:190} INFO - [2026-09-17T10:00:03.400+0000] {dagbag.py:588} INFO - Filling up the DagBag from /opt/airflow/dags/youtube_extract_pipeline.py
[2026-09-17T10:00:03.582+0000] {processor.py:925} INFO - DAG(s) 'youtube_pipeline_extraction' retrieved from /opt/airflow/dags/youtube_extract_pipeline.py
[2026-09-17T10:00:03.634+0000] {logging_mixin.py:190} INFO - [2026-09-17T10:00:03.633+0000] {dag.py:3239} INFO - Sync 1 DAGs
[2026-09-17T10:00:03.680+0000] {logging_mixin.py:190} INFO - [2026-09-17T10:00:03.680+0000] {dag.py:4180} INFO - Setting next_dagrun for youtube_pipeline_extraction to 2026-09-17 10:00:00+00:00, run_after=2026-09-17 11:00:00+00:00
[2026-09-17T10:00:03.718+0000] {processor.py:208} INFO - Processing /opt/airflow/dags/youtube_extract_pipeline.py took 0.367 seconds
[2026-09-17T10:00:34.197+0000] {processor.py:186} INFO - Started process (PID=1823) to work on /opt/airflow/dags/youtube_extract_pipeline.py
[2026-09-17T10:00:34.199+0000] {processor.py:914} INFO - Processing file /opt/airflow/dags/youtube_extract_pipeline.py for tasks to queue
[2026-09-17T10:00:34.202+0000] {logging_mixin.py:190} INFO - [2026-09-17T10:00:34.201+0000] {dagbag.py:588} INFO - Filling up the DagBag from /opt/airflow/dags/youtube_extract_pipeline.py
[2026-09-17T10:00:34.268+0000] {processor.py:925} INFO - DAG(s) 'youtube_pipeline_extraction' retrieved from /opt/airflow/dags/youtube_extract_pipeline.py
[2026-09-17T10:00:34.300+0000] {logging_mixin.py:190} INFO - [2026-09-17T10:00:34.300+0000] {dag.py:3239} INFO - Sync 1 DAGs
[2026-09-17T10:00:34.333+0000] {logging_mixin.py:190} INFO - [2026-09-17T10:00:34.332+0000] {dag.py:4180} INFO - Setting next_dagrun for youtube_pipeline_extraction to 2026-09-17 10:00:00+00:00, run_after=2026-09-17 11:00:00+00:00
[2026-09-17T10:00:34.358+0000] {processor.py:208} INFO - Processing /opt/airflow/dags/youtube_extract_pipeline.py took 0.169 seconds
[2026-09-17T10:01:04.545+0000] {processor.py:186} INFO - Started process (PID=1831) to work on /opt/airflow/dags/youtube_extract_pipeline.py
[2026-09-17T10:01:04.547+0000] {processor.py:914} INFO - Processing file /opt/airflow/dags/youtube_extract_pipeline.py for tasks to queue
[2026-09-17T10:01:04.548+0000] {logging_mixin.py:190} INFO - [2026-09-17T10:01:04.548+0000] {dagbag.py:588} INFO - Filling up the DagBag from /opt/airflow/dags/youtube_extract_pipeline.py
[2026-09-17T10:01:04.614+0000] {processor.py:925} INFO - DAG(s) 'youtube_pipeline_extraction' retrieved from /opt/airflow/dags/youtube_extract_pipeline.py
[2026-09-17T10:01:04.639+0000] {logging_mixin.py:190} INFO - [2026-09-17T10:01:04.639+0000] {dag.py:3239} INFO - Sync 1 DAGs
[2026-09-17T10:01:04.664+0000] {logging_mixin.py:190} INFO - [2026-09-17T10:01:04.664+0000] {dag.py:4180} INFO - Setting next_dagrun for youtube_pipeline_extraction to 2026-09-17 10:00:00+00:00, run_after=2026-09-17 11:00:00+00:00
[2026-09-17T10:01:04.689+0000] {processor.py:208} INFO - Processing /opt/airflow/dags/youtube_extract_pipeline.py took 0.149 seconds
[2026-09-17T10:01:35.046+0000] {processor.py:186} INFO - Started process (PID=1839) to work on /opt/airflow/dags/youtube_extract_pipeline.py
[2026-09-17T10:01:35.048+0000] {processor.py:914} INFO - Processing file /opt/airflow/dags/youtube_extract_pipeline.py for tasks to queue
[2026-09-17T10:01:35.050+0000] {logging_mixin.py:190} INFO - [2026-09-17T10:01:35.049+0000] {dagbag.py:588} INFO - Filling up the DagBag from /opt/airflow/dags/youtube_extract_pipeline.py
[2026-09-17T10:01:35.109+0000] {processor.py:925} INFO - DAG(s) 'youtube_pipeline_extraction' retrieved from /opt/airflow/dags/youtube_extract_pipeline.py
[2026-09-17T10:01:35.130+0000] {logging_mixin.py:190} INFO - [2026-09-17T10:01:35.129+0000] {dag.py:3239} INFO - Sync 1 DAGs
[2026-09-17T10:01:35.156+0000] {logging_mixin.py:190} INFO - [2026-09-17T10:01:35.156+0000] {dag.py:4180} INFO - Setting next_dagrun for youtube_pipeline_extraction to 2026-09-17 10:00:00+00:00, run_after=2026-09-17 11:00:00+00:00
[2026-09-17T10:01:35.179+0000] {processor.py:208} INFO - Processing /opt/airflow/dags/youtube_extract_pipeline.py took 0.138 seconds
[2026-09-17T10:02:05.350+0000] {processor.py:186} INFO - Started process (PID=1848) to work on /opt/airflow/dags/youtube_extract_pipeline.py
[2026-09-17T10:02:05.352+0000] {processor.py:914} INFO - Processing file /opt/airflow/dags/youtube_extract_pipeline.py for tasks to queue
[2026-09-17T10:02:05.354+0000] {logging_mixin.py:190} INFO - [2026-09-17T10:02:05.354+0000] {dagbag.py:588} INFO - Filling up the DagBag from /opt/airflow/dags/youtube_extract_pipeline.py
[2026-09-17T10:02:05.421+0000] {processor.py:925} INFO - DAG(s) 'youtube_pipeline_extraction' retrieved from /opt/airflow/dags/youtube_extract_pipeline.py
[2026-09-17T10:02:05.451+0000] {logging_mixin.py:190} INFO - [2026-09-17T10:02:05.451+0000] {dag.py:3239} INFO - Sync 1 DAGs
[2026-09-17T10:02:05.476+0000] {logging_mixin.py:190} INFO - [2026-09-17T10:02:05.475+0000] {dag.py:4180} INFO - Setting next_dagrun for youtube_pipeline_extraction to 2026-09-17 10:00:00+00:00, run_after=2026-09-17 11:00:00+00:00
[2026-09-17T10:02:05.497+0000] {processor.py:208} INFO - Processing /opt/airflow/dags/youtube_extract_pipeline.py took 0.152 seconds
[2026-09-17T10:02:35.834+0000] {processor.py:186} INFO - Started process (PID=1856) to work on /opt/airflow/dags/youtube_extract_pipeline.py
[2026-09-17T10:02:35.836+0000] {processor.py:914} INFO - Processing file /opt/airflow/dags/youtube_extract_pipeline.py for tasks to queue
[2026-09-17T10:02:35.838+0000] {logging_mixin.py:190} INFO - [2026-09-17T10:02:35.837+0000] {dagbag.py:588} INFO - Filling up the DagBag from /opt/airflow/dags/youtube_extract_pipeline.py
[2026-09-17T10:02:35.895+0000] {processor.py:925} INFO - DAG(s) 'youtube_pipeline_extraction' retrieved from /opt/airflow/dags/youtube_extract_pipeline.py
[2026-09-17T10:02:35.919+0000] {logging_mixin.py:190} INFO - [2026-09-17T10:02:35.919+0000] {dag.py:3239} INFO - Sync 1 DAGs
[2026-09-17T10:02:35.939+0000] {logging_mixin.py:190} INFO - [2026-09-17T10:02:35.939+0000] {dag.py:4180} INFO - Setting next_dagrun for youtube_pipeline_extraction to 2026-09-17 10:00:00+00:00, run_after=2026-09-17 11:00:00+00:00
[2026-09-17T10:02:35.958+0000] {processor.py:208} INFO - Processing /opt/airflow/dags/youtube_extract_pipeline.py took 0.130 seconds
[2026-09-17T10:03:06.214+0000] {processor.py:186} INFO - Started process (PID=1864) to work on /opt/airflow/dags/youtube_extract_pipeline.py
[2026-09-17T10:03:06.226+0000] {processor.py:914} INFO - Processing file /opt/airflow/dags/youtube_extract_pipeline.py for tasks to queue
[2026-09-17T10:03:06.229+0000] {logging_mixin.py:190} INFO - [2026-09-17T10:03:06.229+0000] {dagbag.py:588} INFO - Filling up the DagBag from /opt/airflow/dags/youtube_extract_pipeline.py
[2026-09-17T10:03:06.313+0000] {processor.py:925} INFO - DAG(s) 'youtube_pipeline_extraction' retrieved from /opt/airflow/dags/youtube_extract_pipeline.py
[2026-09-17T10:03:06.343+0000] {logging_mixin.py:190} INFO - [2026-09-17T10:03:06.343+0000] {dag.py:3239} INFO - Sync 1 DAGs
[2026-09-17T10:03:06.368+0000] {logging_mixin.py:190} INFO - [2026-09-17T10:03:06.368+0000] {dag.py:4180} INFO - Setting next_dagrun for youtube_pipeline_extraction to 2026-09-17 10:00:00+00:00, run_after=2026-09-17 11:00:00+00:00
[2026-09-17T10:03:06.392+0000] {processor.py:208} INFO - Processing /opt/airflow/dags/youtube_extract_pipeline.py took 0.189 seconds
[2026-09-17T10:03:36.732+0000] {processor.py:186} INFO - Started process (PID=1872) to work on /opt/airflow/dags/youtube_extract_pipeline.py
[2026-09-17T10:03:36.734+0000] {processor.py:914} INFO - Processing file /opt/airflow/dags/youtube_extract_pipeline.py for tasks to queue
[2026-09-17T10:03:36.736+0000] {logging_mixin.py:190} INFO - [2026-09-17T10:03:36.736+0000] {dagbag.py:588} INFO - Filling up the DagBag from /opt/airflow/dags/youtube_extract_pipeline.py
[2026-09-17T10:03:36.810+0000] {processor.py:925} INFO - DAG(s) 'youtube_pipeline_extraction' retrieved from /opt/airflow/dags/youtube_extract_pipeline.py
[2026-09-17T10:03:36.853+0000] {logging_mixin.py:190} INFO - [2026-09-17T10:03:36.853+0000] {dag.py:3239} INFO - Sync 1 DAGs
[2026-09-17T10:03:36.884+0000] {logging_mixin.py:190} INFO - [2026-09-17T10:03:36.884+0000] {dag.py:4180} INFO - Setting next_dagrun for youtube_pipeline_extraction to 2026-09-17 10:00:00+00:00, run_after=2026-09-17 11:00:00+00:00
[2026-09-17T10:03:36.908+0000] {processor.py:208} INFO - Processing /opt/airflow/dags/youtube_extract_pipeline.py took 0.183 seconds
[2026-09-17T10:04:07.260+0000] {processor.py:186} INFO - Started process (PID=1880) to work on /opt/airflow/dags/youtube_extract_pipeline.py
[2026-09-17T10:04:07.261+0000] {processor.py:914} INFO - Processing file /opt/airflow/dags/youtube_extract_pipeline.py for tasks to queue
[2026-09-17T10:04:07.263+0000] {logging_mixin.py:190} INFO - [2026-09-17T10:04:07.263+0000] {dagbag.py:588} INFO - Filling up the DagBag from /opt/airflow/dags/youtube_extract_pipeline.py
[2026-09-17T10:04:07.323+0000] {processor.py:925} INFO - DAG(s) 'youtube_pipeline_extraction' retrieved from /opt/airflow/dags/youtube_extract_pipeline.py
[2026-09-17T10:04:07.346+0000] {logging_mixin.py:190} INFO - [2026-09-17T10:04:07.345+0000] {dag.py:3239} INFO - Sync 1 DAGs
[2026-09-17T10:04:07.369+0000] {logging_mixin.py:190} INFO - [2026-09-17T10:04:07.369+0000] {dag.py:4180} INFO - Setting next_dagrun for youtube_pipeline_extraction to 2026-09-17 10:00:00+00:00, run_after=2026-09-17 11:00:00+00:00
[2026-09-17T10:04:07.392+0000] {processor.py:208} INFO - Processing /opt/airflow/dags/youtube_extract_pipeline.py took 0.138 seconds
[2026-09-17T10:04:37.740+0000] {processor.py:186} INFO - Started process (PID=1888) to work on /opt/airflow/dags/youtube_extract_pipeline.py
[2026-09-17T10:04:37.742+0000] {processor.py:914} INFO - Processing file /opt/airflow/dags/youtube_extract_pipeline.py for tasks to queue
[2026-09-17T10:04:37.744+0000] {logging_mixin.py:190} INFO - [2026-09-17T10:04:37.743+0000] {dagbag.py:588} INFO - Filling up the DagBag from /opt/airflow/dags/youtube_extract_pipeline.py
[2026-09-17T10:04:37.802+0000] {processor.py:925} INFO - DAG(s) 'youtube_pipeline_extraction' retrieved from /opt/airflow/dags/youtube_extract_pipeline.py
[2026-09-17T10:04:37.822+0000] {logging_mixin.py:190} INFO - [2026-09-17T10:04:37.822+0000] {dag.py:3239} INFO - Sync 1 DAGs
[2026-09-17T10:04:37.845+0000] {logging_mixin.py:190} INFO - [2026-09-17T10:04:37.845+0000] {dag.py:4180} INFO - Setting next_dagrun for youtube_pipeline_extraction to 2026-09-17 10:00:00+00:00, run_after=2026-09-17 11:00:00+00:00
[2026-09-17T10:04:37.866+0000] {processor.py:208} INFO - Processing /opt/airflow/dags/youtube_extract_pipeline.py took 0.130 seconds
[2026-09-17T10:05:08.141+0000] {processor.py:186} INFO - Started process (PID=1896) to work on /opt/airflow/dags/youtube_extract_pipeline.py
[2026-09-17T10:05:08.143+0000] {processor.py:914} INFO - Processing file /opt/airflow/dags/youtube_extract_pipeline.py for tasks to queue
[2026-09-17T10:05:08.145+0000] {logging_mixin.py:190} INFO - [2026-09-17T10:05:08.144+0000] {dagbag.py:588} INFO - Filling up the DagBag from /opt/airflow/dags/youtube_extract_pipeline.py
[2026-09-17T10:05:08.197+0000] {processor.py:925} INFO - DAG(s) 'youtube_pipeline_extraction' retrieved from /opt/airflow/dags/youtube_extract_pipeline.py
[2026-09-17T10:05:08.224+0000] {logging_mixin.py:190} INFO - [2026-09-17T10:05:08.224+0000] {dag.py:3239} INFO - Sync 1 DAGs
[2026-09-17T10:05:08.246+0000] {logging_mixin.py:190} INFO - [2026-09-17T10:05:08.246+0000] {dag.py:4180} INFO - Setting next_dagrun for youtube_pipeline_extraction to 2026-09-17 10:00:00+00:00, run_after=2026-09-17 11:00:00+00:00
[2026-09-17T10:05:08.268+0000] {processor.py:208} INFO - Processing /opt/airflow/dags/youtube_extract_pipeline.py took 0.133 seconds
[2026-09-17T10:05:38.615+0000] {processor.py:186} INFO - Started process (PID=1904) to work on /opt/airflow/dags/youtube_extract_pipeline.py
[2026-09-17T10:05:38.617+0000] {processor.py:914} INFO - Processing file /opt/airflow/dags/youtube_extract_pipeline.py for tasks to queue
[2026-09-17T10:05:38.619+0000] {logging_mixin.py:190} INFO - [2026-09-17T10:05:38.618+0000] {dagbag.py:588} INFO - Filling up the DagBag from /opt/airflow/dags/youtube_extract_pipeline.py
[2026-09-17T10:05:38.700+0000] {processor.py:925} INFO - DAG(s) 'youtube_pipeline_extraction' retrieved from /opt/airflow/dags/youtube_extract_pipeline.py
[2026-09-17T10:05:38.727+0000] {logging_mixin.py:190} INFO - [2026-09-17T10:05:38.727+0000] {dag.py:3239} INFO - Sync 1 DAGs
[2026-09-17T10:05:38.761+0000] {logging_mixin.py:190} INFO - [2026-09-17T10:05:38.761+0000] {dag.py:4180} INFO - Setting next_dagrun for youtube_pipeline_extraction to 2026-09-17 10:00:00+00:00, run_after=2026-09-17 11:00:00+00:00
[2026-09-17T10:05:38.787+0000] {processor.py:208} INFO - Processing /opt/airflow/dags/youtube_extract_pipeline.py took 0.179 seconds
[2026-09-17T10:06:08.943+0000] {processor.py:186} INFO - Started process (PID=1912) to work on /opt/airflow/dags/youtube_extract_pipeline.py
[2026-09-17T10:06:08.945+0000] {processor.py:914} INFO - Processing file /opt/airflow/dags/youtube_extract_pipeline.py for tasks to queue
[2026-09-17T10:06:08.947+0000] {logging_mixin.py:190} INFO - [2026-09-17T10:06:08.947+0000] {dagbag.py:588} INFO - Filling up the DagBag from /opt/airflow/dags/youtube_extract_pipeline.py
[2026-09-17T10:06:09.000+0000] {processor.py:925} INFO - DAG(s) 'youtube_pipeline_extraction' retrieved from /opt/airflow/dags/youtube_extract_pipeline.py
[2026-09-17T10:06:09.024+0000] {logging_mixin.py:190} INFO - [2026-09-17T10:06:09.024+0000] {dag.py:3239} INFO - Sync 1 DAGs
[2026-09-17T10:06:09.049+0000] {logging_mixin.py:190} INFO - [2026-09-17T10:06:09.049+0000] {dag.py:4180} INFO - Setting next_dagrun for youtube_pipeline_extraction to 2026-09-17 10:00:00+00:00, run_after=2026-09-17 11:00:00+00:00
[2026-09-17T10:06:09.070+0000] {processor.py:208} INFO - Processing /opt/airflow/dags/youtube_extract_pipeline.py took 0.133 seconds
[2026-09-17T10:06:39.248+0000] {processor.py:186} INFO - Started process (PID=1920) to work on /opt/airflow/dags/youtube_extract_pipeline.py
[2026-09-17T10:06:39.250+0000] {processor.py:914} INFO - Processing file /opt/airflow/dags/youtube_extract_pipeline.py for tasks to queue
[2026-09-17T10:06:39.252+0000] {logging_mixin.py:190} INFO - [2026-09-17T10:06:39.252+0000] {dagbag.py:588} INFO - Filling up the DagBag from /opt/airflow/dags/youtube_extract_pipeline.py
[2026-09-17T10:06:39.315+0000] {processor.py:925} INFO - DAG(s) 'youtube_pipeline_extraction' retrieved from /opt/airflow/dags/youtube_extract_pipeline.py
[2026-09-17T10:06:39.354+0000] {logging_mixin.py:190} INFO - [2026-09-17T10:06:39.353+0000] {dag.py:3239} INFO - Sync 1 DAGs
[2026-09-17T10:06:39.377+0000] {logging_mixin.py:190} INFO - [2026-09-17T10:06:39.377+0000] {dag.py:4180} INFO - Setting next_dagrun for youtube_pipeline_extraction to 2026-09-17 10:00:00+00:00, run_after=2026-09-17 11:00:00+00:00
[2026-09-17T10:06:39.399+0000] {processor.py:208} INFO - Processing /opt/airflow/dags/youtube_extract_pipeline.py took 0.157 seconds
[2026-09-17T10:07:09.736+0000] {processor.py:186} INFO - Started process (PID=1928) to work on /opt/airflow/dags/youtube_extract_pipeline.py
[2026-09-17T10:07:09.737+0000] {processor.py:914} INFO - Processing file /opt/airflow/dags/youtube_extract_pipeline.py for tasks to queue
[2026-09-17T10:07:09.739+0000] {logging_mixin.py:190} INFO - [2026-09-17T10:07:09.739+0000] {dagbag.py:588} INFO - Filling up the DagBag from /opt/airflow/dags/youtube_extract_pipeline.py
[2026-09-17T10:07:09.796+0000] {processor.py:925} INFO - DAG(s) 'youtube_pipeline_extraction' retrieved from /opt/airflow/dags/youtube_extract_pipeline.py
[2026-09-17T10:07:09.829+0000] {logging_mixin.py:190} INFO - [2026-09-17T10:07:09.829+0000] {dag.py:3239} INFO - Sync 1 DAGs
[2026-09-17T10:07:09.851+0000] {logging_mixin.py:190} INFO - [2026-09-17T10:07:09.851+0000] {dag.py:4180} INFO - Setting next_dagrun for youtube_pipeline_extraction to 2026-09-17 10:00:00+00:00, run_after=2026-09-17 11:00:00+00:00
[2026-09-17T10:07:09.872+0000] {processor.py:208} INFO - Processing /opt/airflow/dags/youtube_extract_pipeline.py took 0.141 seconds
[2026-09-17T10:07:40.212+0000] {processor.py:186} INFO - Started process (PID=1936) to work on /opt/airflow/dags/youtube_extract_pipeline.py
[2026-09-17T10:07:40.214+0000] {processor.py:914} INFO - Processing file /opt/airflow/dags/youtube_extract_pipeline.py for tasks to queue
[2026-09-17T10:07:40.215+0000] {logging_mixin.py:190} INFO - [2026-09-17T10:07:40.215+0000] {dagbag.py:588} INFO - Filling up the DagBag from /opt/airflow/dags/youtube_extract_pipeline.py
[2026-09-17T10:07:40.274+0000] {processor.py:925} INFO - DAG(s) 'youtube_pipeline_extraction' retrieved from /opt/airflow/dags/youtube_extract_pipeline.py
[2026-09-17T10:07:40.296+0000] {logging_mixin.py:190} INFO - [2026-09-17T10:07:40.295+0000] {dag.py:3239} INFO - Sync 1 DAGs
[2026-09-17T10:07:40.320+0000] {logging_mixin.py:190} INFO - [2026-09-17T10:07:40.319+0000] {dag.py:4180} INFO - Setting next_dagrun for youtube_pipeline_extraction to 2026-09-17 10:00:00+00:00, run_after=2026-09-17 11:00:00+00:00
[2026-09-17T10:07:40.342+0000] {processor.py:208} INFO - Processing /opt/airflow/dags/youtube_extract_pipeline.py took 0.135 seconds
[2026-09-17T10:08:10.565+0000] {processor.py:186} INFO - Started process (PID=1944) to work on /opt/airflow/dags/youtube_extract_pipeline.py
[2026-09-17T10:08:10.566+0000] {processor.py:914} INFO - Processing file /opt/airflow/dags/youtube_extract_pipeline.py for tasks to queue
[2026-09-17T10:08:10.568+0000] {logging_mixin.py:190} INFO - [2026-09-17T10:08:10.567+0000] {dagbag.py:588} INFO - Filling up the DagBag from /opt/airflow/dags/youtube_extract_pipeline.py
[2026-09-17T10:08:10.624+0000] {processor.py:925} INFO - DAG(s) 'youtube_pipeline_extraction' retrieved from /opt/airflow/dags/youtube_extract_pipeline.py
[2026-09-17T10:08:10.645+0000] {logging_mixin.py:190} INFO - [2026-09-17T10:08:10.645+0000] {dag.py:3239} INFO - Sync 1 DAGs
[2026-09-17T10:08:10.671+0000] {logging_mixin.py:190} INFO - [2026-09-17T10:08:10.671+0000] {dag.py:4180} INFO - Setting next_dagrun for youtube_pipeline_extraction to 2026-09-17 10:00:00+00:00, run_after=2026-09-17 11:00:00+00:00
[2026-09-17T10:08:10.706+0000] {processor.py:208} INFO - Processing /opt/airflow/dags/youtube_extract_pipeline.py took 0.148 seconds
[2026-09-17T10:08:41.054+0000] {processor.py:186} INFO - Started process (PID=1952) to work on /opt/airflow/dags/youtube_extract_pipeline.py
[2026-09-17T10:08:41.056+0000] {processor.py:914} INFO - Processing file /opt/airflow/dags/youtube_extract_pipeline.py for tasks to queue
[2026-09-17T10:08:41.058+0000] {logging_mixin.py:190} INFO - [2026-09-17T10:08:41.058+0000] {dagbag.py:588} INFO - Filling up the DagBag from /opt/airflow/dags/youtube_extract_pipeline.py
[2026-09-17T10:08:41.121+0000] {processor.py:925} INFO - DAG(s) 'youtube_pipeline_extraction' retrieved from /opt/airflow/dags/youtube_extract_pipeline.py
[2026-09-17T10:08:41.204+0000] {logging_mixin.py:190} INFO - [2026-09-17T10:08:41.204+0000] {dag.py:3239} INFO - Sync 1 DAGs
[2026-09-17T10:08:41.296+0000] {logging_mixin.py:190} INFO - [2026-09-17T10:08:41.296+0000] {dag.py:4180} INFO - Setting next_dagrun for youtube_pipeline_extraction to 2026-09-17 10:00:00+00:00, run_after=2026-09-17 11:00:00+00:00
[2026-09-17T10:08:41.395+0000] {processor.py:208} INFO - Processing /opt/airflow/dags/youtube_extract_pipeline.py took 0.347 seconds
[2026-09-17T10:09:11.756+0000] {processor.py:186} INFO - Started process (PID=1960) to work on /opt/airflow/dags/youtube_extract_pipeline.py
[2026-09-17T10:09:11.757+0000] {processor.py:914} INFO - Processing file /opt/airflow/dags/youtube_extract_pipeline.py for tasks to queue
[2026-09-17T10:09:11.759+0000] {logging_mixin.py:190} INFO - [2026-09-17T10:09:11.759+0000] {dagbag.py:588} INFO - Filling up the DagBag from /opt/airflow/dags/youtube_extract_pipeline.py
[2026-09-17T10:09:11.812+0000] {processor.py:925} INFO - DAG(s) 'youtube_pipeline_extraction' retrieved from /opt/airflow/dags/youtube_extract_pipeline.py
[2026-09-17T10:09:11.832+0000] {logging_mixin.py:190} INFO - [2026-09-17T10:09:11.832+0000] {dag.py:3239} INFO - Sync 1 DAGs
[2026-09-17T10:09:11.857+0000] {logging_mixin.py:190} INFO - [2026-09-17T10:09:11.857+0000] {dag.py:4180} INFO - Setting next_dagrun for youtube_pipeline_extraction to 2026-09-17 10:00:00+00:00, run_after=2026-09-17 11:00:00+00:00
[2026-09-17T10:09:11.875+0000] {processor.py:208} INFO - Processing /opt/airflow/dags/youtube_extract_pipeline.py took 0.125 seconds
[2026-09-17T10:09:42.109+0000] {processor.py:186} INFO - Started process (PID=1968) to work on /opt/airflow/dags/youtube_extract_pipeline.py
[2026-09-17T10:09:42.110+0000] {processor.py:914} INFO - Processing file /opt/airflow/dags/youtube_extract_pipeline.py for tasks to queue
[2026-09-17T10:09:42.112+0000] {logging_mixin.py:190} INFO - [2026-09-17T10:09:42.112+0000] {dagbag.py:588} INFO - Filling up the DagBag from /opt/airflow/dags/youtube_extract_pipeline.py
[2026-09-17T10:09:42.167+0000] {processor.py:925} INFO - DAG(s) 'youtube_pipeline_extraction' retrieved from /opt/airflow/dags/youtube_extract_pipeline.py
[2026-09-17T10:09:42.200+0000] {logging_mixin.py:190} INFO - [2026-09-17T10:09:42.200+0000] {dag.py:3239} INFO - Sync 1 DAGs
[2026-09-17T10:09:42.220+0000] {logging_mixin.py:190} INFO - [2026-09-17T10:09:42.220+0000] {dag.py:4180} INFO - Setting next_dagrun for youtube_pipeline_extraction to 2026-09-17 10:00:00+00:00, run_after=2026-09-17 11:00:00+00:00
[2026-09-17T10:09:42.239+0000] {processor.py:208} INFO - Processing /opt/airflow/dags/youtube_extract_pipeline.py took 0.136 seconds
[2026-09-17T10:10:12.635+0000] {processor.py:186} INFO - Started process (PID=1976) to work on /opt/airflow/dags/youtube_extract_pipeline.py
[2026-09-17T10:10:12.637+0000] {processor.py:914} INFO - Processing file /opt/airflow/dags/youtube_extract_pipeline.py for tasks to queue
[2026-09-17T10:10:12.639+0000] {logging_mixin.py:190} INFO - [2026-09-17T10:10:12.639+0000] {dagbag.py:588} INFO - Filling up the DagBag from /opt/airflow/dags/youtube_extract_pipeline.py
[2026-09-17T10:10:12.693+0000] {processor.py:925} INFO - DAG(s) 'youtube_pipeline_extraction' retrieved from /opt/airflow/dags/youtube_extract_pipeline.py
[2026-09-17T10:10:12.712+0000] {logging_mixin.py:190} INFO - [2026-09-17T10:10:12.711+0000] {dag.py:3239} INFO - Sync 1 DAGs
[2026-09-17T10:10:12.733+0000] {logging_mixin.py:190} INFO - [2026-09-17T10:10:12.733+0000] {dag.py:4180} INFO - Setting next_dagrun for youtube_pipeline_extraction to 2026-09-17 10:00:00+00:00, run_after=2026-09-17 11:00:00+00:00
[2026-09-17T10:10:12.755+0000] {processor.py:208} INFO - Processing /opt/airflow/dags/youtube_extract_pipeline.py took 0.126 seconds
[2026-09-17T10:10:43.026+0000] {processor.py:186} INFO - Started process (PID=1984) to work on /opt/airflow/dags/youtube_extract_pipeline.py
[2026-09-17T10:10:43.028+0000] {processor.py:914} INFO - Processing file /opt/airflow/dags/youtube_extract_pipeline.py for tasks to queue
[2026-09-17T10:10:43.030+0000] {logging_mixin.py:190} INFO - [2026-09-17T10:10:43.030+0000] {dagbag.py:588} INFO - Filling up the DagBag from /opt/airflow/dags/youtube_extract_pipeline.py
[2026-09-17T10:10:43.097+0000] {processor.py:925} INFO - DAG(s) 'youtube_pipeline_extraction' retrieved from /opt/airflow/dags/youtube_extract_pipeline.py
[2026-09-17T10:10:43.120+0000] {logging_mixin.py:190} INFO - [2026-09-17T10:10:43.120+0000] {dag.py:3239} INFO - Sync 1 DAGs
[2026-09-17T10:10:43.147+0000] {logging_mixin.py:190} INFO - [2026-09-17T10:10:43.147+0000] {dag.py:4180} INFO - Setting next_dagrun for youtube_pipeline_extraction to 2026-09-17 10:00:00+00:00, run_after=2026-09-17 11:00:00+00:00
[2026-09-17T10:10:43.172+0000] {processor.py:208} INFO - Processing /opt/airflow/dags/youtube_extract_pipeline.py took 0.152 seconds
[2026-09-17T10:11:13.444+0000] {processor.py:186} INFO - Started process (PID=1992) to work on /opt/airflow/dags/youtube_extract_pipeline.py
[2026-09-17T10:11:13.446+0000] {processor.py:914} INFO - Processing file /opt/airflow/dags/youtube_extract_pipeline.py for tasks to queue
[2026-09-17T10:11:13.450+0000] {logging_mixin.py:190} INFO - [2026-09-17T10:11:13.449+0000] {dagbag.py:588} INFO - Filling up the DagBag from /opt/airflow/dags/youtube_extract_pipeline.py
[2026-09-17T10:11:13.536+0000] {processor.py:925} INFO - DAG(s) 'youtube_pipeline_extraction' retrieved from /opt/airflow/dags/youtube_extract_pipeline.py
[2026-09-17T10:11:13.564+0000] {logging_mixin.py:190} INFO - [2026-09-17T10:11:13.564+0000] {dag.py:3239} INFO - Sync 1 DAGs
[2026-09-17T10:11:13.596+0000] {logging_mixin.py:190} INFO - [2026-09-17T10:11:13.596+0000] {dag.py:4180} INFO - Setting next_dagrun for youtube_pipeline_extraction to 2026-09-17 10:00:00+00:00, run_after=2026-09-17 11:00:00+00:00
[2026-09-17T10:11:13.618+0000] {processor.py:208} INFO - Processing /opt/airflow/dags/youtube_extract_pipeline.py took 0.189 seconds
[2026-09-17T10:11:43.838+0000] {processor.py:186} INFO - Started process (PID=2000) to work on /opt/airflow/dags/youtube_extract_pipeline.py
[2026-09-17T10:11:43.839+0000] {processor.py:914} INFO - Processing file /opt/airflow/dags/youtube_extract_pipeline.py for tasks to queue
[2026-09-17T10:11:43.841+0000] {logging_mixin.py:190} INFO - [2026-09-17T10:11:43.841+0000] {dagbag.py:588} INFO - Filling up the DagBag from /opt/airflow/dags/youtube_extract_pipeline.py
[2026-09-17T10:11:43.895+0000] {processor.py:925} INFO - DAG(s) 'youtube_pipeline_extraction' retrieved from /opt/airflow/dags/youtube_extract_pipeline.py
[2026-09-17T10:11:43.918+0000] {logging_mixin.py:190} INFO - [2026-09-17T10:11:43.918+0000] {dag.py:3239} INFO - Sync 1 DAGs
[2026-09-17T10:11:43.941+0000] {logging_mixin.py:190} INFO - [2026-09-17T10:11:43.941+0000] {dag.py:4180} INFO - Setting next_dagrun for youtube_pipeline_extraction to 2026-09-17 10:00:00+00:00, run_after=2026-09-17 11:00:00+00:00
[2026-09-17T10:11:43.973+0000] {processor.py:208} INFO - Processing /opt/airflow/dags/youtube_extract_pipeline.py took 0.140 seconds
[2026-09-17T10:12:14.370+0000] {processor.py:186} INFO - Started process (PID=2008) to work on /opt/airflow/dags/youtube_extract_pipeline.py
[2026-09-17T10:12:14.372+0000] {processor.py:914} INFO - Processing file /opt/airflow/dags/youtube_extract_pipeline.py for tasks to queue
[2026-09-17T10:12:14.374+0000] {logging_mixin.py:190} INFO - [2026-09-17T10:12:14.373+0000] {dagbag.py:588} INFO - Filling up the DagBag from /opt/airflow/dags/youtube_extract_pipeline.py
[2026-09-17T10:12:14.435+0000] {processor.py:925} INFO - DAG(s) 'youtube_pipeline_extraction' retrieved from /opt/airflow/dags/youtube_extract_pipeline.py
[2026-09-17T10:12:14.462+0000] {logging_mixin.py:190} INFO - [2026-09-17T10:12:14.462+0000] {dag.py:3239} INFO - Sync 1 DAGs
[2026-09-17T10:12:14.488+0000] {logging_mixin.py:190} INFO - [2026-09-17T10:12:14.487+0000] {dag.py:4180} INFO - Setting next_dagrun for youtube_pipeline_extraction to 2026-09-17 10:00:00+00:00, run_after=2026-09-17 11:00:00+00:00
[2026-09-17T10:12:14.508+0000] {processor.py:208} INFO - Processing /opt/airflow/dags/youtube_extract_pipeline.py took 0.144 seconds
[2026-09-17T10:12:44.904+0000] {processor.py:186} INFO - Started process (PID=2016) to work on /opt/airflow/dags/youtube_extract_pipeline.py
[2026-09-17T10:12:44.906+0000] {processor.py:914} INFO - Processing file /opt/airflow/dags/youtube_extract_pipeline.py for tasks to queue
[2026-09-17T10:12:44.907+0000] {logging_mixin.py:190} INFO - [2026-09-17T10:12:44.907+0000] {dagbag.py:588} INFO - Filling up the DagBag from /opt/airflow/dags/youtube_extract_pipeline.py
[2026-09-17T10:12:44.959+0000] {processor.py:925} INFO - DAG(s) 'youtube_pipeline_extraction' retrieved from /opt/airflow/dags/youtube_extract_pipeline.py
[2026-09-17T10:12:44.979+0000] {logging_mixin.py:190} INFO - [2026-09-17T10:12:44.979+0000] {dag.py:3239} INFO - Sync 1 DAGs
[2026-09-17T10:12:45.000+0000] {logging_mixin.py:190} INFO - [2026-09-17T10:12:45.000+0000] {dag.py:4180} INFO - Setting next_dagrun for youtube_pipeline_extraction to 2026-09-17 10:00:00+00:00, run_after=2026-09-17 11:00:00+00:00
[2026-09-17T10:12:45.019+0000] {processor.py:208} INFO - Processing /opt/airflow/dags/youtube_extract_pipeline.py took 0.120 seconds
[2026-09-17T10:13:15.257+0000] {processor.py:186} INFO - Started process (PID=2024) to work on /opt/airflow/dags/youtube_extract_pipeline.py
[2026-09-17T10:13:15.259+0000] {processor.py:914} INFO - Processing file /opt/airflow/dags/youtube_extract_pipeline.py for tasks to queue
[2026-09-17T10:13:15.261+0000] {logging_mixin.py:190} INFO - [2026-09-17T10:13:15.261+0000] {dagbag.py:588} INFO - Filling up the DagBag from /opt/airflow/dags/youtube_extract_pipeline.py
[2026-09-17T10:13:15.311+0000] {processor.py:925} INFO - DAG(s) 'youtube_pipeline_extraction' retrieved from /opt/airflow/dags/youtube_extract_pipeline.py
[2026-09-17T10:13:15.335+0000] {logging_mixin.py:190} INFO - [2026-09-17T10:13:15.334+0000] {dag.py:3239} INFO - Sync 1 DAGs
[2026-09-17T10:13:15.358+0000] {logging_mixin.py:190} INFO - [2026-09-17T10:13:15.357+0000] {dag.py:4180} INFO - Setting next_dagrun for youtube_pipeline_extraction to 2026-09-17 10:00:00+00:00, run_after=2026-09-17 11:00:00+00:00
[2026-09-17T10:13:15.400+0000] {processor.py:208} INFO - Processing /opt/airflow/dags/youtube_extract_pipeline.py took 0.148 seconds
[2026-09-17T10:13:45.754+0000] {processor.py:186} INFO - Started process (PID=2032) to work on /opt/airflow/dags/youtube_extract_pipeline.py
[2026-09-17T10:13:45.755+0000] {processor.py:914} INFO - Processing file /opt/airflow/dags/youtube_extract_pipeline.py for tasks to queue
[2026-09-17T10:13:45.757+0000] {logging_mixin.py:190} INFO - [2026-09-17T10:13:45.757+0000] {dagbag.py:588} INFO - Filling up the DagBag from /opt/airflow/dags/youtube_extract_pipeline.py
[2026-09-17T10:13:45.817+0000] {processor.py:925} INFO - DAG(s) 'youtube_pipeline_extraction' retrieved from /opt/airflow/dags/youtube_extract_pipeline.py
[2026-09-17T10:13:45.841+0000] {logging_mixin.py:190} INFO - [2026-09-17T10:13:45.840+0000] {dag.py:3239} INFO - Sync 1 DAGs
[2026-09-17T10:13:45.865+0000] {logging_mixin.py:190} INFO - [2026-09-17T10:13:45.865+0000] {dag.py:4180} INFO - Setting next_dagrun for youtube_pipeline_extraction to 2026-09-17 10:00:00+00:00, run_after=2026-09-17 11:00:00+00:00
[2026-09-17T10:13:45.886+0000] {processor.py:208} INFO - Processing /opt/airflow/dags/youtube_extract_pipeline.py took 0.138 seconds
[2026-09-17T10:14:16.263+0000] {processor.py:186} INFO - Started process (PID=2041) to work on /opt/airflow/dags/youtube_extract_pipeline.py
[2026-09-17T10:14:16.265+0000] {processor.py:914} INFO - Processing file /opt/airflow/dags/youtube_extract_pipeline.py for tasks to queue
[2026-09-17T10:14:16.267+0000] {logging_mixin.py:190} INFO - [2026-09-17T10:14:16.266+0000] {dagbag.py:588} INFO - Filling up the DagBag from /opt/airflow/dags/youtube_extract_pipeline.py
[2026-09-17T10:14:16.336+0000] {processor.py:925} INFO - DAG(s) 'youtube_pipeline_extraction' retrieved from /opt/airflow/dags/youtube_extract_pipeline.py
[2026-09-17T10:14:16.355+0000] {logging_mixin.py:190} INFO - [2026-09-17T10:14:16.355+0000] {dag.py:3239} INFO - Sync 1 DAGs
[2026-09-17T10:14:16.379+0000] {logging_mixin.py:190} INFO - [2026-09-17T10:14:16.379+0000] {dag.py:4180} INFO - Setting next_dagrun for youtube_pipeline_extraction to 2026-09-17 10:00:00+00:00, run_after=2026-09-17 11:00:00+00:00
[2026-09-17T10:14:16.399+0000] {processor.py:208} INFO - Processing /opt/airflow/dags/youtube_extract_pipeline.py took 0.141 seconds
[2026-09-17T10:14:46.757+0000] {processor.py:186} INFO - Started process (PID=2049) to work on /opt/airflow/dags/youtube_extract_pipeline.py
[2026-09-17T10:14:46.759+0000] {processor.py:914} INFO - Processing file /opt/airflow/dags/youtube_extract_pipeline.py for tasks to queue
[2026-09-17T10:14:46.761+0000] {logging_mixin.py:190} INFO - [2026-09-17T10:14:46.761+0000] {dagbag.py:588} INFO - Filling up the DagBag from /opt/airflow/dags/youtube_extract_pipeline.py
[2026-09-17T10:14:46.817+0000] {processor.py:925} INFO - DAG(s) 'youtube_pipeline_extraction' retrieved from /opt/airflow/dags/youtube_extract_pipeline.py
[2026-09-17T10:14:46.836+0000] {logging_mixin.py:190} INFO - [2026-09-17T10:14:46.836+0000] {dag.py:3239} INFO - Sync 1 DAGs
[2026-09-17T10:14:46.858+0000] {logging_mixin.py:190} INFO - [2026-09-17T10:14:46.858+0000] {dag.py:4180} INFO - Setting next_dagrun for youtube_pipeline_extraction to 2026-09-17 10:00:00+00:00, run_after=2026-09-17 11:00:00+00:00
[2026-09-17T10:14:46.892+0000] {processor.py:208} INFO - Processing /opt/airflow/dags/youtube_extract_pipeline.py took 0.140 seconds
[2026-09-17T10:15:17.177+0000] {processor.py:186} INFO - Started process (PID=2057) to work on /opt/airflow/dags/youtube_extract_pipeline.py
[2026-09-17T10:15:17.180+0000] {processor.py:914} INFO - Processing file /opt/airflow/dags/youtube_extract_pipeline.py for tasks to queue
[2026-09-17T10:15:17.183+0000] {logging_mixin.py:190} INFO - [2026-09-17T10:15:17.182+0000] {dagbag.py:588} INFO - Filling up the DagBag from /opt/airflow/dags/youtube_extract_pipeline.py
[2026-09-17T10:15:17.251+0000] {processor.py:925} INFO - DAG(s) 'youtube_pipeline_extraction' retrieved from /opt/airflow/dags/youtube_extract_pipeline.py
[2026-09-17T10:15:17.272+0000] {logging_mixin.py:190} INFO - [2026-09-17T10:15:17.272+0000] {dag.py:3239} INFO - Sync 1 DAGs
[2026-09-17T10:15:17.295+0000] {logging_mixin.py:190} INFO - [2026-09-17T10:15:17.295+0000] {dag.py:4180} INFO - Setting next_dagrun for youtube_pipeline_extraction to 2026-09-17 10:00:00+00:00, run_after=2026-09-17 11:00:00+00:00
[2026-09-17T10:15:17.327+0000] {processor.py:208} INFO - Processing /opt/airflow/dags/youtube_extract_pipeline.py took 0.158 seconds
[2026-09-17T10:15:47.515+0000] {processor.py:186} INFO - Started process (PID=2065) to work on /opt/airflow/dags/youtube_extract_pipeline.py
[2026-09-17T10:15:47.517+0000] {processor.py:914} INFO - Processing file /opt/airflow/dags/youtube_extract_pipeline.py for tasks to queue
[2026-09-17T10:15:47.519+0000] {logging_mixin.py:190} INFO - [2026-09-17T10:15:47.519+0000] {dagbag.py:588} INFO - Filling up the DagBag from /opt/airflow/dags/youtube_extract_pipeline.py
[2026-09-17T10:15:47.592+0000] {processor.py:925} INFO - DAG(s) 'youtube_pipeline_extraction' retrieved from /opt/airflow/dags/youtube_extract_pipeline.py
[2026-09-17T10:15:47.619+0000] {logging_mixin.py:190} INFO - [2026-09-17T10:15:47.619+0000] {dag.py:3239} INFO - Sync 1 DAGs
[2026-09-17T10:15:47.642+0000] {logging_mixin.py:190} INFO - [2026-09-17T10:15:47.642+0000] {dag.py:4180} INFO - Setting next_dagrun for youtube_pipeline_extraction to 2026-09-17 10:00:00+00:00, run_after=2026-09-17 11:00:00+00:00
[2026-09-17T10:15:47.665+0000] {processor.py:208} INFO - Processing /opt/airflow/dags/youtube_extract_pipeline.py took 0.156 seconds
[2026-09-17T10:16:17.890+0000] {processor.py:186} INFO - Started process (PID=2073) to work on /opt/airflow/dags/youtube_extract_pipeline.py
[2026-09-17T10:16:17.891+0000] {processor.py:914} INFO - Processing file /opt/airflow/dags/youtube_extract_pipeline.py for tasks to queue
[2026-09-17T10:16:17.893+0000] {logging_mixin.py:190} INFO - [2026-09-17T10:16:17.893+0000] {dagbag.py:588} INFO - Filling up the DagBag from /opt/airflow/dags/youtube_extract_pipeline.py
[2026-09-17T10:16:17.952+0000] {processor.py:925} INFO - DAG(s) 'youtube_pipeline_extraction' retrieved from /opt/airflow/dags/youtube_extract_pipeline.py
[2026-09-17T10:16:17.971+0000] {logging_mixin.py:190} INFO - [2026-09-17T10:16:17.971+0000] {dag.py:3239} INFO - Sync 1 DAGs
[2026-09-17T10:16:17.992+0000] {logging_mixin.py:190} INFO - [2026-09-17T10:16:17.992+0000] {dag.py:4180} INFO - Setting next_dagrun for youtube_pipeline_extraction to 2026-09-17 10:00:00+00:00, run_after=2026-09-17 11:00:00+00:00
[2026-09-17T10:16:18.011+0000] {processor.py:208} INFO - Processing /opt/airflow/dags/youtube_extract_pipeline.py took 0.127 seconds
[2026-09-17T10:16:48.369+0000] {processor.py:186} INFO - Started process (PID=2082) to work on /opt/airflow/dags/youtube_extract_pipeline.py
[2026-09-17T10:16:48.370+0000] {processor.py:914} INFO - Processing file /opt/airflow/dags/youtube_extract_pipeline.py for tasks to queue
[2026-09-17T10:16:48.373+0000] {logging_mixin.py:190} INFO - [2026-09-17T10:16:48.372+0000] {dagbag.py:588} INFO - Filling up the DagBag from /opt/airflow/dags/youtube_extract_pipeline.py
[2026-09-17T10:16:48.439+0000] {processor.py:925} INFO - DAG(s) 'youtube_pipeline_extraction' retrieved from /opt/airflow/dags/youtube_extract_pipeline.py
[2026-09-17T10:16:48.468+0000] {logging_mixin.py:190} INFO - [2026-09-17T10:16:48.467+0000] {dag.py:3239} INFO - Sync 1 DAGs
[2026-09-17T10:16:48.492+0000] {logging_mixin.py:190} INFO - [2026-09-17T10:16:48.492+0000] {dag.py:4180} INFO - Setting next_dagrun for youtube_pipeline_extraction to 2026-09-17 10:00:00+00:00, run_after=2026-09-17 11:00:00+00:00
[2026-09-17T10:16:48.516+0000] {processor.py:208} INFO - Processing /opt/airflow/dags/youtube_extract_pipeline.py took 0.154 seconds
[2026-09-17T10:17:18.731+0000] {processor.py:186} INFO - Started process (PID=2090) to work on /opt/airflow/dags/youtube_extract_pipeline.py
[2026-09-17T10:17:18.732+0000] {processor.py:914} INFO - Processing file /opt/airflow/dags/youtube_extract_pipeline.py for tasks to queue
[2026-09-17T10:17:18.734+0000] {logging_mixin.py:190} INFO - [2026-09-17T10:17:18.733+0000] {dagbag.py:588} INFO - Filling up the DagBag from /opt/airflow/dags/youtube_extract_pipeline.py
[2026-09-17T10:17:18.791+0000] {processor.py:925} INFO - DAG(s) 'youtube_pipeline_extraction' retrieved from /opt/airflow/dags/youtube_extract_pipeline.py
[2026-09-17T10:17:18.811+0000] {logging_mixin.py:190} INFO - [2026-09-17T10:17:18.811+0000] {dag.py:3239} INFO - Sync 1 DAGs
[2026-09-17T10:17:18.835+0000] {logging_mixin.py:190} INFO - [2026-09-17T10:17:18.835+0000] {dag.py:4180} INFO - Setting next_dagrun for youtube_pipeline_extraction to 2026-09-17 10:00:00+00:00, run_after=2026-09-17 11:00:00+00:00
[2026-09-17T10:17:18.856+0000] {processor.py:208} INFO - Processing /opt/airflow/dags/youtube_extract_pipeline.py took 0.131 seconds
[2026-09-17T10:17:49.135+0000] {processor.py:186} INFO - Started process (PID=2098) to work on /opt/airflow/dags/youtube_extract_pipeline.py
[2026-09-17T10:17:49.137+0000] {processor.py:914} INFO - Processing file /opt/airflow/dags/youtube_extract_pipeline.py for tasks to queue
[2026-09-17T10:17:49.140+0000] {logging_mixin.py:190} INFO - [2026-09-17T10:17:49.140+0000] {dagbag.py:588} INFO - Filling up the DagBag from /opt/airflow/dags/youtube_extract_pipeline.py
[2026-09-17T10:17:49.198+0000] {processor.py:925} INFO - DAG(s) 'youtube_pipeline_extraction' retrieved from /opt/airflow/dags/youtube_extract_pipeline.py
[2026-09-17T10:17:49.221+0000] {logging_mixin.py:190} INFO - [2026-09-17T10:17:49.221+0000] {dag.py:3239} INFO - Sync 1 DAGs
[2026-09-17T10:17:49.245+0000] {logging_mixin.py:190} INFO - [2026-09-17T10:17:49.245+0000] {dag.py:4180} INFO - Setting next_dagrun for youtube_pipeline_extraction to 2026-09-17 10:00:00+00:00, run_after=2026-09-17 11:00:00+00:00
[2026-09-17T10:17:49.273+0000] {processor.py:208} INFO - Processing /opt/airflow/dags/youtube_extract_pipeline.py took 0.144 seconds
[2026-09-17T10:18:19.497+0000] {processor.py:186} INFO - Started process (PID=2106) to work on /opt/airflow/dags/youtube_extract_pipeline.py
[2026-09-17T10:18:19.498+0000] {processor.py:914} INFO - Processing file /opt/airflow/dags/youtube_extract_pipeline.py for tasks to queue
[2026-09-17T10:18:19.500+0000] {logging_mixin.py:190} INFO - [2026-09-17T10:18:19.500+0000] {dagbag.py:588} INFO - Filling up the DagBag from /opt/airflow/dags/youtube_extract_pipeline.py
[2026-09-17T10:18:19.559+0000] {processor.py:925} INFO - DAG(s) 'youtube_pipeline_extraction' retrieved from /opt/airflow/dags/youtube_extract_pipeline.py
[2026-09-17T10:18:19.583+0000] {logging_mixin.py:190} INFO - [2026-09-17T10:18:19.583+0000] {dag.py:3239} INFO - Sync 1 DAGs
[2026-09-17T10:18:19.608+0000] {logging_mixin.py:190} INFO - [2026-09-17T10:18:19.608+0000] {dag.py:4180} INFO - Setting next_dagrun for youtube_pipeline_extraction to 2026-09-17 10:00:00+00:00, run_after=2026-09-17 11:00:00+00:00
[2026-09-17T10:18:19.627+0000] {processor.py:208} INFO - Processing /opt/airflow/dags/youtube_extract_pipeline.py took 0.136 seconds
[2026-09-17T10:18:49.983+0000] {processor.py:186} INFO - Started process (PID=2114) to work on /opt/airflow/dags/youtube_extract_pipeline.py
[2026-09-17T10:18:49.985+0000] {processor.py:914} INFO - Processing file /opt/airflow/dags/youtube_extract_pipeline.py for tasks to queue
[2026-09-17T10:18:49.987+0000] {logging_mixin.py:190} INFO - [2026-09-17T10:18:49.987+0000] {dagbag.py:588} INFO - Filling up the DagBag from /opt/airflow/dags/youtube_extract_pipeline.py
[2026-09-17T10:18:50.055+0000] {processor.py:925} INFO - DAG(s) 'youtube_pipeline_extraction' retrieved from /opt/airflow/dags/youtube_extract_pipeline.py
[2026-09-17T10:18:50.074+0000] {logging_mixin.py:190} INFO - [2026-09-17T10:18:50.073+0000] {dag.py:3239} INFO - Sync 1 DAGs
[2026-09-17T10:18:50.094+0000] {logging_mixin.py:190} INFO - [2026-09-17T10:18:50.094+0000] {dag.py:4180} INFO - Setting next_dagrun for youtube_pipeline_extraction to 2026-09-17 10:00:00+00:00, run_after=2026-09-17 11:00:00+00:00
[2026-09-17T10:18:50.112+0000] {processor.py:208} INFO - Processing /opt/airflow/dags/youtube_extract_pipeline.py took 0.135 seconds
[2026-09-17T10:19:20.442+0000] {processor.py:186} INFO - Started process (PID=2122) to work on /opt/airflow/dags/youtube_extract_pipeline.py
[2026-09-17T10:19:20.446+0000] {processor.py:914} INFO - Processing file /opt/airflow/dags/youtube_extract_pipeline.py for tasks to queue
[2026-09-17T10:19:20.450+0000] {logging_mixin.py:190} INFO - [2026-09-17T10:19:20.450+0000] {dagbag.py:588} INFO - Filling up the DagBag from /opt/airflow/dags/youtube_extract_pipeline.py
[2026-09-17T10:19:20.547+0000] {processor.py:925} INFO - DAG(s) 'youtube_pipeline_extraction' retrieved from /opt/airflow/dags/youtube_extract_pipeline.py
[2026-09-17T10:19:20.593+0000] {logging_mixin.py:190} INFO - [2026-09-17T10:19:20.592+0000] {dag.py:3239} INFO - Sync 1 DAGs
[2026-09-17T10:19:20.632+0000] {logging_mixin.py:190} INFO - [2026-09-17T10:19:20.631+0000] {dag.py:4180} INFO - Setting next_dagrun for youtube_pipeline_extraction to 2026-09-17 10:00:00+00:00, run_after=2026-09-17 11:00:00+00:00
[2026-09-17T10:19:20.689+0000] {processor.py:208} INFO - Processing /opt/airflow/dags/youtube_extract_pipeline.py took 0.259 seconds
[2026-09-17T10:19:50.790+0000] {processor.py:186} INFO - Started process (PID=2130) to work on /opt/airflow/dags/youtube_extract_pipeline.py
[2026-09-17T10:19:50.792+0000] {processor.py:914} INFO - Processing file /opt/airflow/dags/youtube_extract_pipeline.py for tasks to queue
[2026-09-17T10:19:50.794+0000] {logging_mixin.py:190} INFO - [2026-09-17T10:19:50.794+0000] {dagbag.py:588} INFO - Filling up the DagBag from /opt/airflow/dags/youtube_extract_pipeline.py
[2026-09-17T10:19:50.857+0000] {processor.py:925} INFO - DAG(s) 'youtube_pipeline_extraction' retrieved from /opt/airflow/dags/youtube_extract_pipeline.py
[2026-09-17T10:19:50.877+0000] {logging_mixin.py:190} INFO - [2026-09-17T10:19:50.877+0000] {dag.py:3239} INFO - Sync 1 DAGs
[2026-09-17T10:19:50.901+0000] {logging_mixin.py:190} INFO - [2026-09-17T10:19:50.901+0000] {dag.py:4180} INFO - Setting next_dagrun for youtube_pipeline_extraction to 2026-09-17 10:00:00+00:00, run_after=2026-09-17 11:00:00+00:00
[2026-09-17T10:19:50.920+0000] {processor.py:208} INFO - Processing /opt/airflow/dags/youtube_extract_pipeline.py took 0.135 seconds
[2026-09-17T10:20:21.229+0000] {processor.py:186} INFO - Started process (PID=2138) to work on /opt/airflow/dags/youtube_extract_pipeline.py
[2026-09-17T10:20:21.230+0000] {processor.py:914} INFO - Processing file /opt/airflow/dags/youtube_extract_pipeline.py for tasks to queue
[2026-09-17T10:20:21.232+0000] {logging_mixin.py:190} INFO - [2026-09-17T10:20:21.232+0000] {dagbag.py:588} INFO - Filling up the DagBag from /opt/airflow/dags/youtube_extract_pipeline.py
[2026-09-17T10:20:21.291+0000] {processor.py:925} INFO - DAG(s) 'youtube_pipeline_extraction' retrieved from /opt/airflow/dags/youtube_extract_pipeline.py
[2026-09-17T10:20:21.311+0000] {logging_mixin.py:190} INFO - [2026-09-17T10:20:21.310+0000] {dag.py:3239} INFO - Sync 1 DAGs
[2026-09-17T10:20:21.333+0000] {logging_mixin.py:190} INFO - [2026-09-17T10:20:21.333+0000] {dag.py:4180} INFO - Setting next_dagrun for youtube_pipeline_extraction to 2026-09-17 10:00:00+00:00, run_after=2026-09-17 11:00:00+00:00
[2026-09-17T10:20:21.357+0000] {processor.py:208} INFO - Processing /opt/airflow/dags/youtube_extract_pipeline.py took 0.134 seconds
[2026-09-17T10:20:51.657+0000] {processor.py:186} INFO - Started process (PID=2146) to work on /opt/airflow/dags/youtube_extract_pipeline.py
[2026-09-17T10:20:51.659+0000] {processor.py:914} INFO - Processing file /opt/airflow/dags/youtube_extract_pipeline.py for tasks to queue
[2026-09-17T10:20:51.661+0000] {logging_mixin.py:190} INFO - [2026-09-17T10:20:51.661+0000] {dagbag.py:588} INFO - Filling up the DagBag from /opt/airflow/dags/youtube_extract_pipeline.py
[2026-09-17T10:20:51.727+0000] {processor.py:925} INFO - DAG(s) 'youtube_pipeline_extraction' retrieved from /opt/airflow/dags/youtube_extract_pipeline.py
[2026-09-17T10:20:51.747+0000] {logging_mixin.py:190} INFO - [2026-09-17T10:20:51.747+0000] {dag.py:3239} INFO - Sync 1 DAGs
[2026-09-17T10:20:51.773+0000] {logging_mixin.py:190} INFO - [2026-09-17T10:20:51.773+0000] {dag.py:4180} INFO - Setting next_dagrun for youtube_pipeline_extraction to 2026-09-17 10:00:00+00:00, run_after=2026-09-17 11:00:00+00:00
[2026-09-17T10:20:51.792+0000] {processor.py:208} INFO - Processing /opt/airflow/dags/youtube_extract_pipeline.py took 0.140 seconds
[2026-09-17T10:21:22.101+0000] {processor.py:186} INFO - Started process (PID=2154) to work on /opt/airflow/dags/youtube_extract_pipeline.py
[2026-09-17T10:21:22.103+0000] {processor.py:914} INFO - Processing file /opt/airflow/dags/youtube_extract_pipeline.py for tasks to queue
[2026-09-17T10:21:22.105+0000] {logging_mixin.py:190} INFO - [2026-09-17T10:21:22.105+0000] {dagbag.py:588} INFO - Filling up the DagBag from /opt/airflow/dags/youtube_extract_pipeline.py
[2026-09-17T10:21:22.179+0000] {processor.py:925} INFO - DAG(s) 'youtube_pipeline_extraction' retrieved from /opt/airflow/dags/youtube_extract_pipeline.py
[2026-09-17T10:21:22.203+0000] {logging_mixin.py:190} INFO - [2026-09-17T10:21:22.202+0000] {dag.py:3239} INFO - Sync 1 DAGs
[2026-09-17T10:21:22.226+0000] {logging_mixin.py:190} INFO - [2026-09-17T10:21:22.226+0000] {dag.py:4180} INFO - Setting next_dagrun for youtube_pipeline_extraction to 2026-09-17 10:00:00+00:00, run_after=2026-09-17 11:00:00+00:00
[2026-09-17T10:21:22.246+0000] {processor.py:208} INFO - Processing /opt/airflow/dags/youtube_extract_pipeline.py took 0.151 seconds
[2026-09-17T10:21:52.567+0000] {processor.py:186} INFO - Started process (PID=2162) to work on /opt/airflow/dags/youtube_extract_pipeline.py
[2026-09-17T10:21:52.569+0000] {processor.py:914} INFO - Processing file /opt/airflow/dags/youtube_extract_pipeline.py for tasks to queue
[2026-09-17T10:21:52.571+0000] {logging_mixin.py:190} INFO - [2026-09-17T10:21:52.571+0000] {dagbag.py:588} INFO - Filling up the DagBag from /opt/airflow/dags/youtube_extract_pipeline.py
[2026-09-17T10:21:52.637+0000] {processor.py:925} INFO - DAG(s) 'youtube_pipeline_extraction' retrieved from /opt/airflow/dags/youtube_extract_pipeline.py
[2026-09-17T10:21:52.669+0000] {logging_mixin.py:190} INFO - [2026-09-17T10:21:52.668+0000] {dag.py:3239} INFO - Sync 1 DAGs
[2026-09-17T10:21:52.698+0000] {logging_mixin.py:190} INFO - [2026-09-17T10:21:52.698+0000] {dag.py:4180} INFO - Setting next_dagrun for youtube_pipeline_extraction to 2026-09-17 10:00:00+00:00, run_after=2026-09-17 11:00:00+00:00
[2026-09-17T10:21:52.721+0000] {processor.py:208} INFO - Processing /opt/airflow/dags/youtube_extract_pipeline.py took 0.161 seconds
[2026-09-17T10:22:23.063+0000] {processor.py:186} INFO - Started process (PID=2170) to work on /opt/airflow/dags/youtube_extract_pipeline.py
[2026-09-17T10:22:23.064+0000] {processor.py:914} INFO - Processing file /opt/airflow/dags/youtube_extract_pipeline.py for tasks to queue
[2026-09-17T10:22:23.066+0000] {logging_mixin.py:190} INFO - [2026-09-17T10:22:23.066+0000] {dagbag.py:588} INFO - Filling up the DagBag from /opt/airflow/dags/youtube_extract_pipeline.py
[2026-09-17T10:22:23.108+0000] {processor.py:925} INFO - DAG(s) 'youtube_pipeline_extraction' retrieved from /opt/airflow/dags/youtube_extract_pipeline.py
[2026-09-17T10:22:23.127+0000] {logging_mixin.py:190} INFO - [2026-09-17T10:22:23.127+0000] {dag.py:3239} INFO - Sync 1 DAGs
[2026-09-17T10:22:23.148+0000] {logging_mixin.py:190} INFO - [2026-09-17T10:22:23.147+0000] {dag.py:4180} INFO - Setting next_dagrun for youtube_pipeline_extraction to 2026-09-17 10:00:00+00:00, run_after=2026-09-17 11:00:00+00:00
[2026-09-17T10:22:23.167+0000] {processor.py:208} INFO - Processing /opt/airflow/dags/youtube_extract_pipeline.py took 0.110 seconds
[2026-09-17T10:22:53.455+0000] {processor.py:186} INFO - Started process (PID=2178) to work on /opt/airflow/dags/youtube_extract_pipeline.py
[2026-09-17T10:22:53.456+0000] {processor.py:914} INFO - Processing file /opt/airflow/dags/youtube_extract_pipeline.py for tasks to queue
[2026-09-17T10:22:53.459+0000] {logging_mixin.py:190} INFO - [2026-09-17T10:22:53.459+0000] {dagbag.py:588} INFO - Filling up the DagBag from /opt/airflow/dags/youtube_extract_pipeline.py
[2026-09-17T10:22:53.527+0000] {processor.py:925} INFO - DAG(s) 'youtube_pipeline_extraction' retrieved from /opt/airflow/dags/youtube_extract_pipeline.py
[2026-09-17T10:22:53.549+0000] {logging_mixin.py:190} INFO - [2026-09-17T10:22:53.549+0000] {dag.py:3239} INFO - Sync 1 DAGs
[2026-09-17T10:22:53.570+0000] {logging_mixin.py:190} INFO - [2026-09-17T10:22:53.570+0000] {dag.py:4180} INFO - Setting next_dagrun for youtube_pipeline_extraction to 2026-09-17 10:00:00+00:00, run_after=2026-09-17 11:00:00+00:00
[2026-09-17T10:22:53.590+0000] {processor.py:208} INFO - Processing /opt/airflow/dags/youtube_extract_pipeline.py took 0.142 seconds
[2026-09-17T10:23:23.956+0000] {processor.py:186} INFO - Started process (PID=2186) to work on /opt/airflow/dags/youtube_extract_pipeline.py
[2026-09-17T10:23:23.958+0000] {processor.py:914} INFO - Processing file /opt/airflow/dags/youtube_extract_pipeline.py for tasks to queue
[2026-09-17T10:23:23.960+0000] {logging_mixin.py:190} INFO - [2026-09-17T10:23:23.960+0000] {dagbag.py:588} INFO - Filling up the DagBag from /opt/airflow/dags/youtube_extract_pipeline.py
[2026-09-17T10:23:24.014+0000] {processor.py:925} INFO - DAG(s) 'youtube_pipeline_extraction' retrieved from /opt/airflow/dags/youtube_extract_pipeline.py
[2026-09-17T10:23:24.040+0000] {logging_mixin.py:190} INFO - [2026-09-17T10:23:24.040+0000] {dag.py:3239} INFO - Sync 1 DAGs
[2026-09-17T10:23:24.066+0000] {logging_mixin.py:190} INFO - [2026-09-17T10:23:24.066+0000] {dag.py:4180} INFO - Setting next_dagrun for youtube_pipeline_extraction to 2026-09-17 10:00:00+00:00, run_after=2026-09-17 11:00:00+00:00
[2026-09-17T10:23:24.087+0000] {processor.py:208} INFO - Processing /opt/airflow/dags/youtube_extract_pipeline.py took 0.136 seconds
[2026-09-17T10:23:54.405+0000] {processor.py:186} INFO - Started process (PID=2194) to work on /opt/airflow/dags/youtube_extract_pipeline.py
[2026-09-17T10:23:54.407+0000] {processor.py:914} INFO - Processing file /opt/airflow/dags/youtube_extract_pipeline.py for tasks to queue
[2026-09-17T10:23:54.409+0000] {logging_mixin.py:190} INFO - [2026-09-17T10:23:54.408+0000] {dagbag.py:588} INFO - Filling up the DagBag from /opt/airflow/dags/youtube_extract_pipeline.py
[2026-09-17T10:23:54.470+0000] {processor.py:925} INFO - DAG(s) 'youtube_pipeline_extraction' retrieved from /opt/airflow/dags/youtube_extract_pipeline.py
[2026-09-17T10:23:54.497+0000] {logging_mixin.py:190} INFO - [2026-09-17T10:23:54.497+0000] {dag.py:3239} INFO - Sync 1 DAGs
[2026-09-17T10:23:54.521+0000] {logging_mixin.py:190} INFO - [2026-09-17T10:23:54.521+0000] {dag.py:4180} INFO - Setting next_dagrun for youtube_pipeline_extraction to 2026-09-17 10:00:00+00:00, run_after=2026-09-17 11:00:00+00:00
[2026-09-17T10:23:54.541+0000] {processor.py:208} INFO - Processing /opt/airflow/dags/youtube_extract_pipeline.py took 0.143 seconds
[2026-09-17T10:24:24.834+0000] {processor.py:186} INFO - Started process (PID=2202) to work on /opt/airflow/dags/youtube_extract_pipeline.py
[2026-09-17T10:24:24.836+0000] {processor.py:914} INFO - Processing file /opt/airflow/dags/youtube_extract_pipeline.py for tasks to queue
[2026-09-17T10:24:24.838+0000] {logging_mixin.py:190} INFO - [2026-09-17T10:24:24.838+0000] {dagbag.py:588} INFO - Filling up the DagBag from /opt/airflow/dags/youtube_extract_pipeline.py
[2026-09-17T10:24:24.899+0000] {processor.py:925} INFO - DAG(s) 'youtube_pipeline_extraction' retrieved from /opt/airflow/dags/youtube_extract_pipeline.py
[2026-09-17T10:24:24.920+0000] {logging_mixin.py:190} INFO - [2026-09-17T10:24:24.920+0000] {dag.py:3239} INFO - Sync 1 DAGs
[2026-09-17T10:24:24.956+0000] {logging_mixin.py:190} INFO - [2026-09-17T10:24:24.956+0000] {dag.py:4180} INFO - Setting next_dagrun for youtube_pipeline_extraction to 2026-09-17 10:00:00+00:00, run_after=2026-09-17 11:00:00+00:00
[2026-09-17T10:24:24.977+0000] {processor.py:208} INFO - Processing /opt/airflow/dags/youtube_extract_pipeline.py took 0.149 seconds
[2026-09-17T10:24:55.331+0000] {processor.py:186} INFO - Started process (PID=2210) to work on /opt/airflow/dags/youtube_extract_pipeline.py
[2026-09-17T10:24:55.334+0000] {processor.py:914} INFO - Processing file /opt/airflow/dags/youtube_extract_pipeline.py for tasks to queue
[2026-09-17T10:24:55.338+0000] {logging_mixin.py:190} INFO - [2026-09-17T10:24:55.337+0000] {dagbag.py:588} INFO - Filling up the DagBag from /opt/airflow/dags/youtube_extract_pipeline.py
[2026-09-17T10:24:55.422+0000] {processor.py:925} INFO - DAG(s) 'youtube_pipeline_extraction' retrieved from /opt/airflow/dags/youtube_extract_pipeline.py
[2026-09-17T10:24:55.446+0000] {logging_mixin.py:190} INFO - [2026-09-17T10:24:55.446+0000] {dag.py:3239} INFO - Sync 1 DAGs
[2026-09-17T10:24:55.472+0000] {logging_mixin.py:190} INFO - [2026-09-17T10:24:55.472+0000] {dag.py:4180} INFO - Setting next_dagrun for youtube_pipeline_extraction to 2026-09-17 10:00:00+00:00, run_after=2026-09-17 11:00:00+00:00
[2026-09-17T10:24:55.497+0000] {processor.py:208} INFO - Processing /opt/airflow/dags/youtube_extract_pipeline.py took 0.174 seconds
[2026-09-17T10:25:25.832+0000] {processor.py:186} INFO - Started process (PID=2218) to work on /opt/airflow/dags/youtube_extract_pipeline.py
[2026-09-17T10:25:25.834+0000] {processor.py:914} INFO - Processing file /opt/airflow/dags/youtube_extract_pipeline.py for tasks to queue
[2026-09-17T10:25:25.841+0000] {logging_mixin.py:190} INFO - [2026-09-17T10:25:25.837+0000] {dagbag.py:588} INFO - Filling up the DagBag from /opt/airflow/dags/youtube_extract_pipeline.py
[2026-09-17T10:25:25.934+0000] {processor.py:925} INFO - DAG(s) 'youtube_pipeline_extraction' retrieved from /opt/airflow/dags/youtube_extract_pipeline.py
[2026-09-17T10:25:25.968+0000] {logging_mixin.py:190} INFO - [2026-09-17T10:25:25.968+0000] {dag.py:3239} INFO - Sync 1 DAGs
[2026-09-17T10:25:26.001+0000] {logging_mixin.py:190} INFO - [2026-09-17T10:25:26.001+0000] {dag.py:4180} INFO - Setting next_dagrun for youtube_pipeline_extraction to 2026-09-17 10:00:00+00:00, run_after=2026-09-17 11:00:00+00:00
[2026-09-17T10:25:26.028+0000] {processor.py:208} INFO - Processing /opt/airflow/dags/youtube_extract_pipeline.py took 0.204 seconds
[2026-09-17T10:25:56.378+0000] {processor.py:186} INFO - Started process (PID=2226) to work on /opt/airflow/dags/youtube_extract_pipeline.py
[2026-09-17T10:25:56.379+0000] {processor.py:914} INFO - Processing file /opt/airflow/dags/youtube_extract_pipeline.py for tasks to queue
[2026-09-17T10:25:56.381+0000] {logging_mixin.py:190} INFO - [2026-09-17T10:25:56.381+0000] {dagbag.py:588} INFO - Filling up the DagBag from /opt/airflow/dags/youtube_extract_pipeline.py
[2026-09-17T10:25:56.423+0000] {processor.py:925} INFO - DAG(s) 'youtube_pipeline_extraction' retrieved from /opt/airflow/dags/youtube_extract_pipeline.py
[2026-09-17T10:25:56.445+0000] {logging_mixin.py:190} INFO - [2026-09-17T10:25:56.444+0000] {dag.py:3239} INFO - Sync 1 DAGs
[2026-09-17T10:25:56.469+0000] {logging_mixin.py:190} INFO - [2026-09-17T10:25:56.469+0000] {dag.py:4180} INFO - Setting next_dagrun for youtube_pipeline_extraction to 2026-09-17 10:00:00+00:00, run_after=2026-09-17 11:00:00+00:00
[2026-09-17T10:25:56.487+0000] {processor.py:208} INFO - Processing /opt/airflow/dags/youtube_extract_pipeline.py took 0.115 seconds
[2026-09-17T10:26:26.812+0000] {processor.py:186} INFO - Started process (PID=2234) to work on /opt/airflow/dags/youtube_extract_pipeline.py
[2026-09-17T10:26:26.814+0000] {processor.py:914} INFO - Processing file /opt/airflow/dags/youtube_extract_pipeline.py for tasks to queue
[2026-09-17T10:26:26.817+0000] {logging_mixin.py:190} INFO - [2026-09-17T10:26:26.816+0000] {dagbag.py:588} INFO - Filling up the DagBag from /opt/airflow/dags/youtube_extract_pipeline.py
[2026-09-17T10:26:26.886+0000] {processor.py:925} INFO - DAG(s) 'youtube_pipeline_extraction' retrieved from /opt/airflow/dags/youtube_extract_pipeline.py
[2026-09-17T10:26:26.913+0000] {logging_mixin.py:190} INFO - [2026-09-17T10:26:26.912+0000] {dag.py:3239} INFO - Sync 1 DAGs
[2026-09-17T10:26:26.949+0000] {logging_mixin.py:190} INFO - [2026-09-17T10:26:26.947+0000] {dag.py:4180} INFO - Setting next_dagrun for youtube_pipeline_extraction to 2026-09-17 10:00:00+00:00, run_after=2026-09-17 11:00:00+00:00
[2026-09-17T10:26:26.971+0000] {processor.py:208} INFO - Processing /opt/airflow/dags/youtube_extract_pipeline.py took 0.165 seconds
[2026-09-17T10:26:57.328+0000] {processor.py:186} INFO - Started process (PID=2242) to work on /opt/airflow/dags/youtube_extract_pipeline.py
[2026-09-17T10:26:57.331+0000] {processor.py:914} INFO - Processing file /opt/airflow/dags/youtube_extract_pipeline.py for tasks to queue
[2026-09-17T10:26:57.334+0000] {logging_mixin.py:190} INFO - [2026-09-17T10:26:57.333+0000] {dagbag.py:588} INFO - Filling up the DagBag from /opt/airflow/dags/youtube_extract_pipeline.py
[2026-09-17T10:26:57.429+0000] {processor.py:925} INFO - DAG(s) 'youtube_pipeline_extraction' retrieved from /opt/airflow/dags/youtube_extract_pipeline.py
[2026-09-17T10:26:57.458+0000] {logging_mixin.py:190} INFO - [2026-09-17T10:26:57.458+0000] {dag.py:3239} INFO - Sync 1 DAGs
[2026-09-17T10:26:57.489+0000] {logging_mixin.py:190} INFO - [2026-09-17T10:26:57.489+0000] {dag.py:4180} INFO - Setting next_dagrun for youtube_pipeline_extraction to 2026-09-17 10:00:00+00:00, run_after=2026-09-17 11:00:00+00:00
[2026-09-17T10:26:57.515+0000] {processor.py:208} INFO - Processing /opt/airflow/dags/youtube_extract_pipeline.py took 0.195 seconds
[2026-09-17T10:27:27.860+0000] {processor.py:186} INFO - Started process (PID=2250) to work on /opt/airflow/dags/youtube_extract_pipeline.py
[2026-09-17T10:27:27.862+0000] {processor.py:914} INFO - Processing file /opt/airflow/dags/youtube_extract_pipeline.py for tasks to queue
[2026-09-17T10:27:27.865+0000] {logging_mixin.py:190} INFO - [2026-09-17T10:27:27.865+0000] {dagbag.py:588} INFO - Filling up the DagBag from /opt/airflow/dags/youtube_extract_pipeline.py
[2026-09-17T10:27:27.933+0000] {processor.py:925} INFO - DAG(s) 'youtube_pipeline_extraction' retrieved from /opt/airflow/dags/youtube_extract_pipeline.py
[2026-09-17T10:27:27.958+0000] {logging_mixin.py:190} INFO - [2026-09-17T10:27:27.957+0000] {dag.py:3239} INFO - Sync 1 DAGs
[2026-09-17T10:27:27.982+0000] {logging_mixin.py:190} INFO - [2026-09-17T10:27:27.982+0000] {dag.py:4180} INFO - Setting next_dagrun for youtube_pipeline_extraction to 2026-09-17 10:00:00+00:00, run_after=2026-09-17 11:00:00+00:00
[2026-09-17T10:27:28.001+0000] {processor.py:208} INFO - Processing /opt/airflow/dags/youtube_extract_pipeline.py took 0.147 seconds
[2026-09-17T10:27:58.320+0000] {processor.py:186} INFO - Started process (PID=2258) to work on /opt/airflow/dags/youtube_extract_pipeline.py
[2026-09-17T10:27:58.324+0000] {processor.py:914} INFO - Processing file /opt/airflow/dags/youtube_extract_pipeline.py for tasks to queue
[2026-09-17T10:27:58.328+0000] {logging_mixin.py:190} INFO - [2026-09-17T10:27:58.327+0000] {dagbag.py:588} INFO - Filling up the DagBag from /opt/airflow/dags/youtube_extract_pipeline.py
[2026-09-17T10:27:58.423+0000] {processor.py:925} INFO - DAG(s) 'youtube_pipeline_extraction' retrieved from /opt/airflow/dags/youtube_extract_pipeline.py
[2026-09-17T10:27:58.454+0000] {logging_mixin.py:190} INFO - [2026-09-17T10:27:58.454+0000] {dag.py:3239} INFO - Sync 1 DAGs
[2026-09-17T10:27:58.478+0000] {logging_mixin.py:190} INFO - [2026-09-17T10:27:58.478+0000] {dag.py:4180} INFO - Setting next_dagrun for youtube_pipeline_extraction to 2026-09-17 10:00:00+00:00, run_after=2026-09-17 11:00:00+00:00
[2026-09-17T10:27:58.499+0000] {processor.py:208} INFO - Processing /opt/airflow/dags/youtube_extract_pipeline.py took 0.188 seconds
[2026-09-17T10:28:28.814+0000] {processor.py:186} INFO - Started process (PID=2266) to work on /opt/airflow/dags/youtube_extract_pipeline.py
[2026-09-17T10:28:28.819+0000] {processor.py:914} INFO - Processing file /opt/airflow/dags/youtube_extract_pipeline.py for tasks to queue
[2026-09-17T10:28:28.822+0000] {logging_mixin.py:190} INFO - [2026-09-17T10:28:28.821+0000] {dagbag.py:588} INFO - Filling up the DagBag from /opt/airflow/dags/youtube_extract_pipeline.py
[2026-09-17T10:28:28.896+0000] {processor.py:925} INFO - DAG(s) 'youtube_pipeline_extraction' retrieved from /opt/airflow/dags/youtube_extract_pipeline.py
[2026-09-17T10:28:28.924+0000] {logging_mixin.py:190} INFO - [2026-09-17T10:28:28.924+0000] {dag.py:3239} INFO - Sync 1 DAGs
[2026-09-17T10:28:28.951+0000] {logging_mixin.py:190} INFO - [2026-09-17T10:28:28.951+0000] {dag.py:4180} INFO - Setting next_dagrun for youtube_pipeline_extraction to 2026-09-17 10:00:00+00:00, run_after=2026-09-17 11:00:00+00:00
[2026-09-17T10:28:28.981+0000] {processor.py:208} INFO - Processing /opt/airflow/dags/youtube_extract_pipeline.py took 0.175 seconds
[2026-09-17T10:28:59.304+0000] {processor.py:186} INFO - Started process (PID=2274) to work on /opt/airflow/dags/youtube_extract_pipeline.py
[2026-09-17T10:28:59.307+0000] {processor.py:914} INFO - Processing file /opt/airflow/dags/youtube_extract_pipeline.py for tasks to queue
[2026-09-17T10:28:59.309+0000] {logging_mixin.py:190} INFO - [2026-09-17T10:28:59.309+0000] {dagbag.py:588} INFO - Filling up the DagBag from /opt/airflow/dags/youtube_extract_pipeline.py
[2026-09-17T10:28:59.385+0000] {processor.py:925} INFO - DAG(s) 'youtube_pipeline_extraction' retrieved from /opt/airflow/dags/youtube_extract_pipeline.py
[2026-09-17T10:28:59.409+0000] {logging_mixin.py:190} INFO - [2026-09-17T10:28:59.409+0000] {dag.py:3239} INFO - Sync 1 DAGs
[2026-09-17T10:28:59.435+0000] {logging_mixin.py:190} INFO - [2026-09-17T10:28:59.435+0000] {dag.py:4180} INFO - Setting next_dagrun for youtube_pipeline_extraction to 2026-09-17 10:00:00+00:00, run_after=2026-09-17 11:00:00+00:00
[2026-09-17T10:28:59.459+0000] {processor.py:208} INFO - Processing /opt/airflow/dags/youtube_extract_pipeline.py took 0.161 seconds
[2026-09-17T10:29:29.767+0000] {processor.py:186} INFO - Started process (PID=2282) to work on /opt/airflow/dags/youtube_extract_pipeline.py
[2026-09-17T10:29:29.768+0000] {processor.py:914} INFO - Processing file /opt/airflow/dags/youtube_extract_pipeline.py for tasks to queue
[2026-09-17T10:29:29.770+0000] {logging_mixin.py:190} INFO - [2026-09-17T10:29:29.770+0000] {dagbag.py:588} INFO - Filling up the DagBag from /opt/airflow/dags/youtube_extract_pipeline.py
[2026-09-17T10:29:29.837+0000] {processor.py:925} INFO - DAG(s) 'youtube_pipeline_extraction' retrieved from /opt/airflow/dags/youtube_extract_pipeline.py
[2026-09-17T10:29:29.864+0000] {logging_mixin.py:190} INFO - [2026-09-17T10:29:29.864+0000] {dag.py:3239} INFO - Sync 1 DAGs
[2026-09-17T10:29:29.891+0000] {logging_mixin.py:190} INFO - [2026-09-17T10:29:29.891+0000] {dag.py:4180} INFO - Setting next_dagrun for youtube_pipeline_extraction to 2026-09-17 10:00:00+00:00, run_after=2026-09-17 11:00:00+00:00
[2026-09-17T10:29:29.917+0000] {processor.py:208} INFO - Processing /opt/airflow/dags/youtube_extract_pipeline.py took 0.155 seconds
[2026-09-17T10:39:52.718+0000] {processor.py:186} INFO - Started process (PID=2412) to work on /opt/airflow/dags/youtube_extract_pipeline.py
[2026-09-17T10:39:52.721+0000] {processor.py:914} INFO - Processing file /opt/airflow/dags/youtube_extract_pipeline.py for tasks to queue
[2026-09-17T10:39:52.724+0000] {logging_mixin.py:190} INFO - [2026-09-17T10:39:52.723+0000] {dagbag.py:588} INFO - Filling up the DagBag from /opt/airflow/dags/youtube_extract_pipeline.py
[2026-09-17T10:39:52.850+0000] {processor.py:925} INFO - DAG(s) 'youtube_pipeline_extraction' retrieved from /opt/airflow/dags/youtube_extract_pipeline.py
[2026-09-17T10:39:53.137+0000] {logging_mixin.py:190} INFO - [2026-09-17T10:39:53.137+0000] {dag.py:3239} INFO - Sync 1 DAGs
[2026-09-17T10:39:53.173+0000] {logging_mixin.py:190} INFO - [2026-09-17T10:39:53.173+0000] {dag.py:4180} INFO - Setting next_dagrun for youtube_pipeline_extraction to 2026-09-17 10:00:00+00:00, run_after=2026-09-17 11:00:00+00:00
[2026-09-17T10:39:53.203+0000] {processor.py:208} INFO - Processing /opt/airflow/dags/youtube_extract_pipeline.py took 0.504 seconds
[2026-09-17T10:40:23.689+0000] {processor.py:186} INFO - Started process (PID=2420) to work on /opt/airflow/dags/youtube_extract_pipeline.py
[2026-09-17T10:40:23.692+0000] {processor.py:914} INFO - Processing file /opt/airflow/dags/youtube_extract_pipeline.py for tasks to queue
[2026-09-17T10:40:23.697+0000] {logging_mixin.py:190} INFO - [2026-09-17T10:40:23.694+0000] {dagbag.py:588} INFO - Filling up the DagBag from /opt/airflow/dags/youtube_extract_pipeline.py
[2026-09-17T10:40:23.814+0000] {processor.py:925} INFO - DAG(s) 'youtube_pipeline_extraction' retrieved from /opt/airflow/dags/youtube_extract_pipeline.py
[2026-09-17T10:40:23.878+0000] {logging_mixin.py:190} INFO - [2026-09-17T10:40:23.878+0000] {dag.py:3239} INFO - Sync 1 DAGs
[2026-09-17T10:40:23.911+0000] {logging_mixin.py:190} INFO - [2026-09-17T10:40:23.911+0000] {dag.py:4180} INFO - Setting next_dagrun for youtube_pipeline_extraction to 2026-09-17 10:00:00+00:00, run_after=2026-09-17 11:00:00+00:00
[2026-09-17T10:40:23.933+0000] {processor.py:208} INFO - Processing /opt/airflow/dags/youtube_extract_pipeline.py took 0.259 seconds
[2026-09-17T10:40:54.244+0000] {processor.py:186} INFO - Started process (PID=2428) to work on /opt/airflow/dags/youtube_extract_pipeline.py
[2026-09-17T10:40:54.245+0000] {processor.py:914} INFO - Processing file /opt/airflow/dags/youtube_extract_pipeline.py for tasks to queue
[2026-09-17T10:40:54.247+0000] {logging_mixin.py:190} INFO - [2026-09-17T10:40:54.247+0000] {dagbag.py:588} INFO - Filling up the DagBag from /opt/airflow/dags/youtube_extract_pipeline.py
[2026-09-17T10:40:54.309+0000] {processor.py:925} INFO - DAG(s) 'youtube_pipeline_extraction' retrieved from /opt/airflow/dags/youtube_extract_pipeline.py
[2026-09-17T10:40:54.338+0000] {logging_mixin.py:190} INFO - [2026-09-17T10:40:54.338+0000] {dag.py:3239} INFO - Sync 1 DAGs
[2026-09-17T10:40:54.362+0000] {logging_mixin.py:190} INFO - [2026-09-17T10:40:54.361+0000] {dag.py:4180} INFO - Setting next_dagrun for youtube_pipeline_extraction to 2026-09-17 10:00:00+00:00, run_after=2026-09-17 11:00:00+00:00
[2026-09-17T10:40:54.382+0000] {processor.py:208} INFO - Processing /opt/airflow/dags/youtube_extract_pipeline.py took 0.143 seconds
[2026-09-17T10:41:24.580+0000] {processor.py:186} INFO - Started process (PID=2436) to work on /opt/airflow/dags/youtube_extract_pipeline.py
[2026-09-17T10:41:24.582+0000] {processor.py:914} INFO - Processing file /opt/airflow/dags/youtube_extract_pipeline.py for tasks to queue
[2026-09-17T10:41:24.584+0000] {logging_mixin.py:190} INFO - [2026-09-17T10:41:24.584+0000] {dagbag.py:588} INFO - Filling up the DagBag from /opt/airflow/dags/youtube_extract_pipeline.py
[2026-09-17T10:41:24.680+0000] {processor.py:925} INFO - DAG(s) 'youtube_pipeline_extraction' retrieved from /opt/airflow/dags/youtube_extract_pipeline.py
[2026-09-17T10:41:24.735+0000] {logging_mixin.py:190} INFO - [2026-09-17T10:41:24.735+0000] {dag.py:3239} INFO - Sync 1 DAGs
[2026-09-17T10:41:24.772+0000] {logging_mixin.py:190} INFO - [2026-09-17T10:41:24.772+0000] {dag.py:4180} INFO - Setting next_dagrun for youtube_pipeline_extraction to 2026-09-17 10:00:00+00:00, run_after=2026-09-17 11:00:00+00:00
[2026-09-17T10:41:24.799+0000] {processor.py:208} INFO - Processing /opt/airflow/dags/youtube_extract_pipeline.py took 0.227 seconds
[2026-09-17T10:41:55.126+0000] {processor.py:186} INFO - Started process (PID=2444) to work on /opt/airflow/dags/youtube_extract_pipeline.py
[2026-09-17T10:41:55.142+0000] {processor.py:914} INFO - Processing file /opt/airflow/dags/youtube_extract_pipeline.py for tasks to queue
[2026-09-17T10:41:55.144+0000] {logging_mixin.py:190} INFO - [2026-09-17T10:41:55.144+0000] {dagbag.py:588} INFO - Filling up the DagBag from /opt/airflow/dags/youtube_extract_pipeline.py
[2026-09-17T10:41:55.212+0000] {processor.py:925} INFO - DAG(s) 'youtube_pipeline_extraction' retrieved from /opt/airflow/dags/youtube_extract_pipeline.py
[2026-09-17T10:41:55.269+0000] {logging_mixin.py:190} INFO - [2026-09-17T10:41:55.269+0000] {dag.py:3239} INFO - Sync 1 DAGs
[2026-09-17T10:41:55.308+0000] {logging_mixin.py:190} INFO - [2026-09-17T10:41:55.308+0000] {dag.py:4180} INFO - Setting next_dagrun for youtube_pipeline_extraction to 2026-09-17 10:00:00+00:00, run_after=2026-09-17 11:00:00+00:00
[2026-09-17T10:41:55.334+0000] {processor.py:208} INFO - Processing /opt/airflow/dags/youtube_extract_pipeline.py took 0.213 seconds
[2026-09-17T10:42:25.663+0000] {processor.py:186} INFO - Started process (PID=2452) to work on /opt/airflow/dags/youtube_extract_pipeline.py
[2026-09-17T10:42:25.665+0000] {processor.py:914} INFO - Processing file /opt/airflow/dags/youtube_extract_pipeline.py for tasks to queue
[2026-09-17T10:42:25.666+0000] {logging_mixin.py:190} INFO - [2026-09-17T10:42:25.666+0000] {dagbag.py:588} INFO - Filling up the DagBag from /opt/airflow/dags/youtube_extract_pipeline.py
[2026-09-17T10:42:25.744+0000] {processor.py:925} INFO - DAG(s) 'youtube_pipeline_extraction' retrieved from /opt/airflow/dags/youtube_extract_pipeline.py
[2026-09-17T10:42:25.784+0000] {logging_mixin.py:190} INFO - [2026-09-17T10:42:25.784+0000] {dag.py:3239} INFO - Sync 1 DAGs
[2026-09-17T10:42:25.815+0000] {logging_mixin.py:190} INFO - [2026-09-17T10:42:25.815+0000] {dag.py:4180} INFO - Setting next_dagrun for youtube_pipeline_extraction to 2026-09-17 10:00:00+00:00, run_after=2026-09-17 11:00:00+00:00
[2026-09-17T10:42:25.851+0000] {processor.py:208} INFO - Processing /opt/airflow/dags/youtube_extract_pipeline.py took 0.194 seconds
[2026-09-17T10:42:56.172+0000] {processor.py:186} INFO - Started process (PID=2461) to work on /opt/airflow/dags/youtube_extract_pipeline.py
[2026-09-17T10:42:56.174+0000] {processor.py:914} INFO - Processing file /opt/airflow/dags/youtube_extract_pipeline.py for tasks to queue
[2026-09-17T10:42:56.177+0000] {logging_mixin.py:190} INFO - [2026-09-17T10:42:56.177+0000] {dagbag.py:588} INFO - Filling up the DagBag from /opt/airflow/dags/youtube_extract_pipeline.py
[2026-09-17T10:42:56.253+0000] {processor.py:925} INFO - DAG(s) 'youtube_pipeline_extraction' retrieved from /opt/airflow/dags/youtube_extract_pipeline.py
[2026-09-17T10:42:56.316+0000] {logging_mixin.py:190} INFO - [2026-09-17T10:42:56.316+0000] {dag.py:3239} INFO - Sync 1 DAGs
[2026-09-17T10:42:56.355+0000] {logging_mixin.py:190} INFO - [2026-09-17T10:42:56.355+0000] {dag.py:4180} INFO - Setting next_dagrun for youtube_pipeline_extraction to 2026-09-17 10:00:00+00:00, run_after=2026-09-17 11:00:00+00:00
[2026-09-17T10:42:56.383+0000] {processor.py:208} INFO - Processing /opt/airflow/dags/youtube_extract_pipeline.py took 0.218 seconds
[2026-09-17T10:43:26.752+0000] {processor.py:186} INFO - Started process (PID=2469) to work on /opt/airflow/dags/youtube_extract_pipeline.py
[2026-09-17T10:43:26.754+0000] {processor.py:914} INFO - Processing file /opt/airflow/dags/youtube_extract_pipeline.py for tasks to queue
[2026-09-17T10:43:26.756+0000] {logging_mixin.py:190} INFO - [2026-09-17T10:43:26.756+0000] {dagbag.py:588} INFO - Filling up the DagBag from /opt/airflow/dags/youtube_extract_pipeline.py
[2026-09-17T10:43:26.829+0000] {processor.py:925} INFO - DAG(s) 'youtube_pipeline_extraction' retrieved from /opt/airflow/dags/youtube_extract_pipeline.py
[2026-09-17T10:43:26.877+0000] {logging_mixin.py:190} INFO - [2026-09-17T10:43:26.877+0000] {dag.py:3239} INFO - Sync 1 DAGs
[2026-09-17T10:43:26.902+0000] {logging_mixin.py:190} INFO - [2026-09-17T10:43:26.901+0000] {dag.py:4180} INFO - Setting next_dagrun for youtube_pipeline_extraction to 2026-09-17 10:00:00+00:00, run_after=2026-09-17 11:00:00+00:00
[2026-09-17T10:43:26.921+0000] {processor.py:208} INFO - Processing /opt/airflow/dags/youtube_extract_pipeline.py took 0.183 seconds
[2026-09-17T10:43:57.266+0000] {processor.py:186} INFO - Started process (PID=2478) to work on /opt/airflow/dags/youtube_extract_pipeline.py
[2026-09-17T10:43:57.268+0000] {processor.py:914} INFO - Processing file /opt/airflow/dags/youtube_extract_pipeline.py for tasks to queue
[2026-09-17T10:43:57.270+0000] {logging_mixin.py:190} INFO - [2026-09-17T10:43:57.270+0000] {dagbag.py:588} INFO - Filling up the DagBag from /opt/airflow/dags/youtube_extract_pipeline.py
[2026-09-17T10:43:57.341+0000] {processor.py:925} INFO - DAG(s) 'youtube_pipeline_extraction' retrieved from /opt/airflow/dags/youtube_extract_pipeline.py
[2026-09-17T10:43:57.385+0000] {logging_mixin.py:190} INFO - [2026-09-17T10:43:57.384+0000] {dag.py:3239} INFO - Sync 1 DAGs
[2026-09-17T10:43:57.413+0000] {logging_mixin.py:190} INFO - [2026-09-17T10:43:57.413+0000] {dag.py:4180} INFO - Setting next_dagrun for youtube_pipeline_extraction to 2026-09-17 10:00:00+00:00, run_after=2026-09-17 11:00:00+00:00
[2026-09-17T10:43:57.436+0000] {processor.py:208} INFO - Processing /opt/airflow/dags/youtube_extract_pipeline.py took 0.180 seconds
[2026-09-17T10:44:27.795+0000] {processor.py:186} INFO - Started process (PID=2486) to work on /opt/airflow/dags/youtube_extract_pipeline.py
[2026-09-17T10:44:27.797+0000] {processor.py:914} INFO - Processing file /opt/airflow/dags/youtube_extract_pipeline.py for tasks to queue
[2026-09-17T10:44:27.799+0000] {logging_mixin.py:190} INFO - [2026-09-17T10:44:27.799+0000] {dagbag.py:588} INFO - Filling up the DagBag from /opt/airflow/dags/youtube_extract_pipeline.py
[2026-09-17T10:44:27.876+0000] {processor.py:925} INFO - DAG(s) 'youtube_pipeline_extraction' retrieved from /opt/airflow/dags/youtube_extract_pipeline.py
[2026-09-17T10:44:27.949+0000] {logging_mixin.py:190} INFO - [2026-09-17T10:44:27.948+0000] {dag.py:3239} INFO - Sync 1 DAGs
[2026-09-17T10:44:27.976+0000] {logging_mixin.py:190} INFO - [2026-09-17T10:44:27.975+0000] {dag.py:4180} INFO - Setting next_dagrun for youtube_pipeline_extraction to 2026-09-17 10:00:00+00:00, run_after=2026-09-17 11:00:00+00:00
[2026-09-17T10:44:27.997+0000] {processor.py:208} INFO - Processing /opt/airflow/dags/youtube_extract_pipeline.py took 0.208 seconds
[2026-09-17T10:44:58.402+0000] {processor.py:186} INFO - Started process (PID=2494) to work on /opt/airflow/dags/youtube_extract_pipeline.py
[2026-09-17T10:44:58.403+0000] {processor.py:914} INFO - Processing file /opt/airflow/dags/youtube_extract_pipeline.py for tasks to queue
[2026-09-17T10:44:58.406+0000] {logging_mixin.py:190} INFO - [2026-09-17T10:44:58.405+0000] {dagbag.py:588} INFO - Filling up the DagBag from /opt/airflow/dags/youtube_extract_pipeline.py
[2026-09-17T10:44:58.489+0000] {processor.py:925} INFO - DAG(s) 'youtube_pipeline_extraction' retrieved from /opt/airflow/dags/youtube_extract_pipeline.py
[2026-09-17T10:44:58.544+0000] {logging_mixin.py:190} INFO - [2026-09-17T10:44:58.543+0000] {dag.py:3239} INFO - Sync 1 DAGs
[2026-09-17T10:44:58.567+0000] {logging_mixin.py:190} INFO - [2026-09-17T10:44:58.567+0000] {dag.py:4180} INFO - Setting next_dagrun for youtube_pipeline_extraction to 2026-09-17 10:00:00+00:00, run_after=2026-09-17 11:00:00+00:00
[2026-09-17T10:44:58.586+0000] {processor.py:208} INFO - Processing /opt/airflow/dags/youtube_extract_pipeline.py took 0.190 seconds
[2026-09-17T10:45:28.970+0000] {processor.py:186} INFO - Started process (PID=2502) to work on /opt/airflow/dags/youtube_extract_pipeline.py
[2026-09-17T10:45:28.972+0000] {processor.py:914} INFO - Processing file /opt/airflow/dags/youtube_extract_pipeline.py for tasks to queue
[2026-09-17T10:45:28.973+0000] {logging_mixin.py:190} INFO - [2026-09-17T10:45:28.973+0000] {dagbag.py:588} INFO - Filling up the DagBag from /opt/airflow/dags/youtube_extract_pipeline.py
[2026-09-17T10:45:29.064+0000] {processor.py:925} INFO - DAG(s) 'youtube_pipeline_extraction' retrieved from /opt/airflow/dags/youtube_extract_pipeline.py
[2026-09-17T10:45:29.138+0000] {logging_mixin.py:190} INFO - [2026-09-17T10:45:29.138+0000] {dag.py:3239} INFO - Sync 1 DAGs
[2026-09-17T10:45:29.176+0000] {logging_mixin.py:190} INFO - [2026-09-17T10:45:29.176+0000] {dag.py:4180} INFO - Setting next_dagrun for youtube_pipeline_extraction to 2026-09-17 10:00:00+00:00, run_after=2026-09-17 11:00:00+00:00
[2026-09-17T10:45:29.199+0000] {processor.py:208} INFO - Processing /opt/airflow/dags/youtube_extract_pipeline.py took 0.234 seconds
[2026-09-17T10:45:59.592+0000] {processor.py:186} INFO - Started process (PID=2510) to work on /opt/airflow/dags/youtube_extract_pipeline.py
[2026-09-17T10:45:59.596+0000] {processor.py:914} INFO - Processing file /opt/airflow/dags/youtube_extract_pipeline.py for tasks to queue
[2026-09-17T10:45:59.598+0000] {logging_mixin.py:190} INFO - [2026-09-17T10:45:59.598+0000] {dagbag.py:588} INFO - Filling up the DagBag from /opt/airflow/dags/youtube_extract_pipeline.py
[2026-09-17T10:45:59.713+0000] {processor.py:925} INFO - DAG(s) 'youtube_pipeline_extraction' retrieved from /opt/airflow/dags/youtube_extract_pipeline.py
[2026-09-17T10:45:59.801+0000] {logging_mixin.py:190} INFO - [2026-09-17T10:45:59.801+0000] {dag.py:3239} INFO - Sync 1 DAGs
[2026-09-17T10:45:59.898+0000] {logging_mixin.py:190} INFO - [2026-09-17T10:45:59.897+0000] {dag.py:4180} INFO - Setting next_dagrun for youtube_pipeline_extraction to 2026-09-17 10:00:00+00:00, run_after=2026-09-17 11:00:00+00:00
[2026-09-17T10:45:59.953+0000] {processor.py:208} INFO - Processing /opt/airflow/dags/youtube_extract_pipeline.py took 0.372 seconds
[2026-09-17T10:46:30.335+0000] {processor.py:186} INFO - Started process (PID=2518) to work on /opt/airflow/dags/youtube_extract_pipeline.py
[2026-09-17T10:46:30.338+0000] {processor.py:914} INFO - Processing file /opt/airflow/dags/youtube_extract_pipeline.py for tasks to queue
[2026-09-17T10:46:30.342+0000] {logging_mixin.py:190} INFO - [2026-09-17T10:46:30.341+0000] {dagbag.py:588} INFO - Filling up the DagBag from /opt/airflow/dags/youtube_extract_pipeline.py
[2026-09-17T10:46:30.420+0000] {processor.py:925} INFO - DAG(s) 'youtube_pipeline_extraction' retrieved from /opt/airflow/dags/youtube_extract_pipeline.py
[2026-09-17T10:46:30.501+0000] {logging_mixin.py:190} INFO - [2026-09-17T10:46:30.500+0000] {dag.py:3239} INFO - Sync 1 DAGs
[2026-09-17T10:46:30.535+0000] {logging_mixin.py:190} INFO - [2026-09-17T10:46:30.535+0000] {dag.py:4180} INFO - Setting next_dagrun for youtube_pipeline_extraction to 2026-09-17 10:00:00+00:00, run_after=2026-09-17 11:00:00+00:00
[2026-09-17T10:46:30.574+0000] {processor.py:208} INFO - Processing /opt/airflow/dags/youtube_extract_pipeline.py took 0.248 seconds
[2026-09-17T10:47:00.978+0000] {processor.py:186} INFO - Started process (PID=2526) to work on /opt/airflow/dags/youtube_extract_pipeline.py
[2026-09-17T10:47:00.980+0000] {processor.py:914} INFO - Processing file /opt/airflow/dags/youtube_extract_pipeline.py for tasks to queue
[2026-09-17T10:47:00.983+0000] {logging_mixin.py:190} INFO - [2026-09-17T10:47:00.983+0000] {dagbag.py:588} INFO - Filling up the DagBag from /opt/airflow/dags/youtube_extract_pipeline.py
[2026-09-17T10:47:01.068+0000] {processor.py:925} INFO - DAG(s) 'youtube_pipeline_extraction' retrieved from /opt/airflow/dags/youtube_extract_pipeline.py
[2026-09-17T10:47:01.104+0000] {logging_mixin.py:190} INFO - [2026-09-17T10:47:01.104+0000] {dag.py:3239} INFO - Sync 1 DAGs
[2026-09-17T10:47:01.138+0000] {logging_mixin.py:190} INFO - [2026-09-17T10:47:01.138+0000] {dag.py:4180} INFO - Setting next_dagrun for youtube_pipeline_extraction to 2026-09-17 10:00:00+00:00, run_after=2026-09-17 11:00:00+00:00
[2026-09-17T10:47:01.162+0000] {processor.py:208} INFO - Processing /opt/airflow/dags/youtube_extract_pipeline.py took 0.193 seconds
[2026-09-17T10:47:31.377+0000] {processor.py:186} INFO - Started process (PID=2534) to work on /opt/airflow/dags/youtube_extract_pipeline.py
[2026-09-17T10:47:31.379+0000] {processor.py:914} INFO - Processing file /opt/airflow/dags/youtube_extract_pipeline.py for tasks to queue
[2026-09-17T10:47:31.386+0000] {logging_mixin.py:190} INFO - [2026-09-17T10:47:31.384+0000] {dagbag.py:588} INFO - Filling up the DagBag from /opt/airflow/dags/youtube_extract_pipeline.py
[2026-09-17T10:47:31.503+0000] {processor.py:925} INFO - DAG(s) 'youtube_pipeline_extraction' retrieved from /opt/airflow/dags/youtube_extract_pipeline.py
[2026-09-17T10:47:31.574+0000] {logging_mixin.py:190} INFO - [2026-09-17T10:47:31.573+0000] {dag.py:3239} INFO - Sync 1 DAGs
[2026-09-17T10:47:31.616+0000] {logging_mixin.py:190} INFO - [2026-09-17T10:47:31.615+0000] {dag.py:4180} INFO - Setting next_dagrun for youtube_pipeline_extraction to 2026-09-17 10:00:00+00:00, run_after=2026-09-17 11:00:00+00:00
[2026-09-17T10:47:31.655+0000] {processor.py:208} INFO - Processing /opt/airflow/dags/youtube_extract_pipeline.py took 0.289 seconds
[2026-09-17T10:48:02.014+0000] {processor.py:186} INFO - Started process (PID=2542) to work on /opt/airflow/dags/youtube_extract_pipeline.py
[2026-09-17T10:48:02.016+0000] {processor.py:914} INFO - Processing file /opt/airflow/dags/youtube_extract_pipeline.py for tasks to queue
[2026-09-17T10:48:02.018+0000] {logging_mixin.py:190} INFO - [2026-09-17T10:48:02.017+0000] {dagbag.py:588} INFO - Filling up the DagBag from /opt/airflow/dags/youtube_extract_pipeline.py
[2026-09-17T10:48:02.116+0000] {processor.py:925} INFO - DAG(s) 'youtube_pipeline_extraction' retrieved from /opt/airflow/dags/youtube_extract_pipeline.py
[2026-09-17T10:48:02.179+0000] {logging_mixin.py:190} INFO - [2026-09-17T10:48:02.179+0000] {dag.py:3239} INFO - Sync 1 DAGs
[2026-09-17T10:48:02.213+0000] {logging_mixin.py:190} INFO - [2026-09-17T10:48:02.213+0000] {dag.py:4180} INFO - Setting next_dagrun for youtube_pipeline_extraction to 2026-09-17 10:00:00+00:00, run_after=2026-09-17 11:00:00+00:00
[2026-09-17T10:48:02.235+0000] {processor.py:208} INFO - Processing /opt/airflow/dags/youtube_extract_pipeline.py took 0.228 seconds
[2026-09-17T10:48:32.580+0000] {processor.py:186} INFO - Started process (PID=2550) to work on /opt/airflow/dags/youtube_extract_pipeline.py
[2026-09-17T10:48:32.582+0000] {processor.py:914} INFO - Processing file /opt/airflow/dags/youtube_extract_pipeline.py for tasks to queue
[2026-09-17T10:48:32.584+0000] {logging_mixin.py:190} INFO - [2026-09-17T10:48:32.583+0000] {dagbag.py:588} INFO - Filling up the DagBag from /opt/airflow/dags/youtube_extract_pipeline.py
[2026-09-17T10:48:32.664+0000] {processor.py:925} INFO - DAG(s) 'youtube_pipeline_extraction' retrieved from /opt/airflow/dags/youtube_extract_pipeline.py
[2026-09-17T10:48:32.713+0000] {logging_mixin.py:190} INFO - [2026-09-17T10:48:32.713+0000] {dag.py:3239} INFO - Sync 1 DAGs
[2026-09-17T10:48:32.738+0000] {logging_mixin.py:190} INFO - [2026-09-17T10:48:32.738+0000] {dag.py:4180} INFO - Setting next_dagrun for youtube_pipeline_extraction to 2026-09-17 10:00:00+00:00, run_after=2026-09-17 11:00:00+00:00
[2026-09-17T10:48:32.769+0000] {processor.py:208} INFO - Processing /opt/airflow/dags/youtube_extract_pipeline.py took 0.195 seconds
[2026-09-17T10:49:03.154+0000] {processor.py:186} INFO - Started process (PID=2558) to work on /opt/airflow/dags/youtube_extract_pipeline.py
[2026-09-17T10:49:03.157+0000] {processor.py:914} INFO - Processing file /opt/airflow/dags/youtube_extract_pipeline.py for tasks to queue
[2026-09-17T10:49:03.160+0000] {logging_mixin.py:190} INFO - [2026-09-17T10:49:03.159+0000] {dagbag.py:588} INFO - Filling up the DagBag from /opt/airflow/dags/youtube_extract_pipeline.py
[2026-09-17T10:49:03.272+0000] {processor.py:925} INFO - DAG(s) 'youtube_pipeline_extraction' retrieved from /opt/airflow/dags/youtube_extract_pipeline.py
[2026-09-17T10:49:03.350+0000] {logging_mixin.py:190} INFO - [2026-09-17T10:49:03.350+0000] {dag.py:3239} INFO - Sync 1 DAGs
[2026-09-17T10:49:03.380+0000] {logging_mixin.py:190} INFO - [2026-09-17T10:49:03.379+0000] {dag.py:4180} INFO - Setting next_dagrun for youtube_pipeline_extraction to 2026-09-17 10:00:00+00:00, run_after=2026-09-17 11:00:00+00:00
[2026-09-17T10:49:03.403+0000] {processor.py:208} INFO - Processing /opt/airflow/dags/youtube_extract_pipeline.py took 0.263 seconds
[2026-09-17T10:49:33.743+0000] {processor.py:186} INFO - Started process (PID=2566) to work on /opt/airflow/dags/youtube_extract_pipeline.py
[2026-09-17T10:49:33.745+0000] {processor.py:914} INFO - Processing file /opt/airflow/dags/youtube_extract_pipeline.py for tasks to queue
[2026-09-17T10:49:33.747+0000] {logging_mixin.py:190} INFO - [2026-09-17T10:49:33.747+0000] {dagbag.py:588} INFO - Filling up the DagBag from /opt/airflow/dags/youtube_extract_pipeline.py
[2026-09-17T10:49:33.838+0000] {processor.py:925} INFO - DAG(s) 'youtube_pipeline_extraction' retrieved from /opt/airflow/dags/youtube_extract_pipeline.py
[2026-09-17T10:49:33.890+0000] {logging_mixin.py:190} INFO - [2026-09-17T10:49:33.889+0000] {dag.py:3239} INFO - Sync 1 DAGs
[2026-09-17T10:49:33.918+0000] {logging_mixin.py:190} INFO - [2026-09-17T10:49:33.917+0000] {dag.py:4180} INFO - Setting next_dagrun for youtube_pipeline_extraction to 2026-09-17 10:00:00+00:00, run_after=2026-09-17 11:00:00+00:00
[2026-09-17T10:49:33.939+0000] {processor.py:208} INFO - Processing /opt/airflow/dags/youtube_extract_pipeline.py took 0.201 seconds
[2026-09-17T10:50:04.461+0000] {processor.py:186} INFO - Started process (PID=2574) to work on /opt/airflow/dags/youtube_extract_pipeline.py
[2026-09-17T10:50:04.468+0000] {processor.py:914} INFO - Processing file /opt/airflow/dags/youtube_extract_pipeline.py for tasks to queue
[2026-09-17T10:50:04.476+0000] {logging_mixin.py:190} INFO - [2026-09-17T10:50:04.475+0000] {dagbag.py:588} INFO - Filling up the DagBag from /opt/airflow/dags/youtube_extract_pipeline.py
[2026-09-17T10:50:04.727+0000] {processor.py:925} INFO - DAG(s) 'youtube_pipeline_extraction' retrieved from /opt/airflow/dags/youtube_extract_pipeline.py
[2026-09-17T10:50:05.015+0000] {logging_mixin.py:190} INFO - [2026-09-17T10:50:05.014+0000] {dag.py:3239} INFO - Sync 1 DAGs
[2026-09-17T10:50:05.271+0000] {logging_mixin.py:190} INFO - [2026-09-17T10:50:05.260+0000] {dag.py:4180} INFO - Setting next_dagrun for youtube_pipeline_extraction to 2026-09-17 10:00:00+00:00, run_after=2026-09-17 11:00:00+00:00
[2026-09-17T10:50:05.476+0000] {processor.py:208} INFO - Processing /opt/airflow/dags/youtube_extract_pipeline.py took 1.058 seconds
[2026-09-17T10:50:35.914+0000] {processor.py:186} INFO - Started process (PID=2582) to work on /opt/airflow/dags/youtube_extract_pipeline.py
[2026-09-17T10:50:35.917+0000] {processor.py:914} INFO - Processing file /opt/airflow/dags/youtube_extract_pipeline.py for tasks to queue
[2026-09-17T10:50:35.922+0000] {logging_mixin.py:190} INFO - [2026-09-17T10:50:35.921+0000] {dagbag.py:588} INFO - Filling up the DagBag from /opt/airflow/dags/youtube_extract_pipeline.py
[2026-09-17T10:50:36.040+0000] {processor.py:925} INFO - DAG(s) 'youtube_pipeline_extraction' retrieved from /opt/airflow/dags/youtube_extract_pipeline.py
[2026-09-17T10:50:36.186+0000] {logging_mixin.py:190} INFO - [2026-09-17T10:50:36.185+0000] {dag.py:3239} INFO - Sync 1 DAGs
[2026-09-17T10:50:36.243+0000] {logging_mixin.py:190} INFO - [2026-09-17T10:50:36.243+0000] {dag.py:4180} INFO - Setting next_dagrun for youtube_pipeline_extraction to 2026-09-17 10:00:00+00:00, run_after=2026-09-17 11:00:00+00:00
[2026-09-17T10:50:36.291+0000] {processor.py:208} INFO - Processing /opt/airflow/dags/youtube_extract_pipeline.py took 0.388 seconds
[2026-09-17T10:51:06.697+0000] {processor.py:186} INFO - Started process (PID=2590) to work on /opt/airflow/dags/youtube_extract_pipeline.py
[2026-09-17T10:51:06.699+0000] {processor.py:914} INFO - Processing file /opt/airflow/dags/youtube_extract_pipeline.py for tasks to queue
[2026-09-17T10:51:06.701+0000] {logging_mixin.py:190} INFO - [2026-09-17T10:51:06.701+0000] {dagbag.py:588} INFO - Filling up the DagBag from /opt/airflow/dags/youtube_extract_pipeline.py
[2026-09-17T10:51:06.793+0000] {processor.py:925} INFO - DAG(s) 'youtube_pipeline_extraction' retrieved from /opt/airflow/dags/youtube_extract_pipeline.py
[2026-09-17T10:51:06.879+0000] {logging_mixin.py:190} INFO - [2026-09-17T10:51:06.879+0000] {dag.py:3239} INFO - Sync 1 DAGs
[2026-09-17T10:51:06.907+0000] {logging_mixin.py:190} INFO - [2026-09-17T10:51:06.907+0000] {dag.py:4180} INFO - Setting next_dagrun for youtube_pipeline_extraction to 2026-09-17 10:00:00+00:00, run_after=2026-09-17 11:00:00+00:00
[2026-09-17T10:51:06.938+0000] {processor.py:208} INFO - Processing /opt/airflow/dags/youtube_extract_pipeline.py took 0.248 seconds
[2026-09-17T10:51:37.777+0000] {processor.py:186} INFO - Started process (PID=2599) to work on /opt/airflow/dags/youtube_extract_pipeline.py
[2026-09-17T10:51:37.780+0000] {processor.py:914} INFO - Processing file /opt/airflow/dags/youtube_extract_pipeline.py for tasks to queue
[2026-09-17T10:51:37.782+0000] {logging_mixin.py:190} INFO - [2026-09-17T10:51:37.782+0000] {dagbag.py:588} INFO - Filling up the DagBag from /opt/airflow/dags/youtube_extract_pipeline.py
[2026-09-17T10:51:37.929+0000] {processor.py:925} INFO - DAG(s) 'youtube_pipeline_extraction' retrieved from /opt/airflow/dags/youtube_extract_pipeline.py
[2026-09-17T10:51:38.045+0000] {logging_mixin.py:190} INFO - [2026-09-17T10:51:38.045+0000] {dag.py:3239} INFO - Sync 1 DAGs
[2026-09-17T10:51:38.089+0000] {logging_mixin.py:190} INFO - [2026-09-17T10:51:38.089+0000] {dag.py:4180} INFO - Setting next_dagrun for youtube_pipeline_extraction to 2026-09-17 10:00:00+00:00, run_after=2026-09-17 11:00:00+00:00
[2026-09-17T10:51:38.129+0000] {processor.py:208} INFO - Processing /opt/airflow/dags/youtube_extract_pipeline.py took 0.367 seconds
[2026-09-17T10:52:08.579+0000] {processor.py:186} INFO - Started process (PID=2607) to work on /opt/airflow/dags/youtube_extract_pipeline.py
[2026-09-17T10:52:08.584+0000] {processor.py:914} INFO - Processing file /opt/airflow/dags/youtube_extract_pipeline.py for tasks to queue
[2026-09-17T10:52:08.586+0000] {logging_mixin.py:190} INFO - [2026-09-17T10:52:08.586+0000] {dagbag.py:588} INFO - Filling up the DagBag from /opt/airflow/dags/youtube_extract_pipeline.py
[2026-09-17T10:52:08.692+0000] {processor.py:925} INFO - DAG(s) 'youtube_pipeline_extraction' retrieved from /opt/airflow/dags/youtube_extract_pipeline.py
[2026-09-17T10:52:08.781+0000] {logging_mixin.py:190} INFO - [2026-09-17T10:52:08.781+0000] {dag.py:3239} INFO - Sync 1 DAGs
[2026-09-17T10:52:08.819+0000] {logging_mixin.py:190} INFO - [2026-09-17T10:52:08.819+0000] {dag.py:4180} INFO - Setting next_dagrun for youtube_pipeline_extraction to 2026-09-17 10:00:00+00:00, run_after=2026-09-17 11:00:00+00:00
[2026-09-17T10:52:08.843+0000] {processor.py:208} INFO - Processing /opt/airflow/dags/youtube_extract_pipeline.py took 0.274 seconds
[2026-09-17T10:52:39.194+0000] {processor.py:186} INFO - Started process (PID=2615) to work on /opt/airflow/dags/youtube_extract_pipeline.py
[2026-09-17T10:52:39.196+0000] {processor.py:914} INFO - Processing file /opt/airflow/dags/youtube_extract_pipeline.py for tasks to queue
[2026-09-17T10:52:39.199+0000] {logging_mixin.py:190} INFO - [2026-09-17T10:52:39.199+0000] {dagbag.py:588} INFO - Filling up the DagBag from /opt/airflow/dags/youtube_extract_pipeline.py
[2026-09-17T10:52:39.268+0000] {processor.py:925} INFO - DAG(s) 'youtube_pipeline_extraction' retrieved from /opt/airflow/dags/youtube_extract_pipeline.py
[2026-09-17T10:52:39.315+0000] {logging_mixin.py:190} INFO - [2026-09-17T10:52:39.315+0000] {dag.py:3239} INFO - Sync 1 DAGs
[2026-09-17T10:52:39.341+0000] {logging_mixin.py:190} INFO - [2026-09-17T10:52:39.341+0000] {dag.py:4180} INFO - Setting next_dagrun for youtube_pipeline_extraction to 2026-09-17 10:00:00+00:00, run_after=2026-09-17 11:00:00+00:00
[2026-09-17T10:52:39.369+0000] {processor.py:208} INFO - Processing /opt/airflow/dags/youtube_extract_pipeline.py took 0.181 seconds
[2026-09-17T10:53:09.834+0000] {processor.py:186} INFO - Started process (PID=2623) to work on /opt/airflow/dags/youtube_extract_pipeline.py
[2026-09-17T10:53:09.836+0000] {processor.py:914} INFO - Processing file /opt/airflow/dags/youtube_extract_pipeline.py for tasks to queue
[2026-09-17T10:53:09.838+0000] {logging_mixin.py:190} INFO - [2026-09-17T10:53:09.838+0000] {dagbag.py:588} INFO - Filling up the DagBag from /opt/airflow/dags/youtube_extract_pipeline.py
[2026-09-17T10:53:09.947+0000] {processor.py:925} INFO - DAG(s) 'youtube_pipeline_extraction' retrieved from /opt/airflow/dags/youtube_extract_pipeline.py
[2026-09-17T10:53:10.020+0000] {logging_mixin.py:190} INFO - [2026-09-17T10:53:10.019+0000] {dag.py:3239} INFO - Sync 1 DAGs
[2026-09-17T10:53:10.055+0000] {logging_mixin.py:190} INFO - [2026-09-17T10:53:10.055+0000] {dag.py:4180} INFO - Setting next_dagrun for youtube_pipeline_extraction to 2026-09-17 10:00:00+00:00, run_after=2026-09-17 11:00:00+00:00
[2026-09-17T10:53:10.083+0000] {processor.py:208} INFO - Processing /opt/airflow/dags/youtube_extract_pipeline.py took 0.256 seconds
[2026-09-17T10:53:40.688+0000] {processor.py:186} INFO - Started process (PID=2631) to work on /opt/airflow/dags/youtube_extract_pipeline.py
[2026-09-17T10:53:40.696+0000] {processor.py:914} INFO - Processing file /opt/airflow/dags/youtube_extract_pipeline.py for tasks to queue
[2026-09-17T10:53:40.704+0000] {logging_mixin.py:190} INFO - [2026-09-17T10:53:40.703+0000] {dagbag.py:588} INFO - Filling up the DagBag from /opt/airflow/dags/youtube_extract_pipeline.py
[2026-09-17T10:53:41.058+0000] {processor.py:925} INFO - DAG(s) 'youtube_pipeline_extraction' retrieved from /opt/airflow/dags/youtube_extract_pipeline.py
[2026-09-17T10:53:41.576+0000] {logging_mixin.py:190} INFO - [2026-09-17T10:53:41.559+0000] {dag.py:3239} INFO - Sync 1 DAGs
[2026-09-17T10:53:41.782+0000] {logging_mixin.py:190} INFO - [2026-09-17T10:53:41.779+0000] {dag.py:4180} INFO - Setting next_dagrun for youtube_pipeline_extraction to 2026-09-17 10:00:00+00:00, run_after=2026-09-17 11:00:00+00:00
[2026-09-17T10:53:41.862+0000] {processor.py:208} INFO - Processing /opt/airflow/dags/youtube_extract_pipeline.py took 1.212 seconds
[2026-09-17T10:54:12.576+0000] {processor.py:186} INFO - Started process (PID=2639) to work on /opt/airflow/dags/youtube_extract_pipeline.py
[2026-09-17T10:54:12.579+0000] {processor.py:914} INFO - Processing file /opt/airflow/dags/youtube_extract_pipeline.py for tasks to queue
[2026-09-17T10:54:12.581+0000] {logging_mixin.py:190} INFO - [2026-09-17T10:54:12.580+0000] {dagbag.py:588} INFO - Filling up the DagBag from /opt/airflow/dags/youtube_extract_pipeline.py
[2026-09-17T10:54:12.728+0000] {processor.py:925} INFO - DAG(s) 'youtube_pipeline_extraction' retrieved from /opt/airflow/dags/youtube_extract_pipeline.py
[2026-09-17T10:54:12.829+0000] {logging_mixin.py:190} INFO - [2026-09-17T10:54:12.829+0000] {dag.py:3239} INFO - Sync 1 DAGs
[2026-09-17T10:54:12.862+0000] {logging_mixin.py:190} INFO - [2026-09-17T10:54:12.862+0000] {dag.py:4180} INFO - Setting next_dagrun for youtube_pipeline_extraction to 2026-09-17 10:00:00+00:00, run_after=2026-09-17 11:00:00+00:00
[2026-09-17T10:54:12.889+0000] {processor.py:208} INFO - Processing /opt/airflow/dags/youtube_extract_pipeline.py took 0.326 seconds
[2026-09-17T10:54:43.302+0000] {processor.py:186} INFO - Started process (PID=2647) to work on /opt/airflow/dags/youtube_extract_pipeline.py
[2026-09-17T10:54:43.304+0000] {processor.py:914} INFO - Processing file /opt/airflow/dags/youtube_extract_pipeline.py for tasks to queue
[2026-09-17T10:54:43.306+0000] {logging_mixin.py:190} INFO - [2026-09-17T10:54:43.306+0000] {dagbag.py:588} INFO - Filling up the DagBag from /opt/airflow/dags/youtube_extract_pipeline.py
[2026-09-17T10:54:43.394+0000] {processor.py:925} INFO - DAG(s) 'youtube_pipeline_extraction' retrieved from /opt/airflow/dags/youtube_extract_pipeline.py
[2026-09-17T10:54:43.438+0000] {logging_mixin.py:190} INFO - [2026-09-17T10:54:43.438+0000] {dag.py:3239} INFO - Sync 1 DAGs
[2026-09-17T10:54:43.475+0000] {logging_mixin.py:190} INFO - [2026-09-17T10:54:43.474+0000] {dag.py:4180} INFO - Setting next_dagrun for youtube_pipeline_extraction to 2026-09-17 10:00:00+00:00, run_after=2026-09-17 11:00:00+00:00
[2026-09-17T10:54:43.502+0000] {processor.py:208} INFO - Processing /opt/airflow/dags/youtube_extract_pipeline.py took 0.208 seconds
[2026-09-17T10:55:14.086+0000] {processor.py:186} INFO - Started process (PID=2655) to work on /opt/airflow/dags/youtube_extract_pipeline.py
[2026-09-17T10:55:14.088+0000] {processor.py:914} INFO - Processing file /opt/airflow/dags/youtube_extract_pipeline.py for tasks to queue
[2026-09-17T10:55:14.090+0000] {logging_mixin.py:190} INFO - [2026-09-17T10:55:14.090+0000] {dagbag.py:588} INFO - Filling up the DagBag from /opt/airflow/dags/youtube_extract_pipeline.py
[2026-09-17T10:55:14.190+0000] {processor.py:925} INFO - DAG(s) 'youtube_pipeline_extraction' retrieved from /opt/airflow/dags/youtube_extract_pipeline.py
[2026-09-17T10:55:14.243+0000] {logging_mixin.py:190} INFO - [2026-09-17T10:55:14.242+0000] {dag.py:3239} INFO - Sync 1 DAGs
[2026-09-17T10:55:14.275+0000] {logging_mixin.py:190} INFO - [2026-09-17T10:55:14.275+0000] {dag.py:4180} INFO - Setting next_dagrun for youtube_pipeline_extraction to 2026-09-17 10:00:00+00:00, run_after=2026-09-17 11:00:00+00:00
[2026-09-17T10:55:14.306+0000] {processor.py:208} INFO - Processing /opt/airflow/dags/youtube_extract_pipeline.py took 0.228 seconds
[2026-09-17T10:55:44.724+0000] {processor.py:186} INFO - Started process (PID=2663) to work on /opt/airflow/dags/youtube_extract_pipeline.py
[2026-09-17T10:55:44.727+0000] {processor.py:914} INFO - Processing file /opt/airflow/dags/youtube_extract_pipeline.py for tasks to queue
[2026-09-17T10:55:44.730+0000] {logging_mixin.py:190} INFO - [2026-09-17T10:55:44.730+0000] {dagbag.py:588} INFO - Filling up the DagBag from /opt/airflow/dags/youtube_extract_pipeline.py
[2026-09-17T10:55:44.853+0000] {logging_mixin.py:190} INFO - [2026-09-17T10:55:44.847+0000] {dagbag.py:387} ERROR - Failed to import: /opt/airflow/dags/youtube_extract_pipeline.py
Traceback (most recent call last):
  File "/home/airflow/.local/lib/python3.10/site-packages/airflow/models/dagbag.py", line 383, in parse
    loader.exec_module(new_module)
  File "<frozen importlib._bootstrap_external>", line 883, in exec_module
  File "<frozen importlib._bootstrap>", line 241, in _call_with_frames_removed
  File "/opt/airflow/dags/youtube_extract_pipeline.py", line 11, in <module>
    from include.extract import youtube_extract as extract_videos
  File "<frozen importlib._bootstrap>", line 1027, in _find_and_load
  File "<frozen importlib._bootstrap>", line 1002, in _find_and_load_unlocked
  File "<frozen importlib._bootstrap>", line 945, in _find_spec
  File "<frozen importlib._bootstrap_external>", line 1439, in find_spec
  File "<frozen importlib._bootstrap_external>", line 1411, in _get_spec
  File "<frozen importlib._bootstrap_external>", line 1548, in find_spec
  File "<frozen importlib._bootstrap_external>", line 1591, in _fill_cache
OSError: [Errno 12] Cannot allocate memory: '/opt/airflow/include'
[2026-09-17T10:55:44.856+0000] {processor.py:927} WARNING - No viable dags retrieved from /opt/airflow/dags/youtube_extract_pipeline.py
[2026-09-17T10:55:44.926+0000] {processor.py:208} INFO - Processing /opt/airflow/dags/youtube_extract_pipeline.py took 0.211 seconds
[2026-09-17T10:56:15.201+0000] {processor.py:186} INFO - Started process (PID=2671) to work on /opt/airflow/dags/youtube_extract_pipeline.py
[2026-09-17T10:56:15.203+0000] {processor.py:914} INFO - Processing file /opt/airflow/dags/youtube_extract_pipeline.py for tasks to queue
[2026-09-17T10:56:15.206+0000] {logging_mixin.py:190} INFO - [2026-09-17T10:56:15.205+0000] {dagbag.py:588} INFO - Filling up the DagBag from /opt/airflow/dags/youtube_extract_pipeline.py
[2026-09-17T10:56:15.329+0000] {processor.py:925} INFO - DAG(s) 'youtube_pipeline_extraction' retrieved from /opt/airflow/dags/youtube_extract_pipeline.py
[2026-09-17T10:56:15.451+0000] {logging_mixin.py:190} INFO - [2026-09-17T10:56:15.450+0000] {dag.py:3239} INFO - Sync 1 DAGs
[2026-09-17T10:56:15.506+0000] {logging_mixin.py:190} INFO - [2026-09-17T10:56:15.506+0000] {dag.py:4180} INFO - Setting next_dagrun for youtube_pipeline_extraction to 2026-09-17 10:00:00+00:00, run_after=2026-09-17 11:00:00+00:00
[2026-09-17T10:56:15.551+0000] {processor.py:208} INFO - Processing /opt/airflow/dags/youtube_extract_pipeline.py took 0.358 seconds
[2026-09-17T10:56:46.563+0000] {processor.py:186} INFO - Started process (PID=2678) to work on /opt/airflow/dags/youtube_extract_pipeline.py
[2026-09-17T10:56:46.565+0000] {processor.py:914} INFO - Processing file /opt/airflow/dags/youtube_extract_pipeline.py for tasks to queue
[2026-09-17T10:56:46.567+0000] {logging_mixin.py:190} INFO - [2026-09-17T10:56:46.566+0000] {dagbag.py:588} INFO - Filling up the DagBag from /opt/airflow/dags/youtube_extract_pipeline.py
[2026-09-17T10:56:46.680+0000] {processor.py:925} INFO - DAG(s) 'youtube_pipeline_extraction' retrieved from /opt/airflow/dags/youtube_extract_pipeline.py
[2026-09-17T10:56:46.751+0000] {logging_mixin.py:190} INFO - [2026-09-17T10:56:46.751+0000] {dag.py:3239} INFO - Sync 1 DAGs
[2026-09-17T10:56:46.790+0000] {logging_mixin.py:190} INFO - [2026-09-17T10:56:46.789+0000] {dag.py:4180} INFO - Setting next_dagrun for youtube_pipeline_extraction to 2026-09-17 10:00:00+00:00, run_after=2026-09-17 11:00:00+00:00
[2026-09-17T10:56:46.822+0000] {processor.py:208} INFO - Processing /opt/airflow/dags/youtube_extract_pipeline.py took 0.275 seconds
[2026-09-17T10:57:17.420+0000] {processor.py:186} INFO - Started process (PID=2687) to work on /opt/airflow/dags/youtube_extract_pipeline.py
[2026-09-17T10:57:17.423+0000] {processor.py:914} INFO - Processing file /opt/airflow/dags/youtube_extract_pipeline.py for tasks to queue
[2026-09-17T10:57:17.428+0000] {logging_mixin.py:190} INFO - [2026-09-17T10:57:17.427+0000] {dagbag.py:588} INFO - Filling up the DagBag from /opt/airflow/dags/youtube_extract_pipeline.py
[2026-09-17T10:57:17.976+0000] {processor.py:925} INFO - DAG(s) 'youtube_pipeline_extraction' retrieved from /opt/airflow/dags/youtube_extract_pipeline.py
[2026-09-17T10:57:18.066+0000] {logging_mixin.py:190} INFO - [2026-09-17T10:57:18.065+0000] {dag.py:3239} INFO - Sync 1 DAGs
[2026-09-17T10:57:18.104+0000] {logging_mixin.py:190} INFO - [2026-09-17T10:57:18.104+0000] {dag.py:4180} INFO - Setting next_dagrun for youtube_pipeline_extraction to 2026-09-17 10:00:00+00:00, run_after=2026-09-17 11:00:00+00:00
[2026-09-17T10:57:18.132+0000] {processor.py:208} INFO - Processing /opt/airflow/dags/youtube_extract_pipeline.py took 0.722 seconds
[2026-09-17T10:57:48.519+0000] {processor.py:186} INFO - Started process (PID=2695) to work on /opt/airflow/dags/youtube_extract_pipeline.py
[2026-09-17T10:57:48.521+0000] {processor.py:914} INFO - Processing file /opt/airflow/dags/youtube_extract_pipeline.py for tasks to queue
[2026-09-17T10:57:48.524+0000] {logging_mixin.py:190} INFO - [2026-09-17T10:57:48.523+0000] {dagbag.py:588} INFO - Filling up the DagBag from /opt/airflow/dags/youtube_extract_pipeline.py
[2026-09-17T10:57:48.605+0000] {processor.py:925} INFO - DAG(s) 'youtube_pipeline_extraction' retrieved from /opt/airflow/dags/youtube_extract_pipeline.py
[2026-09-17T10:57:48.651+0000] {logging_mixin.py:190} INFO - [2026-09-17T10:57:48.651+0000] {dag.py:3239} INFO - Sync 1 DAGs
[2026-09-17T10:57:48.677+0000] {logging_mixin.py:190} INFO - [2026-09-17T10:57:48.677+0000] {dag.py:4180} INFO - Setting next_dagrun for youtube_pipeline_extraction to 2026-09-17 10:00:00+00:00, run_after=2026-09-17 11:00:00+00:00
[2026-09-17T10:57:48.701+0000] {processor.py:208} INFO - Processing /opt/airflow/dags/youtube_extract_pipeline.py took 0.190 seconds
[2026-09-17T10:58:19.137+0000] {processor.py:186} INFO - Started process (PID=2703) to work on /opt/airflow/dags/youtube_extract_pipeline.py
[2026-09-17T10:58:19.138+0000] {processor.py:914} INFO - Processing file /opt/airflow/dags/youtube_extract_pipeline.py for tasks to queue
[2026-09-17T10:58:19.140+0000] {logging_mixin.py:190} INFO - [2026-09-17T10:58:19.140+0000] {dagbag.py:588} INFO - Filling up the DagBag from /opt/airflow/dags/youtube_extract_pipeline.py
[2026-09-17T10:58:19.235+0000] {processor.py:925} INFO - DAG(s) 'youtube_pipeline_extraction' retrieved from /opt/airflow/dags/youtube_extract_pipeline.py
[2026-09-17T10:58:19.290+0000] {logging_mixin.py:190} INFO - [2026-09-17T10:58:19.289+0000] {dag.py:3239} INFO - Sync 1 DAGs
[2026-09-17T10:58:19.324+0000] {logging_mixin.py:190} INFO - [2026-09-17T10:58:19.324+0000] {dag.py:4180} INFO - Setting next_dagrun for youtube_pipeline_extraction to 2026-09-17 10:00:00+00:00, run_after=2026-09-17 11:00:00+00:00
[2026-09-17T10:58:19.364+0000] {processor.py:208} INFO - Processing /opt/airflow/dags/youtube_extract_pipeline.py took 0.233 seconds
[2026-09-17T10:58:49.773+0000] {processor.py:186} INFO - Started process (PID=2711) to work on /opt/airflow/dags/youtube_extract_pipeline.py
[2026-09-17T10:58:49.777+0000] {processor.py:914} INFO - Processing file /opt/airflow/dags/youtube_extract_pipeline.py for tasks to queue
[2026-09-17T10:58:49.780+0000] {logging_mixin.py:190} INFO - [2026-09-17T10:58:49.780+0000] {dagbag.py:588} INFO - Filling up the DagBag from /opt/airflow/dags/youtube_extract_pipeline.py
[2026-09-17T10:58:49.894+0000] {processor.py:925} INFO - DAG(s) 'youtube_pipeline_extraction' retrieved from /opt/airflow/dags/youtube_extract_pipeline.py
[2026-09-17T10:58:49.992+0000] {logging_mixin.py:190} INFO - [2026-09-17T10:58:49.992+0000] {dag.py:3239} INFO - Sync 1 DAGs
[2026-09-17T10:58:50.053+0000] {logging_mixin.py:190} INFO - [2026-09-17T10:58:50.053+0000] {dag.py:4180} INFO - Setting next_dagrun for youtube_pipeline_extraction to 2026-09-17 10:00:00+00:00, run_after=2026-09-17 11:00:00+00:00
[2026-09-17T10:58:50.096+0000] {processor.py:208} INFO - Processing /opt/airflow/dags/youtube_extract_pipeline.py took 0.332 seconds
[2026-09-17T10:59:20.518+0000] {processor.py:186} INFO - Started process (PID=2725) to work on /opt/airflow/dags/youtube_extract_pipeline.py
[2026-09-17T10:59:20.523+0000] {processor.py:914} INFO - Processing file /opt/airflow/dags/youtube_extract_pipeline.py for tasks to queue
[2026-09-17T10:59:20.527+0000] {logging_mixin.py:190} INFO - [2026-09-17T10:59:20.526+0000] {dagbag.py:588} INFO - Filling up the DagBag from /opt/airflow/dags/youtube_extract_pipeline.py
[2026-09-17T10:59:20.654+0000] {processor.py:925} INFO - DAG(s) 'youtube_pipeline_extraction' retrieved from /opt/airflow/dags/youtube_extract_pipeline.py
[2026-09-17T10:59:20.754+0000] {logging_mixin.py:190} INFO - [2026-09-17T10:59:20.753+0000] {dag.py:3239} INFO - Sync 1 DAGs
[2026-09-17T10:59:20.797+0000] {logging_mixin.py:190} INFO - [2026-09-17T10:59:20.797+0000] {dag.py:4180} INFO - Setting next_dagrun for youtube_pipeline_extraction to 2026-09-17 10:00:00+00:00, run_after=2026-09-17 11:00:00+00:00
[2026-09-17T10:59:20.832+0000] {processor.py:208} INFO - Processing /opt/airflow/dags/youtube_extract_pipeline.py took 0.329 seconds
[2026-09-17T10:59:51.323+0000] {processor.py:186} INFO - Started process (PID=2733) to work on /opt/airflow/dags/youtube_extract_pipeline.py
[2026-09-17T10:59:51.324+0000] {processor.py:914} INFO - Processing file /opt/airflow/dags/youtube_extract_pipeline.py for tasks to queue
[2026-09-17T10:59:51.333+0000] {logging_mixin.py:190} INFO - [2026-09-17T10:59:51.332+0000] {dagbag.py:588} INFO - Filling up the DagBag from /opt/airflow/dags/youtube_extract_pipeline.py
[2026-09-17T10:59:51.450+0000] {processor.py:925} INFO - DAG(s) 'youtube_pipeline_extraction' retrieved from /opt/airflow/dags/youtube_extract_pipeline.py
[2026-09-17T10:59:51.548+0000] {logging_mixin.py:190} INFO - [2026-09-17T10:59:51.547+0000] {dag.py:3239} INFO - Sync 1 DAGs
[2026-09-17T10:59:51.590+0000] {logging_mixin.py:190} INFO - [2026-09-17T10:59:51.590+0000] {dag.py:4180} INFO - Setting next_dagrun for youtube_pipeline_extraction to 2026-09-17 10:00:00+00:00, run_after=2026-09-17 11:00:00+00:00
[2026-09-17T10:59:51.636+0000] {processor.py:208} INFO - Processing /opt/airflow/dags/youtube_extract_pipeline.py took 0.321 seconds
[2026-09-17T11:00:22.347+0000] {processor.py:186} INFO - Started process (PID=2741) to work on /opt/airflow/dags/youtube_extract_pipeline.py
[2026-09-17T11:00:22.349+0000] {processor.py:914} INFO - Processing file /opt/airflow/dags/youtube_extract_pipeline.py for tasks to queue
[2026-09-17T11:00:22.350+0000] {logging_mixin.py:190} INFO - [2026-09-17T11:00:22.350+0000] {dagbag.py:588} INFO - Filling up the DagBag from /opt/airflow/dags/youtube_extract_pipeline.py
[2026-09-17T11:00:22.447+0000] {processor.py:925} INFO - DAG(s) 'youtube_pipeline_extraction' retrieved from /opt/airflow/dags/youtube_extract_pipeline.py
[2026-09-17T11:00:22.493+0000] {logging_mixin.py:190} INFO - [2026-09-17T11:00:22.492+0000] {dag.py:3239} INFO - Sync 1 DAGs
[2026-09-17T11:00:22.526+0000] {logging_mixin.py:190} INFO - [2026-09-17T11:00:22.526+0000] {dag.py:4180} INFO - Setting next_dagrun for youtube_pipeline_extraction to 2026-09-17 11:00:00+00:00, run_after=2026-09-17 12:00:00+00:00
[2026-09-17T11:00:22.559+0000] {processor.py:208} INFO - Processing /opt/airflow/dags/youtube_extract_pipeline.py took 0.218 seconds
[2026-09-17T11:00:53.344+0000] {processor.py:186} INFO - Started process (PID=2749) to work on /opt/airflow/dags/youtube_extract_pipeline.py
[2026-09-17T11:00:53.357+0000] {processor.py:914} INFO - Processing file /opt/airflow/dags/youtube_extract_pipeline.py for tasks to queue
[2026-09-17T11:00:53.363+0000] {logging_mixin.py:190} INFO - [2026-09-17T11:00:53.362+0000] {dagbag.py:588} INFO - Filling up the DagBag from /opt/airflow/dags/youtube_extract_pipeline.py
[2026-09-17T11:00:53.619+0000] {processor.py:925} INFO - DAG(s) 'youtube_pipeline_extraction' retrieved from /opt/airflow/dags/youtube_extract_pipeline.py
[2026-09-17T11:00:53.812+0000] {logging_mixin.py:190} INFO - [2026-09-17T11:00:53.810+0000] {dag.py:3239} INFO - Sync 1 DAGs
[2026-09-17T11:00:53.894+0000] {logging_mixin.py:190} INFO - [2026-09-17T11:00:53.893+0000] {dag.py:4180} INFO - Setting next_dagrun for youtube_pipeline_extraction to 2026-09-17 11:00:00+00:00, run_after=2026-09-17 12:00:00+00:00
[2026-09-17T11:00:53.958+0000] {processor.py:208} INFO - Processing /opt/airflow/dags/youtube_extract_pipeline.py took 0.651 seconds
[2026-09-17T11:01:24.427+0000] {processor.py:186} INFO - Started process (PID=2757) to work on /opt/airflow/dags/youtube_extract_pipeline.py
[2026-09-17T11:01:24.430+0000] {processor.py:914} INFO - Processing file /opt/airflow/dags/youtube_extract_pipeline.py for tasks to queue
[2026-09-17T11:01:24.433+0000] {logging_mixin.py:190} INFO - [2026-09-17T11:01:24.433+0000] {dagbag.py:588} INFO - Filling up the DagBag from /opt/airflow/dags/youtube_extract_pipeline.py
[2026-09-17T11:01:24.534+0000] {processor.py:925} INFO - DAG(s) 'youtube_pipeline_extraction' retrieved from /opt/airflow/dags/youtube_extract_pipeline.py
[2026-09-17T11:01:24.607+0000] {logging_mixin.py:190} INFO - [2026-09-17T11:01:24.606+0000] {dag.py:3239} INFO - Sync 1 DAGs
[2026-09-17T11:01:24.644+0000] {logging_mixin.py:190} INFO - [2026-09-17T11:01:24.644+0000] {dag.py:4180} INFO - Setting next_dagrun for youtube_pipeline_extraction to 2026-09-17 11:00:00+00:00, run_after=2026-09-17 12:00:00+00:00
[2026-09-17T11:01:24.675+0000] {processor.py:208} INFO - Processing /opt/airflow/dags/youtube_extract_pipeline.py took 0.259 seconds
[2026-09-17T11:01:55.083+0000] {processor.py:186} INFO - Started process (PID=2765) to work on /opt/airflow/dags/youtube_extract_pipeline.py
[2026-09-17T11:01:55.086+0000] {processor.py:914} INFO - Processing file /opt/airflow/dags/youtube_extract_pipeline.py for tasks to queue
[2026-09-17T11:01:55.090+0000] {logging_mixin.py:190} INFO - [2026-09-17T11:01:55.089+0000] {dagbag.py:588} INFO - Filling up the DagBag from /opt/airflow/dags/youtube_extract_pipeline.py
[2026-09-17T11:01:55.214+0000] {processor.py:925} INFO - DAG(s) 'youtube_pipeline_extraction' retrieved from /opt/airflow/dags/youtube_extract_pipeline.py
[2026-09-17T11:01:55.431+0000] {logging_mixin.py:190} INFO - [2026-09-17T11:01:55.431+0000] {dag.py:3239} INFO - Sync 1 DAGs
[2026-09-17T11:01:55.502+0000] {logging_mixin.py:190} INFO - [2026-09-17T11:01:55.502+0000] {dag.py:4180} INFO - Setting next_dagrun for youtube_pipeline_extraction to 2026-09-17 11:00:00+00:00, run_after=2026-09-17 12:00:00+00:00
[2026-09-17T11:01:55.542+0000] {processor.py:208} INFO - Processing /opt/airflow/dags/youtube_extract_pipeline.py took 0.476 seconds
[2026-09-17T11:02:26.005+0000] {processor.py:186} INFO - Started process (PID=2773) to work on /opt/airflow/dags/youtube_extract_pipeline.py
[2026-09-17T11:02:26.007+0000] {processor.py:914} INFO - Processing file /opt/airflow/dags/youtube_extract_pipeline.py for tasks to queue
[2026-09-17T11:02:26.010+0000] {logging_mixin.py:190} INFO - [2026-09-17T11:02:26.009+0000] {dagbag.py:588} INFO - Filling up the DagBag from /opt/airflow/dags/youtube_extract_pipeline.py
[2026-09-17T11:02:26.103+0000] {processor.py:925} INFO - DAG(s) 'youtube_pipeline_extraction' retrieved from /opt/airflow/dags/youtube_extract_pipeline.py
[2026-09-17T11:02:26.169+0000] {logging_mixin.py:190} INFO - [2026-09-17T11:02:26.169+0000] {dag.py:3239} INFO - Sync 1 DAGs
[2026-09-17T11:02:26.200+0000] {logging_mixin.py:190} INFO - [2026-09-17T11:02:26.200+0000] {dag.py:4180} INFO - Setting next_dagrun for youtube_pipeline_extraction to 2026-09-17 11:00:00+00:00, run_after=2026-09-17 12:00:00+00:00
[2026-09-17T11:02:26.224+0000] {processor.py:208} INFO - Processing /opt/airflow/dags/youtube_extract_pipeline.py took 0.226 seconds
[2026-09-17T11:02:56.415+0000] {processor.py:186} INFO - Started process (PID=2781) to work on /opt/airflow/dags/youtube_extract_pipeline.py
[2026-09-17T11:02:56.421+0000] {processor.py:914} INFO - Processing file /opt/airflow/dags/youtube_extract_pipeline.py for tasks to queue
[2026-09-17T11:02:56.423+0000] {logging_mixin.py:190} INFO - [2026-09-17T11:02:56.423+0000] {dagbag.py:588} INFO - Filling up the DagBag from /opt/airflow/dags/youtube_extract_pipeline.py
[2026-09-17T11:02:56.527+0000] {processor.py:925} INFO - DAG(s) 'youtube_pipeline_extraction' retrieved from /opt/airflow/dags/youtube_extract_pipeline.py
[2026-09-17T11:02:56.604+0000] {logging_mixin.py:190} INFO - [2026-09-17T11:02:56.604+0000] {dag.py:3239} INFO - Sync 1 DAGs
[2026-09-17T11:02:56.634+0000] {logging_mixin.py:190} INFO - [2026-09-17T11:02:56.633+0000] {dag.py:4180} INFO - Setting next_dagrun for youtube_pipeline_extraction to 2026-09-17 11:00:00+00:00, run_after=2026-09-17 12:00:00+00:00
[2026-09-17T11:02:56.667+0000] {processor.py:208} INFO - Processing /opt/airflow/dags/youtube_extract_pipeline.py took 0.258 seconds
[2026-09-17T11:03:27.152+0000] {processor.py:186} INFO - Started process (PID=2789) to work on /opt/airflow/dags/youtube_extract_pipeline.py
[2026-09-17T11:03:27.155+0000] {processor.py:914} INFO - Processing file /opt/airflow/dags/youtube_extract_pipeline.py for tasks to queue
[2026-09-17T11:03:27.158+0000] {logging_mixin.py:190} INFO - [2026-09-17T11:03:27.157+0000] {dagbag.py:588} INFO - Filling up the DagBag from /opt/airflow/dags/youtube_extract_pipeline.py
[2026-09-17T11:03:27.266+0000] {processor.py:925} INFO - DAG(s) 'youtube_pipeline_extraction' retrieved from /opt/airflow/dags/youtube_extract_pipeline.py
[2026-09-17T11:03:27.329+0000] {logging_mixin.py:190} INFO - [2026-09-17T11:03:27.329+0000] {dag.py:3239} INFO - Sync 1 DAGs
[2026-09-17T11:03:27.380+0000] {logging_mixin.py:190} INFO - [2026-09-17T11:03:27.380+0000] {dag.py:4180} INFO - Setting next_dagrun for youtube_pipeline_extraction to 2026-09-17 11:00:00+00:00, run_after=2026-09-17 12:00:00+00:00
[2026-09-17T11:03:27.419+0000] {processor.py:208} INFO - Processing /opt/airflow/dags/youtube_extract_pipeline.py took 0.284 seconds
[2026-09-17T11:03:57.791+0000] {processor.py:186} INFO - Started process (PID=2797) to work on /opt/airflow/dags/youtube_extract_pipeline.py
[2026-09-17T11:03:57.794+0000] {processor.py:914} INFO - Processing file /opt/airflow/dags/youtube_extract_pipeline.py for tasks to queue
[2026-09-17T11:03:57.796+0000] {logging_mixin.py:190} INFO - [2026-09-17T11:03:57.796+0000] {dagbag.py:588} INFO - Filling up the DagBag from /opt/airflow/dags/youtube_extract_pipeline.py
[2026-09-17T11:03:57.887+0000] {processor.py:925} INFO - DAG(s) 'youtube_pipeline_extraction' retrieved from /opt/airflow/dags/youtube_extract_pipeline.py
[2026-09-17T11:03:57.939+0000] {logging_mixin.py:190} INFO - [2026-09-17T11:03:57.938+0000] {dag.py:3239} INFO - Sync 1 DAGs
[2026-09-17T11:03:57.982+0000] {logging_mixin.py:190} INFO - [2026-09-17T11:03:57.981+0000] {dag.py:4180} INFO - Setting next_dagrun for youtube_pipeline_extraction to 2026-09-17 11:00:00+00:00, run_after=2026-09-17 12:00:00+00:00
[2026-09-17T11:03:58.006+0000] {processor.py:208} INFO - Processing /opt/airflow/dags/youtube_extract_pipeline.py took 0.221 seconds
[2026-09-17T11:04:28.377+0000] {processor.py:186} INFO - Started process (PID=2805) to work on /opt/airflow/dags/youtube_extract_pipeline.py
[2026-09-17T11:04:28.379+0000] {processor.py:914} INFO - Processing file /opt/airflow/dags/youtube_extract_pipeline.py for tasks to queue
[2026-09-17T11:04:28.381+0000] {logging_mixin.py:190} INFO - [2026-09-17T11:04:28.380+0000] {dagbag.py:588} INFO - Filling up the DagBag from /opt/airflow/dags/youtube_extract_pipeline.py
[2026-09-17T11:04:28.478+0000] {processor.py:925} INFO - DAG(s) 'youtube_pipeline_extraction' retrieved from /opt/airflow/dags/youtube_extract_pipeline.py
[2026-09-17T11:04:28.543+0000] {logging_mixin.py:190} INFO - [2026-09-17T11:04:28.542+0000] {dag.py:3239} INFO - Sync 1 DAGs
[2026-09-17T11:04:28.582+0000] {logging_mixin.py:190} INFO - [2026-09-17T11:04:28.582+0000] {dag.py:4180} INFO - Setting next_dagrun for youtube_pipeline_extraction to 2026-09-17 11:00:00+00:00, run_after=2026-09-17 12:00:00+00:00
[2026-09-17T11:04:28.603+0000] {processor.py:208} INFO - Processing /opt/airflow/dags/youtube_extract_pipeline.py took 0.232 seconds
[2026-09-17T11:04:59.012+0000] {processor.py:186} INFO - Started process (PID=2813) to work on /opt/airflow/dags/youtube_extract_pipeline.py
[2026-09-17T11:04:59.014+0000] {processor.py:914} INFO - Processing file /opt/airflow/dags/youtube_extract_pipeline.py for tasks to queue
[2026-09-17T11:04:59.016+0000] {logging_mixin.py:190} INFO - [2026-09-17T11:04:59.015+0000] {dagbag.py:588} INFO - Filling up the DagBag from /opt/airflow/dags/youtube_extract_pipeline.py
[2026-09-17T11:04:59.091+0000] {processor.py:925} INFO - DAG(s) 'youtube_pipeline_extraction' retrieved from /opt/airflow/dags/youtube_extract_pipeline.py
[2026-09-17T11:04:59.138+0000] {logging_mixin.py:190} INFO - [2026-09-17T11:04:59.138+0000] {dag.py:3239} INFO - Sync 1 DAGs
[2026-09-17T11:04:59.169+0000] {logging_mixin.py:190} INFO - [2026-09-17T11:04:59.169+0000] {dag.py:4180} INFO - Setting next_dagrun for youtube_pipeline_extraction to 2026-09-17 11:00:00+00:00, run_after=2026-09-17 12:00:00+00:00
[2026-09-17T11:04:59.193+0000] {processor.py:208} INFO - Processing /opt/airflow/dags/youtube_extract_pipeline.py took 0.188 seconds
[2026-09-17T11:05:29.611+0000] {processor.py:186} INFO - Started process (PID=2821) to work on /opt/airflow/dags/youtube_extract_pipeline.py
[2026-09-17T11:05:29.614+0000] {processor.py:914} INFO - Processing file /opt/airflow/dags/youtube_extract_pipeline.py for tasks to queue
[2026-09-17T11:05:29.619+0000] {logging_mixin.py:190} INFO - [2026-09-17T11:05:29.618+0000] {dagbag.py:588} INFO - Filling up the DagBag from /opt/airflow/dags/youtube_extract_pipeline.py
[2026-09-17T11:05:29.861+0000] {processor.py:925} INFO - DAG(s) 'youtube_pipeline_extraction' retrieved from /opt/airflow/dags/youtube_extract_pipeline.py
[2026-09-17T11:05:30.352+0000] {logging_mixin.py:190} INFO - [2026-09-17T11:05:30.348+0000] {dag.py:3239} INFO - Sync 1 DAGs
[2026-09-17T11:05:30.533+0000] {logging_mixin.py:190} INFO - [2026-09-17T11:05:30.530+0000] {dag.py:4180} INFO - Setting next_dagrun for youtube_pipeline_extraction to 2026-09-17 11:00:00+00:00, run_after=2026-09-17 12:00:00+00:00
[2026-09-17T11:05:30.667+0000] {processor.py:208} INFO - Processing /opt/airflow/dags/youtube_extract_pipeline.py took 1.083 seconds
[2026-09-17T11:06:01.108+0000] {processor.py:186} INFO - Started process (PID=2829) to work on /opt/airflow/dags/youtube_extract_pipeline.py
[2026-09-17T11:06:01.109+0000] {processor.py:914} INFO - Processing file /opt/airflow/dags/youtube_extract_pipeline.py for tasks to queue
[2026-09-17T11:06:01.112+0000] {logging_mixin.py:190} INFO - [2026-09-17T11:06:01.111+0000] {dagbag.py:588} INFO - Filling up the DagBag from /opt/airflow/dags/youtube_extract_pipeline.py
[2026-09-17T11:06:01.197+0000] {processor.py:925} INFO - DAG(s) 'youtube_pipeline_extraction' retrieved from /opt/airflow/dags/youtube_extract_pipeline.py
[2026-09-17T11:06:01.257+0000] {logging_mixin.py:190} INFO - [2026-09-17T11:06:01.257+0000] {dag.py:3239} INFO - Sync 1 DAGs
[2026-09-17T11:06:01.281+0000] {logging_mixin.py:190} INFO - [2026-09-17T11:06:01.281+0000] {dag.py:4180} INFO - Setting next_dagrun for youtube_pipeline_extraction to 2026-09-17 11:00:00+00:00, run_after=2026-09-17 12:00:00+00:00
[2026-09-17T11:06:01.301+0000] {processor.py:208} INFO - Processing /opt/airflow/dags/youtube_extract_pipeline.py took 0.199 seconds
[2026-09-17T11:06:31.710+0000] {processor.py:186} INFO - Started process (PID=2837) to work on /opt/airflow/dags/youtube_extract_pipeline.py
[2026-09-17T11:06:31.712+0000] {processor.py:914} INFO - Processing file /opt/airflow/dags/youtube_extract_pipeline.py for tasks to queue
[2026-09-17T11:06:31.714+0000] {logging_mixin.py:190} INFO - [2026-09-17T11:06:31.714+0000] {dagbag.py:588} INFO - Filling up the DagBag from /opt/airflow/dags/youtube_extract_pipeline.py
[2026-09-17T11:06:31.783+0000] {processor.py:925} INFO - DAG(s) 'youtube_pipeline_extraction' retrieved from /opt/airflow/dags/youtube_extract_pipeline.py
[2026-09-17T11:06:31.826+0000] {logging_mixin.py:190} INFO - [2026-09-17T11:06:31.826+0000] {dag.py:3239} INFO - Sync 1 DAGs
[2026-09-17T11:06:31.855+0000] {logging_mixin.py:190} INFO - [2026-09-17T11:06:31.855+0000] {dag.py:4180} INFO - Setting next_dagrun for youtube_pipeline_extraction to 2026-09-17 11:00:00+00:00, run_after=2026-09-17 12:00:00+00:00
[2026-09-17T11:06:31.877+0000] {processor.py:208} INFO - Processing /opt/airflow/dags/youtube_extract_pipeline.py took 0.172 seconds
[2026-09-17T11:07:02.278+0000] {processor.py:186} INFO - Started process (PID=2846) to work on /opt/airflow/dags/youtube_extract_pipeline.py
[2026-09-17T11:07:02.280+0000] {processor.py:914} INFO - Processing file /opt/airflow/dags/youtube_extract_pipeline.py for tasks to queue
[2026-09-17T11:07:02.282+0000] {logging_mixin.py:190} INFO - [2026-09-17T11:07:02.282+0000] {dagbag.py:588} INFO - Filling up the DagBag from /opt/airflow/dags/youtube_extract_pipeline.py
[2026-09-17T11:07:02.380+0000] {processor.py:925} INFO - DAG(s) 'youtube_pipeline_extraction' retrieved from /opt/airflow/dags/youtube_extract_pipeline.py
[2026-09-17T11:07:02.443+0000] {logging_mixin.py:190} INFO - [2026-09-17T11:07:02.443+0000] {dag.py:3239} INFO - Sync 1 DAGs
[2026-09-17T11:07:02.476+0000] {logging_mixin.py:190} INFO - [2026-09-17T11:07:02.476+0000] {dag.py:4180} INFO - Setting next_dagrun for youtube_pipeline_extraction to 2026-09-17 11:00:00+00:00, run_after=2026-09-17 12:00:00+00:00
[2026-09-17T11:07:02.496+0000] {processor.py:208} INFO - Processing /opt/airflow/dags/youtube_extract_pipeline.py took 0.224 seconds
[2026-09-17T11:07:32.858+0000] {processor.py:186} INFO - Started process (PID=2854) to work on /opt/airflow/dags/youtube_extract_pipeline.py
[2026-09-17T11:07:32.862+0000] {processor.py:914} INFO - Processing file /opt/airflow/dags/youtube_extract_pipeline.py for tasks to queue
[2026-09-17T11:07:32.867+0000] {logging_mixin.py:190} INFO - [2026-09-17T11:07:32.865+0000] {dagbag.py:588} INFO - Filling up the DagBag from /opt/airflow/dags/youtube_extract_pipeline.py
[2026-09-17T11:07:33.026+0000] {processor.py:925} INFO - DAG(s) 'youtube_pipeline_extraction' retrieved from /opt/airflow/dags/youtube_extract_pipeline.py
[2026-09-17T11:07:33.148+0000] {logging_mixin.py:190} INFO - [2026-09-17T11:07:33.148+0000] {dag.py:3239} INFO - Sync 1 DAGs
[2026-09-17T11:07:33.200+0000] {logging_mixin.py:190} INFO - [2026-09-17T11:07:33.200+0000] {dag.py:4180} INFO - Setting next_dagrun for youtube_pipeline_extraction to 2026-09-17 11:00:00+00:00, run_after=2026-09-17 12:00:00+00:00
[2026-09-17T11:07:33.225+0000] {processor.py:208} INFO - Processing /opt/airflow/dags/youtube_extract_pipeline.py took 0.380 seconds
[2026-09-17T11:08:03.711+0000] {processor.py:186} INFO - Started process (PID=2862) to work on /opt/airflow/dags/youtube_extract_pipeline.py
[2026-09-17T11:08:03.714+0000] {processor.py:914} INFO - Processing file /opt/airflow/dags/youtube_extract_pipeline.py for tasks to queue
[2026-09-17T11:08:03.717+0000] {logging_mixin.py:190} INFO - [2026-09-17T11:08:03.716+0000] {dagbag.py:588} INFO - Filling up the DagBag from /opt/airflow/dags/youtube_extract_pipeline.py
[2026-09-17T11:08:03.806+0000] {processor.py:925} INFO - DAG(s) 'youtube_pipeline_extraction' retrieved from /opt/airflow/dags/youtube_extract_pipeline.py
[2026-09-17T11:08:03.879+0000] {logging_mixin.py:190} INFO - [2026-09-17T11:08:03.879+0000] {dag.py:3239} INFO - Sync 1 DAGs
[2026-09-17T11:08:03.908+0000] {logging_mixin.py:190} INFO - [2026-09-17T11:08:03.908+0000] {dag.py:4180} INFO - Setting next_dagrun for youtube_pipeline_extraction to 2026-09-17 11:00:00+00:00, run_after=2026-09-17 12:00:00+00:00
[2026-09-17T11:08:03.928+0000] {processor.py:208} INFO - Processing /opt/airflow/dags/youtube_extract_pipeline.py took 0.222 seconds
[2026-09-17T11:08:34.291+0000] {processor.py:186} INFO - Started process (PID=2870) to work on /opt/airflow/dags/youtube_extract_pipeline.py
[2026-09-17T11:08:34.293+0000] {processor.py:914} INFO - Processing file /opt/airflow/dags/youtube_extract_pipeline.py for tasks to queue
[2026-09-17T11:08:34.295+0000] {logging_mixin.py:190} INFO - [2026-09-17T11:08:34.294+0000] {dagbag.py:588} INFO - Filling up the DagBag from /opt/airflow/dags/youtube_extract_pipeline.py
[2026-09-17T11:08:34.362+0000] {processor.py:925} INFO - DAG(s) 'youtube_pipeline_extraction' retrieved from /opt/airflow/dags/youtube_extract_pipeline.py
[2026-09-17T11:08:34.419+0000] {logging_mixin.py:190} INFO - [2026-09-17T11:08:34.418+0000] {dag.py:3239} INFO - Sync 1 DAGs
[2026-09-17T11:08:34.450+0000] {logging_mixin.py:190} INFO - [2026-09-17T11:08:34.450+0000] {dag.py:4180} INFO - Setting next_dagrun for youtube_pipeline_extraction to 2026-09-17 11:00:00+00:00, run_after=2026-09-17 12:00:00+00:00
[2026-09-17T11:08:34.474+0000] {processor.py:208} INFO - Processing /opt/airflow/dags/youtube_extract_pipeline.py took 0.189 seconds
[2026-09-17T11:09:04.880+0000] {processor.py:186} INFO - Started process (PID=2878) to work on /opt/airflow/dags/youtube_extract_pipeline.py
[2026-09-17T11:09:04.883+0000] {processor.py:914} INFO - Processing file /opt/airflow/dags/youtube_extract_pipeline.py for tasks to queue
[2026-09-17T11:09:04.889+0000] {logging_mixin.py:190} INFO - [2026-09-17T11:09:04.885+0000] {dagbag.py:588} INFO - Filling up the DagBag from /opt/airflow/dags/youtube_extract_pipeline.py
[2026-09-17T11:09:04.985+0000] {processor.py:925} INFO - DAG(s) 'youtube_pipeline_extraction' retrieved from /opt/airflow/dags/youtube_extract_pipeline.py
[2026-09-17T11:09:05.053+0000] {logging_mixin.py:190} INFO - [2026-09-17T11:09:05.052+0000] {dag.py:3239} INFO - Sync 1 DAGs
[2026-09-17T11:09:05.101+0000] {logging_mixin.py:190} INFO - [2026-09-17T11:09:05.101+0000] {dag.py:4180} INFO - Setting next_dagrun for youtube_pipeline_extraction to 2026-09-17 11:00:00+00:00, run_after=2026-09-17 12:00:00+00:00
[2026-09-17T11:09:05.135+0000] {processor.py:208} INFO - Processing /opt/airflow/dags/youtube_extract_pipeline.py took 0.271 seconds
[2026-09-17T11:09:35.502+0000] {processor.py:186} INFO - Started process (PID=2886) to work on /opt/airflow/dags/youtube_extract_pipeline.py
[2026-09-17T11:09:35.504+0000] {processor.py:914} INFO - Processing file /opt/airflow/dags/youtube_extract_pipeline.py for tasks to queue
[2026-09-17T11:09:35.505+0000] {logging_mixin.py:190} INFO - [2026-09-17T11:09:35.505+0000] {dagbag.py:588} INFO - Filling up the DagBag from /opt/airflow/dags/youtube_extract_pipeline.py
[2026-09-17T11:09:35.572+0000] {processor.py:925} INFO - DAG(s) 'youtube_pipeline_extraction' retrieved from /opt/airflow/dags/youtube_extract_pipeline.py
[2026-09-17T11:09:35.599+0000] {logging_mixin.py:190} INFO - [2026-09-17T11:09:35.598+0000] {dag.py:3239} INFO - Sync 1 DAGs
[2026-09-17T11:09:35.625+0000] {logging_mixin.py:190} INFO - [2026-09-17T11:09:35.625+0000] {dag.py:4180} INFO - Setting next_dagrun for youtube_pipeline_extraction to 2026-09-17 11:00:00+00:00, run_after=2026-09-17 12:00:00+00:00
[2026-09-17T11:09:35.652+0000] {processor.py:208} INFO - Processing /opt/airflow/dags/youtube_extract_pipeline.py took 0.156 seconds
[2026-09-17T11:10:05.889+0000] {processor.py:186} INFO - Started process (PID=2895) to work on /opt/airflow/dags/youtube_extract_pipeline.py
[2026-09-17T11:10:05.890+0000] {processor.py:914} INFO - Processing file /opt/airflow/dags/youtube_extract_pipeline.py for tasks to queue
[2026-09-17T11:10:05.892+0000] {logging_mixin.py:190} INFO - [2026-09-17T11:10:05.892+0000] {dagbag.py:588} INFO - Filling up the DagBag from /opt/airflow/dags/youtube_extract_pipeline.py
[2026-09-17T11:10:05.974+0000] {processor.py:925} INFO - DAG(s) 'youtube_pipeline_extraction' retrieved from /opt/airflow/dags/youtube_extract_pipeline.py
[2026-09-17T11:10:06.024+0000] {logging_mixin.py:190} INFO - [2026-09-17T11:10:06.024+0000] {dag.py:3239} INFO - Sync 1 DAGs
[2026-09-17T11:10:06.051+0000] {logging_mixin.py:190} INFO - [2026-09-17T11:10:06.050+0000] {dag.py:4180} INFO - Setting next_dagrun for youtube_pipeline_extraction to 2026-09-17 11:00:00+00:00, run_after=2026-09-17 12:00:00+00:00
[2026-09-17T11:10:06.069+0000] {processor.py:208} INFO - Processing /opt/airflow/dags/youtube_extract_pipeline.py took 0.187 seconds
[2026-09-17T11:10:36.417+0000] {processor.py:186} INFO - Started process (PID=2903) to work on /opt/airflow/dags/youtube_extract_pipeline.py
[2026-09-17T11:10:36.419+0000] {processor.py:914} INFO - Processing file /opt/airflow/dags/youtube_extract_pipeline.py for tasks to queue
[2026-09-17T11:10:36.421+0000] {logging_mixin.py:190} INFO - [2026-09-17T11:10:36.420+0000] {dagbag.py:588} INFO - Filling up the DagBag from /opt/airflow/dags/youtube_extract_pipeline.py
[2026-09-17T11:10:36.522+0000] {processor.py:925} INFO - DAG(s) 'youtube_pipeline_extraction' retrieved from /opt/airflow/dags/youtube_extract_pipeline.py
[2026-09-17T11:10:36.602+0000] {logging_mixin.py:190} INFO - [2026-09-17T11:10:36.601+0000] {dag.py:3239} INFO - Sync 1 DAGs
[2026-09-17T11:10:36.632+0000] {logging_mixin.py:190} INFO - [2026-09-17T11:10:36.632+0000] {dag.py:4180} INFO - Setting next_dagrun for youtube_pipeline_extraction to 2026-09-17 11:00:00+00:00, run_after=2026-09-17 12:00:00+00:00
[2026-09-17T11:10:36.654+0000] {processor.py:208} INFO - Processing /opt/airflow/dags/youtube_extract_pipeline.py took 0.242 seconds
[2026-09-17T11:11:06.985+0000] {processor.py:186} INFO - Started process (PID=2911) to work on /opt/airflow/dags/youtube_extract_pipeline.py
[2026-09-17T11:11:06.987+0000] {processor.py:914} INFO - Processing file /opt/airflow/dags/youtube_extract_pipeline.py for tasks to queue
[2026-09-17T11:11:06.988+0000] {logging_mixin.py:190} INFO - [2026-09-17T11:11:06.988+0000] {dagbag.py:588} INFO - Filling up the DagBag from /opt/airflow/dags/youtube_extract_pipeline.py
[2026-09-17T11:11:07.061+0000] {processor.py:925} INFO - DAG(s) 'youtube_pipeline_extraction' retrieved from /opt/airflow/dags/youtube_extract_pipeline.py
[2026-09-17T11:11:07.103+0000] {logging_mixin.py:190} INFO - [2026-09-17T11:11:07.103+0000] {dag.py:3239} INFO - Sync 1 DAGs
[2026-09-17T11:11:07.129+0000] {logging_mixin.py:190} INFO - [2026-09-17T11:11:07.129+0000] {dag.py:4180} INFO - Setting next_dagrun for youtube_pipeline_extraction to 2026-09-17 11:00:00+00:00, run_after=2026-09-17 12:00:00+00:00
[2026-09-17T11:11:07.149+0000] {processor.py:208} INFO - Processing /opt/airflow/dags/youtube_extract_pipeline.py took 0.169 seconds
[2026-09-17T11:11:37.524+0000] {processor.py:186} INFO - Started process (PID=2919) to work on /opt/airflow/dags/youtube_extract_pipeline.py
[2026-09-17T11:11:37.526+0000] {processor.py:914} INFO - Processing file /opt/airflow/dags/youtube_extract_pipeline.py for tasks to queue
[2026-09-17T11:11:37.529+0000] {logging_mixin.py:190} INFO - [2026-09-17T11:11:37.528+0000] {dagbag.py:588} INFO - Filling up the DagBag from /opt/airflow/dags/youtube_extract_pipeline.py
[2026-09-17T11:11:37.613+0000] {processor.py:925} INFO - DAG(s) 'youtube_pipeline_extraction' retrieved from /opt/airflow/dags/youtube_extract_pipeline.py
[2026-09-17T11:11:37.671+0000] {logging_mixin.py:190} INFO - [2026-09-17T11:11:37.671+0000] {dag.py:3239} INFO - Sync 1 DAGs
[2026-09-17T11:11:37.696+0000] {logging_mixin.py:190} INFO - [2026-09-17T11:11:37.696+0000] {dag.py:4180} INFO - Setting next_dagrun for youtube_pipeline_extraction to 2026-09-17 11:00:00+00:00, run_after=2026-09-17 12:00:00+00:00
[2026-09-17T11:11:37.722+0000] {processor.py:208} INFO - Processing /opt/airflow/dags/youtube_extract_pipeline.py took 0.208 seconds
[2026-09-17T11:12:08.222+0000] {processor.py:186} INFO - Started process (PID=2927) to work on /opt/airflow/dags/youtube_extract_pipeline.py
[2026-09-17T11:12:08.225+0000] {processor.py:914} INFO - Processing file /opt/airflow/dags/youtube_extract_pipeline.py for tasks to queue
[2026-09-17T11:12:08.227+0000] {logging_mixin.py:190} INFO - [2026-09-17T11:12:08.226+0000] {dagbag.py:588} INFO - Filling up the DagBag from /opt/airflow/dags/youtube_extract_pipeline.py
[2026-09-17T11:12:08.314+0000] {processor.py:925} INFO - DAG(s) 'youtube_pipeline_extraction' retrieved from /opt/airflow/dags/youtube_extract_pipeline.py
[2026-09-17T11:12:08.392+0000] {logging_mixin.py:190} INFO - [2026-09-17T11:12:08.392+0000] {dag.py:3239} INFO - Sync 1 DAGs
[2026-09-17T11:12:08.427+0000] {logging_mixin.py:190} INFO - [2026-09-17T11:12:08.426+0000] {dag.py:4180} INFO - Setting next_dagrun for youtube_pipeline_extraction to 2026-09-17 11:00:00+00:00, run_after=2026-09-17 12:00:00+00:00
[2026-09-17T11:12:08.452+0000] {processor.py:208} INFO - Processing /opt/airflow/dags/youtube_extract_pipeline.py took 0.241 seconds
[2026-09-17T11:12:38.791+0000] {processor.py:186} INFO - Started process (PID=2934) to work on /opt/airflow/dags/youtube_extract_pipeline.py
[2026-09-17T11:12:38.793+0000] {processor.py:914} INFO - Processing file /opt/airflow/dags/youtube_extract_pipeline.py for tasks to queue
[2026-09-17T11:12:38.796+0000] {logging_mixin.py:190} INFO - [2026-09-17T11:12:38.795+0000] {dagbag.py:588} INFO - Filling up the DagBag from /opt/airflow/dags/youtube_extract_pipeline.py
[2026-09-17T11:12:38.866+0000] {processor.py:925} INFO - DAG(s) 'youtube_pipeline_extraction' retrieved from /opt/airflow/dags/youtube_extract_pipeline.py
[2026-09-17T11:12:38.914+0000] {logging_mixin.py:190} INFO - [2026-09-17T11:12:38.914+0000] {dag.py:3239} INFO - Sync 1 DAGs
[2026-09-17T11:12:38.940+0000] {logging_mixin.py:190} INFO - [2026-09-17T11:12:38.940+0000] {dag.py:4180} INFO - Setting next_dagrun for youtube_pipeline_extraction to 2026-09-17 11:00:00+00:00, run_after=2026-09-17 12:00:00+00:00
[2026-09-17T11:12:38.964+0000] {processor.py:208} INFO - Processing /opt/airflow/dags/youtube_extract_pipeline.py took 0.182 seconds
[2026-09-17T11:13:09.306+0000] {processor.py:186} INFO - Started process (PID=2942) to work on /opt/airflow/dags/youtube_extract_pipeline.py
[2026-09-17T11:13:09.308+0000] {processor.py:914} INFO - Processing file /opt/airflow/dags/youtube_extract_pipeline.py for tasks to queue
[2026-09-17T11:13:09.310+0000] {logging_mixin.py:190} INFO - [2026-09-17T11:13:09.310+0000] {dagbag.py:588} INFO - Filling up the DagBag from /opt/airflow/dags/youtube_extract_pipeline.py
[2026-09-17T11:13:09.389+0000] {processor.py:925} INFO - DAG(s) 'youtube_pipeline_extraction' retrieved from /opt/airflow/dags/youtube_extract_pipeline.py
[2026-09-17T11:13:09.469+0000] {logging_mixin.py:190} INFO - [2026-09-17T11:13:09.468+0000] {dag.py:3239} INFO - Sync 1 DAGs
[2026-09-17T11:13:09.501+0000] {logging_mixin.py:190} INFO - [2026-09-17T11:13:09.501+0000] {dag.py:4180} INFO - Setting next_dagrun for youtube_pipeline_extraction to 2026-09-17 11:00:00+00:00, run_after=2026-09-17 12:00:00+00:00
[2026-09-17T11:13:09.528+0000] {processor.py:208} INFO - Processing /opt/airflow/dags/youtube_extract_pipeline.py took 0.229 seconds
[2026-09-17T11:13:39.737+0000] {processor.py:186} INFO - Started process (PID=2950) to work on /opt/airflow/dags/youtube_extract_pipeline.py
[2026-09-17T11:13:39.739+0000] {processor.py:914} INFO - Processing file /opt/airflow/dags/youtube_extract_pipeline.py for tasks to queue
[2026-09-17T11:13:39.741+0000] {logging_mixin.py:190} INFO - [2026-09-17T11:13:39.741+0000] {dagbag.py:588} INFO - Filling up the DagBag from /opt/airflow/dags/youtube_extract_pipeline.py
[2026-09-17T11:13:39.837+0000] {processor.py:925} INFO - DAG(s) 'youtube_pipeline_extraction' retrieved from /opt/airflow/dags/youtube_extract_pipeline.py
[2026-09-17T11:13:39.865+0000] {logging_mixin.py:190} INFO - [2026-09-17T11:13:39.865+0000] {dag.py:3239} INFO - Sync 1 DAGs
[2026-09-17T11:13:39.893+0000] {logging_mixin.py:190} INFO - [2026-09-17T11:13:39.893+0000] {dag.py:4180} INFO - Setting next_dagrun for youtube_pipeline_extraction to 2026-09-17 11:00:00+00:00, run_after=2026-09-17 12:00:00+00:00
[2026-09-17T11:13:39.918+0000] {processor.py:208} INFO - Processing /opt/airflow/dags/youtube_extract_pipeline.py took 0.187 seconds
[2026-09-17T11:14:10.274+0000] {processor.py:186} INFO - Started process (PID=2958) to work on /opt/airflow/dags/youtube_extract_pipeline.py
[2026-09-17T11:14:10.277+0000] {processor.py:914} INFO - Processing file /opt/airflow/dags/youtube_extract_pipeline.py for tasks to queue
[2026-09-17T11:14:10.279+0000] {logging_mixin.py:190} INFO - [2026-09-17T11:14:10.279+0000] {dagbag.py:588} INFO - Filling up the DagBag from /opt/airflow/dags/youtube_extract_pipeline.py
[2026-09-17T11:14:10.381+0000] {processor.py:925} INFO - DAG(s) 'youtube_pipeline_extraction' retrieved from /opt/airflow/dags/youtube_extract_pipeline.py
[2026-09-17T11:14:10.433+0000] {logging_mixin.py:190} INFO - [2026-09-17T11:14:10.432+0000] {dag.py:3239} INFO - Sync 1 DAGs
[2026-09-17T11:14:10.474+0000] {logging_mixin.py:190} INFO - [2026-09-17T11:14:10.473+0000] {dag.py:4180} INFO - Setting next_dagrun for youtube_pipeline_extraction to 2026-09-17 11:00:00+00:00, run_after=2026-09-17 12:00:00+00:00
[2026-09-17T11:14:10.501+0000] {processor.py:208} INFO - Processing /opt/airflow/dags/youtube_extract_pipeline.py took 0.236 seconds
[2026-09-17T11:14:41.006+0000] {processor.py:186} INFO - Started process (PID=2966) to work on /opt/airflow/dags/youtube_extract_pipeline.py
[2026-09-17T11:14:41.009+0000] {processor.py:914} INFO - Processing file /opt/airflow/dags/youtube_extract_pipeline.py for tasks to queue
[2026-09-17T11:14:41.011+0000] {logging_mixin.py:190} INFO - [2026-09-17T11:14:41.011+0000] {dagbag.py:588} INFO - Filling up the DagBag from /opt/airflow/dags/youtube_extract_pipeline.py
[2026-09-17T11:14:41.108+0000] {processor.py:925} INFO - DAG(s) 'youtube_pipeline_extraction' retrieved from /opt/airflow/dags/youtube_extract_pipeline.py
[2026-09-17T11:14:41.202+0000] {logging_mixin.py:190} INFO - [2026-09-17T11:14:41.201+0000] {dag.py:3239} INFO - Sync 1 DAGs
[2026-09-17T11:14:41.233+0000] {logging_mixin.py:190} INFO - [2026-09-17T11:14:41.233+0000] {dag.py:4180} INFO - Setting next_dagrun for youtube_pipeline_extraction to 2026-09-17 11:00:00+00:00, run_after=2026-09-17 12:00:00+00:00
[2026-09-17T11:14:41.260+0000] {processor.py:208} INFO - Processing /opt/airflow/dags/youtube_extract_pipeline.py took 0.266 seconds
[2026-09-17T11:15:11.650+0000] {processor.py:186} INFO - Started process (PID=2974) to work on /opt/airflow/dags/youtube_extract_pipeline.py
[2026-09-17T11:15:11.652+0000] {processor.py:914} INFO - Processing file /opt/airflow/dags/youtube_extract_pipeline.py for tasks to queue
[2026-09-17T11:15:11.654+0000] {logging_mixin.py:190} INFO - [2026-09-17T11:15:11.654+0000] {dagbag.py:588} INFO - Filling up the DagBag from /opt/airflow/dags/youtube_extract_pipeline.py
[2026-09-17T11:15:11.731+0000] {processor.py:925} INFO - DAG(s) 'youtube_pipeline_extraction' retrieved from /opt/airflow/dags/youtube_extract_pipeline.py
[2026-09-17T11:15:11.767+0000] {logging_mixin.py:190} INFO - [2026-09-17T11:15:11.766+0000] {dag.py:3239} INFO - Sync 1 DAGs
[2026-09-17T11:15:11.794+0000] {logging_mixin.py:190} INFO - [2026-09-17T11:15:11.794+0000] {dag.py:4180} INFO - Setting next_dagrun for youtube_pipeline_extraction to 2026-09-17 11:00:00+00:00, run_after=2026-09-17 12:00:00+00:00
[2026-09-17T11:15:11.820+0000] {processor.py:208} INFO - Processing /opt/airflow/dags/youtube_extract_pipeline.py took 0.176 seconds
[2026-09-17T11:15:41.990+0000] {processor.py:186} INFO - Started process (PID=2982) to work on /opt/airflow/dags/youtube_extract_pipeline.py
[2026-09-17T11:15:41.993+0000] {processor.py:914} INFO - Processing file /opt/airflow/dags/youtube_extract_pipeline.py for tasks to queue
[2026-09-17T11:15:41.996+0000] {logging_mixin.py:190} INFO - [2026-09-17T11:15:41.995+0000] {dagbag.py:588} INFO - Filling up the DagBag from /opt/airflow/dags/youtube_extract_pipeline.py
[2026-09-17T11:15:42.107+0000] {processor.py:925} INFO - DAG(s) 'youtube_pipeline_extraction' retrieved from /opt/airflow/dags/youtube_extract_pipeline.py
[2026-09-17T11:15:42.181+0000] {logging_mixin.py:190} INFO - [2026-09-17T11:15:42.180+0000] {dag.py:3239} INFO - Sync 1 DAGs
[2026-09-17T11:15:42.208+0000] {logging_mixin.py:190} INFO - [2026-09-17T11:15:42.207+0000] {dag.py:4180} INFO - Setting next_dagrun for youtube_pipeline_extraction to 2026-09-17 11:00:00+00:00, run_after=2026-09-17 12:00:00+00:00
[2026-09-17T11:15:42.231+0000] {processor.py:208} INFO - Processing /opt/airflow/dags/youtube_extract_pipeline.py took 0.250 seconds
[2026-09-17T11:16:12.556+0000] {processor.py:186} INFO - Started process (PID=2990) to work on /opt/airflow/dags/youtube_extract_pipeline.py
[2026-09-17T11:16:12.558+0000] {processor.py:914} INFO - Processing file /opt/airflow/dags/youtube_extract_pipeline.py for tasks to queue
[2026-09-17T11:16:12.561+0000] {logging_mixin.py:190} INFO - [2026-09-17T11:16:12.561+0000] {dagbag.py:588} INFO - Filling up the DagBag from /opt/airflow/dags/youtube_extract_pipeline.py
[2026-09-17T11:16:12.659+0000] {processor.py:925} INFO - DAG(s) 'youtube_pipeline_extraction' retrieved from /opt/airflow/dags/youtube_extract_pipeline.py
[2026-09-17T11:16:12.738+0000] {logging_mixin.py:190} INFO - [2026-09-17T11:16:12.737+0000] {dag.py:3239} INFO - Sync 1 DAGs
[2026-09-17T11:16:12.771+0000] {logging_mixin.py:190} INFO - [2026-09-17T11:16:12.771+0000] {dag.py:4180} INFO - Setting next_dagrun for youtube_pipeline_extraction to 2026-09-17 11:00:00+00:00, run_after=2026-09-17 12:00:00+00:00
[2026-09-17T11:16:12.800+0000] {processor.py:208} INFO - Processing /opt/airflow/dags/youtube_extract_pipeline.py took 0.251 seconds
[2026-09-17T11:16:43.170+0000] {processor.py:186} INFO - Started process (PID=2998) to work on /opt/airflow/dags/youtube_extract_pipeline.py
[2026-09-17T11:16:43.171+0000] {processor.py:914} INFO - Processing file /opt/airflow/dags/youtube_extract_pipeline.py for tasks to queue
[2026-09-17T11:16:43.174+0000] {logging_mixin.py:190} INFO - [2026-09-17T11:16:43.173+0000] {dagbag.py:588} INFO - Filling up the DagBag from /opt/airflow/dags/youtube_extract_pipeline.py
[2026-09-17T11:16:43.245+0000] {processor.py:925} INFO - DAG(s) 'youtube_pipeline_extraction' retrieved from /opt/airflow/dags/youtube_extract_pipeline.py
[2026-09-17T11:16:43.343+0000] {logging_mixin.py:190} INFO - [2026-09-17T11:16:43.343+0000] {dag.py:3239} INFO - Sync 1 DAGs
[2026-09-17T11:16:43.380+0000] {logging_mixin.py:190} INFO - [2026-09-17T11:16:43.380+0000] {dag.py:4180} INFO - Setting next_dagrun for youtube_pipeline_extraction to 2026-09-17 11:00:00+00:00, run_after=2026-09-17 12:00:00+00:00
[2026-09-17T11:16:43.412+0000] {processor.py:208} INFO - Processing /opt/airflow/dags/youtube_extract_pipeline.py took 0.247 seconds
[2026-09-17T11:17:13.778+0000] {processor.py:186} INFO - Started process (PID=3006) to work on /opt/airflow/dags/youtube_extract_pipeline.py
[2026-09-17T11:17:13.780+0000] {processor.py:914} INFO - Processing file /opt/airflow/dags/youtube_extract_pipeline.py for tasks to queue
[2026-09-17T11:17:13.784+0000] {logging_mixin.py:190} INFO - [2026-09-17T11:17:13.784+0000] {dagbag.py:588} INFO - Filling up the DagBag from /opt/airflow/dags/youtube_extract_pipeline.py
[2026-09-17T11:17:13.867+0000] {processor.py:925} INFO - DAG(s) 'youtube_pipeline_extraction' retrieved from /opt/airflow/dags/youtube_extract_pipeline.py
[2026-09-17T11:17:13.965+0000] {logging_mixin.py:190} INFO - [2026-09-17T11:17:13.964+0000] {dag.py:3239} INFO - Sync 1 DAGs
[2026-09-17T11:17:14.008+0000] {logging_mixin.py:190} INFO - [2026-09-17T11:17:14.007+0000] {dag.py:4180} INFO - Setting next_dagrun for youtube_pipeline_extraction to 2026-09-17 11:00:00+00:00, run_after=2026-09-17 12:00:00+00:00
[2026-09-17T11:17:14.040+0000] {processor.py:208} INFO - Processing /opt/airflow/dags/youtube_extract_pipeline.py took 0.269 seconds
[2026-09-17T11:17:44.187+0000] {processor.py:186} INFO - Started process (PID=3014) to work on /opt/airflow/dags/youtube_extract_pipeline.py
[2026-09-17T11:17:44.190+0000] {processor.py:914} INFO - Processing file /opt/airflow/dags/youtube_extract_pipeline.py for tasks to queue
[2026-09-17T11:17:44.193+0000] {logging_mixin.py:190} INFO - [2026-09-17T11:17:44.192+0000] {dagbag.py:588} INFO - Filling up the DagBag from /opt/airflow/dags/youtube_extract_pipeline.py
[2026-09-17T11:17:44.284+0000] {processor.py:925} INFO - DAG(s) 'youtube_pipeline_extraction' retrieved from /opt/airflow/dags/youtube_extract_pipeline.py
[2026-09-17T11:17:44.338+0000] {logging_mixin.py:190} INFO - [2026-09-17T11:17:44.338+0000] {dag.py:3239} INFO - Sync 1 DAGs
[2026-09-17T11:17:44.371+0000] {logging_mixin.py:190} INFO - [2026-09-17T11:17:44.371+0000] {dag.py:4180} INFO - Setting next_dagrun for youtube_pipeline_extraction to 2026-09-17 11:00:00+00:00, run_after=2026-09-17 12:00:00+00:00
[2026-09-17T11:17:44.393+0000] {processor.py:208} INFO - Processing /opt/airflow/dags/youtube_extract_pipeline.py took 0.217 seconds
[2026-09-17T11:18:15.350+0000] {processor.py:186} INFO - Started process (PID=3022) to work on /opt/airflow/dags/youtube_extract_pipeline.py
[2026-09-17T11:18:15.353+0000] {processor.py:914} INFO - Processing file /opt/airflow/dags/youtube_extract_pipeline.py for tasks to queue
[2026-09-17T11:18:15.356+0000] {logging_mixin.py:190} INFO - [2026-09-17T11:18:15.355+0000] {dagbag.py:588} INFO - Filling up the DagBag from /opt/airflow/dags/youtube_extract_pipeline.py
[2026-09-17T11:18:15.444+0000] {processor.py:925} INFO - DAG(s) 'youtube_pipeline_extraction' retrieved from /opt/airflow/dags/youtube_extract_pipeline.py
[2026-09-17T11:18:15.523+0000] {logging_mixin.py:190} INFO - [2026-09-17T11:18:15.523+0000] {dag.py:3239} INFO - Sync 1 DAGs
[2026-09-17T11:18:15.565+0000] {logging_mixin.py:190} INFO - [2026-09-17T11:18:15.565+0000] {dag.py:4180} INFO - Setting next_dagrun for youtube_pipeline_extraction to 2026-09-17 11:00:00+00:00, run_after=2026-09-17 12:00:00+00:00
[2026-09-17T11:18:15.588+0000] {processor.py:208} INFO - Processing /opt/airflow/dags/youtube_extract_pipeline.py took 0.520 seconds
[2026-09-17T11:18:45.959+0000] {processor.py:186} INFO - Started process (PID=3030) to work on /opt/airflow/dags/youtube_extract_pipeline.py
[2026-09-17T11:18:45.960+0000] {processor.py:914} INFO - Processing file /opt/airflow/dags/youtube_extract_pipeline.py for tasks to queue
[2026-09-17T11:18:45.963+0000] {logging_mixin.py:190} INFO - [2026-09-17T11:18:45.962+0000] {dagbag.py:588} INFO - Filling up the DagBag from /opt/airflow/dags/youtube_extract_pipeline.py
[2026-09-17T11:18:46.039+0000] {processor.py:925} INFO - DAG(s) 'youtube_pipeline_extraction' retrieved from /opt/airflow/dags/youtube_extract_pipeline.py
[2026-09-17T11:18:46.089+0000] {logging_mixin.py:190} INFO - [2026-09-17T11:18:46.089+0000] {dag.py:3239} INFO - Sync 1 DAGs
[2026-09-17T11:18:46.120+0000] {logging_mixin.py:190} INFO - [2026-09-17T11:18:46.120+0000] {dag.py:4180} INFO - Setting next_dagrun for youtube_pipeline_extraction to 2026-09-17 11:00:00+00:00, run_after=2026-09-17 12:00:00+00:00
[2026-09-17T11:18:46.140+0000] {processor.py:208} INFO - Processing /opt/airflow/dags/youtube_extract_pipeline.py took 0.186 seconds
[2026-09-17T11:19:16.572+0000] {processor.py:186} INFO - Started process (PID=3038) to work on /opt/airflow/dags/youtube_extract_pipeline.py
[2026-09-17T11:19:16.576+0000] {processor.py:914} INFO - Processing file /opt/airflow/dags/youtube_extract_pipeline.py for tasks to queue
[2026-09-17T11:19:16.577+0000] {logging_mixin.py:190} INFO - [2026-09-17T11:19:16.577+0000] {dagbag.py:588} INFO - Filling up the DagBag from /opt/airflow/dags/youtube_extract_pipeline.py
[2026-09-17T11:19:16.667+0000] {processor.py:925} INFO - DAG(s) 'youtube_pipeline_extraction' retrieved from /opt/airflow/dags/youtube_extract_pipeline.py
[2026-09-17T11:19:16.721+0000] {logging_mixin.py:190} INFO - [2026-09-17T11:19:16.721+0000] {dag.py:3239} INFO - Sync 1 DAGs
[2026-09-17T11:19:16.750+0000] {logging_mixin.py:190} INFO - [2026-09-17T11:19:16.750+0000] {dag.py:4180} INFO - Setting next_dagrun for youtube_pipeline_extraction to 2026-09-17 11:00:00+00:00, run_after=2026-09-17 12:00:00+00:00
[2026-09-17T11:19:16.771+0000] {processor.py:208} INFO - Processing /opt/airflow/dags/youtube_extract_pipeline.py took 0.208 seconds
[2026-09-17T11:19:47.147+0000] {processor.py:186} INFO - Started process (PID=3046) to work on /opt/airflow/dags/youtube_extract_pipeline.py
[2026-09-17T11:19:47.149+0000] {processor.py:914} INFO - Processing file /opt/airflow/dags/youtube_extract_pipeline.py for tasks to queue
[2026-09-17T11:19:47.151+0000] {logging_mixin.py:190} INFO - [2026-09-17T11:19:47.151+0000] {dagbag.py:588} INFO - Filling up the DagBag from /opt/airflow/dags/youtube_extract_pipeline.py
[2026-09-17T11:19:47.223+0000] {processor.py:925} INFO - DAG(s) 'youtube_pipeline_extraction' retrieved from /opt/airflow/dags/youtube_extract_pipeline.py
[2026-09-17T11:19:47.267+0000] {logging_mixin.py:190} INFO - [2026-09-17T11:19:47.267+0000] {dag.py:3239} INFO - Sync 1 DAGs
[2026-09-17T11:19:47.290+0000] {logging_mixin.py:190} INFO - [2026-09-17T11:19:47.289+0000] {dag.py:4180} INFO - Setting next_dagrun for youtube_pipeline_extraction to 2026-09-17 11:00:00+00:00, run_after=2026-09-17 12:00:00+00:00
[2026-09-17T11:19:47.312+0000] {processor.py:208} INFO - Processing /opt/airflow/dags/youtube_extract_pipeline.py took 0.173 seconds
[2026-09-17T11:20:17.778+0000] {processor.py:186} INFO - Started process (PID=3054) to work on /opt/airflow/dags/youtube_extract_pipeline.py
[2026-09-17T11:20:17.782+0000] {processor.py:914} INFO - Processing file /opt/airflow/dags/youtube_extract_pipeline.py for tasks to queue
[2026-09-17T11:20:17.784+0000] {logging_mixin.py:190} INFO - [2026-09-17T11:20:17.784+0000] {dagbag.py:588} INFO - Filling up the DagBag from /opt/airflow/dags/youtube_extract_pipeline.py
[2026-09-17T11:20:17.926+0000] {processor.py:925} INFO - DAG(s) 'youtube_pipeline_extraction' retrieved from /opt/airflow/dags/youtube_extract_pipeline.py
[2026-09-17T11:20:18.042+0000] {logging_mixin.py:190} INFO - [2026-09-17T11:20:18.042+0000] {dag.py:3239} INFO - Sync 1 DAGs
[2026-09-17T11:20:18.076+0000] {logging_mixin.py:190} INFO - [2026-09-17T11:20:18.076+0000] {dag.py:4180} INFO - Setting next_dagrun for youtube_pipeline_extraction to 2026-09-17 11:00:00+00:00, run_after=2026-09-17 12:00:00+00:00
[2026-09-17T11:20:18.096+0000] {processor.py:208} INFO - Processing /opt/airflow/dags/youtube_extract_pipeline.py took 0.329 seconds
[2026-09-17T11:20:48.496+0000] {processor.py:186} INFO - Started process (PID=3062) to work on /opt/airflow/dags/youtube_extract_pipeline.py
[2026-09-17T11:20:48.501+0000] {processor.py:914} INFO - Processing file /opt/airflow/dags/youtube_extract_pipeline.py for tasks to queue
[2026-09-17T11:20:48.506+0000] {logging_mixin.py:190} INFO - [2026-09-17T11:20:48.504+0000] {dagbag.py:588} INFO - Filling up the DagBag from /opt/airflow/dags/youtube_extract_pipeline.py
[2026-09-17T11:20:48.716+0000] {processor.py:925} INFO - DAG(s) 'youtube_pipeline_extraction' retrieved from /opt/airflow/dags/youtube_extract_pipeline.py
[2026-09-17T11:20:49.302+0000] {logging_mixin.py:190} INFO - [2026-09-17T11:20:49.290+0000] {dag.py:3239} INFO - Sync 1 DAGs
[2026-09-17T11:20:49.373+0000] {logging_mixin.py:190} INFO - [2026-09-17T11:20:49.373+0000] {dag.py:4180} INFO - Setting next_dagrun for youtube_pipeline_extraction to 2026-09-17 11:00:00+00:00, run_after=2026-09-17 12:00:00+00:00
[2026-09-17T11:20:49.418+0000] {processor.py:208} INFO - Processing /opt/airflow/dags/youtube_extract_pipeline.py took 0.963 seconds
[2026-09-17T11:21:19.779+0000] {processor.py:186} INFO - Started process (PID=3070) to work on /opt/airflow/dags/youtube_extract_pipeline.py
[2026-09-17T11:21:19.781+0000] {processor.py:914} INFO - Processing file /opt/airflow/dags/youtube_extract_pipeline.py for tasks to queue
[2026-09-17T11:21:19.784+0000] {logging_mixin.py:190} INFO - [2026-09-17T11:21:19.784+0000] {dagbag.py:588} INFO - Filling up the DagBag from /opt/airflow/dags/youtube_extract_pipeline.py
[2026-09-17T11:21:19.870+0000] {processor.py:925} INFO - DAG(s) 'youtube_pipeline_extraction' retrieved from /opt/airflow/dags/youtube_extract_pipeline.py
[2026-09-17T11:21:19.951+0000] {logging_mixin.py:190} INFO - [2026-09-17T11:21:19.951+0000] {dag.py:3239} INFO - Sync 1 DAGs
[2026-09-17T11:21:19.979+0000] {logging_mixin.py:190} INFO - [2026-09-17T11:21:19.979+0000] {dag.py:4180} INFO - Setting next_dagrun for youtube_pipeline_extraction to 2026-09-17 11:00:00+00:00, run_after=2026-09-17 12:00:00+00:00
[2026-09-17T11:21:20.000+0000] {processor.py:208} INFO - Processing /opt/airflow/dags/youtube_extract_pipeline.py took 0.232 seconds
[2026-09-17T11:21:50.323+0000] {processor.py:186} INFO - Started process (PID=3078) to work on /opt/airflow/dags/youtube_extract_pipeline.py
[2026-09-17T11:21:50.325+0000] {processor.py:914} INFO - Processing file /opt/airflow/dags/youtube_extract_pipeline.py for tasks to queue
[2026-09-17T11:21:50.327+0000] {logging_mixin.py:190} INFO - [2026-09-17T11:21:50.327+0000] {dagbag.py:588} INFO - Filling up the DagBag from /opt/airflow/dags/youtube_extract_pipeline.py
[2026-09-17T11:21:50.399+0000] {processor.py:925} INFO - DAG(s) 'youtube_pipeline_extraction' retrieved from /opt/airflow/dags/youtube_extract_pipeline.py
[2026-09-17T11:21:50.454+0000] {logging_mixin.py:190} INFO - [2026-09-17T11:21:50.454+0000] {dag.py:3239} INFO - Sync 1 DAGs
[2026-09-17T11:21:50.486+0000] {logging_mixin.py:190} INFO - [2026-09-17T11:21:50.486+0000] {dag.py:4180} INFO - Setting next_dagrun for youtube_pipeline_extraction to 2026-09-17 11:00:00+00:00, run_after=2026-09-17 12:00:00+00:00
[2026-09-17T11:21:50.507+0000] {processor.py:208} INFO - Processing /opt/airflow/dags/youtube_extract_pipeline.py took 0.195 seconds
[2026-09-17T11:22:20.858+0000] {processor.py:186} INFO - Started process (PID=3086) to work on /opt/airflow/dags/youtube_extract_pipeline.py
[2026-09-17T11:22:20.860+0000] {processor.py:914} INFO - Processing file /opt/airflow/dags/youtube_extract_pipeline.py for tasks to queue
[2026-09-17T11:22:20.862+0000] {logging_mixin.py:190} INFO - [2026-09-17T11:22:20.862+0000] {dagbag.py:588} INFO - Filling up the DagBag from /opt/airflow/dags/youtube_extract_pipeline.py
[2026-09-17T11:22:20.935+0000] {processor.py:925} INFO - DAG(s) 'youtube_pipeline_extraction' retrieved from /opt/airflow/dags/youtube_extract_pipeline.py
[2026-09-17T11:22:21.002+0000] {logging_mixin.py:190} INFO - [2026-09-17T11:22:21.002+0000] {dag.py:3239} INFO - Sync 1 DAGs
[2026-09-17T11:22:21.030+0000] {logging_mixin.py:190} INFO - [2026-09-17T11:22:21.030+0000] {dag.py:4180} INFO - Setting next_dagrun for youtube_pipeline_extraction to 2026-09-17 11:00:00+00:00, run_after=2026-09-17 12:00:00+00:00
[2026-09-17T11:22:21.052+0000] {processor.py:208} INFO - Processing /opt/airflow/dags/youtube_extract_pipeline.py took 0.201 seconds
[2026-09-17T11:22:51.380+0000] {processor.py:186} INFO - Started process (PID=3094) to work on /opt/airflow/dags/youtube_extract_pipeline.py
[2026-09-17T11:22:51.383+0000] {processor.py:914} INFO - Processing file /opt/airflow/dags/youtube_extract_pipeline.py for tasks to queue
[2026-09-17T11:22:51.385+0000] {logging_mixin.py:190} INFO - [2026-09-17T11:22:51.384+0000] {dagbag.py:588} INFO - Filling up the DagBag from /opt/airflow/dags/youtube_extract_pipeline.py
[2026-09-17T11:22:51.463+0000] {processor.py:925} INFO - DAG(s) 'youtube_pipeline_extraction' retrieved from /opt/airflow/dags/youtube_extract_pipeline.py
[2026-09-17T11:22:51.539+0000] {logging_mixin.py:190} INFO - [2026-09-17T11:22:51.539+0000] {dag.py:3239} INFO - Sync 1 DAGs
[2026-09-17T11:22:51.571+0000] {logging_mixin.py:190} INFO - [2026-09-17T11:22:51.571+0000] {dag.py:4180} INFO - Setting next_dagrun for youtube_pipeline_extraction to 2026-09-17 11:00:00+00:00, run_after=2026-09-17 12:00:00+00:00
[2026-09-17T11:22:51.593+0000] {processor.py:208} INFO - Processing /opt/airflow/dags/youtube_extract_pipeline.py took 0.221 seconds
[2026-09-17T11:23:21.889+0000] {processor.py:186} INFO - Started process (PID=3102) to work on /opt/airflow/dags/youtube_extract_pipeline.py
[2026-09-17T11:23:21.891+0000] {processor.py:914} INFO - Processing file /opt/airflow/dags/youtube_extract_pipeline.py for tasks to queue
[2026-09-17T11:23:21.893+0000] {logging_mixin.py:190} INFO - [2026-09-17T11:23:21.892+0000] {dagbag.py:588} INFO - Filling up the DagBag from /opt/airflow/dags/youtube_extract_pipeline.py
[2026-09-17T11:23:21.956+0000] {processor.py:925} INFO - DAG(s) 'youtube_pipeline_extraction' retrieved from /opt/airflow/dags/youtube_extract_pipeline.py
[2026-09-17T11:23:21.993+0000] {logging_mixin.py:190} INFO - [2026-09-17T11:23:21.993+0000] {dag.py:3239} INFO - Sync 1 DAGs
[2026-09-17T11:23:22.018+0000] {logging_mixin.py:190} INFO - [2026-09-17T11:23:22.018+0000] {dag.py:4180} INFO - Setting next_dagrun for youtube_pipeline_extraction to 2026-09-17 11:00:00+00:00, run_after=2026-09-17 12:00:00+00:00
[2026-09-17T11:23:22.040+0000] {processor.py:208} INFO - Processing /opt/airflow/dags/youtube_extract_pipeline.py took 0.157 seconds
[2026-09-17T11:23:52.436+0000] {processor.py:186} INFO - Started process (PID=3110) to work on /opt/airflow/dags/youtube_extract_pipeline.py
[2026-09-17T11:23:52.438+0000] {processor.py:914} INFO - Processing file /opt/airflow/dags/youtube_extract_pipeline.py for tasks to queue
[2026-09-17T11:23:52.442+0000] {logging_mixin.py:190} INFO - [2026-09-17T11:23:52.440+0000] {dagbag.py:588} INFO - Filling up the DagBag from /opt/airflow/dags/youtube_extract_pipeline.py
[2026-09-17T11:23:52.542+0000] {processor.py:925} INFO - DAG(s) 'youtube_pipeline_extraction' retrieved from /opt/airflow/dags/youtube_extract_pipeline.py
[2026-09-17T11:23:52.618+0000] {logging_mixin.py:190} INFO - [2026-09-17T11:23:52.617+0000] {dag.py:3239} INFO - Sync 1 DAGs
[2026-09-17T11:23:52.657+0000] {logging_mixin.py:190} INFO - [2026-09-17T11:23:52.657+0000] {dag.py:4180} INFO - Setting next_dagrun for youtube_pipeline_extraction to 2026-09-17 11:00:00+00:00, run_after=2026-09-17 12:00:00+00:00
[2026-09-17T11:23:52.678+0000] {processor.py:208} INFO - Processing /opt/airflow/dags/youtube_extract_pipeline.py took 0.250 seconds
[2026-09-17T11:24:23.043+0000] {processor.py:186} INFO - Started process (PID=3118) to work on /opt/airflow/dags/youtube_extract_pipeline.py
[2026-09-17T11:24:23.045+0000] {processor.py:914} INFO - Processing file /opt/airflow/dags/youtube_extract_pipeline.py for tasks to queue
[2026-09-17T11:24:23.048+0000] {logging_mixin.py:190} INFO - [2026-09-17T11:24:23.047+0000] {dagbag.py:588} INFO - Filling up the DagBag from /opt/airflow/dags/youtube_extract_pipeline.py
[2026-09-17T11:24:23.129+0000] {processor.py:925} INFO - DAG(s) 'youtube_pipeline_extraction' retrieved from /opt/airflow/dags/youtube_extract_pipeline.py
[2026-09-17T11:24:23.189+0000] {logging_mixin.py:190} INFO - [2026-09-17T11:24:23.189+0000] {dag.py:3239} INFO - Sync 1 DAGs
[2026-09-17T11:24:23.219+0000] {logging_mixin.py:190} INFO - [2026-09-17T11:24:23.218+0000] {dag.py:4180} INFO - Setting next_dagrun for youtube_pipeline_extraction to 2026-09-17 11:00:00+00:00, run_after=2026-09-17 12:00:00+00:00
[2026-09-17T11:24:23.247+0000] {processor.py:208} INFO - Processing /opt/airflow/dags/youtube_extract_pipeline.py took 0.212 seconds
[2026-09-17T11:24:53.623+0000] {processor.py:186} INFO - Started process (PID=3126) to work on /opt/airflow/dags/youtube_extract_pipeline.py
[2026-09-17T11:24:53.625+0000] {processor.py:914} INFO - Processing file /opt/airflow/dags/youtube_extract_pipeline.py for tasks to queue
[2026-09-17T11:24:53.627+0000] {logging_mixin.py:190} INFO - [2026-09-17T11:24:53.627+0000] {dagbag.py:588} INFO - Filling up the DagBag from /opt/airflow/dags/youtube_extract_pipeline.py
[2026-09-17T11:24:53.779+0000] {processor.py:925} INFO - DAG(s) 'youtube_pipeline_extraction' retrieved from /opt/airflow/dags/youtube_extract_pipeline.py
[2026-09-17T11:24:53.847+0000] {logging_mixin.py:190} INFO - [2026-09-17T11:24:53.847+0000] {dag.py:3239} INFO - Sync 1 DAGs
[2026-09-17T11:24:53.895+0000] {logging_mixin.py:190} INFO - [2026-09-17T11:24:53.895+0000] {dag.py:4180} INFO - Setting next_dagrun for youtube_pipeline_extraction to 2026-09-17 11:00:00+00:00, run_after=2026-09-17 12:00:00+00:00
[2026-09-17T11:24:53.930+0000] {processor.py:208} INFO - Processing /opt/airflow/dags/youtube_extract_pipeline.py took 0.314 seconds
[2026-09-17T11:25:24.233+0000] {processor.py:186} INFO - Started process (PID=3134) to work on /opt/airflow/dags/youtube_extract_pipeline.py
[2026-09-17T11:25:24.235+0000] {processor.py:914} INFO - Processing file /opt/airflow/dags/youtube_extract_pipeline.py for tasks to queue
[2026-09-17T11:25:24.237+0000] {logging_mixin.py:190} INFO - [2026-09-17T11:25:24.236+0000] {dagbag.py:588} INFO - Filling up the DagBag from /opt/airflow/dags/youtube_extract_pipeline.py
[2026-09-17T11:25:24.301+0000] {processor.py:925} INFO - DAG(s) 'youtube_pipeline_extraction' retrieved from /opt/airflow/dags/youtube_extract_pipeline.py
[2026-09-17T11:25:24.353+0000] {logging_mixin.py:190} INFO - [2026-09-17T11:25:24.353+0000] {dag.py:3239} INFO - Sync 1 DAGs
[2026-09-17T11:25:24.378+0000] {logging_mixin.py:190} INFO - [2026-09-17T11:25:24.378+0000] {dag.py:4180} INFO - Setting next_dagrun for youtube_pipeline_extraction to 2026-09-17 11:00:00+00:00, run_after=2026-09-17 12:00:00+00:00
[2026-09-17T11:25:24.400+0000] {processor.py:208} INFO - Processing /opt/airflow/dags/youtube_extract_pipeline.py took 0.173 seconds
[2026-09-17T11:25:54.726+0000] {processor.py:186} INFO - Started process (PID=3142) to work on /opt/airflow/dags/youtube_extract_pipeline.py
[2026-09-17T11:25:54.728+0000] {processor.py:914} INFO - Processing file /opt/airflow/dags/youtube_extract_pipeline.py for tasks to queue
[2026-09-17T11:25:54.730+0000] {logging_mixin.py:190} INFO - [2026-09-17T11:25:54.729+0000] {dagbag.py:588} INFO - Filling up the DagBag from /opt/airflow/dags/youtube_extract_pipeline.py
[2026-09-17T11:25:54.801+0000] {processor.py:925} INFO - DAG(s) 'youtube_pipeline_extraction' retrieved from /opt/airflow/dags/youtube_extract_pipeline.py
[2026-09-17T11:25:54.834+0000] {logging_mixin.py:190} INFO - [2026-09-17T11:25:54.834+0000] {dag.py:3239} INFO - Sync 1 DAGs
[2026-09-17T11:25:54.865+0000] {logging_mixin.py:190} INFO - [2026-09-17T11:25:54.864+0000] {dag.py:4180} INFO - Setting next_dagrun for youtube_pipeline_extraction to 2026-09-17 11:00:00+00:00, run_after=2026-09-17 12:00:00+00:00
[2026-09-17T11:25:54.887+0000] {processor.py:208} INFO - Processing /opt/airflow/dags/youtube_extract_pipeline.py took 0.166 seconds
[2026-09-17T11:26:25.243+0000] {processor.py:186} INFO - Started process (PID=3150) to work on /opt/airflow/dags/youtube_extract_pipeline.py
[2026-09-17T11:26:25.247+0000] {processor.py:914} INFO - Processing file /opt/airflow/dags/youtube_extract_pipeline.py for tasks to queue
[2026-09-17T11:26:25.250+0000] {logging_mixin.py:190} INFO - [2026-09-17T11:26:25.250+0000] {dagbag.py:588} INFO - Filling up the DagBag from /opt/airflow/dags/youtube_extract_pipeline.py
[2026-09-17T11:26:25.337+0000] {processor.py:925} INFO - DAG(s) 'youtube_pipeline_extraction' retrieved from /opt/airflow/dags/youtube_extract_pipeline.py
[2026-09-17T11:26:25.400+0000] {logging_mixin.py:190} INFO - [2026-09-17T11:26:25.400+0000] {dag.py:3239} INFO - Sync 1 DAGs
[2026-09-17T11:26:25.430+0000] {logging_mixin.py:190} INFO - [2026-09-17T11:26:25.430+0000] {dag.py:4180} INFO - Setting next_dagrun for youtube_pipeline_extraction to 2026-09-17 11:00:00+00:00, run_after=2026-09-17 12:00:00+00:00
[2026-09-17T11:26:25.457+0000] {processor.py:208} INFO - Processing /opt/airflow/dags/youtube_extract_pipeline.py took 0.221 seconds
[2026-09-17T11:26:55.835+0000] {processor.py:186} INFO - Started process (PID=3158) to work on /opt/airflow/dags/youtube_extract_pipeline.py
[2026-09-17T11:26:55.837+0000] {processor.py:914} INFO - Processing file /opt/airflow/dags/youtube_extract_pipeline.py for tasks to queue
[2026-09-17T11:26:55.840+0000] {logging_mixin.py:190} INFO - [2026-09-17T11:26:55.840+0000] {dagbag.py:588} INFO - Filling up the DagBag from /opt/airflow/dags/youtube_extract_pipeline.py
[2026-09-17T11:26:55.950+0000] {processor.py:925} INFO - DAG(s) 'youtube_pipeline_extraction' retrieved from /opt/airflow/dags/youtube_extract_pipeline.py
[2026-09-17T11:26:56.030+0000] {logging_mixin.py:190} INFO - [2026-09-17T11:26:56.030+0000] {dag.py:3239} INFO - Sync 1 DAGs
[2026-09-17T11:26:56.066+0000] {logging_mixin.py:190} INFO - [2026-09-17T11:26:56.066+0000] {dag.py:4180} INFO - Setting next_dagrun for youtube_pipeline_extraction to 2026-09-17 11:00:00+00:00, run_after=2026-09-17 12:00:00+00:00
[2026-09-17T11:26:56.085+0000] {processor.py:208} INFO - Processing /opt/airflow/dags/youtube_extract_pipeline.py took 0.269 seconds
[2026-09-17T11:27:26.503+0000] {processor.py:186} INFO - Started process (PID=3166) to work on /opt/airflow/dags/youtube_extract_pipeline.py
[2026-09-17T11:27:26.505+0000] {processor.py:914} INFO - Processing file /opt/airflow/dags/youtube_extract_pipeline.py for tasks to queue
[2026-09-17T11:27:26.507+0000] {logging_mixin.py:190} INFO - [2026-09-17T11:27:26.507+0000] {dagbag.py:588} INFO - Filling up the DagBag from /opt/airflow/dags/youtube_extract_pipeline.py
[2026-09-17T11:27:26.576+0000] {processor.py:925} INFO - DAG(s) 'youtube_pipeline_extraction' retrieved from /opt/airflow/dags/youtube_extract_pipeline.py
[2026-09-17T11:27:26.617+0000] {logging_mixin.py:190} INFO - [2026-09-17T11:27:26.617+0000] {dag.py:3239} INFO - Sync 1 DAGs
[2026-09-17T11:27:26.642+0000] {logging_mixin.py:190} INFO - [2026-09-17T11:27:26.642+0000] {dag.py:4180} INFO - Setting next_dagrun for youtube_pipeline_extraction to 2026-09-17 11:00:00+00:00, run_after=2026-09-17 12:00:00+00:00
[2026-09-17T11:27:26.662+0000] {processor.py:208} INFO - Processing /opt/airflow/dags/youtube_extract_pipeline.py took 0.164 seconds
[2026-09-17T11:27:57.082+0000] {processor.py:186} INFO - Started process (PID=3174) to work on /opt/airflow/dags/youtube_extract_pipeline.py
[2026-09-17T11:27:57.084+0000] {processor.py:914} INFO - Processing file /opt/airflow/dags/youtube_extract_pipeline.py for tasks to queue
[2026-09-17T11:27:57.086+0000] {logging_mixin.py:190} INFO - [2026-09-17T11:27:57.085+0000] {dagbag.py:588} INFO - Filling up the DagBag from /opt/airflow/dags/youtube_extract_pipeline.py
[2026-09-17T11:27:57.150+0000] {processor.py:925} INFO - DAG(s) 'youtube_pipeline_extraction' retrieved from /opt/airflow/dags/youtube_extract_pipeline.py
[2026-09-17T11:27:57.188+0000] {logging_mixin.py:190} INFO - [2026-09-17T11:27:57.188+0000] {dag.py:3239} INFO - Sync 1 DAGs
[2026-09-17T11:27:57.212+0000] {logging_mixin.py:190} INFO - [2026-09-17T11:27:57.212+0000] {dag.py:4180} INFO - Setting next_dagrun for youtube_pipeline_extraction to 2026-09-17 11:00:00+00:00, run_after=2026-09-17 12:00:00+00:00
[2026-09-17T11:27:57.232+0000] {processor.py:208} INFO - Processing /opt/airflow/dags/youtube_extract_pipeline.py took 0.155 seconds
[2026-09-17T11:28:27.423+0000] {processor.py:186} INFO - Started process (PID=3182) to work on /opt/airflow/dags/youtube_extract_pipeline.py
[2026-09-17T11:28:27.425+0000] {processor.py:914} INFO - Processing file /opt/airflow/dags/youtube_extract_pipeline.py for tasks to queue
[2026-09-17T11:28:27.427+0000] {logging_mixin.py:190} INFO - [2026-09-17T11:28:27.426+0000] {dagbag.py:588} INFO - Filling up the DagBag from /opt/airflow/dags/youtube_extract_pipeline.py
[2026-09-17T11:28:27.500+0000] {processor.py:925} INFO - DAG(s) 'youtube_pipeline_extraction' retrieved from /opt/airflow/dags/youtube_extract_pipeline.py
[2026-09-17T11:28:27.542+0000] {logging_mixin.py:190} INFO - [2026-09-17T11:28:27.542+0000] {dag.py:3239} INFO - Sync 1 DAGs
[2026-09-17T11:28:27.571+0000] {logging_mixin.py:190} INFO - [2026-09-17T11:28:27.571+0000] {dag.py:4180} INFO - Setting next_dagrun for youtube_pipeline_extraction to 2026-09-17 11:00:00+00:00, run_after=2026-09-17 12:00:00+00:00
[2026-09-17T11:28:27.590+0000] {processor.py:208} INFO - Processing /opt/airflow/dags/youtube_extract_pipeline.py took 0.173 seconds
[2026-09-17T11:28:58.040+0000] {processor.py:186} INFO - Started process (PID=3190) to work on /opt/airflow/dags/youtube_extract_pipeline.py
[2026-09-17T11:28:58.042+0000] {processor.py:914} INFO - Processing file /opt/airflow/dags/youtube_extract_pipeline.py for tasks to queue
[2026-09-17T11:28:58.044+0000] {logging_mixin.py:190} INFO - [2026-09-17T11:28:58.044+0000] {dagbag.py:588} INFO - Filling up the DagBag from /opt/airflow/dags/youtube_extract_pipeline.py
[2026-09-17T11:28:58.142+0000] {processor.py:925} INFO - DAG(s) 'youtube_pipeline_extraction' retrieved from /opt/airflow/dags/youtube_extract_pipeline.py
[2026-09-17T11:28:58.188+0000] {logging_mixin.py:190} INFO - [2026-09-17T11:28:58.188+0000] {dag.py:3239} INFO - Sync 1 DAGs
[2026-09-17T11:28:58.217+0000] {logging_mixin.py:190} INFO - [2026-09-17T11:28:58.216+0000] {dag.py:4180} INFO - Setting next_dagrun for youtube_pipeline_extraction to 2026-09-17 11:00:00+00:00, run_after=2026-09-17 12:00:00+00:00
[2026-09-17T11:28:58.238+0000] {processor.py:208} INFO - Processing /opt/airflow/dags/youtube_extract_pipeline.py took 0.203 seconds
[2026-09-17T11:29:28.626+0000] {processor.py:186} INFO - Started process (PID=3198) to work on /opt/airflow/dags/youtube_extract_pipeline.py
[2026-09-17T11:29:28.628+0000] {processor.py:914} INFO - Processing file /opt/airflow/dags/youtube_extract_pipeline.py for tasks to queue
[2026-09-17T11:29:28.630+0000] {logging_mixin.py:190} INFO - [2026-09-17T11:29:28.630+0000] {dagbag.py:588} INFO - Filling up the DagBag from /opt/airflow/dags/youtube_extract_pipeline.py
[2026-09-17T11:29:28.695+0000] {processor.py:925} INFO - DAG(s) 'youtube_pipeline_extraction' retrieved from /opt/airflow/dags/youtube_extract_pipeline.py
[2026-09-17T11:29:28.742+0000] {logging_mixin.py:190} INFO - [2026-09-17T11:29:28.742+0000] {dag.py:3239} INFO - Sync 1 DAGs
[2026-09-17T11:29:28.768+0000] {logging_mixin.py:190} INFO - [2026-09-17T11:29:28.768+0000] {dag.py:4180} INFO - Setting next_dagrun for youtube_pipeline_extraction to 2026-09-17 11:00:00+00:00, run_after=2026-09-17 12:00:00+00:00
[2026-09-17T11:29:28.790+0000] {processor.py:208} INFO - Processing /opt/airflow/dags/youtube_extract_pipeline.py took 0.169 seconds
[2026-09-17T11:29:59.202+0000] {processor.py:186} INFO - Started process (PID=3207) to work on /opt/airflow/dags/youtube_extract_pipeline.py
[2026-09-17T11:29:59.204+0000] {processor.py:914} INFO - Processing file /opt/airflow/dags/youtube_extract_pipeline.py for tasks to queue
[2026-09-17T11:29:59.207+0000] {logging_mixin.py:190} INFO - [2026-09-17T11:29:59.206+0000] {dagbag.py:588} INFO - Filling up the DagBag from /opt/airflow/dags/youtube_extract_pipeline.py
[2026-09-17T11:29:59.304+0000] {processor.py:925} INFO - DAG(s) 'youtube_pipeline_extraction' retrieved from /opt/airflow/dags/youtube_extract_pipeline.py
[2026-09-17T11:29:59.427+0000] {logging_mixin.py:190} INFO - [2026-09-17T11:29:59.427+0000] {dag.py:3239} INFO - Sync 1 DAGs
[2026-09-17T11:29:59.454+0000] {logging_mixin.py:190} INFO - [2026-09-17T11:29:59.454+0000] {dag.py:4180} INFO - Setting next_dagrun for youtube_pipeline_extraction to 2026-09-17 11:00:00+00:00, run_after=2026-09-17 12:00:00+00:00
[2026-09-17T11:29:59.475+0000] {processor.py:208} INFO - Processing /opt/airflow/dags/youtube_extract_pipeline.py took 0.279 seconds
[2026-09-17T11:30:29.542+0000] {processor.py:186} INFO - Started process (PID=3215) to work on /opt/airflow/dags/youtube_extract_pipeline.py
[2026-09-17T11:30:29.544+0000] {processor.py:914} INFO - Processing file /opt/airflow/dags/youtube_extract_pipeline.py for tasks to queue
[2026-09-17T11:30:29.546+0000] {logging_mixin.py:190} INFO - [2026-09-17T11:30:29.545+0000] {dagbag.py:588} INFO - Filling up the DagBag from /opt/airflow/dags/youtube_extract_pipeline.py
[2026-09-17T11:30:29.609+0000] {processor.py:925} INFO - DAG(s) 'youtube_pipeline_extraction' retrieved from /opt/airflow/dags/youtube_extract_pipeline.py
[2026-09-17T11:30:29.672+0000] {logging_mixin.py:190} INFO - [2026-09-17T11:30:29.672+0000] {dag.py:3239} INFO - Sync 1 DAGs
[2026-09-17T11:30:29.699+0000] {logging_mixin.py:190} INFO - [2026-09-17T11:30:29.699+0000] {dag.py:4180} INFO - Setting next_dagrun for youtube_pipeline_extraction to 2026-09-17 11:00:00+00:00, run_after=2026-09-17 12:00:00+00:00
[2026-09-17T11:30:29.718+0000] {processor.py:208} INFO - Processing /opt/airflow/dags/youtube_extract_pipeline.py took 0.182 seconds
[2026-09-17T11:31:00.142+0000] {processor.py:186} INFO - Started process (PID=3223) to work on /opt/airflow/dags/youtube_extract_pipeline.py
[2026-09-17T11:31:00.143+0000] {processor.py:914} INFO - Processing file /opt/airflow/dags/youtube_extract_pipeline.py for tasks to queue
[2026-09-17T11:31:00.145+0000] {logging_mixin.py:190} INFO - [2026-09-17T11:31:00.144+0000] {dagbag.py:588} INFO - Filling up the DagBag from /opt/airflow/dags/youtube_extract_pipeline.py
[2026-09-17T11:31:00.221+0000] {processor.py:925} INFO - DAG(s) 'youtube_pipeline_extraction' retrieved from /opt/airflow/dags/youtube_extract_pipeline.py
[2026-09-17T11:31:00.292+0000] {logging_mixin.py:190} INFO - [2026-09-17T11:31:00.291+0000] {dag.py:3239} INFO - Sync 1 DAGs
[2026-09-17T11:31:00.318+0000] {logging_mixin.py:190} INFO - [2026-09-17T11:31:00.318+0000] {dag.py:4180} INFO - Setting next_dagrun for youtube_pipeline_extraction to 2026-09-17 11:00:00+00:00, run_after=2026-09-17 12:00:00+00:00
[2026-09-17T11:31:00.339+0000] {processor.py:208} INFO - Processing /opt/airflow/dags/youtube_extract_pipeline.py took 0.202 seconds
[2026-09-17T11:31:30.741+0000] {processor.py:186} INFO - Started process (PID=3231) to work on /opt/airflow/dags/youtube_extract_pipeline.py
[2026-09-17T11:31:30.744+0000] {processor.py:914} INFO - Processing file /opt/airflow/dags/youtube_extract_pipeline.py for tasks to queue
[2026-09-17T11:31:30.748+0000] {logging_mixin.py:190} INFO - [2026-09-17T11:31:30.746+0000] {dagbag.py:588} INFO - Filling up the DagBag from /opt/airflow/dags/youtube_extract_pipeline.py
[2026-09-17T11:31:30.830+0000] {processor.py:925} INFO - DAG(s) 'youtube_pipeline_extraction' retrieved from /opt/airflow/dags/youtube_extract_pipeline.py
[2026-09-17T11:31:30.872+0000] {logging_mixin.py:190} INFO - [2026-09-17T11:31:30.872+0000] {dag.py:3239} INFO - Sync 1 DAGs
[2026-09-17T11:31:30.903+0000] {logging_mixin.py:190} INFO - [2026-09-17T11:31:30.903+0000] {dag.py:4180} INFO - Setting next_dagrun for youtube_pipeline_extraction to 2026-09-17 11:00:00+00:00, run_after=2026-09-17 12:00:00+00:00
[2026-09-17T11:31:30.923+0000] {processor.py:208} INFO - Processing /opt/airflow/dags/youtube_extract_pipeline.py took 0.188 seconds
[2026-09-17T11:32:01.278+0000] {processor.py:186} INFO - Started process (PID=3239) to work on /opt/airflow/dags/youtube_extract_pipeline.py
[2026-09-17T11:32:01.281+0000] {processor.py:914} INFO - Processing file /opt/airflow/dags/youtube_extract_pipeline.py for tasks to queue
[2026-09-17T11:32:01.283+0000] {logging_mixin.py:190} INFO - [2026-09-17T11:32:01.283+0000] {dagbag.py:588} INFO - Filling up the DagBag from /opt/airflow/dags/youtube_extract_pipeline.py
[2026-09-17T11:32:01.354+0000] {processor.py:925} INFO - DAG(s) 'youtube_pipeline_extraction' retrieved from /opt/airflow/dags/youtube_extract_pipeline.py
[2026-09-17T11:32:01.401+0000] {logging_mixin.py:190} INFO - [2026-09-17T11:32:01.401+0000] {dag.py:3239} INFO - Sync 1 DAGs
[2026-09-17T11:32:01.424+0000] {logging_mixin.py:190} INFO - [2026-09-17T11:32:01.424+0000] {dag.py:4180} INFO - Setting next_dagrun for youtube_pipeline_extraction to 2026-09-17 11:00:00+00:00, run_after=2026-09-17 12:00:00+00:00
[2026-09-17T11:32:01.442+0000] {processor.py:208} INFO - Processing /opt/airflow/dags/youtube_extract_pipeline.py took 0.171 seconds
[2026-09-17T11:32:31.689+0000] {processor.py:186} INFO - Started process (PID=3247) to work on /opt/airflow/dags/youtube_extract_pipeline.py
[2026-09-17T11:32:31.692+0000] {processor.py:914} INFO - Processing file /opt/airflow/dags/youtube_extract_pipeline.py for tasks to queue
[2026-09-17T11:32:31.695+0000] {logging_mixin.py:190} INFO - [2026-09-17T11:32:31.694+0000] {dagbag.py:588} INFO - Filling up the DagBag from /opt/airflow/dags/youtube_extract_pipeline.py
[2026-09-17T11:32:31.782+0000] {processor.py:925} INFO - DAG(s) 'youtube_pipeline_extraction' retrieved from /opt/airflow/dags/youtube_extract_pipeline.py
[2026-09-17T11:32:31.860+0000] {logging_mixin.py:190} INFO - [2026-09-17T11:32:31.859+0000] {dag.py:3239} INFO - Sync 1 DAGs
[2026-09-17T11:32:31.884+0000] {logging_mixin.py:190} INFO - [2026-09-17T11:32:31.884+0000] {dag.py:4180} INFO - Setting next_dagrun for youtube_pipeline_extraction to 2026-09-17 11:00:00+00:00, run_after=2026-09-17 12:00:00+00:00
[2026-09-17T11:32:31.903+0000] {processor.py:208} INFO - Processing /opt/airflow/dags/youtube_extract_pipeline.py took 0.225 seconds
[2026-09-17T11:33:02.262+0000] {processor.py:186} INFO - Started process (PID=3255) to work on /opt/airflow/dags/youtube_extract_pipeline.py
[2026-09-17T11:33:02.264+0000] {processor.py:914} INFO - Processing file /opt/airflow/dags/youtube_extract_pipeline.py for tasks to queue
[2026-09-17T11:33:02.266+0000] {logging_mixin.py:190} INFO - [2026-09-17T11:33:02.266+0000] {dagbag.py:588} INFO - Filling up the DagBag from /opt/airflow/dags/youtube_extract_pipeline.py
[2026-09-17T11:33:02.330+0000] {processor.py:925} INFO - DAG(s) 'youtube_pipeline_extraction' retrieved from /opt/airflow/dags/youtube_extract_pipeline.py
[2026-09-17T11:33:02.358+0000] {logging_mixin.py:190} INFO - [2026-09-17T11:33:02.357+0000] {dag.py:3239} INFO - Sync 1 DAGs
[2026-09-17T11:33:02.381+0000] {logging_mixin.py:190} INFO - [2026-09-17T11:33:02.381+0000] {dag.py:4180} INFO - Setting next_dagrun for youtube_pipeline_extraction to 2026-09-17 11:00:00+00:00, run_after=2026-09-17 12:00:00+00:00
[2026-09-17T11:33:02.402+0000] {processor.py:208} INFO - Processing /opt/airflow/dags/youtube_extract_pipeline.py took 0.146 seconds
[2026-09-17T11:33:32.769+0000] {processor.py:186} INFO - Started process (PID=3263) to work on /opt/airflow/dags/youtube_extract_pipeline.py
[2026-09-17T11:33:32.770+0000] {processor.py:914} INFO - Processing file /opt/airflow/dags/youtube_extract_pipeline.py for tasks to queue
[2026-09-17T11:33:32.773+0000] {logging_mixin.py:190} INFO - [2026-09-17T11:33:32.772+0000] {dagbag.py:588} INFO - Filling up the DagBag from /opt/airflow/dags/youtube_extract_pipeline.py
[2026-09-17T11:33:32.852+0000] {processor.py:925} INFO - DAG(s) 'youtube_pipeline_extraction' retrieved from /opt/airflow/dags/youtube_extract_pipeline.py
[2026-09-17T11:33:32.878+0000] {logging_mixin.py:190} INFO - [2026-09-17T11:33:32.877+0000] {dag.py:3239} INFO - Sync 1 DAGs
[2026-09-17T11:33:32.905+0000] {logging_mixin.py:190} INFO - [2026-09-17T11:33:32.904+0000] {dag.py:4180} INFO - Setting next_dagrun for youtube_pipeline_extraction to 2026-09-17 11:00:00+00:00, run_after=2026-09-17 12:00:00+00:00
[2026-09-17T11:33:32.928+0000] {processor.py:208} INFO - Processing /opt/airflow/dags/youtube_extract_pipeline.py took 0.165 seconds
[2026-09-17T11:34:03.260+0000] {processor.py:186} INFO - Started process (PID=3271) to work on /opt/airflow/dags/youtube_extract_pipeline.py
[2026-09-17T11:34:03.261+0000] {processor.py:914} INFO - Processing file /opt/airflow/dags/youtube_extract_pipeline.py for tasks to queue
[2026-09-17T11:34:03.264+0000] {logging_mixin.py:190} INFO - [2026-09-17T11:34:03.263+0000] {dagbag.py:588} INFO - Filling up the DagBag from /opt/airflow/dags/youtube_extract_pipeline.py
[2026-09-17T11:34:03.325+0000] {processor.py:925} INFO - DAG(s) 'youtube_pipeline_extraction' retrieved from /opt/airflow/dags/youtube_extract_pipeline.py
[2026-09-17T11:34:03.351+0000] {logging_mixin.py:190} INFO - [2026-09-17T11:34:03.351+0000] {dag.py:3239} INFO - Sync 1 DAGs
[2026-09-17T11:34:03.376+0000] {logging_mixin.py:190} INFO - [2026-09-17T11:34:03.376+0000] {dag.py:4180} INFO - Setting next_dagrun for youtube_pipeline_extraction to 2026-09-17 11:00:00+00:00, run_after=2026-09-17 12:00:00+00:00
[2026-09-17T11:34:03.395+0000] {processor.py:208} INFO - Processing /opt/airflow/dags/youtube_extract_pipeline.py took 0.143 seconds
[2026-09-17T11:34:33.595+0000] {processor.py:186} INFO - Started process (PID=3279) to work on /opt/airflow/dags/youtube_extract_pipeline.py
[2026-09-17T11:34:33.597+0000] {processor.py:914} INFO - Processing file /opt/airflow/dags/youtube_extract_pipeline.py for tasks to queue
[2026-09-17T11:34:33.600+0000] {logging_mixin.py:190} INFO - [2026-09-17T11:34:33.599+0000] {dagbag.py:588} INFO - Filling up the DagBag from /opt/airflow/dags/youtube_extract_pipeline.py
[2026-09-17T11:34:33.662+0000] {processor.py:925} INFO - DAG(s) 'youtube_pipeline_extraction' retrieved from /opt/airflow/dags/youtube_extract_pipeline.py
[2026-09-17T11:34:33.688+0000] {logging_mixin.py:190} INFO - [2026-09-17T11:34:33.687+0000] {dag.py:3239} INFO - Sync 1 DAGs
[2026-09-17T11:34:33.720+0000] {logging_mixin.py:190} INFO - [2026-09-17T11:34:33.720+0000] {dag.py:4180} INFO - Setting next_dagrun for youtube_pipeline_extraction to 2026-09-17 11:00:00+00:00, run_after=2026-09-17 12:00:00+00:00
[2026-09-17T11:34:33.742+0000] {processor.py:208} INFO - Processing /opt/airflow/dags/youtube_extract_pipeline.py took 0.152 seconds
[2026-09-17T11:35:04.154+0000] {processor.py:186} INFO - Started process (PID=3287) to work on /opt/airflow/dags/youtube_extract_pipeline.py
[2026-09-17T11:35:04.156+0000] {processor.py:914} INFO - Processing file /opt/airflow/dags/youtube_extract_pipeline.py for tasks to queue
[2026-09-17T11:35:04.159+0000] {logging_mixin.py:190} INFO - [2026-09-17T11:35:04.158+0000] {dagbag.py:588} INFO - Filling up the DagBag from /opt/airflow/dags/youtube_extract_pipeline.py
[2026-09-17T11:35:04.229+0000] {processor.py:925} INFO - DAG(s) 'youtube_pipeline_extraction' retrieved from /opt/airflow/dags/youtube_extract_pipeline.py
[2026-09-17T11:35:04.251+0000] {logging_mixin.py:190} INFO - [2026-09-17T11:35:04.251+0000] {dag.py:3239} INFO - Sync 1 DAGs
[2026-09-17T11:35:04.277+0000] {logging_mixin.py:190} INFO - [2026-09-17T11:35:04.277+0000] {dag.py:4180} INFO - Setting next_dagrun for youtube_pipeline_extraction to 2026-09-17 11:00:00+00:00, run_after=2026-09-17 12:00:00+00:00
[2026-09-17T11:35:04.308+0000] {processor.py:208} INFO - Processing /opt/airflow/dags/youtube_extract_pipeline.py took 0.164 seconds
[2026-09-17T11:35:34.536+0000] {processor.py:186} INFO - Started process (PID=3295) to work on /opt/airflow/dags/youtube_extract_pipeline.py
[2026-09-17T11:35:34.538+0000] {processor.py:914} INFO - Processing file /opt/airflow/dags/youtube_extract_pipeline.py for tasks to queue
[2026-09-17T11:35:34.541+0000] {logging_mixin.py:190} INFO - [2026-09-17T11:35:34.540+0000] {dagbag.py:588} INFO - Filling up the DagBag from /opt/airflow/dags/youtube_extract_pipeline.py
[2026-09-17T11:35:34.607+0000] {processor.py:925} INFO - DAG(s) 'youtube_pipeline_extraction' retrieved from /opt/airflow/dags/youtube_extract_pipeline.py
[2026-09-17T11:35:34.633+0000] {logging_mixin.py:190} INFO - [2026-09-17T11:35:34.633+0000] {dag.py:3239} INFO - Sync 1 DAGs
[2026-09-17T11:35:34.659+0000] {logging_mixin.py:190} INFO - [2026-09-17T11:35:34.658+0000] {dag.py:4180} INFO - Setting next_dagrun for youtube_pipeline_extraction to 2026-09-17 11:00:00+00:00, run_after=2026-09-17 12:00:00+00:00
[2026-09-17T11:35:34.677+0000] {processor.py:208} INFO - Processing /opt/airflow/dags/youtube_extract_pipeline.py took 0.146 seconds
[2026-09-17T11:36:04.975+0000] {processor.py:186} INFO - Started process (PID=3303) to work on /opt/airflow/dags/youtube_extract_pipeline.py
[2026-09-17T11:36:04.977+0000] {processor.py:914} INFO - Processing file /opt/airflow/dags/youtube_extract_pipeline.py for tasks to queue
[2026-09-17T11:36:04.980+0000] {logging_mixin.py:190} INFO - [2026-09-17T11:36:04.980+0000] {dagbag.py:588} INFO - Filling up the DagBag from /opt/airflow/dags/youtube_extract_pipeline.py
[2026-09-17T11:36:05.039+0000] {processor.py:925} INFO - DAG(s) 'youtube_pipeline_extraction' retrieved from /opt/airflow/dags/youtube_extract_pipeline.py
[2026-09-17T11:36:05.065+0000] {logging_mixin.py:190} INFO - [2026-09-17T11:36:05.065+0000] {dag.py:3239} INFO - Sync 1 DAGs
[2026-09-17T11:36:05.093+0000] {logging_mixin.py:190} INFO - [2026-09-17T11:36:05.093+0000] {dag.py:4180} INFO - Setting next_dagrun for youtube_pipeline_extraction to 2026-09-17 11:00:00+00:00, run_after=2026-09-17 12:00:00+00:00
[2026-09-17T11:36:05.114+0000] {processor.py:208} INFO - Processing /opt/airflow/dags/youtube_extract_pipeline.py took 0.144 seconds
[2026-09-17T11:36:35.490+0000] {processor.py:186} INFO - Started process (PID=3311) to work on /opt/airflow/dags/youtube_extract_pipeline.py
[2026-09-17T11:36:35.491+0000] {processor.py:914} INFO - Processing file /opt/airflow/dags/youtube_extract_pipeline.py for tasks to queue
[2026-09-17T11:36:35.494+0000] {logging_mixin.py:190} INFO - [2026-09-17T11:36:35.493+0000] {dagbag.py:588} INFO - Filling up the DagBag from /opt/airflow/dags/youtube_extract_pipeline.py
[2026-09-17T11:36:35.552+0000] {processor.py:925} INFO - DAG(s) 'youtube_pipeline_extraction' retrieved from /opt/airflow/dags/youtube_extract_pipeline.py
[2026-09-17T11:36:35.585+0000] {logging_mixin.py:190} INFO - [2026-09-17T11:36:35.585+0000] {dag.py:3239} INFO - Sync 1 DAGs
[2026-09-17T11:36:35.606+0000] {logging_mixin.py:190} INFO - [2026-09-17T11:36:35.606+0000] {dag.py:4180} INFO - Setting next_dagrun for youtube_pipeline_extraction to 2026-09-17 11:00:00+00:00, run_after=2026-09-17 12:00:00+00:00
[2026-09-17T11:36:35.625+0000] {processor.py:208} INFO - Processing /opt/airflow/dags/youtube_extract_pipeline.py took 0.142 seconds
[2026-09-17T11:37:05.850+0000] {processor.py:186} INFO - Started process (PID=3318) to work on /opt/airflow/dags/youtube_extract_pipeline.py
[2026-09-17T11:37:05.852+0000] {processor.py:914} INFO - Processing file /opt/airflow/dags/youtube_extract_pipeline.py for tasks to queue
[2026-09-17T11:37:05.854+0000] {logging_mixin.py:190} INFO - [2026-09-17T11:37:05.853+0000] {dagbag.py:588} INFO - Filling up the DagBag from /opt/airflow/dags/youtube_extract_pipeline.py
[2026-09-17T11:37:05.916+0000] {processor.py:925} INFO - DAG(s) 'youtube_pipeline_extraction' retrieved from /opt/airflow/dags/youtube_extract_pipeline.py
[2026-09-17T11:37:05.937+0000] {logging_mixin.py:190} INFO - [2026-09-17T11:37:05.937+0000] {dag.py:3239} INFO - Sync 1 DAGs
[2026-09-17T11:37:05.958+0000] {logging_mixin.py:190} INFO - [2026-09-17T11:37:05.958+0000] {dag.py:4180} INFO - Setting next_dagrun for youtube_pipeline_extraction to 2026-09-17 11:00:00+00:00, run_after=2026-09-17 12:00:00+00:00
[2026-09-17T11:37:05.976+0000] {processor.py:208} INFO - Processing /opt/airflow/dags/youtube_extract_pipeline.py took 0.131 seconds
[2026-09-17T11:37:36.272+0000] {processor.py:186} INFO - Started process (PID=3325) to work on /opt/airflow/dags/youtube_extract_pipeline.py
[2026-09-17T11:37:36.273+0000] {processor.py:914} INFO - Processing file /opt/airflow/dags/youtube_extract_pipeline.py for tasks to queue
[2026-09-17T11:37:36.276+0000] {logging_mixin.py:190} INFO - [2026-09-17T11:37:36.275+0000] {dagbag.py:588} INFO - Filling up the DagBag from /opt/airflow/dags/youtube_extract_pipeline.py
[2026-09-17T11:37:36.346+0000] {processor.py:925} INFO - DAG(s) 'youtube_pipeline_extraction' retrieved from /opt/airflow/dags/youtube_extract_pipeline.py
[2026-09-17T11:37:36.369+0000] {logging_mixin.py:190} INFO - [2026-09-17T11:37:36.369+0000] {dag.py:3239} INFO - Sync 1 DAGs
[2026-09-17T11:37:36.393+0000] {logging_mixin.py:190} INFO - [2026-09-17T11:37:36.393+0000] {dag.py:4180} INFO - Setting next_dagrun for youtube_pipeline_extraction to 2026-09-17 11:00:00+00:00, run_after=2026-09-17 12:00:00+00:00
[2026-09-17T11:37:36.415+0000] {processor.py:208} INFO - Processing /opt/airflow/dags/youtube_extract_pipeline.py took 0.149 seconds
[2026-09-17T11:38:06.769+0000] {processor.py:186} INFO - Started process (PID=3333) to work on /opt/airflow/dags/youtube_extract_pipeline.py
[2026-09-17T11:38:06.771+0000] {processor.py:914} INFO - Processing file /opt/airflow/dags/youtube_extract_pipeline.py for tasks to queue
[2026-09-17T11:38:06.773+0000] {logging_mixin.py:190} INFO - [2026-09-17T11:38:06.773+0000] {dagbag.py:588} INFO - Filling up the DagBag from /opt/airflow/dags/youtube_extract_pipeline.py
[2026-09-17T11:38:06.827+0000] {processor.py:925} INFO - DAG(s) 'youtube_pipeline_extraction' retrieved from /opt/airflow/dags/youtube_extract_pipeline.py
[2026-09-17T11:38:06.847+0000] {logging_mixin.py:190} INFO - [2026-09-17T11:38:06.847+0000] {dag.py:3239} INFO - Sync 1 DAGs
[2026-09-17T11:38:06.873+0000] {logging_mixin.py:190} INFO - [2026-09-17T11:38:06.873+0000] {dag.py:4180} INFO - Setting next_dagrun for youtube_pipeline_extraction to 2026-09-17 11:00:00+00:00, run_after=2026-09-17 12:00:00+00:00
[2026-09-17T11:38:06.893+0000] {processor.py:208} INFO - Processing /opt/airflow/dags/youtube_extract_pipeline.py took 0.130 seconds
[2026-09-17T11:38:37.163+0000] {processor.py:186} INFO - Started process (PID=3341) to work on /opt/airflow/dags/youtube_extract_pipeline.py
[2026-09-17T11:38:37.165+0000] {processor.py:914} INFO - Processing file /opt/airflow/dags/youtube_extract_pipeline.py for tasks to queue
[2026-09-17T11:38:37.167+0000] {logging_mixin.py:190} INFO - [2026-09-17T11:38:37.166+0000] {dagbag.py:588} INFO - Filling up the DagBag from /opt/airflow/dags/youtube_extract_pipeline.py
[2026-09-17T11:38:37.223+0000] {processor.py:925} INFO - DAG(s) 'youtube_pipeline_extraction' retrieved from /opt/airflow/dags/youtube_extract_pipeline.py
[2026-09-17T11:38:37.244+0000] {logging_mixin.py:190} INFO - [2026-09-17T11:38:37.244+0000] {dag.py:3239} INFO - Sync 1 DAGs
[2026-09-17T11:38:37.263+0000] {logging_mixin.py:190} INFO - [2026-09-17T11:38:37.263+0000] {dag.py:4180} INFO - Setting next_dagrun for youtube_pipeline_extraction to 2026-09-17 11:00:00+00:00, run_after=2026-09-17 12:00:00+00:00
[2026-09-17T11:38:37.285+0000] {processor.py:208} INFO - Processing /opt/airflow/dags/youtube_extract_pipeline.py took 0.127 seconds
[2026-09-17T11:39:07.555+0000] {processor.py:186} INFO - Started process (PID=3349) to work on /opt/airflow/dags/youtube_extract_pipeline.py
[2026-09-17T11:39:07.557+0000] {processor.py:914} INFO - Processing file /opt/airflow/dags/youtube_extract_pipeline.py for tasks to queue
[2026-09-17T11:39:07.558+0000] {logging_mixin.py:190} INFO - [2026-09-17T11:39:07.558+0000] {dagbag.py:588} INFO - Filling up the DagBag from /opt/airflow/dags/youtube_extract_pipeline.py
[2026-09-17T11:39:07.632+0000] {processor.py:925} INFO - DAG(s) 'youtube_pipeline_extraction' retrieved from /opt/airflow/dags/youtube_extract_pipeline.py
[2026-09-17T11:39:07.651+0000] {logging_mixin.py:190} INFO - [2026-09-17T11:39:07.651+0000] {dag.py:3239} INFO - Sync 1 DAGs
[2026-09-17T11:39:07.671+0000] {logging_mixin.py:190} INFO - [2026-09-17T11:39:07.671+0000] {dag.py:4180} INFO - Setting next_dagrun for youtube_pipeline_extraction to 2026-09-17 11:00:00+00:00, run_after=2026-09-17 12:00:00+00:00
[2026-09-17T11:39:07.689+0000] {processor.py:208} INFO - Processing /opt/airflow/dags/youtube_extract_pipeline.py took 0.140 seconds
[2026-09-17T11:39:37.968+0000] {processor.py:186} INFO - Started process (PID=3357) to work on /opt/airflow/dags/youtube_extract_pipeline.py
[2026-09-17T11:39:37.970+0000] {processor.py:914} INFO - Processing file /opt/airflow/dags/youtube_extract_pipeline.py for tasks to queue
[2026-09-17T11:39:37.973+0000] {logging_mixin.py:190} INFO - [2026-09-17T11:39:37.973+0000] {dagbag.py:588} INFO - Filling up the DagBag from /opt/airflow/dags/youtube_extract_pipeline.py
[2026-09-17T11:39:38.047+0000] {processor.py:925} INFO - DAG(s) 'youtube_pipeline_extraction' retrieved from /opt/airflow/dags/youtube_extract_pipeline.py
[2026-09-17T11:39:38.075+0000] {logging_mixin.py:190} INFO - [2026-09-17T11:39:38.075+0000] {dag.py:3239} INFO - Sync 1 DAGs
[2026-09-17T11:39:38.107+0000] {logging_mixin.py:190} INFO - [2026-09-17T11:39:38.106+0000] {dag.py:4180} INFO - Setting next_dagrun for youtube_pipeline_extraction to 2026-09-17 11:00:00+00:00, run_after=2026-09-17 12:00:00+00:00
[2026-09-17T11:39:38.133+0000] {processor.py:208} INFO - Processing /opt/airflow/dags/youtube_extract_pipeline.py took 0.175 seconds
[2026-09-17T11:40:08.415+0000] {processor.py:186} INFO - Started process (PID=3371) to work on /opt/airflow/dags/youtube_extract_pipeline.py
[2026-09-17T11:40:08.416+0000] {processor.py:914} INFO - Processing file /opt/airflow/dags/youtube_extract_pipeline.py for tasks to queue
[2026-09-17T11:40:08.418+0000] {logging_mixin.py:190} INFO - [2026-09-17T11:40:08.418+0000] {dagbag.py:588} INFO - Filling up the DagBag from /opt/airflow/dags/youtube_extract_pipeline.py
[2026-09-17T11:40:08.475+0000] {processor.py:925} INFO - DAG(s) 'youtube_pipeline_extraction' retrieved from /opt/airflow/dags/youtube_extract_pipeline.py
[2026-09-17T11:40:08.503+0000] {logging_mixin.py:190} INFO - [2026-09-17T11:40:08.503+0000] {dag.py:3239} INFO - Sync 1 DAGs
[2026-09-17T11:40:08.530+0000] {logging_mixin.py:190} INFO - [2026-09-17T11:40:08.530+0000] {dag.py:4180} INFO - Setting next_dagrun for youtube_pipeline_extraction to 2026-09-17 11:00:00+00:00, run_after=2026-09-17 12:00:00+00:00
[2026-09-17T11:40:08.550+0000] {processor.py:208} INFO - Processing /opt/airflow/dags/youtube_extract_pipeline.py took 0.141 seconds
[2026-09-17T11:40:38.797+0000] {processor.py:186} INFO - Started process (PID=3379) to work on /opt/airflow/dags/youtube_extract_pipeline.py
[2026-09-17T11:40:38.798+0000] {processor.py:914} INFO - Processing file /opt/airflow/dags/youtube_extract_pipeline.py for tasks to queue
[2026-09-17T11:40:38.799+0000] {logging_mixin.py:190} INFO - [2026-09-17T11:40:38.799+0000] {dagbag.py:588} INFO - Filling up the DagBag from /opt/airflow/dags/youtube_extract_pipeline.py
[2026-09-17T11:40:38.854+0000] {processor.py:925} INFO - DAG(s) 'youtube_pipeline_extraction' retrieved from /opt/airflow/dags/youtube_extract_pipeline.py
[2026-09-17T11:40:38.874+0000] {logging_mixin.py:190} INFO - [2026-09-17T11:40:38.874+0000] {dag.py:3239} INFO - Sync 1 DAGs
[2026-09-17T11:40:38.897+0000] {logging_mixin.py:190} INFO - [2026-09-17T11:40:38.897+0000] {dag.py:4180} INFO - Setting next_dagrun for youtube_pipeline_extraction to 2026-09-17 11:00:00+00:00, run_after=2026-09-17 12:00:00+00:00
[2026-09-17T11:40:38.918+0000] {processor.py:208} INFO - Processing /opt/airflow/dags/youtube_extract_pipeline.py took 0.127 seconds
[2026-09-17T11:41:09.218+0000] {processor.py:186} INFO - Started process (PID=3387) to work on /opt/airflow/dags/youtube_extract_pipeline.py
[2026-09-17T11:41:09.220+0000] {processor.py:914} INFO - Processing file /opt/airflow/dags/youtube_extract_pipeline.py for tasks to queue
[2026-09-17T11:41:09.222+0000] {logging_mixin.py:190} INFO - [2026-09-17T11:41:09.222+0000] {dagbag.py:588} INFO - Filling up the DagBag from /opt/airflow/dags/youtube_extract_pipeline.py
[2026-09-17T11:41:09.278+0000] {processor.py:925} INFO - DAG(s) 'youtube_pipeline_extraction' retrieved from /opt/airflow/dags/youtube_extract_pipeline.py
[2026-09-17T11:41:09.300+0000] {logging_mixin.py:190} INFO - [2026-09-17T11:41:09.300+0000] {dag.py:3239} INFO - Sync 1 DAGs
[2026-09-17T11:41:09.323+0000] {logging_mixin.py:190} INFO - [2026-09-17T11:41:09.323+0000] {dag.py:4180} INFO - Setting next_dagrun for youtube_pipeline_extraction to 2026-09-17 11:00:00+00:00, run_after=2026-09-17 12:00:00+00:00
[2026-09-17T11:41:09.343+0000] {processor.py:208} INFO - Processing /opt/airflow/dags/youtube_extract_pipeline.py took 0.130 seconds
[2026-09-17T11:41:39.588+0000] {processor.py:186} INFO - Started process (PID=3395) to work on /opt/airflow/dags/youtube_extract_pipeline.py
[2026-09-17T11:41:39.590+0000] {processor.py:914} INFO - Processing file /opt/airflow/dags/youtube_extract_pipeline.py for tasks to queue
[2026-09-17T11:41:39.591+0000] {logging_mixin.py:190} INFO - [2026-09-17T11:41:39.591+0000] {dagbag.py:588} INFO - Filling up the DagBag from /opt/airflow/dags/youtube_extract_pipeline.py
[2026-09-17T11:41:39.638+0000] {processor.py:925} INFO - DAG(s) 'youtube_pipeline_extraction' retrieved from /opt/airflow/dags/youtube_extract_pipeline.py
[2026-09-17T11:41:39.661+0000] {logging_mixin.py:190} INFO - [2026-09-17T11:41:39.661+0000] {dag.py:3239} INFO - Sync 1 DAGs
[2026-09-17T11:41:39.685+0000] {logging_mixin.py:190} INFO - [2026-09-17T11:41:39.685+0000] {dag.py:4180} INFO - Setting next_dagrun for youtube_pipeline_extraction to 2026-09-17 11:00:00+00:00, run_after=2026-09-17 12:00:00+00:00
[2026-09-17T11:41:39.704+0000] {processor.py:208} INFO - Processing /opt/airflow/dags/youtube_extract_pipeline.py took 0.122 seconds
[2026-09-17T11:42:10.026+0000] {processor.py:186} INFO - Started process (PID=3403) to work on /opt/airflow/dags/youtube_extract_pipeline.py
[2026-09-17T11:42:10.028+0000] {processor.py:914} INFO - Processing file /opt/airflow/dags/youtube_extract_pipeline.py for tasks to queue
[2026-09-17T11:42:10.031+0000] {logging_mixin.py:190} INFO - [2026-09-17T11:42:10.030+0000] {dagbag.py:588} INFO - Filling up the DagBag from /opt/airflow/dags/youtube_extract_pipeline.py
[2026-09-17T11:42:10.088+0000] {processor.py:925} INFO - DAG(s) 'youtube_pipeline_extraction' retrieved from /opt/airflow/dags/youtube_extract_pipeline.py
[2026-09-17T11:42:10.106+0000] {logging_mixin.py:190} INFO - [2026-09-17T11:42:10.106+0000] {dag.py:3239} INFO - Sync 1 DAGs
[2026-09-17T11:42:10.129+0000] {logging_mixin.py:190} INFO - [2026-09-17T11:42:10.129+0000] {dag.py:4180} INFO - Setting next_dagrun for youtube_pipeline_extraction to 2026-09-17 11:00:00+00:00, run_after=2026-09-17 12:00:00+00:00
[2026-09-17T11:42:10.162+0000] {processor.py:208} INFO - Processing /opt/airflow/dags/youtube_extract_pipeline.py took 0.141 seconds
[2026-09-17T11:42:40.416+0000] {processor.py:186} INFO - Started process (PID=3411) to work on /opt/airflow/dags/youtube_extract_pipeline.py
[2026-09-17T11:42:40.418+0000] {processor.py:914} INFO - Processing file /opt/airflow/dags/youtube_extract_pipeline.py for tasks to queue
[2026-09-17T11:42:40.420+0000] {logging_mixin.py:190} INFO - [2026-09-17T11:42:40.420+0000] {dagbag.py:588} INFO - Filling up the DagBag from /opt/airflow/dags/youtube_extract_pipeline.py
[2026-09-17T11:42:40.472+0000] {processor.py:925} INFO - DAG(s) 'youtube_pipeline_extraction' retrieved from /opt/airflow/dags/youtube_extract_pipeline.py
[2026-09-17T11:42:40.501+0000] {logging_mixin.py:190} INFO - [2026-09-17T11:42:40.501+0000] {dag.py:3239} INFO - Sync 1 DAGs
[2026-09-17T11:42:40.526+0000] {logging_mixin.py:190} INFO - [2026-09-17T11:42:40.526+0000] {dag.py:4180} INFO - Setting next_dagrun for youtube_pipeline_extraction to 2026-09-17 11:00:00+00:00, run_after=2026-09-17 12:00:00+00:00
[2026-09-17T11:42:40.544+0000] {processor.py:208} INFO - Processing /opt/airflow/dags/youtube_extract_pipeline.py took 0.133 seconds
[2026-09-17T11:43:10.853+0000] {processor.py:186} INFO - Started process (PID=3419) to work on /opt/airflow/dags/youtube_extract_pipeline.py
[2026-09-17T11:43:10.854+0000] {processor.py:914} INFO - Processing file /opt/airflow/dags/youtube_extract_pipeline.py for tasks to queue
[2026-09-17T11:43:10.856+0000] {logging_mixin.py:190} INFO - [2026-09-17T11:43:10.856+0000] {dagbag.py:588} INFO - Filling up the DagBag from /opt/airflow/dags/youtube_extract_pipeline.py
[2026-09-17T11:43:10.912+0000] {processor.py:925} INFO - DAG(s) 'youtube_pipeline_extraction' retrieved from /opt/airflow/dags/youtube_extract_pipeline.py
[2026-09-17T11:43:10.935+0000] {logging_mixin.py:190} INFO - [2026-09-17T11:43:10.934+0000] {dag.py:3239} INFO - Sync 1 DAGs
[2026-09-17T11:43:10.960+0000] {logging_mixin.py:190} INFO - [2026-09-17T11:43:10.960+0000] {dag.py:4180} INFO - Setting next_dagrun for youtube_pipeline_extraction to 2026-09-17 11:00:00+00:00, run_after=2026-09-17 12:00:00+00:00
[2026-09-17T11:43:10.979+0000] {processor.py:208} INFO - Processing /opt/airflow/dags/youtube_extract_pipeline.py took 0.132 seconds
[2026-09-17T11:43:41.192+0000] {processor.py:186} INFO - Started process (PID=3427) to work on /opt/airflow/dags/youtube_extract_pipeline.py
[2026-09-17T11:43:41.194+0000] {processor.py:914} INFO - Processing file /opt/airflow/dags/youtube_extract_pipeline.py for tasks to queue
[2026-09-17T11:43:41.197+0000] {logging_mixin.py:190} INFO - [2026-09-17T11:43:41.197+0000] {dagbag.py:588} INFO - Filling up the DagBag from /opt/airflow/dags/youtube_extract_pipeline.py
[2026-09-17T11:43:41.265+0000] {processor.py:925} INFO - DAG(s) 'youtube_pipeline_extraction' retrieved from /opt/airflow/dags/youtube_extract_pipeline.py
[2026-09-17T11:43:41.292+0000] {logging_mixin.py:190} INFO - [2026-09-17T11:43:41.292+0000] {dag.py:3239} INFO - Sync 1 DAGs
[2026-09-17T11:43:41.321+0000] {logging_mixin.py:190} INFO - [2026-09-17T11:43:41.321+0000] {dag.py:4180} INFO - Setting next_dagrun for youtube_pipeline_extraction to 2026-09-17 11:00:00+00:00, run_after=2026-09-17 12:00:00+00:00
[2026-09-17T11:43:41.343+0000] {processor.py:208} INFO - Processing /opt/airflow/dags/youtube_extract_pipeline.py took 0.157 seconds
[2026-09-17T11:44:11.685+0000] {processor.py:186} INFO - Started process (PID=3435) to work on /opt/airflow/dags/youtube_extract_pipeline.py
[2026-09-17T11:44:11.687+0000] {processor.py:914} INFO - Processing file /opt/airflow/dags/youtube_extract_pipeline.py for tasks to queue
[2026-09-17T11:44:11.689+0000] {logging_mixin.py:190} INFO - [2026-09-17T11:44:11.688+0000] {dagbag.py:588} INFO - Filling up the DagBag from /opt/airflow/dags/youtube_extract_pipeline.py
[2026-09-17T11:44:11.742+0000] {processor.py:925} INFO - DAG(s) 'youtube_pipeline_extraction' retrieved from /opt/airflow/dags/youtube_extract_pipeline.py
[2026-09-17T11:44:11.769+0000] {logging_mixin.py:190} INFO - [2026-09-17T11:44:11.768+0000] {dag.py:3239} INFO - Sync 1 DAGs
[2026-09-17T11:44:11.802+0000] {logging_mixin.py:190} INFO - [2026-09-17T11:44:11.801+0000] {dag.py:4180} INFO - Setting next_dagrun for youtube_pipeline_extraction to 2026-09-17 11:00:00+00:00, run_after=2026-09-17 12:00:00+00:00
[2026-09-17T11:44:11.825+0000] {processor.py:208} INFO - Processing /opt/airflow/dags/youtube_extract_pipeline.py took 0.146 seconds
[2026-09-17T11:44:42.072+0000] {processor.py:186} INFO - Started process (PID=3443) to work on /opt/airflow/dags/youtube_extract_pipeline.py
[2026-09-17T11:44:42.074+0000] {processor.py:914} INFO - Processing file /opt/airflow/dags/youtube_extract_pipeline.py for tasks to queue
[2026-09-17T11:44:42.076+0000] {logging_mixin.py:190} INFO - [2026-09-17T11:44:42.075+0000] {dagbag.py:588} INFO - Filling up the DagBag from /opt/airflow/dags/youtube_extract_pipeline.py
[2026-09-17T11:44:42.123+0000] {processor.py:925} INFO - DAG(s) 'youtube_pipeline_extraction' retrieved from /opt/airflow/dags/youtube_extract_pipeline.py
[2026-09-17T11:44:42.157+0000] {logging_mixin.py:190} INFO - [2026-09-17T11:44:42.157+0000] {dag.py:3239} INFO - Sync 1 DAGs
[2026-09-17T11:44:42.180+0000] {logging_mixin.py:190} INFO - [2026-09-17T11:44:42.180+0000] {dag.py:4180} INFO - Setting next_dagrun for youtube_pipeline_extraction to 2026-09-17 11:00:00+00:00, run_after=2026-09-17 12:00:00+00:00
[2026-09-17T11:44:42.198+0000] {processor.py:208} INFO - Processing /opt/airflow/dags/youtube_extract_pipeline.py took 0.132 seconds
[2026-09-17T11:45:12.581+0000] {processor.py:186} INFO - Started process (PID=3451) to work on /opt/airflow/dags/youtube_extract_pipeline.py
[2026-09-17T11:45:12.583+0000] {processor.py:914} INFO - Processing file /opt/airflow/dags/youtube_extract_pipeline.py for tasks to queue
[2026-09-17T11:45:12.585+0000] {logging_mixin.py:190} INFO - [2026-09-17T11:45:12.585+0000] {dagbag.py:588} INFO - Filling up the DagBag from /opt/airflow/dags/youtube_extract_pipeline.py
[2026-09-17T11:45:12.645+0000] {processor.py:925} INFO - DAG(s) 'youtube_pipeline_extraction' retrieved from /opt/airflow/dags/youtube_extract_pipeline.py
[2026-09-17T11:45:12.664+0000] {logging_mixin.py:190} INFO - [2026-09-17T11:45:12.664+0000] {dag.py:3239} INFO - Sync 1 DAGs
[2026-09-17T11:45:12.685+0000] {logging_mixin.py:190} INFO - [2026-09-17T11:45:12.685+0000] {dag.py:4180} INFO - Setting next_dagrun for youtube_pipeline_extraction to 2026-09-17 11:00:00+00:00, run_after=2026-09-17 12:00:00+00:00
[2026-09-17T11:45:12.704+0000] {processor.py:208} INFO - Processing /opt/airflow/dags/youtube_extract_pipeline.py took 0.128 seconds
[2026-09-17T11:45:42.931+0000] {processor.py:186} INFO - Started process (PID=3459) to work on /opt/airflow/dags/youtube_extract_pipeline.py
[2026-09-17T11:45:42.933+0000] {processor.py:914} INFO - Processing file /opt/airflow/dags/youtube_extract_pipeline.py for tasks to queue
[2026-09-17T11:45:42.934+0000] {logging_mixin.py:190} INFO - [2026-09-17T11:45:42.934+0000] {dagbag.py:588} INFO - Filling up the DagBag from /opt/airflow/dags/youtube_extract_pipeline.py
[2026-09-17T11:45:42.999+0000] {processor.py:925} INFO - DAG(s) 'youtube_pipeline_extraction' retrieved from /opt/airflow/dags/youtube_extract_pipeline.py
[2026-09-17T11:45:43.018+0000] {logging_mixin.py:190} INFO - [2026-09-17T11:45:43.018+0000] {dag.py:3239} INFO - Sync 1 DAGs
[2026-09-17T11:45:43.039+0000] {logging_mixin.py:190} INFO - [2026-09-17T11:45:43.038+0000] {dag.py:4180} INFO - Setting next_dagrun for youtube_pipeline_extraction to 2026-09-17 11:00:00+00:00, run_after=2026-09-17 12:00:00+00:00
[2026-09-17T11:45:43.058+0000] {processor.py:208} INFO - Processing /opt/airflow/dags/youtube_extract_pipeline.py took 0.133 seconds
[2026-09-17T11:46:13.414+0000] {processor.py:186} INFO - Started process (PID=3467) to work on /opt/airflow/dags/youtube_extract_pipeline.py
[2026-09-17T11:46:13.415+0000] {processor.py:914} INFO - Processing file /opt/airflow/dags/youtube_extract_pipeline.py for tasks to queue
[2026-09-17T11:46:13.417+0000] {logging_mixin.py:190} INFO - [2026-09-17T11:46:13.417+0000] {dagbag.py:588} INFO - Filling up the DagBag from /opt/airflow/dags/youtube_extract_pipeline.py
[2026-09-17T11:46:13.476+0000] {processor.py:925} INFO - DAG(s) 'youtube_pipeline_extraction' retrieved from /opt/airflow/dags/youtube_extract_pipeline.py
[2026-09-17T11:46:13.513+0000] {logging_mixin.py:190} INFO - [2026-09-17T11:46:13.513+0000] {dag.py:3239} INFO - Sync 1 DAGs
[2026-09-17T11:46:13.548+0000] {logging_mixin.py:190} INFO - [2026-09-17T11:46:13.548+0000] {dag.py:4180} INFO - Setting next_dagrun for youtube_pipeline_extraction to 2026-09-17 11:00:00+00:00, run_after=2026-09-17 12:00:00+00:00
[2026-09-17T11:46:13.577+0000] {processor.py:208} INFO - Processing /opt/airflow/dags/youtube_extract_pipeline.py took 0.168 seconds
[2026-09-17T11:46:43.943+0000] {processor.py:186} INFO - Started process (PID=3475) to work on /opt/airflow/dags/youtube_extract_pipeline.py
[2026-09-17T11:46:43.944+0000] {processor.py:914} INFO - Processing file /opt/airflow/dags/youtube_extract_pipeline.py for tasks to queue
[2026-09-17T11:46:43.946+0000] {logging_mixin.py:190} INFO - [2026-09-17T11:46:43.946+0000] {dagbag.py:588} INFO - Filling up the DagBag from /opt/airflow/dags/youtube_extract_pipeline.py
[2026-09-17T11:46:44.001+0000] {processor.py:925} INFO - DAG(s) 'youtube_pipeline_extraction' retrieved from /opt/airflow/dags/youtube_extract_pipeline.py
[2026-09-17T11:46:44.024+0000] {logging_mixin.py:190} INFO - [2026-09-17T11:46:44.023+0000] {dag.py:3239} INFO - Sync 1 DAGs
[2026-09-17T11:46:44.046+0000] {logging_mixin.py:190} INFO - [2026-09-17T11:46:44.046+0000] {dag.py:4180} INFO - Setting next_dagrun for youtube_pipeline_extraction to 2026-09-17 11:00:00+00:00, run_after=2026-09-17 12:00:00+00:00
[2026-09-17T11:46:44.065+0000] {processor.py:208} INFO - Processing /opt/airflow/dags/youtube_extract_pipeline.py took 0.126 seconds
[2026-09-17T11:47:14.308+0000] {processor.py:186} INFO - Started process (PID=3483) to work on /opt/airflow/dags/youtube_extract_pipeline.py
[2026-09-17T11:47:14.310+0000] {processor.py:914} INFO - Processing file /opt/airflow/dags/youtube_extract_pipeline.py for tasks to queue
[2026-09-17T11:47:14.311+0000] {logging_mixin.py:190} INFO - [2026-09-17T11:47:14.311+0000] {dagbag.py:588} INFO - Filling up the DagBag from /opt/airflow/dags/youtube_extract_pipeline.py
[2026-09-17T11:47:14.367+0000] {processor.py:925} INFO - DAG(s) 'youtube_pipeline_extraction' retrieved from /opt/airflow/dags/youtube_extract_pipeline.py
[2026-09-17T11:47:14.388+0000] {logging_mixin.py:190} INFO - [2026-09-17T11:47:14.387+0000] {dag.py:3239} INFO - Sync 1 DAGs
[2026-09-17T11:47:14.416+0000] {logging_mixin.py:190} INFO - [2026-09-17T11:47:14.415+0000] {dag.py:4180} INFO - Setting next_dagrun for youtube_pipeline_extraction to 2026-09-17 11:00:00+00:00, run_after=2026-09-17 12:00:00+00:00
[2026-09-17T11:47:14.449+0000] {processor.py:208} INFO - Processing /opt/airflow/dags/youtube_extract_pipeline.py took 0.147 seconds
[2026-09-17T11:47:44.731+0000] {processor.py:186} INFO - Started process (PID=3491) to work on /opt/airflow/dags/youtube_extract_pipeline.py
[2026-09-17T11:47:44.734+0000] {processor.py:914} INFO - Processing file /opt/airflow/dags/youtube_extract_pipeline.py for tasks to queue
[2026-09-17T11:47:44.738+0000] {logging_mixin.py:190} INFO - [2026-09-17T11:47:44.737+0000] {dagbag.py:588} INFO - Filling up the DagBag from /opt/airflow/dags/youtube_extract_pipeline.py
[2026-09-17T11:47:44.808+0000] {processor.py:925} INFO - DAG(s) 'youtube_pipeline_extraction' retrieved from /opt/airflow/dags/youtube_extract_pipeline.py
[2026-09-17T11:47:44.832+0000] {logging_mixin.py:190} INFO - [2026-09-17T11:47:44.832+0000] {dag.py:3239} INFO - Sync 1 DAGs
[2026-09-17T11:47:44.855+0000] {logging_mixin.py:190} INFO - [2026-09-17T11:47:44.855+0000] {dag.py:4180} INFO - Setting next_dagrun for youtube_pipeline_extraction to 2026-09-17 11:00:00+00:00, run_after=2026-09-17 12:00:00+00:00
[2026-09-17T11:47:44.875+0000] {processor.py:208} INFO - Processing /opt/airflow/dags/youtube_extract_pipeline.py took 0.151 seconds
[2026-09-17T11:48:15.097+0000] {processor.py:186} INFO - Started process (PID=3499) to work on /opt/airflow/dags/youtube_extract_pipeline.py
[2026-09-17T11:48:15.099+0000] {processor.py:914} INFO - Processing file /opt/airflow/dags/youtube_extract_pipeline.py for tasks to queue
[2026-09-17T11:48:15.101+0000] {logging_mixin.py:190} INFO - [2026-09-17T11:48:15.100+0000] {dagbag.py:588} INFO - Filling up the DagBag from /opt/airflow/dags/youtube_extract_pipeline.py
[2026-09-17T11:48:15.159+0000] {processor.py:925} INFO - DAG(s) 'youtube_pipeline_extraction' retrieved from /opt/airflow/dags/youtube_extract_pipeline.py
[2026-09-17T11:48:15.180+0000] {logging_mixin.py:190} INFO - [2026-09-17T11:48:15.180+0000] {dag.py:3239} INFO - Sync 1 DAGs
[2026-09-17T11:48:15.203+0000] {logging_mixin.py:190} INFO - [2026-09-17T11:48:15.203+0000] {dag.py:4180} INFO - Setting next_dagrun for youtube_pipeline_extraction to 2026-09-17 11:00:00+00:00, run_after=2026-09-17 12:00:00+00:00
[2026-09-17T11:48:15.223+0000] {processor.py:208} INFO - Processing /opt/airflow/dags/youtube_extract_pipeline.py took 0.130 seconds
[2026-09-17T11:48:45.608+0000] {processor.py:186} INFO - Started process (PID=3508) to work on /opt/airflow/dags/youtube_extract_pipeline.py
[2026-09-17T11:48:45.610+0000] {processor.py:914} INFO - Processing file /opt/airflow/dags/youtube_extract_pipeline.py for tasks to queue
[2026-09-17T11:48:45.612+0000] {logging_mixin.py:190} INFO - [2026-09-17T11:48:45.612+0000] {dagbag.py:588} INFO - Filling up the DagBag from /opt/airflow/dags/youtube_extract_pipeline.py
[2026-09-17T11:48:45.670+0000] {processor.py:925} INFO - DAG(s) 'youtube_pipeline_extraction' retrieved from /opt/airflow/dags/youtube_extract_pipeline.py
[2026-09-17T11:48:45.691+0000] {logging_mixin.py:190} INFO - [2026-09-17T11:48:45.691+0000] {dag.py:3239} INFO - Sync 1 DAGs
[2026-09-17T11:48:45.714+0000] {logging_mixin.py:190} INFO - [2026-09-17T11:48:45.714+0000] {dag.py:4180} INFO - Setting next_dagrun for youtube_pipeline_extraction to 2026-09-17 11:00:00+00:00, run_after=2026-09-17 12:00:00+00:00
[2026-09-17T11:48:45.733+0000] {processor.py:208} INFO - Processing /opt/airflow/dags/youtube_extract_pipeline.py took 0.130 seconds
[2026-09-17T11:49:15.987+0000] {processor.py:186} INFO - Started process (PID=3517) to work on /opt/airflow/dags/youtube_extract_pipeline.py
[2026-09-17T11:49:15.989+0000] {processor.py:914} INFO - Processing file /opt/airflow/dags/youtube_extract_pipeline.py for tasks to queue
[2026-09-17T11:49:15.991+0000] {logging_mixin.py:190} INFO - [2026-09-17T11:49:15.990+0000] {dagbag.py:588} INFO - Filling up the DagBag from /opt/airflow/dags/youtube_extract_pipeline.py
[2026-09-17T11:49:16.043+0000] {processor.py:925} INFO - DAG(s) 'youtube_pipeline_extraction' retrieved from /opt/airflow/dags/youtube_extract_pipeline.py
[2026-09-17T11:49:16.074+0000] {logging_mixin.py:190} INFO - [2026-09-17T11:49:16.074+0000] {dag.py:3239} INFO - Sync 1 DAGs
[2026-09-17T11:49:16.105+0000] {logging_mixin.py:190} INFO - [2026-09-17T11:49:16.105+0000] {dag.py:4180} INFO - Setting next_dagrun for youtube_pipeline_extraction to 2026-09-17 11:00:00+00:00, run_after=2026-09-17 12:00:00+00:00
[2026-09-17T11:49:16.126+0000] {processor.py:208} INFO - Processing /opt/airflow/dags/youtube_extract_pipeline.py took 0.145 seconds
[2026-09-17T11:49:46.497+0000] {processor.py:186} INFO - Started process (PID=3525) to work on /opt/airflow/dags/youtube_extract_pipeline.py
[2026-09-17T11:49:46.498+0000] {processor.py:914} INFO - Processing file /opt/airflow/dags/youtube_extract_pipeline.py for tasks to queue
[2026-09-17T11:49:46.501+0000] {logging_mixin.py:190} INFO - [2026-09-17T11:49:46.500+0000] {dagbag.py:588} INFO - Filling up the DagBag from /opt/airflow/dags/youtube_extract_pipeline.py
[2026-09-17T11:49:46.557+0000] {processor.py:925} INFO - DAG(s) 'youtube_pipeline_extraction' retrieved from /opt/airflow/dags/youtube_extract_pipeline.py
[2026-09-17T11:49:46.578+0000] {logging_mixin.py:190} INFO - [2026-09-17T11:49:46.578+0000] {dag.py:3239} INFO - Sync 1 DAGs
[2026-09-17T11:49:46.600+0000] {logging_mixin.py:190} INFO - [2026-09-17T11:49:46.600+0000] {dag.py:4180} INFO - Setting next_dagrun for youtube_pipeline_extraction to 2026-09-17 11:00:00+00:00, run_after=2026-09-17 12:00:00+00:00
[2026-09-17T11:49:46.618+0000] {processor.py:208} INFO - Processing /opt/airflow/dags/youtube_extract_pipeline.py took 0.127 seconds
[2026-09-17T11:50:17.051+0000] {processor.py:186} INFO - Started process (PID=3533) to work on /opt/airflow/dags/youtube_extract_pipeline.py
[2026-09-17T11:50:17.053+0000] {processor.py:914} INFO - Processing file /opt/airflow/dags/youtube_extract_pipeline.py for tasks to queue
[2026-09-17T11:50:17.055+0000] {logging_mixin.py:190} INFO - [2026-09-17T11:50:17.054+0000] {dagbag.py:588} INFO - Filling up the DagBag from /opt/airflow/dags/youtube_extract_pipeline.py
[2026-09-17T11:50:17.112+0000] {processor.py:925} INFO - DAG(s) 'youtube_pipeline_extraction' retrieved from /opt/airflow/dags/youtube_extract_pipeline.py
[2026-09-17T11:50:17.133+0000] {logging_mixin.py:190} INFO - [2026-09-17T11:50:17.133+0000] {dag.py:3239} INFO - Sync 1 DAGs
[2026-09-17T11:50:17.156+0000] {logging_mixin.py:190} INFO - [2026-09-17T11:50:17.156+0000] {dag.py:4180} INFO - Setting next_dagrun for youtube_pipeline_extraction to 2026-09-17 11:00:00+00:00, run_after=2026-09-17 12:00:00+00:00
[2026-09-17T11:50:17.176+0000] {processor.py:208} INFO - Processing /opt/airflow/dags/youtube_extract_pipeline.py took 0.130 seconds
[2026-09-17T11:50:47.592+0000] {processor.py:186} INFO - Started process (PID=3541) to work on /opt/airflow/dags/youtube_extract_pipeline.py
[2026-09-17T11:50:47.594+0000] {processor.py:914} INFO - Processing file /opt/airflow/dags/youtube_extract_pipeline.py for tasks to queue
[2026-09-17T11:50:47.596+0000] {logging_mixin.py:190} INFO - [2026-09-17T11:50:47.596+0000] {dagbag.py:588} INFO - Filling up the DagBag from /opt/airflow/dags/youtube_extract_pipeline.py
[2026-09-17T11:50:47.651+0000] {processor.py:925} INFO - DAG(s) 'youtube_pipeline_extraction' retrieved from /opt/airflow/dags/youtube_extract_pipeline.py
[2026-09-17T11:50:47.673+0000] {logging_mixin.py:190} INFO - [2026-09-17T11:50:47.673+0000] {dag.py:3239} INFO - Sync 1 DAGs
[2026-09-17T11:50:47.697+0000] {logging_mixin.py:190} INFO - [2026-09-17T11:50:47.697+0000] {dag.py:4180} INFO - Setting next_dagrun for youtube_pipeline_extraction to 2026-09-17 11:00:00+00:00, run_after=2026-09-17 12:00:00+00:00
[2026-09-17T11:50:47.732+0000] {processor.py:208} INFO - Processing /opt/airflow/dags/youtube_extract_pipeline.py took 0.145 seconds
[2026-09-17T11:51:17.964+0000] {processor.py:186} INFO - Started process (PID=3549) to work on /opt/airflow/dags/youtube_extract_pipeline.py
[2026-09-17T11:51:17.965+0000] {processor.py:914} INFO - Processing file /opt/airflow/dags/youtube_extract_pipeline.py for tasks to queue
[2026-09-17T11:51:17.967+0000] {logging_mixin.py:190} INFO - [2026-09-17T11:51:17.967+0000] {dagbag.py:588} INFO - Filling up the DagBag from /opt/airflow/dags/youtube_extract_pipeline.py
[2026-09-17T11:51:18.022+0000] {processor.py:925} INFO - DAG(s) 'youtube_pipeline_extraction' retrieved from /opt/airflow/dags/youtube_extract_pipeline.py
[2026-09-17T11:51:18.047+0000] {logging_mixin.py:190} INFO - [2026-09-17T11:51:18.046+0000] {dag.py:3239} INFO - Sync 1 DAGs
[2026-09-17T11:51:18.070+0000] {logging_mixin.py:190} INFO - [2026-09-17T11:51:18.070+0000] {dag.py:4180} INFO - Setting next_dagrun for youtube_pipeline_extraction to 2026-09-17 11:00:00+00:00, run_after=2026-09-17 12:00:00+00:00
[2026-09-17T11:51:18.090+0000] {processor.py:208} INFO - Processing /opt/airflow/dags/youtube_extract_pipeline.py took 0.132 seconds
[2026-09-17T11:51:48.476+0000] {processor.py:186} INFO - Started process (PID=3557) to work on /opt/airflow/dags/youtube_extract_pipeline.py
[2026-09-17T11:51:48.477+0000] {processor.py:914} INFO - Processing file /opt/airflow/dags/youtube_extract_pipeline.py for tasks to queue
[2026-09-17T11:51:48.479+0000] {logging_mixin.py:190} INFO - [2026-09-17T11:51:48.479+0000] {dagbag.py:588} INFO - Filling up the DagBag from /opt/airflow/dags/youtube_extract_pipeline.py
[2026-09-17T11:51:48.542+0000] {processor.py:925} INFO - DAG(s) 'youtube_pipeline_extraction' retrieved from /opt/airflow/dags/youtube_extract_pipeline.py
[2026-09-17T11:51:48.564+0000] {logging_mixin.py:190} INFO - [2026-09-17T11:51:48.563+0000] {dag.py:3239} INFO - Sync 1 DAGs
[2026-09-17T11:51:48.586+0000] {logging_mixin.py:190} INFO - [2026-09-17T11:51:48.586+0000] {dag.py:4180} INFO - Setting next_dagrun for youtube_pipeline_extraction to 2026-09-17 11:00:00+00:00, run_after=2026-09-17 12:00:00+00:00
[2026-09-17T11:51:48.607+0000] {processor.py:208} INFO - Processing /opt/airflow/dags/youtube_extract_pipeline.py took 0.138 seconds
[2026-09-17T11:52:18.870+0000] {processor.py:186} INFO - Started process (PID=3565) to work on /opt/airflow/dags/youtube_extract_pipeline.py
[2026-09-17T11:52:18.871+0000] {processor.py:914} INFO - Processing file /opt/airflow/dags/youtube_extract_pipeline.py for tasks to queue
[2026-09-17T11:52:18.874+0000] {logging_mixin.py:190} INFO - [2026-09-17T11:52:18.873+0000] {dagbag.py:588} INFO - Filling up the DagBag from /opt/airflow/dags/youtube_extract_pipeline.py
[2026-09-17T11:52:18.930+0000] {processor.py:925} INFO - DAG(s) 'youtube_pipeline_extraction' retrieved from /opt/airflow/dags/youtube_extract_pipeline.py
[2026-09-17T11:52:18.952+0000] {logging_mixin.py:190} INFO - [2026-09-17T11:52:18.952+0000] {dag.py:3239} INFO - Sync 1 DAGs
[2026-09-17T11:52:18.973+0000] {logging_mixin.py:190} INFO - [2026-09-17T11:52:18.973+0000] {dag.py:4180} INFO - Setting next_dagrun for youtube_pipeline_extraction to 2026-09-17 11:00:00+00:00, run_after=2026-09-17 12:00:00+00:00
[2026-09-17T11:52:19.005+0000] {processor.py:208} INFO - Processing /opt/airflow/dags/youtube_extract_pipeline.py took 0.142 seconds
[2026-09-17T11:52:49.337+0000] {processor.py:186} INFO - Started process (PID=3573) to work on /opt/airflow/dags/youtube_extract_pipeline.py
[2026-09-17T11:52:49.339+0000] {processor.py:914} INFO - Processing file /opt/airflow/dags/youtube_extract_pipeline.py for tasks to queue
[2026-09-17T11:52:49.341+0000] {logging_mixin.py:190} INFO - [2026-09-17T11:52:49.341+0000] {dagbag.py:588} INFO - Filling up the DagBag from /opt/airflow/dags/youtube_extract_pipeline.py
[2026-09-17T11:52:49.392+0000] {processor.py:925} INFO - DAG(s) 'youtube_pipeline_extraction' retrieved from /opt/airflow/dags/youtube_extract_pipeline.py
[2026-09-17T11:52:49.412+0000] {logging_mixin.py:190} INFO - [2026-09-17T11:52:49.412+0000] {dag.py:3239} INFO - Sync 1 DAGs
[2026-09-17T11:52:49.437+0000] {logging_mixin.py:190} INFO - [2026-09-17T11:52:49.437+0000] {dag.py:4180} INFO - Setting next_dagrun for youtube_pipeline_extraction to 2026-09-17 11:00:00+00:00, run_after=2026-09-17 12:00:00+00:00
[2026-09-17T11:52:49.468+0000] {processor.py:208} INFO - Processing /opt/airflow/dags/youtube_extract_pipeline.py took 0.136 seconds
[2026-09-17T11:53:19.711+0000] {processor.py:186} INFO - Started process (PID=3581) to work on /opt/airflow/dags/youtube_extract_pipeline.py
[2026-09-17T11:53:19.713+0000] {processor.py:914} INFO - Processing file /opt/airflow/dags/youtube_extract_pipeline.py for tasks to queue
[2026-09-17T11:53:19.715+0000] {logging_mixin.py:190} INFO - [2026-09-17T11:53:19.715+0000] {dagbag.py:588} INFO - Filling up the DagBag from /opt/airflow/dags/youtube_extract_pipeline.py
[2026-09-17T11:53:19.769+0000] {processor.py:925} INFO - DAG(s) 'youtube_pipeline_extraction' retrieved from /opt/airflow/dags/youtube_extract_pipeline.py
[2026-09-17T11:53:19.806+0000] {logging_mixin.py:190} INFO - [2026-09-17T11:53:19.805+0000] {dag.py:3239} INFO - Sync 1 DAGs
[2026-09-17T11:53:19.829+0000] {logging_mixin.py:190} INFO - [2026-09-17T11:53:19.828+0000] {dag.py:4180} INFO - Setting next_dagrun for youtube_pipeline_extraction to 2026-09-17 11:00:00+00:00, run_after=2026-09-17 12:00:00+00:00
[2026-09-17T11:53:19.849+0000] {processor.py:208} INFO - Processing /opt/airflow/dags/youtube_extract_pipeline.py took 0.145 seconds
[2026-09-17T11:53:50.239+0000] {processor.py:186} INFO - Started process (PID=3589) to work on /opt/airflow/dags/youtube_extract_pipeline.py
[2026-09-17T11:53:50.240+0000] {processor.py:914} INFO - Processing file /opt/airflow/dags/youtube_extract_pipeline.py for tasks to queue
[2026-09-17T11:53:50.242+0000] {logging_mixin.py:190} INFO - [2026-09-17T11:53:50.242+0000] {dagbag.py:588} INFO - Filling up the DagBag from /opt/airflow/dags/youtube_extract_pipeline.py
[2026-09-17T11:53:50.306+0000] {processor.py:925} INFO - DAG(s) 'youtube_pipeline_extraction' retrieved from /opt/airflow/dags/youtube_extract_pipeline.py
[2026-09-17T11:53:50.335+0000] {logging_mixin.py:190} INFO - [2026-09-17T11:53:50.335+0000] {dag.py:3239} INFO - Sync 1 DAGs
[2026-09-17T11:53:50.362+0000] {logging_mixin.py:190} INFO - [2026-09-17T11:53:50.361+0000] {dag.py:4180} INFO - Setting next_dagrun for youtube_pipeline_extraction to 2026-09-17 11:00:00+00:00, run_after=2026-09-17 12:00:00+00:00
[2026-09-17T11:53:50.382+0000] {processor.py:208} INFO - Processing /opt/airflow/dags/youtube_extract_pipeline.py took 0.148 seconds
[2026-09-17T11:54:20.602+0000] {processor.py:186} INFO - Started process (PID=3597) to work on /opt/airflow/dags/youtube_extract_pipeline.py
[2026-09-17T11:54:20.604+0000] {processor.py:914} INFO - Processing file /opt/airflow/dags/youtube_extract_pipeline.py for tasks to queue
[2026-09-17T11:54:20.606+0000] {logging_mixin.py:190} INFO - [2026-09-17T11:54:20.606+0000] {dagbag.py:588} INFO - Filling up the DagBag from /opt/airflow/dags/youtube_extract_pipeline.py
[2026-09-17T11:54:20.656+0000] {processor.py:925} INFO - DAG(s) 'youtube_pipeline_extraction' retrieved from /opt/airflow/dags/youtube_extract_pipeline.py
[2026-09-17T11:54:20.675+0000] {logging_mixin.py:190} INFO - [2026-09-17T11:54:20.674+0000] {dag.py:3239} INFO - Sync 1 DAGs
[2026-09-17T11:54:20.701+0000] {logging_mixin.py:190} INFO - [2026-09-17T11:54:20.701+0000] {dag.py:4180} INFO - Setting next_dagrun for youtube_pipeline_extraction to 2026-09-17 11:00:00+00:00, run_after=2026-09-17 12:00:00+00:00
[2026-09-17T11:54:20.719+0000] {processor.py:208} INFO - Processing /opt/airflow/dags/youtube_extract_pipeline.py took 0.124 seconds
[2026-09-17T11:54:51.066+0000] {processor.py:186} INFO - Started process (PID=3605) to work on /opt/airflow/dags/youtube_extract_pipeline.py
[2026-09-17T11:54:51.067+0000] {processor.py:914} INFO - Processing file /opt/airflow/dags/youtube_extract_pipeline.py for tasks to queue
[2026-09-17T11:54:51.069+0000] {logging_mixin.py:190} INFO - [2026-09-17T11:54:51.069+0000] {dagbag.py:588} INFO - Filling up the DagBag from /opt/airflow/dags/youtube_extract_pipeline.py
[2026-09-17T11:54:51.122+0000] {processor.py:925} INFO - DAG(s) 'youtube_pipeline_extraction' retrieved from /opt/airflow/dags/youtube_extract_pipeline.py
[2026-09-17T11:54:51.144+0000] {logging_mixin.py:190} INFO - [2026-09-17T11:54:51.144+0000] {dag.py:3239} INFO - Sync 1 DAGs
[2026-09-17T11:54:51.167+0000] {logging_mixin.py:190} INFO - [2026-09-17T11:54:51.167+0000] {dag.py:4180} INFO - Setting next_dagrun for youtube_pipeline_extraction to 2026-09-17 11:00:00+00:00, run_after=2026-09-17 12:00:00+00:00
[2026-09-17T11:54:51.185+0000] {processor.py:208} INFO - Processing /opt/airflow/dags/youtube_extract_pipeline.py took 0.124 seconds
[2026-09-17T11:55:21.491+0000] {processor.py:186} INFO - Started process (PID=3613) to work on /opt/airflow/dags/youtube_extract_pipeline.py
[2026-09-17T11:55:21.493+0000] {processor.py:914} INFO - Processing file /opt/airflow/dags/youtube_extract_pipeline.py for tasks to queue
[2026-09-17T11:55:21.496+0000] {logging_mixin.py:190} INFO - [2026-09-17T11:55:21.496+0000] {dagbag.py:588} INFO - Filling up the DagBag from /opt/airflow/dags/youtube_extract_pipeline.py
[2026-09-17T11:55:21.559+0000] {processor.py:925} INFO - DAG(s) 'youtube_pipeline_extraction' retrieved from /opt/airflow/dags/youtube_extract_pipeline.py
[2026-09-17T11:55:21.604+0000] {logging_mixin.py:190} INFO - [2026-09-17T11:55:21.603+0000] {dag.py:3239} INFO - Sync 1 DAGs
[2026-09-17T11:55:21.633+0000] {logging_mixin.py:190} INFO - [2026-09-17T11:55:21.633+0000] {dag.py:4180} INFO - Setting next_dagrun for youtube_pipeline_extraction to 2026-09-17 11:00:00+00:00, run_after=2026-09-17 12:00:00+00:00
[2026-09-17T11:55:21.656+0000] {processor.py:208} INFO - Processing /opt/airflow/dags/youtube_extract_pipeline.py took 0.171 seconds
[2026-09-17T11:55:52.025+0000] {processor.py:186} INFO - Started process (PID=3621) to work on /opt/airflow/dags/youtube_extract_pipeline.py
[2026-09-17T11:55:52.027+0000] {processor.py:914} INFO - Processing file /opt/airflow/dags/youtube_extract_pipeline.py for tasks to queue
[2026-09-17T11:55:52.029+0000] {logging_mixin.py:190} INFO - [2026-09-17T11:55:52.029+0000] {dagbag.py:588} INFO - Filling up the DagBag from /opt/airflow/dags/youtube_extract_pipeline.py
[2026-09-17T11:55:52.097+0000] {processor.py:925} INFO - DAG(s) 'youtube_pipeline_extraction' retrieved from /opt/airflow/dags/youtube_extract_pipeline.py
[2026-09-17T11:55:52.120+0000] {logging_mixin.py:190} INFO - [2026-09-17T11:55:52.119+0000] {dag.py:3239} INFO - Sync 1 DAGs
[2026-09-17T11:55:52.146+0000] {logging_mixin.py:190} INFO - [2026-09-17T11:55:52.146+0000] {dag.py:4180} INFO - Setting next_dagrun for youtube_pipeline_extraction to 2026-09-17 11:00:00+00:00, run_after=2026-09-17 12:00:00+00:00
[2026-09-17T11:55:52.168+0000] {processor.py:208} INFO - Processing /opt/airflow/dags/youtube_extract_pipeline.py took 0.149 seconds
[2026-09-17T11:56:22.541+0000] {processor.py:186} INFO - Started process (PID=3629) to work on /opt/airflow/dags/youtube_extract_pipeline.py
[2026-09-17T11:56:22.542+0000] {processor.py:914} INFO - Processing file /opt/airflow/dags/youtube_extract_pipeline.py for tasks to queue
[2026-09-17T11:56:22.544+0000] {logging_mixin.py:190} INFO - [2026-09-17T11:56:22.544+0000] {dagbag.py:588} INFO - Filling up the DagBag from /opt/airflow/dags/youtube_extract_pipeline.py
[2026-09-17T11:56:22.599+0000] {processor.py:925} INFO - DAG(s) 'youtube_pipeline_extraction' retrieved from /opt/airflow/dags/youtube_extract_pipeline.py
[2026-09-17T11:56:22.619+0000] {logging_mixin.py:190} INFO - [2026-09-17T11:56:22.618+0000] {dag.py:3239} INFO - Sync 1 DAGs
[2026-09-17T11:56:22.644+0000] {logging_mixin.py:190} INFO - [2026-09-17T11:56:22.644+0000] {dag.py:4180} INFO - Setting next_dagrun for youtube_pipeline_extraction to 2026-09-17 11:00:00+00:00, run_after=2026-09-17 12:00:00+00:00
[2026-09-17T11:56:22.662+0000] {processor.py:208} INFO - Processing /opt/airflow/dags/youtube_extract_pipeline.py took 0.127 seconds
[2026-09-17T11:56:52.933+0000] {processor.py:186} INFO - Started process (PID=3637) to work on /opt/airflow/dags/youtube_extract_pipeline.py
[2026-09-17T11:56:52.935+0000] {processor.py:914} INFO - Processing file /opt/airflow/dags/youtube_extract_pipeline.py for tasks to queue
[2026-09-17T11:56:52.937+0000] {logging_mixin.py:190} INFO - [2026-09-17T11:56:52.936+0000] {dagbag.py:588} INFO - Filling up the DagBag from /opt/airflow/dags/youtube_extract_pipeline.py
[2026-09-17T11:56:52.991+0000] {processor.py:925} INFO - DAG(s) 'youtube_pipeline_extraction' retrieved from /opt/airflow/dags/youtube_extract_pipeline.py
[2026-09-17T11:56:53.015+0000] {logging_mixin.py:190} INFO - [2026-09-17T11:56:53.015+0000] {dag.py:3239} INFO - Sync 1 DAGs
[2026-09-17T11:56:53.040+0000] {logging_mixin.py:190} INFO - [2026-09-17T11:56:53.039+0000] {dag.py:4180} INFO - Setting next_dagrun for youtube_pipeline_extraction to 2026-09-17 11:00:00+00:00, run_after=2026-09-17 12:00:00+00:00
[2026-09-17T11:56:53.058+0000] {processor.py:208} INFO - Processing /opt/airflow/dags/youtube_extract_pipeline.py took 0.131 seconds
[2026-09-17T11:57:23.273+0000] {processor.py:186} INFO - Started process (PID=3645) to work on /opt/airflow/dags/youtube_extract_pipeline.py
[2026-09-17T11:57:23.275+0000] {processor.py:914} INFO - Processing file /opt/airflow/dags/youtube_extract_pipeline.py for tasks to queue
[2026-09-17T11:57:23.277+0000] {logging_mixin.py:190} INFO - [2026-09-17T11:57:23.276+0000] {dagbag.py:588} INFO - Filling up the DagBag from /opt/airflow/dags/youtube_extract_pipeline.py
[2026-09-17T11:57:23.336+0000] {processor.py:925} INFO - DAG(s) 'youtube_pipeline_extraction' retrieved from /opt/airflow/dags/youtube_extract_pipeline.py
[2026-09-17T11:57:23.357+0000] {logging_mixin.py:190} INFO - [2026-09-17T11:57:23.356+0000] {dag.py:3239} INFO - Sync 1 DAGs
[2026-09-17T11:57:23.376+0000] {logging_mixin.py:190} INFO - [2026-09-17T11:57:23.376+0000] {dag.py:4180} INFO - Setting next_dagrun for youtube_pipeline_extraction to 2026-09-17 11:00:00+00:00, run_after=2026-09-17 12:00:00+00:00
[2026-09-17T11:57:23.395+0000] {processor.py:208} INFO - Processing /opt/airflow/dags/youtube_extract_pipeline.py took 0.129 seconds
[2026-09-17T11:57:53.782+0000] {processor.py:186} INFO - Started process (PID=3653) to work on /opt/airflow/dags/youtube_extract_pipeline.py
[2026-09-17T11:57:53.783+0000] {processor.py:914} INFO - Processing file /opt/airflow/dags/youtube_extract_pipeline.py for tasks to queue
[2026-09-17T11:57:53.785+0000] {logging_mixin.py:190} INFO - [2026-09-17T11:57:53.784+0000] {dagbag.py:588} INFO - Filling up the DagBag from /opt/airflow/dags/youtube_extract_pipeline.py
[2026-09-17T11:57:53.845+0000] {processor.py:925} INFO - DAG(s) 'youtube_pipeline_extraction' retrieved from /opt/airflow/dags/youtube_extract_pipeline.py
[2026-09-17T11:57:53.867+0000] {logging_mixin.py:190} INFO - [2026-09-17T11:57:53.867+0000] {dag.py:3239} INFO - Sync 1 DAGs
[2026-09-17T11:57:53.891+0000] {logging_mixin.py:190} INFO - [2026-09-17T11:57:53.891+0000] {dag.py:4180} INFO - Setting next_dagrun for youtube_pipeline_extraction to 2026-09-17 11:00:00+00:00, run_after=2026-09-17 12:00:00+00:00
[2026-09-17T11:57:53.914+0000] {processor.py:208} INFO - Processing /opt/airflow/dags/youtube_extract_pipeline.py took 0.138 seconds
[2026-09-17T11:58:24.294+0000] {processor.py:186} INFO - Started process (PID=3661) to work on /opt/airflow/dags/youtube_extract_pipeline.py
[2026-09-17T11:58:24.295+0000] {processor.py:914} INFO - Processing file /opt/airflow/dags/youtube_extract_pipeline.py for tasks to queue
[2026-09-17T11:58:24.297+0000] {logging_mixin.py:190} INFO - [2026-09-17T11:58:24.297+0000] {dagbag.py:588} INFO - Filling up the DagBag from /opt/airflow/dags/youtube_extract_pipeline.py
[2026-09-17T11:58:24.354+0000] {processor.py:925} INFO - DAG(s) 'youtube_pipeline_extraction' retrieved from /opt/airflow/dags/youtube_extract_pipeline.py
[2026-09-17T11:58:24.378+0000] {logging_mixin.py:190} INFO - [2026-09-17T11:58:24.378+0000] {dag.py:3239} INFO - Sync 1 DAGs
[2026-09-17T11:58:24.404+0000] {logging_mixin.py:190} INFO - [2026-09-17T11:58:24.404+0000] {dag.py:4180} INFO - Setting next_dagrun for youtube_pipeline_extraction to 2026-09-17 11:00:00+00:00, run_after=2026-09-17 12:00:00+00:00
[2026-09-17T11:58:24.438+0000] {processor.py:208} INFO - Processing /opt/airflow/dags/youtube_extract_pipeline.py took 0.151 seconds
[2026-09-17T11:58:54.696+0000] {processor.py:186} INFO - Started process (PID=3669) to work on /opt/airflow/dags/youtube_extract_pipeline.py
[2026-09-17T11:58:54.698+0000] {processor.py:914} INFO - Processing file /opt/airflow/dags/youtube_extract_pipeline.py for tasks to queue
[2026-09-17T11:58:54.699+0000] {logging_mixin.py:190} INFO - [2026-09-17T11:58:54.699+0000] {dagbag.py:588} INFO - Filling up the DagBag from /opt/airflow/dags/youtube_extract_pipeline.py
[2026-09-17T11:58:54.750+0000] {processor.py:925} INFO - DAG(s) 'youtube_pipeline_extraction' retrieved from /opt/airflow/dags/youtube_extract_pipeline.py
[2026-09-17T11:58:54.777+0000] {logging_mixin.py:190} INFO - [2026-09-17T11:58:54.776+0000] {dag.py:3239} INFO - Sync 1 DAGs
[2026-09-17T11:58:54.802+0000] {logging_mixin.py:190} INFO - [2026-09-17T11:58:54.802+0000] {dag.py:4180} INFO - Setting next_dagrun for youtube_pipeline_extraction to 2026-09-17 11:00:00+00:00, run_after=2026-09-17 12:00:00+00:00
[2026-09-17T11:58:54.838+0000] {processor.py:208} INFO - Processing /opt/airflow/dags/youtube_extract_pipeline.py took 0.148 seconds
[2026-09-17T11:59:25.192+0000] {processor.py:186} INFO - Started process (PID=3677) to work on /opt/airflow/dags/youtube_extract_pipeline.py
[2026-09-17T11:59:25.194+0000] {processor.py:914} INFO - Processing file /opt/airflow/dags/youtube_extract_pipeline.py for tasks to queue
[2026-09-17T11:59:25.195+0000] {logging_mixin.py:190} INFO - [2026-09-17T11:59:25.195+0000] {dagbag.py:588} INFO - Filling up the DagBag from /opt/airflow/dags/youtube_extract_pipeline.py
[2026-09-17T11:59:25.248+0000] {processor.py:925} INFO - DAG(s) 'youtube_pipeline_extraction' retrieved from /opt/airflow/dags/youtube_extract_pipeline.py
[2026-09-17T11:59:25.270+0000] {logging_mixin.py:190} INFO - [2026-09-17T11:59:25.270+0000] {dag.py:3239} INFO - Sync 1 DAGs
[2026-09-17T11:59:25.299+0000] {logging_mixin.py:190} INFO - [2026-09-17T11:59:25.299+0000] {dag.py:4180} INFO - Setting next_dagrun for youtube_pipeline_extraction to 2026-09-17 11:00:00+00:00, run_after=2026-09-17 12:00:00+00:00
[2026-09-17T11:59:25.344+0000] {processor.py:208} INFO - Processing /opt/airflow/dags/youtube_extract_pipeline.py took 0.158 seconds
[2026-09-17T11:59:55.546+0000] {processor.py:186} INFO - Started process (PID=3685) to work on /opt/airflow/dags/youtube_extract_pipeline.py
[2026-09-17T11:59:55.547+0000] {processor.py:914} INFO - Processing file /opt/airflow/dags/youtube_extract_pipeline.py for tasks to queue
[2026-09-17T11:59:55.549+0000] {logging_mixin.py:190} INFO - [2026-09-17T11:59:55.549+0000] {dagbag.py:588} INFO - Filling up the DagBag from /opt/airflow/dags/youtube_extract_pipeline.py
[2026-09-17T11:59:55.603+0000] {processor.py:925} INFO - DAG(s) 'youtube_pipeline_extraction' retrieved from /opt/airflow/dags/youtube_extract_pipeline.py
[2026-09-17T11:59:55.628+0000] {logging_mixin.py:190} INFO - [2026-09-17T11:59:55.628+0000] {dag.py:3239} INFO - Sync 1 DAGs
[2026-09-17T11:59:55.652+0000] {logging_mixin.py:190} INFO - [2026-09-17T11:59:55.652+0000] {dag.py:4180} INFO - Setting next_dagrun for youtube_pipeline_extraction to 2026-09-17 11:00:00+00:00, run_after=2026-09-17 12:00:00+00:00
[2026-09-17T11:59:55.670+0000] {processor.py:208} INFO - Processing /opt/airflow/dags/youtube_extract_pipeline.py took 0.130 seconds
[2026-09-17T12:00:25.925+0000] {processor.py:186} INFO - Started process (PID=3693) to work on /opt/airflow/dags/youtube_extract_pipeline.py
[2026-09-17T12:00:25.926+0000] {processor.py:914} INFO - Processing file /opt/airflow/dags/youtube_extract_pipeline.py for tasks to queue
[2026-09-17T12:00:25.929+0000] {logging_mixin.py:190} INFO - [2026-09-17T12:00:25.928+0000] {dagbag.py:588} INFO - Filling up the DagBag from /opt/airflow/dags/youtube_extract_pipeline.py
[2026-09-17T12:00:25.986+0000] {processor.py:925} INFO - DAG(s) 'youtube_pipeline_extraction' retrieved from /opt/airflow/dags/youtube_extract_pipeline.py
[2026-09-17T12:00:26.011+0000] {logging_mixin.py:190} INFO - [2026-09-17T12:00:26.011+0000] {dag.py:3239} INFO - Sync 1 DAGs
[2026-09-17T12:00:26.034+0000] {logging_mixin.py:190} INFO - [2026-09-17T12:00:26.034+0000] {dag.py:4180} INFO - Setting next_dagrun for youtube_pipeline_extraction to 2026-09-17 12:00:00+00:00, run_after=2026-09-17 13:00:00+00:00
[2026-09-17T12:00:26.053+0000] {processor.py:208} INFO - Processing /opt/airflow/dags/youtube_extract_pipeline.py took 0.133 seconds
[2026-09-17T12:00:56.365+0000] {processor.py:186} INFO - Started process (PID=3701) to work on /opt/airflow/dags/youtube_extract_pipeline.py
[2026-09-17T12:00:56.367+0000] {processor.py:914} INFO - Processing file /opt/airflow/dags/youtube_extract_pipeline.py for tasks to queue
[2026-09-17T12:00:56.369+0000] {logging_mixin.py:190} INFO - [2026-09-17T12:00:56.369+0000] {dagbag.py:588} INFO - Filling up the DagBag from /opt/airflow/dags/youtube_extract_pipeline.py
[2026-09-17T12:00:56.427+0000] {processor.py:925} INFO - DAG(s) 'youtube_pipeline_extraction' retrieved from /opt/airflow/dags/youtube_extract_pipeline.py
[2026-09-17T12:00:56.449+0000] {logging_mixin.py:190} INFO - [2026-09-17T12:00:56.449+0000] {dag.py:3239} INFO - Sync 1 DAGs
[2026-09-17T12:00:56.472+0000] {logging_mixin.py:190} INFO - [2026-09-17T12:00:56.472+0000] {dag.py:4180} INFO - Setting next_dagrun for youtube_pipeline_extraction to 2026-09-17 12:00:00+00:00, run_after=2026-09-17 13:00:00+00:00
[2026-09-17T12:00:56.490+0000] {processor.py:208} INFO - Processing /opt/airflow/dags/youtube_extract_pipeline.py took 0.130 seconds
[2026-09-17T12:01:26.755+0000] {processor.py:186} INFO - Started process (PID=3709) to work on /opt/airflow/dags/youtube_extract_pipeline.py
[2026-09-17T12:01:26.756+0000] {processor.py:914} INFO - Processing file /opt/airflow/dags/youtube_extract_pipeline.py for tasks to queue
[2026-09-17T12:01:26.758+0000] {logging_mixin.py:190} INFO - [2026-09-17T12:01:26.758+0000] {dagbag.py:588} INFO - Filling up the DagBag from /opt/airflow/dags/youtube_extract_pipeline.py
[2026-09-17T12:01:26.807+0000] {processor.py:925} INFO - DAG(s) 'youtube_pipeline_extraction' retrieved from /opt/airflow/dags/youtube_extract_pipeline.py
[2026-09-17T12:01:26.829+0000] {logging_mixin.py:190} INFO - [2026-09-17T12:01:26.828+0000] {dag.py:3239} INFO - Sync 1 DAGs
[2026-09-17T12:01:26.851+0000] {logging_mixin.py:190} INFO - [2026-09-17T12:01:26.851+0000] {dag.py:4180} INFO - Setting next_dagrun for youtube_pipeline_extraction to 2026-09-17 12:00:00+00:00, run_after=2026-09-17 13:00:00+00:00
[2026-09-17T12:01:26.882+0000] {processor.py:208} INFO - Processing /opt/airflow/dags/youtube_extract_pipeline.py took 0.132 seconds
[2026-09-17T12:01:57.267+0000] {processor.py:186} INFO - Started process (PID=3717) to work on /opt/airflow/dags/youtube_extract_pipeline.py
[2026-09-17T12:01:57.269+0000] {processor.py:914} INFO - Processing file /opt/airflow/dags/youtube_extract_pipeline.py for tasks to queue
[2026-09-17T12:01:57.270+0000] {logging_mixin.py:190} INFO - [2026-09-17T12:01:57.270+0000] {dagbag.py:588} INFO - Filling up the DagBag from /opt/airflow/dags/youtube_extract_pipeline.py
[2026-09-17T12:01:57.324+0000] {processor.py:925} INFO - DAG(s) 'youtube_pipeline_extraction' retrieved from /opt/airflow/dags/youtube_extract_pipeline.py
[2026-09-17T12:01:57.343+0000] {logging_mixin.py:190} INFO - [2026-09-17T12:01:57.343+0000] {dag.py:3239} INFO - Sync 1 DAGs
[2026-09-17T12:01:57.386+0000] {logging_mixin.py:190} INFO - [2026-09-17T12:01:57.385+0000] {dag.py:4180} INFO - Setting next_dagrun for youtube_pipeline_extraction to 2026-09-17 12:00:00+00:00, run_after=2026-09-17 13:00:00+00:00
[2026-09-17T12:01:57.421+0000] {processor.py:208} INFO - Processing /opt/airflow/dags/youtube_extract_pipeline.py took 0.159 seconds
[2026-09-17T12:02:27.654+0000] {processor.py:186} INFO - Started process (PID=3725) to work on /opt/airflow/dags/youtube_extract_pipeline.py
[2026-09-17T12:02:27.655+0000] {processor.py:914} INFO - Processing file /opt/airflow/dags/youtube_extract_pipeline.py for tasks to queue
[2026-09-17T12:02:27.657+0000] {logging_mixin.py:190} INFO - [2026-09-17T12:02:27.657+0000] {dagbag.py:588} INFO - Filling up the DagBag from /opt/airflow/dags/youtube_extract_pipeline.py
[2026-09-17T12:02:27.726+0000] {processor.py:925} INFO - DAG(s) 'youtube_pipeline_extraction' retrieved from /opt/airflow/dags/youtube_extract_pipeline.py
[2026-09-17T12:02:27.749+0000] {logging_mixin.py:190} INFO - [2026-09-17T12:02:27.748+0000] {dag.py:3239} INFO - Sync 1 DAGs
[2026-09-17T12:02:27.770+0000] {logging_mixin.py:190} INFO - [2026-09-17T12:02:27.770+0000] {dag.py:4180} INFO - Setting next_dagrun for youtube_pipeline_extraction to 2026-09-17 12:00:00+00:00, run_after=2026-09-17 13:00:00+00:00
[2026-09-17T12:02:27.801+0000] {processor.py:208} INFO - Processing /opt/airflow/dags/youtube_extract_pipeline.py took 0.153 seconds
[2026-09-17T12:02:58.086+0000] {processor.py:186} INFO - Started process (PID=3733) to work on /opt/airflow/dags/youtube_extract_pipeline.py
[2026-09-17T12:02:58.088+0000] {processor.py:914} INFO - Processing file /opt/airflow/dags/youtube_extract_pipeline.py for tasks to queue
[2026-09-17T12:02:58.089+0000] {logging_mixin.py:190} INFO - [2026-09-17T12:02:58.089+0000] {dagbag.py:588} INFO - Filling up the DagBag from /opt/airflow/dags/youtube_extract_pipeline.py
[2026-09-17T12:02:58.138+0000] {processor.py:925} INFO - DAG(s) 'youtube_pipeline_extraction' retrieved from /opt/airflow/dags/youtube_extract_pipeline.py
[2026-09-17T12:02:58.161+0000] {logging_mixin.py:190} INFO - [2026-09-17T12:02:58.161+0000] {dag.py:3239} INFO - Sync 1 DAGs
[2026-09-17T12:02:58.184+0000] {logging_mixin.py:190} INFO - [2026-09-17T12:02:58.184+0000] {dag.py:4180} INFO - Setting next_dagrun for youtube_pipeline_extraction to 2026-09-17 12:00:00+00:00, run_after=2026-09-17 13:00:00+00:00
[2026-09-17T12:02:58.208+0000] {processor.py:208} INFO - Processing /opt/airflow/dags/youtube_extract_pipeline.py took 0.127 seconds
[2026-09-17T12:03:28.488+0000] {processor.py:186} INFO - Started process (PID=3741) to work on /opt/airflow/dags/youtube_extract_pipeline.py
[2026-09-17T12:03:28.491+0000] {processor.py:914} INFO - Processing file /opt/airflow/dags/youtube_extract_pipeline.py for tasks to queue
[2026-09-17T12:03:28.495+0000] {logging_mixin.py:190} INFO - [2026-09-17T12:03:28.494+0000] {dagbag.py:588} INFO - Filling up the DagBag from /opt/airflow/dags/youtube_extract_pipeline.py
[2026-09-17T12:03:28.554+0000] {processor.py:925} INFO - DAG(s) 'youtube_pipeline_extraction' retrieved from /opt/airflow/dags/youtube_extract_pipeline.py
[2026-09-17T12:03:28.578+0000] {logging_mixin.py:190} INFO - [2026-09-17T12:03:28.578+0000] {dag.py:3239} INFO - Sync 1 DAGs
[2026-09-17T12:03:28.608+0000] {logging_mixin.py:190} INFO - [2026-09-17T12:03:28.607+0000] {dag.py:4180} INFO - Setting next_dagrun for youtube_pipeline_extraction to 2026-09-17 12:00:00+00:00, run_after=2026-09-17 13:00:00+00:00
[2026-09-17T12:03:28.630+0000] {processor.py:208} INFO - Processing /opt/airflow/dags/youtube_extract_pipeline.py took 0.150 seconds
[2026-09-17T12:03:58.862+0000] {processor.py:186} INFO - Started process (PID=3749) to work on /opt/airflow/dags/youtube_extract_pipeline.py
[2026-09-17T12:03:58.864+0000] {processor.py:914} INFO - Processing file /opt/airflow/dags/youtube_extract_pipeline.py for tasks to queue
[2026-09-17T12:03:58.866+0000] {logging_mixin.py:190} INFO - [2026-09-17T12:03:58.866+0000] {dagbag.py:588} INFO - Filling up the DagBag from /opt/airflow/dags/youtube_extract_pipeline.py
[2026-09-17T12:03:58.914+0000] {processor.py:925} INFO - DAG(s) 'youtube_pipeline_extraction' retrieved from /opt/airflow/dags/youtube_extract_pipeline.py
[2026-09-17T12:03:58.936+0000] {logging_mixin.py:190} INFO - [2026-09-17T12:03:58.935+0000] {dag.py:3239} INFO - Sync 1 DAGs
[2026-09-17T12:03:58.959+0000] {logging_mixin.py:190} INFO - [2026-09-17T12:03:58.959+0000] {dag.py:4180} INFO - Setting next_dagrun for youtube_pipeline_extraction to 2026-09-17 12:00:00+00:00, run_after=2026-09-17 13:00:00+00:00
[2026-09-17T12:03:58.978+0000] {processor.py:208} INFO - Processing /opt/airflow/dags/youtube_extract_pipeline.py took 0.122 seconds
[2026-09-17T12:04:29.367+0000] {processor.py:186} INFO - Started process (PID=3757) to work on /opt/airflow/dags/youtube_extract_pipeline.py
[2026-09-17T12:04:29.369+0000] {processor.py:914} INFO - Processing file /opt/airflow/dags/youtube_extract_pipeline.py for tasks to queue
[2026-09-17T12:04:29.370+0000] {logging_mixin.py:190} INFO - [2026-09-17T12:04:29.370+0000] {dagbag.py:588} INFO - Filling up the DagBag from /opt/airflow/dags/youtube_extract_pipeline.py
[2026-09-17T12:04:29.398+0000] {logging_mixin.py:190} INFO - [2026-09-17T12:04:29.391+0000] {dagbag.py:387} ERROR - Failed to import: /opt/airflow/dags/youtube_extract_pipeline.py
Traceback (most recent call last):
  File "/home/airflow/.local/lib/python3.10/site-packages/airflow/models/dagbag.py", line 383, in parse
    loader.exec_module(new_module)
  File "<frozen importlib._bootstrap_external>", line 883, in exec_module
  File "<frozen importlib._bootstrap>", line 241, in _call_with_frames_removed
  File "/opt/airflow/dags/youtube_extract_pipeline.py", line 11, in <module>
    from include.extract import youtube_extract as extract_videos
  File "<frozen importlib._bootstrap>", line 1027, in _find_and_load
  File "<frozen importlib._bootstrap>", line 1002, in _find_and_load_unlocked
  File "<frozen importlib._bootstrap>", line 945, in _find_spec
  File "<frozen importlib._bootstrap_external>", line 1439, in find_spec
  File "<frozen importlib._bootstrap_external>", line 1411, in _get_spec
  File "<frozen importlib._bootstrap_external>", line 1548, in find_spec
  File "<frozen importlib._bootstrap_external>", line 1591, in _fill_cache
OSError: [Errno 12] Cannot allocate memory: '/opt/airflow/include'
[2026-09-17T12:04:29.400+0000] {processor.py:927} WARNING - No viable dags retrieved from /opt/airflow/dags/youtube_extract_pipeline.py
[2026-09-17T12:04:29.442+0000] {processor.py:208} INFO - Processing /opt/airflow/dags/youtube_extract_pipeline.py took 0.080 seconds
[2026-09-17T12:04:59.858+0000] {processor.py:186} INFO - Started process (PID=3765) to work on /opt/airflow/dags/youtube_extract_pipeline.py
[2026-09-17T12:04:59.860+0000] {processor.py:914} INFO - Processing file /opt/airflow/dags/youtube_extract_pipeline.py for tasks to queue
[2026-09-17T12:04:59.861+0000] {logging_mixin.py:190} INFO - [2026-09-17T12:04:59.861+0000] {dagbag.py:588} INFO - Filling up the DagBag from /opt/airflow/dags/youtube_extract_pipeline.py
[2026-09-17T12:04:59.916+0000] {processor.py:925} INFO - DAG(s) 'youtube_pipeline_extraction' retrieved from /opt/airflow/dags/youtube_extract_pipeline.py
[2026-09-17T12:04:59.937+0000] {logging_mixin.py:190} INFO - [2026-09-17T12:04:59.936+0000] {dag.py:3239} INFO - Sync 1 DAGs
[2026-09-17T12:04:59.960+0000] {logging_mixin.py:190} INFO - [2026-09-17T12:04:59.960+0000] {dag.py:4180} INFO - Setting next_dagrun for youtube_pipeline_extraction to 2026-09-17 12:00:00+00:00, run_after=2026-09-17 13:00:00+00:00
[2026-09-17T12:04:59.989+0000] {processor.py:208} INFO - Processing /opt/airflow/dags/youtube_extract_pipeline.py took 0.135 seconds
[2026-09-17T12:05:30.253+0000] {processor.py:186} INFO - Started process (PID=3773) to work on /opt/airflow/dags/youtube_extract_pipeline.py
[2026-09-17T12:05:30.255+0000] {processor.py:914} INFO - Processing file /opt/airflow/dags/youtube_extract_pipeline.py for tasks to queue
[2026-09-17T12:05:30.257+0000] {logging_mixin.py:190} INFO - [2026-09-17T12:05:30.256+0000] {dagbag.py:588} INFO - Filling up the DagBag from /opt/airflow/dags/youtube_extract_pipeline.py
[2026-09-17T12:05:30.312+0000] {processor.py:925} INFO - DAG(s) 'youtube_pipeline_extraction' retrieved from /opt/airflow/dags/youtube_extract_pipeline.py
[2026-09-17T12:05:30.347+0000] {logging_mixin.py:190} INFO - [2026-09-17T12:05:30.347+0000] {dag.py:3239} INFO - Sync 1 DAGs
[2026-09-17T12:05:30.369+0000] {logging_mixin.py:190} INFO - [2026-09-17T12:05:30.368+0000] {dag.py:4180} INFO - Setting next_dagrun for youtube_pipeline_extraction to 2026-09-17 12:00:00+00:00, run_after=2026-09-17 13:00:00+00:00
[2026-09-17T12:05:30.389+0000] {processor.py:208} INFO - Processing /opt/airflow/dags/youtube_extract_pipeline.py took 0.144 seconds
[2026-09-17T12:06:00.756+0000] {processor.py:186} INFO - Started process (PID=3781) to work on /opt/airflow/dags/youtube_extract_pipeline.py
[2026-09-17T12:06:00.758+0000] {processor.py:914} INFO - Processing file /opt/airflow/dags/youtube_extract_pipeline.py for tasks to queue
[2026-09-17T12:06:00.760+0000] {logging_mixin.py:190} INFO - [2026-09-17T12:06:00.760+0000] {dagbag.py:588} INFO - Filling up the DagBag from /opt/airflow/dags/youtube_extract_pipeline.py
[2026-09-17T12:06:00.822+0000] {processor.py:925} INFO - DAG(s) 'youtube_pipeline_extraction' retrieved from /opt/airflow/dags/youtube_extract_pipeline.py
[2026-09-17T12:06:00.845+0000] {logging_mixin.py:190} INFO - [2026-09-17T12:06:00.845+0000] {dag.py:3239} INFO - Sync 1 DAGs
[2026-09-17T12:06:00.874+0000] {logging_mixin.py:190} INFO - [2026-09-17T12:06:00.874+0000] {dag.py:4180} INFO - Setting next_dagrun for youtube_pipeline_extraction to 2026-09-17 12:00:00+00:00, run_after=2026-09-17 13:00:00+00:00
[2026-09-17T12:06:00.894+0000] {processor.py:208} INFO - Processing /opt/airflow/dags/youtube_extract_pipeline.py took 0.145 seconds
[2026-09-17T12:06:31.119+0000] {processor.py:186} INFO - Started process (PID=3789) to work on /opt/airflow/dags/youtube_extract_pipeline.py
[2026-09-17T12:06:31.121+0000] {processor.py:914} INFO - Processing file /opt/airflow/dags/youtube_extract_pipeline.py for tasks to queue
[2026-09-17T12:06:31.123+0000] {logging_mixin.py:190} INFO - [2026-09-17T12:06:31.123+0000] {dagbag.py:588} INFO - Filling up the DagBag from /opt/airflow/dags/youtube_extract_pipeline.py
[2026-09-17T12:06:31.173+0000] {processor.py:925} INFO - DAG(s) 'youtube_pipeline_extraction' retrieved from /opt/airflow/dags/youtube_extract_pipeline.py
[2026-09-17T12:06:31.193+0000] {logging_mixin.py:190} INFO - [2026-09-17T12:06:31.193+0000] {dag.py:3239} INFO - Sync 1 DAGs
[2026-09-17T12:06:31.214+0000] {logging_mixin.py:190} INFO - [2026-09-17T12:06:31.214+0000] {dag.py:4180} INFO - Setting next_dagrun for youtube_pipeline_extraction to 2026-09-17 12:00:00+00:00, run_after=2026-09-17 13:00:00+00:00
[2026-09-17T12:06:31.233+0000] {processor.py:208} INFO - Processing /opt/airflow/dags/youtube_extract_pipeline.py took 0.119 seconds
[2026-09-17T12:07:01.630+0000] {processor.py:186} INFO - Started process (PID=3797) to work on /opt/airflow/dags/youtube_extract_pipeline.py
[2026-09-17T12:07:01.632+0000] {processor.py:914} INFO - Processing file /opt/airflow/dags/youtube_extract_pipeline.py for tasks to queue
[2026-09-17T12:07:01.634+0000] {logging_mixin.py:190} INFO - [2026-09-17T12:07:01.634+0000] {dagbag.py:588} INFO - Filling up the DagBag from /opt/airflow/dags/youtube_extract_pipeline.py
[2026-09-17T12:07:01.706+0000] {processor.py:925} INFO - DAG(s) 'youtube_pipeline_extraction' retrieved from /opt/airflow/dags/youtube_extract_pipeline.py
[2026-09-17T12:07:01.728+0000] {logging_mixin.py:190} INFO - [2026-09-17T12:07:01.728+0000] {dag.py:3239} INFO - Sync 1 DAGs
[2026-09-17T12:07:01.751+0000] {logging_mixin.py:190} INFO - [2026-09-17T12:07:01.751+0000] {dag.py:4180} INFO - Setting next_dagrun for youtube_pipeline_extraction to 2026-09-17 12:00:00+00:00, run_after=2026-09-17 13:00:00+00:00
[2026-09-17T12:07:01.771+0000] {processor.py:208} INFO - Processing /opt/airflow/dags/youtube_extract_pipeline.py took 0.147 seconds
[2026-09-17T12:07:32.170+0000] {processor.py:186} INFO - Started process (PID=3805) to work on /opt/airflow/dags/youtube_extract_pipeline.py
[2026-09-17T12:07:32.172+0000] {processor.py:914} INFO - Processing file /opt/airflow/dags/youtube_extract_pipeline.py for tasks to queue
[2026-09-17T12:07:32.174+0000] {logging_mixin.py:190} INFO - [2026-09-17T12:07:32.173+0000] {dagbag.py:588} INFO - Filling up the DagBag from /opt/airflow/dags/youtube_extract_pipeline.py
[2026-09-17T12:07:32.228+0000] {processor.py:925} INFO - DAG(s) 'youtube_pipeline_extraction' retrieved from /opt/airflow/dags/youtube_extract_pipeline.py
[2026-09-17T12:07:32.251+0000] {logging_mixin.py:190} INFO - [2026-09-17T12:07:32.251+0000] {dag.py:3239} INFO - Sync 1 DAGs
[2026-09-17T12:07:32.275+0000] {logging_mixin.py:190} INFO - [2026-09-17T12:07:32.275+0000] {dag.py:4180} INFO - Setting next_dagrun for youtube_pipeline_extraction to 2026-09-17 12:00:00+00:00, run_after=2026-09-17 13:00:00+00:00
[2026-09-17T12:07:32.294+0000] {processor.py:208} INFO - Processing /opt/airflow/dags/youtube_extract_pipeline.py took 0.129 seconds
[2026-09-17T12:08:02.522+0000] {processor.py:186} INFO - Started process (PID=3813) to work on /opt/airflow/dags/youtube_extract_pipeline.py
[2026-09-17T12:08:02.524+0000] {processor.py:914} INFO - Processing file /opt/airflow/dags/youtube_extract_pipeline.py for tasks to queue
[2026-09-17T12:08:02.526+0000] {logging_mixin.py:190} INFO - [2026-09-17T12:08:02.525+0000] {dagbag.py:588} INFO - Filling up the DagBag from /opt/airflow/dags/youtube_extract_pipeline.py
[2026-09-17T12:08:02.578+0000] {processor.py:925} INFO - DAG(s) 'youtube_pipeline_extraction' retrieved from /opt/airflow/dags/youtube_extract_pipeline.py
[2026-09-17T12:08:02.602+0000] {logging_mixin.py:190} INFO - [2026-09-17T12:08:02.602+0000] {dag.py:3239} INFO - Sync 1 DAGs
[2026-09-17T12:08:02.623+0000] {logging_mixin.py:190} INFO - [2026-09-17T12:08:02.623+0000] {dag.py:4180} INFO - Setting next_dagrun for youtube_pipeline_extraction to 2026-09-17 12:00:00+00:00, run_after=2026-09-17 13:00:00+00:00
[2026-09-17T12:08:02.643+0000] {processor.py:208} INFO - Processing /opt/airflow/dags/youtube_extract_pipeline.py took 0.125 seconds
[2026-09-17T12:08:32.973+0000] {processor.py:186} INFO - Started process (PID=3822) to work on /opt/airflow/dags/youtube_extract_pipeline.py
[2026-09-17T12:08:32.975+0000] {processor.py:914} INFO - Processing file /opt/airflow/dags/youtube_extract_pipeline.py for tasks to queue
[2026-09-17T12:08:32.977+0000] {logging_mixin.py:190} INFO - [2026-09-17T12:08:32.977+0000] {dagbag.py:588} INFO - Filling up the DagBag from /opt/airflow/dags/youtube_extract_pipeline.py
[2026-09-17T12:08:33.032+0000] {processor.py:925} INFO - DAG(s) 'youtube_pipeline_extraction' retrieved from /opt/airflow/dags/youtube_extract_pipeline.py
[2026-09-17T12:08:33.053+0000] {logging_mixin.py:190} INFO - [2026-09-17T12:08:33.053+0000] {dag.py:3239} INFO - Sync 1 DAGs
[2026-09-17T12:08:33.076+0000] {logging_mixin.py:190} INFO - [2026-09-17T12:08:33.076+0000] {dag.py:4180} INFO - Setting next_dagrun for youtube_pipeline_extraction to 2026-09-17 12:00:00+00:00, run_after=2026-09-17 13:00:00+00:00
[2026-09-17T12:08:33.094+0000] {processor.py:208} INFO - Processing /opt/airflow/dags/youtube_extract_pipeline.py took 0.127 seconds
[2026-09-17T12:09:03.333+0000] {processor.py:186} INFO - Started process (PID=3830) to work on /opt/airflow/dags/youtube_extract_pipeline.py
[2026-09-17T12:09:03.335+0000] {processor.py:914} INFO - Processing file /opt/airflow/dags/youtube_extract_pipeline.py for tasks to queue
[2026-09-17T12:09:03.336+0000] {logging_mixin.py:190} INFO - [2026-09-17T12:09:03.336+0000] {dagbag.py:588} INFO - Filling up the DagBag from /opt/airflow/dags/youtube_extract_pipeline.py
[2026-09-17T12:09:03.405+0000] {processor.py:925} INFO - DAG(s) 'youtube_pipeline_extraction' retrieved from /opt/airflow/dags/youtube_extract_pipeline.py
[2026-09-17T12:09:03.445+0000] {logging_mixin.py:190} INFO - [2026-09-17T12:09:03.444+0000] {dag.py:3239} INFO - Sync 1 DAGs
[2026-09-17T12:09:03.473+0000] {logging_mixin.py:190} INFO - [2026-09-17T12:09:03.472+0000] {dag.py:4180} INFO - Setting next_dagrun for youtube_pipeline_extraction to 2026-09-17 12:00:00+00:00, run_after=2026-09-17 13:00:00+00:00
[2026-09-17T12:09:03.688+0000] {processor.py:208} INFO - Processing /opt/airflow/dags/youtube_extract_pipeline.py took 0.361 seconds
[2026-09-17T12:09:33.957+0000] {processor.py:186} INFO - Started process (PID=3838) to work on /opt/airflow/dags/youtube_extract_pipeline.py
[2026-09-17T12:09:33.959+0000] {processor.py:914} INFO - Processing file /opt/airflow/dags/youtube_extract_pipeline.py for tasks to queue
[2026-09-17T12:09:33.961+0000] {logging_mixin.py:190} INFO - [2026-09-17T12:09:33.960+0000] {dagbag.py:588} INFO - Filling up the DagBag from /opt/airflow/dags/youtube_extract_pipeline.py
[2026-09-17T12:09:34.017+0000] {processor.py:925} INFO - DAG(s) 'youtube_pipeline_extraction' retrieved from /opt/airflow/dags/youtube_extract_pipeline.py
[2026-09-17T12:09:34.039+0000] {logging_mixin.py:190} INFO - [2026-09-17T12:09:34.039+0000] {dag.py:3239} INFO - Sync 1 DAGs
[2026-09-17T12:09:34.061+0000] {logging_mixin.py:190} INFO - [2026-09-17T12:09:34.061+0000] {dag.py:4180} INFO - Setting next_dagrun for youtube_pipeline_extraction to 2026-09-17 12:00:00+00:00, run_after=2026-09-17 13:00:00+00:00
[2026-09-17T12:09:34.088+0000] {processor.py:208} INFO - Processing /opt/airflow/dags/youtube_extract_pipeline.py took 0.136 seconds
[2026-09-17T12:10:04.435+0000] {processor.py:186} INFO - Started process (PID=3846) to work on /opt/airflow/dags/youtube_extract_pipeline.py
[2026-09-17T12:10:04.437+0000] {processor.py:914} INFO - Processing file /opt/airflow/dags/youtube_extract_pipeline.py for tasks to queue
[2026-09-17T12:10:04.439+0000] {logging_mixin.py:190} INFO - [2026-09-17T12:10:04.438+0000] {dagbag.py:588} INFO - Filling up the DagBag from /opt/airflow/dags/youtube_extract_pipeline.py
[2026-09-17T12:10:04.492+0000] {processor.py:925} INFO - DAG(s) 'youtube_pipeline_extraction' retrieved from /opt/airflow/dags/youtube_extract_pipeline.py
[2026-09-17T12:10:04.513+0000] {logging_mixin.py:190} INFO - [2026-09-17T12:10:04.512+0000] {dag.py:3239} INFO - Sync 1 DAGs
[2026-09-17T12:10:04.533+0000] {logging_mixin.py:190} INFO - [2026-09-17T12:10:04.533+0000] {dag.py:4180} INFO - Setting next_dagrun for youtube_pipeline_extraction to 2026-09-17 12:00:00+00:00, run_after=2026-09-17 13:00:00+00:00
[2026-09-17T12:10:04.553+0000] {processor.py:208} INFO - Processing /opt/airflow/dags/youtube_extract_pipeline.py took 0.123 seconds
[2026-09-17T12:10:34.790+0000] {processor.py:186} INFO - Started process (PID=3854) to work on /opt/airflow/dags/youtube_extract_pipeline.py
[2026-09-17T12:10:34.791+0000] {processor.py:914} INFO - Processing file /opt/airflow/dags/youtube_extract_pipeline.py for tasks to queue
[2026-09-17T12:10:34.793+0000] {logging_mixin.py:190} INFO - [2026-09-17T12:10:34.793+0000] {dagbag.py:588} INFO - Filling up the DagBag from /opt/airflow/dags/youtube_extract_pipeline.py
[2026-09-17T12:10:34.846+0000] {processor.py:925} INFO - DAG(s) 'youtube_pipeline_extraction' retrieved from /opt/airflow/dags/youtube_extract_pipeline.py
[2026-09-17T12:10:34.863+0000] {logging_mixin.py:190} INFO - [2026-09-17T12:10:34.863+0000] {dag.py:3239} INFO - Sync 1 DAGs
[2026-09-17T12:10:34.885+0000] {logging_mixin.py:190} INFO - [2026-09-17T12:10:34.885+0000] {dag.py:4180} INFO - Setting next_dagrun for youtube_pipeline_extraction to 2026-09-17 12:00:00+00:00, run_after=2026-09-17 13:00:00+00:00
[2026-09-17T12:10:34.916+0000] {processor.py:208} INFO - Processing /opt/airflow/dags/youtube_extract_pipeline.py took 0.131 seconds
[2026-09-17T12:11:05.251+0000] {processor.py:186} INFO - Started process (PID=3862) to work on /opt/airflow/dags/youtube_extract_pipeline.py
[2026-09-17T12:11:05.253+0000] {processor.py:914} INFO - Processing file /opt/airflow/dags/youtube_extract_pipeline.py for tasks to queue
[2026-09-17T12:11:05.254+0000] {logging_mixin.py:190} INFO - [2026-09-17T12:11:05.254+0000] {dagbag.py:588} INFO - Filling up the DagBag from /opt/airflow/dags/youtube_extract_pipeline.py
[2026-09-17T12:11:05.328+0000] {processor.py:925} INFO - DAG(s) 'youtube_pipeline_extraction' retrieved from /opt/airflow/dags/youtube_extract_pipeline.py
[2026-09-17T12:11:05.366+0000] {logging_mixin.py:190} INFO - [2026-09-17T12:11:05.365+0000] {dag.py:3239} INFO - Sync 1 DAGs
[2026-09-17T12:11:05.400+0000] {logging_mixin.py:190} INFO - [2026-09-17T12:11:05.400+0000] {dag.py:4180} INFO - Setting next_dagrun for youtube_pipeline_extraction to 2026-09-17 12:00:00+00:00, run_after=2026-09-17 13:00:00+00:00
[2026-09-17T12:11:05.419+0000] {processor.py:208} INFO - Processing /opt/airflow/dags/youtube_extract_pipeline.py took 0.175 seconds
[2026-09-17T12:11:35.793+0000] {processor.py:186} INFO - Started process (PID=3870) to work on /opt/airflow/dags/youtube_extract_pipeline.py
[2026-09-17T12:11:35.795+0000] {processor.py:914} INFO - Processing file /opt/airflow/dags/youtube_extract_pipeline.py for tasks to queue
[2026-09-17T12:11:35.797+0000] {logging_mixin.py:190} INFO - [2026-09-17T12:11:35.796+0000] {dagbag.py:588} INFO - Filling up the DagBag from /opt/airflow/dags/youtube_extract_pipeline.py
[2026-09-17T12:11:35.870+0000] {processor.py:925} INFO - DAG(s) 'youtube_pipeline_extraction' retrieved from /opt/airflow/dags/youtube_extract_pipeline.py
[2026-09-17T12:11:35.897+0000] {logging_mixin.py:190} INFO - [2026-09-17T12:11:35.897+0000] {dag.py:3239} INFO - Sync 1 DAGs
[2026-09-17T12:11:35.927+0000] {logging_mixin.py:190} INFO - [2026-09-17T12:11:35.927+0000] {dag.py:4180} INFO - Setting next_dagrun for youtube_pipeline_extraction to 2026-09-17 12:00:00+00:00, run_after=2026-09-17 13:00:00+00:00
[2026-09-17T12:11:35.958+0000] {processor.py:208} INFO - Processing /opt/airflow/dags/youtube_extract_pipeline.py took 0.171 seconds
[2026-09-17T12:12:06.150+0000] {processor.py:186} INFO - Started process (PID=3878) to work on /opt/airflow/dags/youtube_extract_pipeline.py
[2026-09-17T12:12:06.151+0000] {processor.py:914} INFO - Processing file /opt/airflow/dags/youtube_extract_pipeline.py for tasks to queue
[2026-09-17T12:12:06.153+0000] {logging_mixin.py:190} INFO - [2026-09-17T12:12:06.153+0000] {dagbag.py:588} INFO - Filling up the DagBag from /opt/airflow/dags/youtube_extract_pipeline.py
[2026-09-17T12:12:06.205+0000] {processor.py:925} INFO - DAG(s) 'youtube_pipeline_extraction' retrieved from /opt/airflow/dags/youtube_extract_pipeline.py
[2026-09-17T12:12:06.225+0000] {logging_mixin.py:190} INFO - [2026-09-17T12:12:06.225+0000] {dag.py:3239} INFO - Sync 1 DAGs
[2026-09-17T12:12:06.248+0000] {logging_mixin.py:190} INFO - [2026-09-17T12:12:06.248+0000] {dag.py:4180} INFO - Setting next_dagrun for youtube_pipeline_extraction to 2026-09-17 12:00:00+00:00, run_after=2026-09-17 13:00:00+00:00
[2026-09-17T12:12:06.269+0000] {processor.py:208} INFO - Processing /opt/airflow/dags/youtube_extract_pipeline.py took 0.125 seconds
[2026-09-17T12:12:36.690+0000] {processor.py:186} INFO - Started process (PID=3886) to work on /opt/airflow/dags/youtube_extract_pipeline.py
[2026-09-17T12:12:36.691+0000] {processor.py:914} INFO - Processing file /opt/airflow/dags/youtube_extract_pipeline.py for tasks to queue
[2026-09-17T12:12:36.693+0000] {logging_mixin.py:190} INFO - [2026-09-17T12:12:36.693+0000] {dagbag.py:588} INFO - Filling up the DagBag from /opt/airflow/dags/youtube_extract_pipeline.py
[2026-09-17T12:12:36.754+0000] {processor.py:925} INFO - DAG(s) 'youtube_pipeline_extraction' retrieved from /opt/airflow/dags/youtube_extract_pipeline.py
[2026-09-17T12:12:36.776+0000] {logging_mixin.py:190} INFO - [2026-09-17T12:12:36.775+0000] {dag.py:3239} INFO - Sync 1 DAGs
[2026-09-17T12:12:36.802+0000] {logging_mixin.py:190} INFO - [2026-09-17T12:12:36.802+0000] {dag.py:4180} INFO - Setting next_dagrun for youtube_pipeline_extraction to 2026-09-17 12:00:00+00:00, run_after=2026-09-17 13:00:00+00:00
[2026-09-17T12:12:36.824+0000] {processor.py:208} INFO - Processing /opt/airflow/dags/youtube_extract_pipeline.py took 0.141 seconds
[2026-09-17T12:13:07.071+0000] {processor.py:186} INFO - Started process (PID=3894) to work on /opt/airflow/dags/youtube_extract_pipeline.py
[2026-09-17T12:13:07.073+0000] {processor.py:914} INFO - Processing file /opt/airflow/dags/youtube_extract_pipeline.py for tasks to queue
[2026-09-17T12:13:07.075+0000] {logging_mixin.py:190} INFO - [2026-09-17T12:13:07.075+0000] {dagbag.py:588} INFO - Filling up the DagBag from /opt/airflow/dags/youtube_extract_pipeline.py
[2026-09-17T12:13:07.150+0000] {processor.py:925} INFO - DAG(s) 'youtube_pipeline_extraction' retrieved from /opt/airflow/dags/youtube_extract_pipeline.py
[2026-09-17T12:13:07.177+0000] {logging_mixin.py:190} INFO - [2026-09-17T12:13:07.177+0000] {dag.py:3239} INFO - Sync 1 DAGs
[2026-09-17T12:13:07.207+0000] {logging_mixin.py:190} INFO - [2026-09-17T12:13:07.207+0000] {dag.py:4180} INFO - Setting next_dagrun for youtube_pipeline_extraction to 2026-09-17 12:00:00+00:00, run_after=2026-09-17 13:00:00+00:00
[2026-09-17T12:13:07.229+0000] {processor.py:208} INFO - Processing /opt/airflow/dags/youtube_extract_pipeline.py took 0.165 seconds
[2026-09-17T12:13:37.511+0000] {processor.py:186} INFO - Started process (PID=3902) to work on /opt/airflow/dags/youtube_extract_pipeline.py
[2026-09-17T12:13:37.513+0000] {processor.py:914} INFO - Processing file /opt/airflow/dags/youtube_extract_pipeline.py for tasks to queue
[2026-09-17T12:13:37.516+0000] {logging_mixin.py:190} INFO - [2026-09-17T12:13:37.516+0000] {dagbag.py:588} INFO - Filling up the DagBag from /opt/airflow/dags/youtube_extract_pipeline.py
[2026-09-17T12:13:37.569+0000] {processor.py:925} INFO - DAG(s) 'youtube_pipeline_extraction' retrieved from /opt/airflow/dags/youtube_extract_pipeline.py
[2026-09-17T12:13:37.588+0000] {logging_mixin.py:190} INFO - [2026-09-17T12:13:37.588+0000] {dag.py:3239} INFO - Sync 1 DAGs
[2026-09-17T12:13:37.610+0000] {logging_mixin.py:190} INFO - [2026-09-17T12:13:37.609+0000] {dag.py:4180} INFO - Setting next_dagrun for youtube_pipeline_extraction to 2026-09-17 12:00:00+00:00, run_after=2026-09-17 13:00:00+00:00
[2026-09-17T12:13:37.639+0000] {processor.py:208} INFO - Processing /opt/airflow/dags/youtube_extract_pipeline.py took 0.133 seconds
[2026-09-17T12:14:07.925+0000] {processor.py:186} INFO - Started process (PID=3910) to work on /opt/airflow/dags/youtube_extract_pipeline.py
[2026-09-17T12:14:07.928+0000] {processor.py:914} INFO - Processing file /opt/airflow/dags/youtube_extract_pipeline.py for tasks to queue
[2026-09-17T12:14:07.930+0000] {logging_mixin.py:190} INFO - [2026-09-17T12:14:07.930+0000] {dagbag.py:588} INFO - Filling up the DagBag from /opt/airflow/dags/youtube_extract_pipeline.py
[2026-09-17T12:14:07.991+0000] {processor.py:925} INFO - DAG(s) 'youtube_pipeline_extraction' retrieved from /opt/airflow/dags/youtube_extract_pipeline.py
[2026-09-17T12:14:08.011+0000] {logging_mixin.py:190} INFO - [2026-09-17T12:14:08.011+0000] {dag.py:3239} INFO - Sync 1 DAGs
[2026-09-17T12:14:08.035+0000] {logging_mixin.py:190} INFO - [2026-09-17T12:14:08.035+0000] {dag.py:4180} INFO - Setting next_dagrun for youtube_pipeline_extraction to 2026-09-17 12:00:00+00:00, run_after=2026-09-17 13:00:00+00:00
[2026-09-17T12:14:08.054+0000] {processor.py:208} INFO - Processing /opt/airflow/dags/youtube_extract_pipeline.py took 0.135 seconds
[2026-09-17T12:14:38.449+0000] {processor.py:186} INFO - Started process (PID=3918) to work on /opt/airflow/dags/youtube_extract_pipeline.py
[2026-09-17T12:14:38.451+0000] {processor.py:914} INFO - Processing file /opt/airflow/dags/youtube_extract_pipeline.py for tasks to queue
[2026-09-17T12:14:38.453+0000] {logging_mixin.py:190} INFO - [2026-09-17T12:14:38.452+0000] {dagbag.py:588} INFO - Filling up the DagBag from /opt/airflow/dags/youtube_extract_pipeline.py
[2026-09-17T12:14:38.509+0000] {processor.py:925} INFO - DAG(s) 'youtube_pipeline_extraction' retrieved from /opt/airflow/dags/youtube_extract_pipeline.py
[2026-09-17T12:14:38.530+0000] {logging_mixin.py:190} INFO - [2026-09-17T12:14:38.530+0000] {dag.py:3239} INFO - Sync 1 DAGs
[2026-09-17T12:14:38.554+0000] {logging_mixin.py:190} INFO - [2026-09-17T12:14:38.553+0000] {dag.py:4180} INFO - Setting next_dagrun for youtube_pipeline_extraction to 2026-09-17 12:00:00+00:00, run_after=2026-09-17 13:00:00+00:00
[2026-09-17T12:14:38.575+0000] {processor.py:208} INFO - Processing /opt/airflow/dags/youtube_extract_pipeline.py took 0.131 seconds
[2026-09-17T12:15:08.906+0000] {processor.py:186} INFO - Started process (PID=3926) to work on /opt/airflow/dags/youtube_extract_pipeline.py
[2026-09-17T12:15:08.907+0000] {processor.py:914} INFO - Processing file /opt/airflow/dags/youtube_extract_pipeline.py for tasks to queue
[2026-09-17T12:15:08.910+0000] {logging_mixin.py:190} INFO - [2026-09-17T12:15:08.909+0000] {dagbag.py:588} INFO - Filling up the DagBag from /opt/airflow/dags/youtube_extract_pipeline.py
[2026-09-17T12:15:08.963+0000] {processor.py:925} INFO - DAG(s) 'youtube_pipeline_extraction' retrieved from /opt/airflow/dags/youtube_extract_pipeline.py
[2026-09-17T12:15:08.985+0000] {logging_mixin.py:190} INFO - [2026-09-17T12:15:08.985+0000] {dag.py:3239} INFO - Sync 1 DAGs
[2026-09-17T12:15:09.010+0000] {logging_mixin.py:190} INFO - [2026-09-17T12:15:09.010+0000] {dag.py:4180} INFO - Setting next_dagrun for youtube_pipeline_extraction to 2026-09-17 12:00:00+00:00, run_after=2026-09-17 13:00:00+00:00
[2026-09-17T12:15:09.033+0000] {processor.py:208} INFO - Processing /opt/airflow/dags/youtube_extract_pipeline.py took 0.133 seconds
[2026-09-17T12:15:39.276+0000] {processor.py:186} INFO - Started process (PID=3934) to work on /opt/airflow/dags/youtube_extract_pipeline.py
[2026-09-17T12:15:39.278+0000] {processor.py:914} INFO - Processing file /opt/airflow/dags/youtube_extract_pipeline.py for tasks to queue
[2026-09-17T12:15:39.280+0000] {logging_mixin.py:190} INFO - [2026-09-17T12:15:39.279+0000] {dagbag.py:588} INFO - Filling up the DagBag from /opt/airflow/dags/youtube_extract_pipeline.py
[2026-09-17T12:15:39.333+0000] {processor.py:925} INFO - DAG(s) 'youtube_pipeline_extraction' retrieved from /opt/airflow/dags/youtube_extract_pipeline.py
[2026-09-17T12:15:39.354+0000] {logging_mixin.py:190} INFO - [2026-09-17T12:15:39.354+0000] {dag.py:3239} INFO - Sync 1 DAGs
[2026-09-17T12:15:39.377+0000] {logging_mixin.py:190} INFO - [2026-09-17T12:15:39.377+0000] {dag.py:4180} INFO - Setting next_dagrun for youtube_pipeline_extraction to 2026-09-17 12:00:00+00:00, run_after=2026-09-17 13:00:00+00:00
[2026-09-17T12:15:39.396+0000] {processor.py:208} INFO - Processing /opt/airflow/dags/youtube_extract_pipeline.py took 0.125 seconds
[2026-09-17T12:16:09.680+0000] {processor.py:186} INFO - Started process (PID=3942) to work on /opt/airflow/dags/youtube_extract_pipeline.py
[2026-09-17T12:16:09.682+0000] {processor.py:914} INFO - Processing file /opt/airflow/dags/youtube_extract_pipeline.py for tasks to queue
[2026-09-17T12:16:09.684+0000] {logging_mixin.py:190} INFO - [2026-09-17T12:16:09.683+0000] {dagbag.py:588} INFO - Filling up the DagBag from /opt/airflow/dags/youtube_extract_pipeline.py
[2026-09-17T12:16:09.740+0000] {processor.py:925} INFO - DAG(s) 'youtube_pipeline_extraction' retrieved from /opt/airflow/dags/youtube_extract_pipeline.py
[2026-09-17T12:16:09.762+0000] {logging_mixin.py:190} INFO - [2026-09-17T12:16:09.762+0000] {dag.py:3239} INFO - Sync 1 DAGs
[2026-09-17T12:16:09.785+0000] {logging_mixin.py:190} INFO - [2026-09-17T12:16:09.784+0000] {dag.py:4180} INFO - Setting next_dagrun for youtube_pipeline_extraction to 2026-09-17 12:00:00+00:00, run_after=2026-09-17 13:00:00+00:00
[2026-09-17T12:16:09.804+0000] {processor.py:208} INFO - Processing /opt/airflow/dags/youtube_extract_pipeline.py took 0.129 seconds
[2026-09-17T12:16:40.184+0000] {processor.py:186} INFO - Started process (PID=3950) to work on /opt/airflow/dags/youtube_extract_pipeline.py
[2026-09-17T12:16:40.185+0000] {processor.py:914} INFO - Processing file /opt/airflow/dags/youtube_extract_pipeline.py for tasks to queue
[2026-09-17T12:16:40.187+0000] {logging_mixin.py:190} INFO - [2026-09-17T12:16:40.186+0000] {dagbag.py:588} INFO - Filling up the DagBag from /opt/airflow/dags/youtube_extract_pipeline.py
[2026-09-17T12:16:40.248+0000] {processor.py:925} INFO - DAG(s) 'youtube_pipeline_extraction' retrieved from /opt/airflow/dags/youtube_extract_pipeline.py
[2026-09-17T12:16:40.267+0000] {logging_mixin.py:190} INFO - [2026-09-17T12:16:40.267+0000] {dag.py:3239} INFO - Sync 1 DAGs
[2026-09-17T12:16:40.289+0000] {logging_mixin.py:190} INFO - [2026-09-17T12:16:40.289+0000] {dag.py:4180} INFO - Setting next_dagrun for youtube_pipeline_extraction to 2026-09-17 12:00:00+00:00, run_after=2026-09-17 13:00:00+00:00
[2026-09-17T12:16:40.309+0000] {processor.py:208} INFO - Processing /opt/airflow/dags/youtube_extract_pipeline.py took 0.132 seconds
[2026-09-17T12:17:10.654+0000] {processor.py:186} INFO - Started process (PID=3959) to work on /opt/airflow/dags/youtube_extract_pipeline.py
[2026-09-17T12:17:10.656+0000] {processor.py:914} INFO - Processing file /opt/airflow/dags/youtube_extract_pipeline.py for tasks to queue
[2026-09-17T12:17:10.658+0000] {logging_mixin.py:190} INFO - [2026-09-17T12:17:10.658+0000] {dagbag.py:588} INFO - Filling up the DagBag from /opt/airflow/dags/youtube_extract_pipeline.py
[2026-09-17T12:17:10.710+0000] {processor.py:925} INFO - DAG(s) 'youtube_pipeline_extraction' retrieved from /opt/airflow/dags/youtube_extract_pipeline.py
[2026-09-17T12:17:10.732+0000] {logging_mixin.py:190} INFO - [2026-09-17T12:17:10.731+0000] {dag.py:3239} INFO - Sync 1 DAGs
[2026-09-17T12:17:10.754+0000] {logging_mixin.py:190} INFO - [2026-09-17T12:17:10.754+0000] {dag.py:4180} INFO - Setting next_dagrun for youtube_pipeline_extraction to 2026-09-17 12:00:00+00:00, run_after=2026-09-17 13:00:00+00:00
[2026-09-17T12:17:10.774+0000] {processor.py:208} INFO - Processing /opt/airflow/dags/youtube_extract_pipeline.py took 0.125 seconds
[2026-09-17T12:17:41.000+0000] {processor.py:186} INFO - Started process (PID=3967) to work on /opt/airflow/dags/youtube_extract_pipeline.py
[2026-09-17T12:17:41.002+0000] {processor.py:914} INFO - Processing file /opt/airflow/dags/youtube_extract_pipeline.py for tasks to queue
[2026-09-17T12:17:41.004+0000] {logging_mixin.py:190} INFO - [2026-09-17T12:17:41.004+0000] {dagbag.py:588} INFO - Filling up the DagBag from /opt/airflow/dags/youtube_extract_pipeline.py
[2026-09-17T12:17:41.053+0000] {processor.py:925} INFO - DAG(s) 'youtube_pipeline_extraction' retrieved from /opt/airflow/dags/youtube_extract_pipeline.py
[2026-09-17T12:17:41.081+0000] {logging_mixin.py:190} INFO - [2026-09-17T12:17:41.080+0000] {dag.py:3239} INFO - Sync 1 DAGs
[2026-09-17T12:17:41.110+0000] {logging_mixin.py:190} INFO - [2026-09-17T12:17:41.110+0000] {dag.py:4180} INFO - Setting next_dagrun for youtube_pipeline_extraction to 2026-09-17 12:00:00+00:00, run_after=2026-09-17 13:00:00+00:00
[2026-09-17T12:17:41.131+0000] {processor.py:208} INFO - Processing /opt/airflow/dags/youtube_extract_pipeline.py took 0.136 seconds
[2026-09-17T12:18:11.465+0000] {processor.py:186} INFO - Started process (PID=3975) to work on /opt/airflow/dags/youtube_extract_pipeline.py
[2026-09-17T12:18:11.467+0000] {processor.py:914} INFO - Processing file /opt/airflow/dags/youtube_extract_pipeline.py for tasks to queue
[2026-09-17T12:18:11.469+0000] {logging_mixin.py:190} INFO - [2026-09-17T12:18:11.469+0000] {dagbag.py:588} INFO - Filling up the DagBag from /opt/airflow/dags/youtube_extract_pipeline.py
[2026-09-17T12:18:11.529+0000] {processor.py:925} INFO - DAG(s) 'youtube_pipeline_extraction' retrieved from /opt/airflow/dags/youtube_extract_pipeline.py
[2026-09-17T12:18:11.550+0000] {logging_mixin.py:190} INFO - [2026-09-17T12:18:11.550+0000] {dag.py:3239} INFO - Sync 1 DAGs
[2026-09-17T12:18:11.572+0000] {logging_mixin.py:190} INFO - [2026-09-17T12:18:11.572+0000] {dag.py:4180} INFO - Setting next_dagrun for youtube_pipeline_extraction to 2026-09-17 12:00:00+00:00, run_after=2026-09-17 13:00:00+00:00
[2026-09-17T12:18:11.596+0000] {processor.py:208} INFO - Processing /opt/airflow/dags/youtube_extract_pipeline.py took 0.136 seconds
[2026-09-17T12:18:41.788+0000] {processor.py:186} INFO - Started process (PID=3984) to work on /opt/airflow/dags/youtube_extract_pipeline.py
[2026-09-17T12:18:41.789+0000] {processor.py:914} INFO - Processing file /opt/airflow/dags/youtube_extract_pipeline.py for tasks to queue
[2026-09-17T12:18:41.791+0000] {logging_mixin.py:190} INFO - [2026-09-17T12:18:41.791+0000] {dagbag.py:588} INFO - Filling up the DagBag from /opt/airflow/dags/youtube_extract_pipeline.py
[2026-09-17T12:18:41.846+0000] {processor.py:925} INFO - DAG(s) 'youtube_pipeline_extraction' retrieved from /opt/airflow/dags/youtube_extract_pipeline.py
[2026-09-17T12:18:41.870+0000] {logging_mixin.py:190} INFO - [2026-09-17T12:18:41.870+0000] {dag.py:3239} INFO - Sync 1 DAGs
[2026-09-17T12:18:41.892+0000] {logging_mixin.py:190} INFO - [2026-09-17T12:18:41.892+0000] {dag.py:4180} INFO - Setting next_dagrun for youtube_pipeline_extraction to 2026-09-17 12:00:00+00:00, run_after=2026-09-17 13:00:00+00:00
[2026-09-17T12:18:41.913+0000] {processor.py:208} INFO - Processing /opt/airflow/dags/youtube_extract_pipeline.py took 0.130 seconds
[2026-09-17T12:19:12.293+0000] {processor.py:186} INFO - Started process (PID=3992) to work on /opt/airflow/dags/youtube_extract_pipeline.py
[2026-09-17T12:19:12.295+0000] {processor.py:914} INFO - Processing file /opt/airflow/dags/youtube_extract_pipeline.py for tasks to queue
[2026-09-17T12:19:12.297+0000] {logging_mixin.py:190} INFO - [2026-09-17T12:19:12.296+0000] {dagbag.py:588} INFO - Filling up the DagBag from /opt/airflow/dags/youtube_extract_pipeline.py
[2026-09-17T12:19:12.356+0000] {processor.py:925} INFO - DAG(s) 'youtube_pipeline_extraction' retrieved from /opt/airflow/dags/youtube_extract_pipeline.py
[2026-09-17T12:19:12.391+0000] {logging_mixin.py:190} INFO - [2026-09-17T12:19:12.391+0000] {dag.py:3239} INFO - Sync 1 DAGs
[2026-09-17T12:19:12.428+0000] {logging_mixin.py:190} INFO - [2026-09-17T12:19:12.428+0000] {dag.py:4180} INFO - Setting next_dagrun for youtube_pipeline_extraction to 2026-09-17 12:00:00+00:00, run_after=2026-09-17 13:00:00+00:00
[2026-09-17T12:19:12.453+0000] {processor.py:208} INFO - Processing /opt/airflow/dags/youtube_extract_pipeline.py took 0.166 seconds
[2026-09-17T12:19:42.645+0000] {processor.py:186} INFO - Started process (PID=4000) to work on /opt/airflow/dags/youtube_extract_pipeline.py
[2026-09-17T12:19:42.647+0000] {processor.py:914} INFO - Processing file /opt/airflow/dags/youtube_extract_pipeline.py for tasks to queue
[2026-09-17T12:19:42.649+0000] {logging_mixin.py:190} INFO - [2026-09-17T12:19:42.649+0000] {dagbag.py:588} INFO - Filling up the DagBag from /opt/airflow/dags/youtube_extract_pipeline.py
[2026-09-17T12:19:42.723+0000] {processor.py:925} INFO - DAG(s) 'youtube_pipeline_extraction' retrieved from /opt/airflow/dags/youtube_extract_pipeline.py
[2026-09-17T12:19:42.751+0000] {logging_mixin.py:190} INFO - [2026-09-17T12:19:42.751+0000] {dag.py:3239} INFO - Sync 1 DAGs
[2026-09-17T12:19:42.777+0000] {logging_mixin.py:190} INFO - [2026-09-17T12:19:42.776+0000] {dag.py:4180} INFO - Setting next_dagrun for youtube_pipeline_extraction to 2026-09-17 12:00:00+00:00, run_after=2026-09-17 13:00:00+00:00
[2026-09-17T12:19:42.807+0000] {processor.py:208} INFO - Processing /opt/airflow/dags/youtube_extract_pipeline.py took 0.168 seconds
[2026-09-17T12:20:13.205+0000] {processor.py:186} INFO - Started process (PID=4014) to work on /opt/airflow/dags/youtube_extract_pipeline.py
[2026-09-17T12:20:13.207+0000] {processor.py:914} INFO - Processing file /opt/airflow/dags/youtube_extract_pipeline.py for tasks to queue
[2026-09-17T12:20:13.209+0000] {logging_mixin.py:190} INFO - [2026-09-17T12:20:13.209+0000] {dagbag.py:588} INFO - Filling up the DagBag from /opt/airflow/dags/youtube_extract_pipeline.py
[2026-09-17T12:20:13.265+0000] {processor.py:925} INFO - DAG(s) 'youtube_pipeline_extraction' retrieved from /opt/airflow/dags/youtube_extract_pipeline.py
[2026-09-17T12:20:13.287+0000] {logging_mixin.py:190} INFO - [2026-09-17T12:20:13.286+0000] {dag.py:3239} INFO - Sync 1 DAGs
[2026-09-17T12:20:13.324+0000] {logging_mixin.py:190} INFO - [2026-09-17T12:20:13.324+0000] {dag.py:4180} INFO - Setting next_dagrun for youtube_pipeline_extraction to 2026-09-17 12:00:00+00:00, run_after=2026-09-17 13:00:00+00:00
[2026-09-17T12:20:13.344+0000] {processor.py:208} INFO - Processing /opt/airflow/dags/youtube_extract_pipeline.py took 0.144 seconds
[2026-09-17T12:20:43.713+0000] {processor.py:186} INFO - Started process (PID=4022) to work on /opt/airflow/dags/youtube_extract_pipeline.py
[2026-09-17T12:20:43.715+0000] {processor.py:914} INFO - Processing file /opt/airflow/dags/youtube_extract_pipeline.py for tasks to queue
[2026-09-17T12:20:43.717+0000] {logging_mixin.py:190} INFO - [2026-09-17T12:20:43.717+0000] {dagbag.py:588} INFO - Filling up the DagBag from /opt/airflow/dags/youtube_extract_pipeline.py
[2026-09-17T12:20:43.773+0000] {processor.py:925} INFO - DAG(s) 'youtube_pipeline_extraction' retrieved from /opt/airflow/dags/youtube_extract_pipeline.py
[2026-09-17T12:20:43.797+0000] {logging_mixin.py:190} INFO - [2026-09-17T12:20:43.796+0000] {dag.py:3239} INFO - Sync 1 DAGs
[2026-09-17T12:20:43.818+0000] {logging_mixin.py:190} INFO - [2026-09-17T12:20:43.817+0000] {dag.py:4180} INFO - Setting next_dagrun for youtube_pipeline_extraction to 2026-09-17 12:00:00+00:00, run_after=2026-09-17 13:00:00+00:00
[2026-09-17T12:20:43.840+0000] {processor.py:208} INFO - Processing /opt/airflow/dags/youtube_extract_pipeline.py took 0.133 seconds
[2026-09-17T12:21:14.069+0000] {processor.py:186} INFO - Started process (PID=4030) to work on /opt/airflow/dags/youtube_extract_pipeline.py
[2026-09-17T12:21:14.071+0000] {processor.py:914} INFO - Processing file /opt/airflow/dags/youtube_extract_pipeline.py for tasks to queue
[2026-09-17T12:21:14.073+0000] {logging_mixin.py:190} INFO - [2026-09-17T12:21:14.073+0000] {dagbag.py:588} INFO - Filling up the DagBag from /opt/airflow/dags/youtube_extract_pipeline.py
[2026-09-17T12:21:14.132+0000] {processor.py:925} INFO - DAG(s) 'youtube_pipeline_extraction' retrieved from /opt/airflow/dags/youtube_extract_pipeline.py
[2026-09-17T12:21:14.161+0000] {logging_mixin.py:190} INFO - [2026-09-17T12:21:14.161+0000] {dag.py:3239} INFO - Sync 1 DAGs
[2026-09-17T12:21:14.185+0000] {logging_mixin.py:190} INFO - [2026-09-17T12:21:14.185+0000] {dag.py:4180} INFO - Setting next_dagrun for youtube_pipeline_extraction to 2026-09-17 12:00:00+00:00, run_after=2026-09-17 13:00:00+00:00
[2026-09-17T12:21:14.207+0000] {processor.py:208} INFO - Processing /opt/airflow/dags/youtube_extract_pipeline.py took 0.143 seconds
[2026-09-17T12:21:44.571+0000] {processor.py:186} INFO - Started process (PID=4038) to work on /opt/airflow/dags/youtube_extract_pipeline.py
[2026-09-17T12:21:44.572+0000] {processor.py:914} INFO - Processing file /opt/airflow/dags/youtube_extract_pipeline.py for tasks to queue
[2026-09-17T12:21:44.574+0000] {logging_mixin.py:190} INFO - [2026-09-17T12:21:44.574+0000] {dagbag.py:588} INFO - Filling up the DagBag from /opt/airflow/dags/youtube_extract_pipeline.py
[2026-09-17T12:21:44.628+0000] {processor.py:925} INFO - DAG(s) 'youtube_pipeline_extraction' retrieved from /opt/airflow/dags/youtube_extract_pipeline.py
[2026-09-17T12:21:44.647+0000] {logging_mixin.py:190} INFO - [2026-09-17T12:21:44.646+0000] {dag.py:3239} INFO - Sync 1 DAGs
[2026-09-17T12:21:44.668+0000] {logging_mixin.py:190} INFO - [2026-09-17T12:21:44.668+0000] {dag.py:4180} INFO - Setting next_dagrun for youtube_pipeline_extraction to 2026-09-17 12:00:00+00:00, run_after=2026-09-17 13:00:00+00:00
[2026-09-17T12:21:44.687+0000] {processor.py:208} INFO - Processing /opt/airflow/dags/youtube_extract_pipeline.py took 0.123 seconds
[2026-09-17T12:22:14.957+0000] {processor.py:186} INFO - Started process (PID=4046) to work on /opt/airflow/dags/youtube_extract_pipeline.py
[2026-09-17T12:22:14.959+0000] {processor.py:914} INFO - Processing file /opt/airflow/dags/youtube_extract_pipeline.py for tasks to queue
[2026-09-17T12:22:14.961+0000] {logging_mixin.py:190} INFO - [2026-09-17T12:22:14.961+0000] {dagbag.py:588} INFO - Filling up the DagBag from /opt/airflow/dags/youtube_extract_pipeline.py
[2026-09-17T12:22:15.022+0000] {processor.py:925} INFO - DAG(s) 'youtube_pipeline_extraction' retrieved from /opt/airflow/dags/youtube_extract_pipeline.py
[2026-09-17T12:22:15.049+0000] {logging_mixin.py:190} INFO - [2026-09-17T12:22:15.049+0000] {dag.py:3239} INFO - Sync 1 DAGs
[2026-09-17T12:22:15.080+0000] {logging_mixin.py:190} INFO - [2026-09-17T12:22:15.080+0000] {dag.py:4180} INFO - Setting next_dagrun for youtube_pipeline_extraction to 2026-09-17 12:00:00+00:00, run_after=2026-09-17 13:00:00+00:00
[2026-09-17T12:22:15.103+0000] {processor.py:208} INFO - Processing /opt/airflow/dags/youtube_extract_pipeline.py took 0.153 seconds
[2026-09-17T12:22:45.388+0000] {processor.py:186} INFO - Started process (PID=4054) to work on /opt/airflow/dags/youtube_extract_pipeline.py
[2026-09-17T12:22:45.389+0000] {processor.py:914} INFO - Processing file /opt/airflow/dags/youtube_extract_pipeline.py for tasks to queue
[2026-09-17T12:22:45.391+0000] {logging_mixin.py:190} INFO - [2026-09-17T12:22:45.391+0000] {dagbag.py:588} INFO - Filling up the DagBag from /opt/airflow/dags/youtube_extract_pipeline.py
[2026-09-17T12:22:45.443+0000] {processor.py:925} INFO - DAG(s) 'youtube_pipeline_extraction' retrieved from /opt/airflow/dags/youtube_extract_pipeline.py
[2026-09-17T12:22:45.466+0000] {logging_mixin.py:190} INFO - [2026-09-17T12:22:45.466+0000] {dag.py:3239} INFO - Sync 1 DAGs
[2026-09-17T12:22:45.494+0000] {logging_mixin.py:190} INFO - [2026-09-17T12:22:45.494+0000] {dag.py:4180} INFO - Setting next_dagrun for youtube_pipeline_extraction to 2026-09-17 12:00:00+00:00, run_after=2026-09-17 13:00:00+00:00
[2026-09-17T12:22:45.513+0000] {processor.py:208} INFO - Processing /opt/airflow/dags/youtube_extract_pipeline.py took 0.130 seconds
[2026-09-17T12:23:15.786+0000] {processor.py:186} INFO - Started process (PID=4062) to work on /opt/airflow/dags/youtube_extract_pipeline.py
[2026-09-17T12:23:15.788+0000] {processor.py:914} INFO - Processing file /opt/airflow/dags/youtube_extract_pipeline.py for tasks to queue
[2026-09-17T12:23:15.790+0000] {logging_mixin.py:190} INFO - [2026-09-17T12:23:15.790+0000] {dagbag.py:588} INFO - Filling up the DagBag from /opt/airflow/dags/youtube_extract_pipeline.py
[2026-09-17T12:23:15.857+0000] {processor.py:925} INFO - DAG(s) 'youtube_pipeline_extraction' retrieved from /opt/airflow/dags/youtube_extract_pipeline.py
[2026-09-17T12:23:15.876+0000] {logging_mixin.py:190} INFO - [2026-09-17T12:23:15.875+0000] {dag.py:3239} INFO - Sync 1 DAGs
[2026-09-17T12:23:15.898+0000] {logging_mixin.py:190} INFO - [2026-09-17T12:23:15.898+0000] {dag.py:4180} INFO - Setting next_dagrun for youtube_pipeline_extraction to 2026-09-17 12:00:00+00:00, run_after=2026-09-17 13:00:00+00:00
[2026-09-17T12:23:15.920+0000] {processor.py:208} INFO - Processing /opt/airflow/dags/youtube_extract_pipeline.py took 0.139 seconds
[2026-09-17T12:23:46.301+0000] {processor.py:186} INFO - Started process (PID=4071) to work on /opt/airflow/dags/youtube_extract_pipeline.py
[2026-09-17T12:23:46.303+0000] {processor.py:914} INFO - Processing file /opt/airflow/dags/youtube_extract_pipeline.py for tasks to queue
[2026-09-17T12:23:46.305+0000] {logging_mixin.py:190} INFO - [2026-09-17T12:23:46.305+0000] {dagbag.py:588} INFO - Filling up the DagBag from /opt/airflow/dags/youtube_extract_pipeline.py
[2026-09-17T12:23:46.368+0000] {processor.py:925} INFO - DAG(s) 'youtube_pipeline_extraction' retrieved from /opt/airflow/dags/youtube_extract_pipeline.py
[2026-09-17T12:23:46.388+0000] {logging_mixin.py:190} INFO - [2026-09-17T12:23:46.388+0000] {dag.py:3239} INFO - Sync 1 DAGs
[2026-09-17T12:23:46.411+0000] {logging_mixin.py:190} INFO - [2026-09-17T12:23:46.411+0000] {dag.py:4180} INFO - Setting next_dagrun for youtube_pipeline_extraction to 2026-09-17 12:00:00+00:00, run_after=2026-09-17 13:00:00+00:00
[2026-09-17T12:23:46.433+0000] {processor.py:208} INFO - Processing /opt/airflow/dags/youtube_extract_pipeline.py took 0.138 seconds
[2026-09-17T12:24:16.826+0000] {processor.py:186} INFO - Started process (PID=4079) to work on /opt/airflow/dags/youtube_extract_pipeline.py
[2026-09-17T12:24:16.829+0000] {processor.py:914} INFO - Processing file /opt/airflow/dags/youtube_extract_pipeline.py for tasks to queue
[2026-09-17T12:24:16.832+0000] {logging_mixin.py:190} INFO - [2026-09-17T12:24:16.831+0000] {dagbag.py:588} INFO - Filling up the DagBag from /opt/airflow/dags/youtube_extract_pipeline.py
[2026-09-17T12:24:16.895+0000] {processor.py:925} INFO - DAG(s) 'youtube_pipeline_extraction' retrieved from /opt/airflow/dags/youtube_extract_pipeline.py
[2026-09-17T12:24:16.918+0000] {logging_mixin.py:190} INFO - [2026-09-17T12:24:16.918+0000] {dag.py:3239} INFO - Sync 1 DAGs
[2026-09-17T12:24:16.941+0000] {logging_mixin.py:190} INFO - [2026-09-17T12:24:16.941+0000] {dag.py:4180} INFO - Setting next_dagrun for youtube_pipeline_extraction to 2026-09-17 12:00:00+00:00, run_after=2026-09-17 13:00:00+00:00
[2026-09-17T12:24:16.973+0000] {processor.py:208} INFO - Processing /opt/airflow/dags/youtube_extract_pipeline.py took 0.156 seconds
[2026-09-17T12:24:47.202+0000] {processor.py:186} INFO - Started process (PID=4087) to work on /opt/airflow/dags/youtube_extract_pipeline.py
[2026-09-17T12:24:47.204+0000] {processor.py:914} INFO - Processing file /opt/airflow/dags/youtube_extract_pipeline.py for tasks to queue
[2026-09-17T12:24:47.206+0000] {logging_mixin.py:190} INFO - [2026-09-17T12:24:47.206+0000] {dagbag.py:588} INFO - Filling up the DagBag from /opt/airflow/dags/youtube_extract_pipeline.py
[2026-09-17T12:24:47.256+0000] {processor.py:925} INFO - DAG(s) 'youtube_pipeline_extraction' retrieved from /opt/airflow/dags/youtube_extract_pipeline.py
[2026-09-17T12:24:47.280+0000] {logging_mixin.py:190} INFO - [2026-09-17T12:24:47.280+0000] {dag.py:3239} INFO - Sync 1 DAGs
[2026-09-17T12:24:47.309+0000] {logging_mixin.py:190} INFO - [2026-09-17T12:24:47.309+0000] {dag.py:4180} INFO - Setting next_dagrun for youtube_pipeline_extraction to 2026-09-17 12:00:00+00:00, run_after=2026-09-17 13:00:00+00:00
[2026-09-17T12:24:47.329+0000] {processor.py:208} INFO - Processing /opt/airflow/dags/youtube_extract_pipeline.py took 0.133 seconds
[2026-09-17T12:25:17.674+0000] {processor.py:186} INFO - Started process (PID=4095) to work on /opt/airflow/dags/youtube_extract_pipeline.py
[2026-09-17T12:25:17.675+0000] {processor.py:914} INFO - Processing file /opt/airflow/dags/youtube_extract_pipeline.py for tasks to queue
[2026-09-17T12:25:17.678+0000] {logging_mixin.py:190} INFO - [2026-09-17T12:25:17.677+0000] {dagbag.py:588} INFO - Filling up the DagBag from /opt/airflow/dags/youtube_extract_pipeline.py
[2026-09-17T12:25:17.745+0000] {processor.py:925} INFO - DAG(s) 'youtube_pipeline_extraction' retrieved from /opt/airflow/dags/youtube_extract_pipeline.py
[2026-09-17T12:25:17.764+0000] {logging_mixin.py:190} INFO - [2026-09-17T12:25:17.764+0000] {dag.py:3239} INFO - Sync 1 DAGs
[2026-09-17T12:25:17.785+0000] {logging_mixin.py:190} INFO - [2026-09-17T12:25:17.785+0000] {dag.py:4180} INFO - Setting next_dagrun for youtube_pipeline_extraction to 2026-09-17 12:00:00+00:00, run_after=2026-09-17 13:00:00+00:00
[2026-09-17T12:25:17.806+0000] {processor.py:208} INFO - Processing /opt/airflow/dags/youtube_extract_pipeline.py took 0.137 seconds
[2026-09-17T12:25:48.160+0000] {processor.py:186} INFO - Started process (PID=4103) to work on /opt/airflow/dags/youtube_extract_pipeline.py
[2026-09-17T12:25:48.162+0000] {processor.py:914} INFO - Processing file /opt/airflow/dags/youtube_extract_pipeline.py for tasks to queue
[2026-09-17T12:25:48.164+0000] {logging_mixin.py:190} INFO - [2026-09-17T12:25:48.163+0000] {dagbag.py:588} INFO - Filling up the DagBag from /opt/airflow/dags/youtube_extract_pipeline.py
[2026-09-17T12:25:48.219+0000] {processor.py:925} INFO - DAG(s) 'youtube_pipeline_extraction' retrieved from /opt/airflow/dags/youtube_extract_pipeline.py
[2026-09-17T12:25:48.240+0000] {logging_mixin.py:190} INFO - [2026-09-17T12:25:48.239+0000] {dag.py:3239} INFO - Sync 1 DAGs
[2026-09-17T12:25:48.263+0000] {logging_mixin.py:190} INFO - [2026-09-17T12:25:48.263+0000] {dag.py:4180} INFO - Setting next_dagrun for youtube_pipeline_extraction to 2026-09-17 12:00:00+00:00, run_after=2026-09-17 13:00:00+00:00
[2026-09-17T12:25:48.284+0000] {processor.py:208} INFO - Processing /opt/airflow/dags/youtube_extract_pipeline.py took 0.131 seconds
[2026-09-17T12:26:18.528+0000] {processor.py:186} INFO - Started process (PID=4111) to work on /opt/airflow/dags/youtube_extract_pipeline.py
[2026-09-17T12:26:18.530+0000] {processor.py:914} INFO - Processing file /opt/airflow/dags/youtube_extract_pipeline.py for tasks to queue
[2026-09-17T12:26:18.531+0000] {logging_mixin.py:190} INFO - [2026-09-17T12:26:18.531+0000] {dagbag.py:588} INFO - Filling up the DagBag from /opt/airflow/dags/youtube_extract_pipeline.py
[2026-09-17T12:26:18.580+0000] {processor.py:925} INFO - DAG(s) 'youtube_pipeline_extraction' retrieved from /opt/airflow/dags/youtube_extract_pipeline.py
[2026-09-17T12:26:18.616+0000] {logging_mixin.py:190} INFO - [2026-09-17T12:26:18.615+0000] {dag.py:3239} INFO - Sync 1 DAGs
[2026-09-17T12:26:18.637+0000] {logging_mixin.py:190} INFO - [2026-09-17T12:26:18.637+0000] {dag.py:4180} INFO - Setting next_dagrun for youtube_pipeline_extraction to 2026-09-17 12:00:00+00:00, run_after=2026-09-17 13:00:00+00:00
[2026-09-17T12:26:18.656+0000] {processor.py:208} INFO - Processing /opt/airflow/dags/youtube_extract_pipeline.py took 0.133 seconds
[2026-09-17T12:26:49.030+0000] {processor.py:186} INFO - Started process (PID=4119) to work on /opt/airflow/dags/youtube_extract_pipeline.py
[2026-09-17T12:26:49.032+0000] {processor.py:914} INFO - Processing file /opt/airflow/dags/youtube_extract_pipeline.py for tasks to queue
[2026-09-17T12:26:49.034+0000] {logging_mixin.py:190} INFO - [2026-09-17T12:26:49.034+0000] {dagbag.py:588} INFO - Filling up the DagBag from /opt/airflow/dags/youtube_extract_pipeline.py
[2026-09-17T12:26:49.088+0000] {processor.py:925} INFO - DAG(s) 'youtube_pipeline_extraction' retrieved from /opt/airflow/dags/youtube_extract_pipeline.py
[2026-09-17T12:26:49.107+0000] {logging_mixin.py:190} INFO - [2026-09-17T12:26:49.106+0000] {dag.py:3239} INFO - Sync 1 DAGs
[2026-09-17T12:26:49.129+0000] {logging_mixin.py:190} INFO - [2026-09-17T12:26:49.129+0000] {dag.py:4180} INFO - Setting next_dagrun for youtube_pipeline_extraction to 2026-09-17 12:00:00+00:00, run_after=2026-09-17 13:00:00+00:00
[2026-09-17T12:26:49.148+0000] {processor.py:208} INFO - Processing /opt/airflow/dags/youtube_extract_pipeline.py took 0.124 seconds
[2026-09-17T12:27:19.406+0000] {processor.py:186} INFO - Started process (PID=4127) to work on /opt/airflow/dags/youtube_extract_pipeline.py
[2026-09-17T12:27:19.408+0000] {processor.py:914} INFO - Processing file /opt/airflow/dags/youtube_extract_pipeline.py for tasks to queue
[2026-09-17T12:27:19.410+0000] {logging_mixin.py:190} INFO - [2026-09-17T12:27:19.410+0000] {dagbag.py:588} INFO - Filling up the DagBag from /opt/airflow/dags/youtube_extract_pipeline.py
[2026-09-17T12:27:19.469+0000] {processor.py:925} INFO - DAG(s) 'youtube_pipeline_extraction' retrieved from /opt/airflow/dags/youtube_extract_pipeline.py
[2026-09-17T12:27:19.492+0000] {logging_mixin.py:190} INFO - [2026-09-17T12:27:19.491+0000] {dag.py:3239} INFO - Sync 1 DAGs
[2026-09-17T12:27:19.514+0000] {logging_mixin.py:190} INFO - [2026-09-17T12:27:19.514+0000] {dag.py:4180} INFO - Setting next_dagrun for youtube_pipeline_extraction to 2026-09-17 12:00:00+00:00, run_after=2026-09-17 13:00:00+00:00
[2026-09-17T12:27:19.544+0000] {processor.py:208} INFO - Processing /opt/airflow/dags/youtube_extract_pipeline.py took 0.143 seconds
[2026-09-17T12:27:49.834+0000] {processor.py:186} INFO - Started process (PID=4135) to work on /opt/airflow/dags/youtube_extract_pipeline.py
[2026-09-17T12:27:49.835+0000] {processor.py:914} INFO - Processing file /opt/airflow/dags/youtube_extract_pipeline.py for tasks to queue
[2026-09-17T12:27:49.837+0000] {logging_mixin.py:190} INFO - [2026-09-17T12:27:49.836+0000] {dagbag.py:588} INFO - Filling up the DagBag from /opt/airflow/dags/youtube_extract_pipeline.py
[2026-09-17T12:27:49.913+0000] {processor.py:925} INFO - DAG(s) 'youtube_pipeline_extraction' retrieved from /opt/airflow/dags/youtube_extract_pipeline.py
[2026-09-17T12:27:49.934+0000] {logging_mixin.py:190} INFO - [2026-09-17T12:27:49.934+0000] {dag.py:3239} INFO - Sync 1 DAGs
[2026-09-17T12:27:49.957+0000] {logging_mixin.py:190} INFO - [2026-09-17T12:27:49.956+0000] {dag.py:4180} INFO - Setting next_dagrun for youtube_pipeline_extraction to 2026-09-17 12:00:00+00:00, run_after=2026-09-17 13:00:00+00:00
[2026-09-17T12:27:49.988+0000] {processor.py:208} INFO - Processing /opt/airflow/dags/youtube_extract_pipeline.py took 0.160 seconds
[2026-09-17T12:28:20.247+0000] {processor.py:186} INFO - Started process (PID=4143) to work on /opt/airflow/dags/youtube_extract_pipeline.py
[2026-09-17T12:28:20.249+0000] {processor.py:914} INFO - Processing file /opt/airflow/dags/youtube_extract_pipeline.py for tasks to queue
[2026-09-17T12:28:20.252+0000] {logging_mixin.py:190} INFO - [2026-09-17T12:28:20.251+0000] {dagbag.py:588} INFO - Filling up the DagBag from /opt/airflow/dags/youtube_extract_pipeline.py
[2026-09-17T12:28:20.307+0000] {processor.py:925} INFO - DAG(s) 'youtube_pipeline_extraction' retrieved from /opt/airflow/dags/youtube_extract_pipeline.py
[2026-09-17T12:28:20.329+0000] {logging_mixin.py:190} INFO - [2026-09-17T12:28:20.328+0000] {dag.py:3239} INFO - Sync 1 DAGs
[2026-09-17T12:28:20.359+0000] {logging_mixin.py:190} INFO - [2026-09-17T12:28:20.359+0000] {dag.py:4180} INFO - Setting next_dagrun for youtube_pipeline_extraction to 2026-09-17 12:00:00+00:00, run_after=2026-09-17 13:00:00+00:00
[2026-09-17T12:28:20.388+0000] {processor.py:208} INFO - Processing /opt/airflow/dags/youtube_extract_pipeline.py took 0.148 seconds
[2026-09-17T12:28:50.594+0000] {processor.py:186} INFO - Started process (PID=4151) to work on /opt/airflow/dags/youtube_extract_pipeline.py
[2026-09-17T12:28:50.596+0000] {processor.py:914} INFO - Processing file /opt/airflow/dags/youtube_extract_pipeline.py for tasks to queue
[2026-09-17T12:28:50.597+0000] {logging_mixin.py:190} INFO - [2026-09-17T12:28:50.597+0000] {dagbag.py:588} INFO - Filling up the DagBag from /opt/airflow/dags/youtube_extract_pipeline.py
[2026-09-17T12:28:50.652+0000] {processor.py:925} INFO - DAG(s) 'youtube_pipeline_extraction' retrieved from /opt/airflow/dags/youtube_extract_pipeline.py
[2026-09-17T12:28:50.675+0000] {logging_mixin.py:190} INFO - [2026-09-17T12:28:50.675+0000] {dag.py:3239} INFO - Sync 1 DAGs
[2026-09-17T12:28:50.697+0000] {logging_mixin.py:190} INFO - [2026-09-17T12:28:50.697+0000] {dag.py:4180} INFO - Setting next_dagrun for youtube_pipeline_extraction to 2026-09-17 12:00:00+00:00, run_after=2026-09-17 13:00:00+00:00
[2026-09-17T12:28:50.717+0000] {processor.py:208} INFO - Processing /opt/airflow/dags/youtube_extract_pipeline.py took 0.128 seconds
[2026-09-17T12:29:21.045+0000] {processor.py:186} INFO - Started process (PID=4159) to work on /opt/airflow/dags/youtube_extract_pipeline.py
[2026-09-17T12:29:21.047+0000] {processor.py:914} INFO - Processing file /opt/airflow/dags/youtube_extract_pipeline.py for tasks to queue
[2026-09-17T12:29:21.048+0000] {logging_mixin.py:190} INFO - [2026-09-17T12:29:21.048+0000] {dagbag.py:588} INFO - Filling up the DagBag from /opt/airflow/dags/youtube_extract_pipeline.py
[2026-09-17T12:29:21.101+0000] {processor.py:925} INFO - DAG(s) 'youtube_pipeline_extraction' retrieved from /opt/airflow/dags/youtube_extract_pipeline.py
[2026-09-17T12:29:21.120+0000] {logging_mixin.py:190} INFO - [2026-09-17T12:29:21.120+0000] {dag.py:3239} INFO - Sync 1 DAGs
[2026-09-17T12:29:21.144+0000] {logging_mixin.py:190} INFO - [2026-09-17T12:29:21.143+0000] {dag.py:4180} INFO - Setting next_dagrun for youtube_pipeline_extraction to 2026-09-17 12:00:00+00:00, run_after=2026-09-17 13:00:00+00:00
[2026-09-17T12:29:21.166+0000] {processor.py:208} INFO - Processing /opt/airflow/dags/youtube_extract_pipeline.py took 0.126 seconds
[2026-09-17T12:29:51.420+0000] {processor.py:186} INFO - Started process (PID=4167) to work on /opt/airflow/dags/youtube_extract_pipeline.py
[2026-09-17T12:29:51.422+0000] {processor.py:914} INFO - Processing file /opt/airflow/dags/youtube_extract_pipeline.py for tasks to queue
[2026-09-17T12:29:51.423+0000] {logging_mixin.py:190} INFO - [2026-09-17T12:29:51.423+0000] {dagbag.py:588} INFO - Filling up the DagBag from /opt/airflow/dags/youtube_extract_pipeline.py
[2026-09-17T12:29:51.474+0000] {processor.py:925} INFO - DAG(s) 'youtube_pipeline_extraction' retrieved from /opt/airflow/dags/youtube_extract_pipeline.py
[2026-09-17T12:29:51.498+0000] {logging_mixin.py:190} INFO - [2026-09-17T12:29:51.498+0000] {dag.py:3239} INFO - Sync 1 DAGs
[2026-09-17T12:29:51.521+0000] {logging_mixin.py:190} INFO - [2026-09-17T12:29:51.521+0000] {dag.py:4180} INFO - Setting next_dagrun for youtube_pipeline_extraction to 2026-09-17 12:00:00+00:00, run_after=2026-09-17 13:00:00+00:00
[2026-09-17T12:29:51.554+0000] {processor.py:208} INFO - Processing /opt/airflow/dags/youtube_extract_pipeline.py took 0.140 seconds
[2026-09-17T12:30:21.888+0000] {processor.py:186} INFO - Started process (PID=4175) to work on /opt/airflow/dags/youtube_extract_pipeline.py
[2026-09-17T12:30:21.889+0000] {processor.py:914} INFO - Processing file /opt/airflow/dags/youtube_extract_pipeline.py for tasks to queue
[2026-09-17T12:30:21.891+0000] {logging_mixin.py:190} INFO - [2026-09-17T12:30:21.891+0000] {dagbag.py:588} INFO - Filling up the DagBag from /opt/airflow/dags/youtube_extract_pipeline.py
[2026-09-17T12:30:21.947+0000] {processor.py:925} INFO - DAG(s) 'youtube_pipeline_extraction' retrieved from /opt/airflow/dags/youtube_extract_pipeline.py
[2026-09-17T12:30:21.968+0000] {logging_mixin.py:190} INFO - [2026-09-17T12:30:21.967+0000] {dag.py:3239} INFO - Sync 1 DAGs
[2026-09-17T12:30:21.990+0000] {logging_mixin.py:190} INFO - [2026-09-17T12:30:21.990+0000] {dag.py:4180} INFO - Setting next_dagrun for youtube_pipeline_extraction to 2026-09-17 12:00:00+00:00, run_after=2026-09-17 13:00:00+00:00
[2026-09-17T12:30:22.008+0000] {processor.py:208} INFO - Processing /opt/airflow/dags/youtube_extract_pipeline.py took 0.126 seconds
[2026-09-17T12:30:52.278+0000] {processor.py:186} INFO - Started process (PID=4183) to work on /opt/airflow/dags/youtube_extract_pipeline.py
[2026-09-17T12:30:52.279+0000] {processor.py:914} INFO - Processing file /opt/airflow/dags/youtube_extract_pipeline.py for tasks to queue
[2026-09-17T12:30:52.281+0000] {logging_mixin.py:190} INFO - [2026-09-17T12:30:52.281+0000] {dagbag.py:588} INFO - Filling up the DagBag from /opt/airflow/dags/youtube_extract_pipeline.py
[2026-09-17T12:30:52.353+0000] {processor.py:925} INFO - DAG(s) 'youtube_pipeline_extraction' retrieved from /opt/airflow/dags/youtube_extract_pipeline.py
[2026-09-17T12:30:52.377+0000] {logging_mixin.py:190} INFO - [2026-09-17T12:30:52.377+0000] {dag.py:3239} INFO - Sync 1 DAGs
[2026-09-17T12:30:52.399+0000] {logging_mixin.py:190} INFO - [2026-09-17T12:30:52.399+0000] {dag.py:4180} INFO - Setting next_dagrun for youtube_pipeline_extraction to 2026-09-17 12:00:00+00:00, run_after=2026-09-17 13:00:00+00:00
[2026-09-17T12:30:52.422+0000] {processor.py:208} INFO - Processing /opt/airflow/dags/youtube_extract_pipeline.py took 0.150 seconds
[2026-09-17T12:31:22.671+0000] {processor.py:186} INFO - Started process (PID=4191) to work on /opt/airflow/dags/youtube_extract_pipeline.py
[2026-09-17T12:31:22.673+0000] {processor.py:914} INFO - Processing file /opt/airflow/dags/youtube_extract_pipeline.py for tasks to queue
[2026-09-17T12:31:22.675+0000] {logging_mixin.py:190} INFO - [2026-09-17T12:31:22.674+0000] {dagbag.py:588} INFO - Filling up the DagBag from /opt/airflow/dags/youtube_extract_pipeline.py
[2026-09-17T12:31:22.739+0000] {processor.py:925} INFO - DAG(s) 'youtube_pipeline_extraction' retrieved from /opt/airflow/dags/youtube_extract_pipeline.py
[2026-09-17T12:31:22.765+0000] {logging_mixin.py:190} INFO - [2026-09-17T12:31:22.765+0000] {dag.py:3239} INFO - Sync 1 DAGs
[2026-09-17T12:31:22.796+0000] {logging_mixin.py:190} INFO - [2026-09-17T12:31:22.796+0000] {dag.py:4180} INFO - Setting next_dagrun for youtube_pipeline_extraction to 2026-09-17 12:00:00+00:00, run_after=2026-09-17 13:00:00+00:00
[2026-09-17T12:31:22.823+0000] {processor.py:208} INFO - Processing /opt/airflow/dags/youtube_extract_pipeline.py took 0.157 seconds
[2026-09-17T12:31:53.191+0000] {processor.py:186} INFO - Started process (PID=4199) to work on /opt/airflow/dags/youtube_extract_pipeline.py
[2026-09-17T12:31:53.193+0000] {processor.py:914} INFO - Processing file /opt/airflow/dags/youtube_extract_pipeline.py for tasks to queue
[2026-09-17T12:31:53.196+0000] {logging_mixin.py:190} INFO - [2026-09-17T12:31:53.196+0000] {dagbag.py:588} INFO - Filling up the DagBag from /opt/airflow/dags/youtube_extract_pipeline.py
[2026-09-17T12:31:53.252+0000] {processor.py:925} INFO - DAG(s) 'youtube_pipeline_extraction' retrieved from /opt/airflow/dags/youtube_extract_pipeline.py
[2026-09-17T12:31:53.273+0000] {logging_mixin.py:190} INFO - [2026-09-17T12:31:53.272+0000] {dag.py:3239} INFO - Sync 1 DAGs
[2026-09-17T12:31:53.297+0000] {logging_mixin.py:190} INFO - [2026-09-17T12:31:53.297+0000] {dag.py:4180} INFO - Setting next_dagrun for youtube_pipeline_extraction to 2026-09-17 12:00:00+00:00, run_after=2026-09-17 13:00:00+00:00
[2026-09-17T12:31:53.314+0000] {processor.py:208} INFO - Processing /opt/airflow/dags/youtube_extract_pipeline.py took 0.128 seconds
[2026-09-17T12:32:23.503+0000] {processor.py:186} INFO - Started process (PID=4207) to work on /opt/airflow/dags/youtube_extract_pipeline.py
[2026-09-17T12:32:23.505+0000] {processor.py:914} INFO - Processing file /opt/airflow/dags/youtube_extract_pipeline.py for tasks to queue
[2026-09-17T12:32:23.507+0000] {logging_mixin.py:190} INFO - [2026-09-17T12:32:23.506+0000] {dagbag.py:588} INFO - Filling up the DagBag from /opt/airflow/dags/youtube_extract_pipeline.py
[2026-09-17T12:32:23.565+0000] {processor.py:925} INFO - DAG(s) 'youtube_pipeline_extraction' retrieved from /opt/airflow/dags/youtube_extract_pipeline.py
[2026-09-17T12:32:23.589+0000] {logging_mixin.py:190} INFO - [2026-09-17T12:32:23.589+0000] {dag.py:3239} INFO - Sync 1 DAGs
[2026-09-17T12:32:23.613+0000] {logging_mixin.py:190} INFO - [2026-09-17T12:32:23.613+0000] {dag.py:4180} INFO - Setting next_dagrun for youtube_pipeline_extraction to 2026-09-17 12:00:00+00:00, run_after=2026-09-17 13:00:00+00:00
[2026-09-17T12:32:23.633+0000] {processor.py:208} INFO - Processing /opt/airflow/dags/youtube_extract_pipeline.py took 0.137 seconds
[2026-09-17T12:32:53.810+0000] {processor.py:186} INFO - Started process (PID=4216) to work on /opt/airflow/dags/youtube_extract_pipeline.py
[2026-09-17T12:32:53.812+0000] {processor.py:914} INFO - Processing file /opt/airflow/dags/youtube_extract_pipeline.py for tasks to queue
[2026-09-17T12:32:53.814+0000] {logging_mixin.py:190} INFO - [2026-09-17T12:32:53.813+0000] {dagbag.py:588} INFO - Filling up the DagBag from /opt/airflow/dags/youtube_extract_pipeline.py
[2026-09-17T12:32:53.868+0000] {processor.py:925} INFO - DAG(s) 'youtube_pipeline_extraction' retrieved from /opt/airflow/dags/youtube_extract_pipeline.py
[2026-09-17T12:32:53.890+0000] {logging_mixin.py:190} INFO - [2026-09-17T12:32:53.889+0000] {dag.py:3239} INFO - Sync 1 DAGs
[2026-09-17T12:32:53.913+0000] {logging_mixin.py:190} INFO - [2026-09-17T12:32:53.913+0000] {dag.py:4180} INFO - Setting next_dagrun for youtube_pipeline_extraction to 2026-09-17 12:00:00+00:00, run_after=2026-09-17 13:00:00+00:00
[2026-09-17T12:32:53.934+0000] {processor.py:208} INFO - Processing /opt/airflow/dags/youtube_extract_pipeline.py took 0.132 seconds
[2026-09-17T12:33:24.330+0000] {processor.py:186} INFO - Started process (PID=4224) to work on /opt/airflow/dags/youtube_extract_pipeline.py
[2026-09-17T12:33:24.332+0000] {processor.py:914} INFO - Processing file /opt/airflow/dags/youtube_extract_pipeline.py for tasks to queue
[2026-09-17T12:33:24.334+0000] {logging_mixin.py:190} INFO - [2026-09-17T12:33:24.333+0000] {dagbag.py:588} INFO - Filling up the DagBag from /opt/airflow/dags/youtube_extract_pipeline.py
[2026-09-17T12:33:24.387+0000] {processor.py:925} INFO - DAG(s) 'youtube_pipeline_extraction' retrieved from /opt/airflow/dags/youtube_extract_pipeline.py
[2026-09-17T12:33:24.409+0000] {logging_mixin.py:190} INFO - [2026-09-17T12:33:24.408+0000] {dag.py:3239} INFO - Sync 1 DAGs
[2026-09-17T12:33:24.431+0000] {logging_mixin.py:190} INFO - [2026-09-17T12:33:24.431+0000] {dag.py:4180} INFO - Setting next_dagrun for youtube_pipeline_extraction to 2026-09-17 12:00:00+00:00, run_after=2026-09-17 13:00:00+00:00
[2026-09-17T12:33:24.450+0000] {processor.py:208} INFO - Processing /opt/airflow/dags/youtube_extract_pipeline.py took 0.125 seconds
[2026-09-17T12:33:54.715+0000] {processor.py:186} INFO - Started process (PID=4232) to work on /opt/airflow/dags/youtube_extract_pipeline.py
[2026-09-17T12:33:54.716+0000] {processor.py:914} INFO - Processing file /opt/airflow/dags/youtube_extract_pipeline.py for tasks to queue
[2026-09-17T12:33:54.718+0000] {logging_mixin.py:190} INFO - [2026-09-17T12:33:54.718+0000] {dagbag.py:588} INFO - Filling up the DagBag from /opt/airflow/dags/youtube_extract_pipeline.py
[2026-09-17T12:33:54.769+0000] {processor.py:925} INFO - DAG(s) 'youtube_pipeline_extraction' retrieved from /opt/airflow/dags/youtube_extract_pipeline.py
[2026-09-17T12:33:54.792+0000] {logging_mixin.py:190} INFO - [2026-09-17T12:33:54.791+0000] {dag.py:3239} INFO - Sync 1 DAGs
[2026-09-17T12:33:54.819+0000] {logging_mixin.py:190} INFO - [2026-09-17T12:33:54.819+0000] {dag.py:4180} INFO - Setting next_dagrun for youtube_pipeline_extraction to 2026-09-17 12:00:00+00:00, run_after=2026-09-17 13:00:00+00:00
[2026-09-17T12:33:54.838+0000] {processor.py:208} INFO - Processing /opt/airflow/dags/youtube_extract_pipeline.py took 0.128 seconds
[2026-09-17T12:34:25.156+0000] {processor.py:186} INFO - Started process (PID=4240) to work on /opt/airflow/dags/youtube_extract_pipeline.py
[2026-09-17T12:34:25.158+0000] {processor.py:914} INFO - Processing file /opt/airflow/dags/youtube_extract_pipeline.py for tasks to queue
[2026-09-17T12:34:25.161+0000] {logging_mixin.py:190} INFO - [2026-09-17T12:34:25.160+0000] {dagbag.py:588} INFO - Filling up the DagBag from /opt/airflow/dags/youtube_extract_pipeline.py
[2026-09-17T12:34:25.221+0000] {processor.py:925} INFO - DAG(s) 'youtube_pipeline_extraction' retrieved from /opt/airflow/dags/youtube_extract_pipeline.py
[2026-09-17T12:34:25.244+0000] {logging_mixin.py:190} INFO - [2026-09-17T12:34:25.244+0000] {dag.py:3239} INFO - Sync 1 DAGs
[2026-09-17T12:34:25.268+0000] {logging_mixin.py:190} INFO - [2026-09-17T12:34:25.268+0000] {dag.py:4180} INFO - Setting next_dagrun for youtube_pipeline_extraction to 2026-09-17 12:00:00+00:00, run_after=2026-09-17 13:00:00+00:00
[2026-09-17T12:34:25.303+0000] {processor.py:208} INFO - Processing /opt/airflow/dags/youtube_extract_pipeline.py took 0.152 seconds
[2026-09-17T12:34:55.521+0000] {processor.py:186} INFO - Started process (PID=4248) to work on /opt/airflow/dags/youtube_extract_pipeline.py
[2026-09-17T12:34:55.522+0000] {processor.py:914} INFO - Processing file /opt/airflow/dags/youtube_extract_pipeline.py for tasks to queue
[2026-09-17T12:34:55.524+0000] {logging_mixin.py:190} INFO - [2026-09-17T12:34:55.524+0000] {dagbag.py:588} INFO - Filling up the DagBag from /opt/airflow/dags/youtube_extract_pipeline.py
[2026-09-17T12:34:55.592+0000] {processor.py:925} INFO - DAG(s) 'youtube_pipeline_extraction' retrieved from /opt/airflow/dags/youtube_extract_pipeline.py
[2026-09-17T12:34:55.616+0000] {logging_mixin.py:190} INFO - [2026-09-17T12:34:55.616+0000] {dag.py:3239} INFO - Sync 1 DAGs
[2026-09-17T12:34:55.638+0000] {logging_mixin.py:190} INFO - [2026-09-17T12:34:55.638+0000] {dag.py:4180} INFO - Setting next_dagrun for youtube_pipeline_extraction to 2026-09-17 12:00:00+00:00, run_after=2026-09-17 13:00:00+00:00
[2026-09-17T12:34:55.659+0000] {processor.py:208} INFO - Processing /opt/airflow/dags/youtube_extract_pipeline.py took 0.143 seconds
[2026-09-17T12:35:26.067+0000] {processor.py:186} INFO - Started process (PID=4256) to work on /opt/airflow/dags/youtube_extract_pipeline.py
[2026-09-17T12:35:26.069+0000] {processor.py:914} INFO - Processing file /opt/airflow/dags/youtube_extract_pipeline.py for tasks to queue
[2026-09-17T12:35:26.070+0000] {logging_mixin.py:190} INFO - [2026-09-17T12:35:26.070+0000] {dagbag.py:588} INFO - Filling up the DagBag from /opt/airflow/dags/youtube_extract_pipeline.py
[2026-09-17T12:35:26.133+0000] {processor.py:925} INFO - DAG(s) 'youtube_pipeline_extraction' retrieved from /opt/airflow/dags/youtube_extract_pipeline.py
[2026-09-17T12:35:26.155+0000] {logging_mixin.py:190} INFO - [2026-09-17T12:35:26.155+0000] {dag.py:3239} INFO - Sync 1 DAGs
[2026-09-17T12:35:26.178+0000] {logging_mixin.py:190} INFO - [2026-09-17T12:35:26.178+0000] {dag.py:4180} INFO - Setting next_dagrun for youtube_pipeline_extraction to 2026-09-17 12:00:00+00:00, run_after=2026-09-17 13:00:00+00:00
[2026-09-17T12:35:26.199+0000] {processor.py:208} INFO - Processing /opt/airflow/dags/youtube_extract_pipeline.py took 0.137 seconds
[2026-09-17T12:35:56.551+0000] {processor.py:186} INFO - Started process (PID=4264) to work on /opt/airflow/dags/youtube_extract_pipeline.py
[2026-09-17T12:35:56.553+0000] {processor.py:914} INFO - Processing file /opt/airflow/dags/youtube_extract_pipeline.py for tasks to queue
[2026-09-17T12:35:56.555+0000] {logging_mixin.py:190} INFO - [2026-09-17T12:35:56.555+0000] {dagbag.py:588} INFO - Filling up the DagBag from /opt/airflow/dags/youtube_extract_pipeline.py
[2026-09-17T12:35:56.612+0000] {processor.py:925} INFO - DAG(s) 'youtube_pipeline_extraction' retrieved from /opt/airflow/dags/youtube_extract_pipeline.py
[2026-09-17T12:35:56.633+0000] {logging_mixin.py:190} INFO - [2026-09-17T12:35:56.632+0000] {dag.py:3239} INFO - Sync 1 DAGs
[2026-09-17T12:35:56.655+0000] {logging_mixin.py:190} INFO - [2026-09-17T12:35:56.654+0000] {dag.py:4180} INFO - Setting next_dagrun for youtube_pipeline_extraction to 2026-09-17 12:00:00+00:00, run_after=2026-09-17 13:00:00+00:00
[2026-09-17T12:35:56.675+0000] {processor.py:208} INFO - Processing /opt/airflow/dags/youtube_extract_pipeline.py took 0.128 seconds
[2026-09-17T12:36:26.919+0000] {processor.py:186} INFO - Started process (PID=4272) to work on /opt/airflow/dags/youtube_extract_pipeline.py
[2026-09-17T12:36:26.920+0000] {processor.py:914} INFO - Processing file /opt/airflow/dags/youtube_extract_pipeline.py for tasks to queue
[2026-09-17T12:36:26.922+0000] {logging_mixin.py:190} INFO - [2026-09-17T12:36:26.922+0000] {dagbag.py:588} INFO - Filling up the DagBag from /opt/airflow/dags/youtube_extract_pipeline.py
[2026-09-17T12:36:26.973+0000] {processor.py:925} INFO - DAG(s) 'youtube_pipeline_extraction' retrieved from /opt/airflow/dags/youtube_extract_pipeline.py
[2026-09-17T12:36:27.001+0000] {logging_mixin.py:190} INFO - [2026-09-17T12:36:27.001+0000] {dag.py:3239} INFO - Sync 1 DAGs
[2026-09-17T12:36:27.028+0000] {logging_mixin.py:190} INFO - [2026-09-17T12:36:27.028+0000] {dag.py:4180} INFO - Setting next_dagrun for youtube_pipeline_extraction to 2026-09-17 12:00:00+00:00, run_after=2026-09-17 13:00:00+00:00
[2026-09-17T12:36:27.056+0000] {processor.py:208} INFO - Processing /opt/airflow/dags/youtube_extract_pipeline.py took 0.143 seconds
[2026-09-17T12:36:57.352+0000] {processor.py:186} INFO - Started process (PID=4280) to work on /opt/airflow/dags/youtube_extract_pipeline.py
[2026-09-17T12:36:57.353+0000] {processor.py:914} INFO - Processing file /opt/airflow/dags/youtube_extract_pipeline.py for tasks to queue
[2026-09-17T12:36:57.355+0000] {logging_mixin.py:190} INFO - [2026-09-17T12:36:57.355+0000] {dagbag.py:588} INFO - Filling up the DagBag from /opt/airflow/dags/youtube_extract_pipeline.py
[2026-09-17T12:36:57.411+0000] {processor.py:925} INFO - DAG(s) 'youtube_pipeline_extraction' retrieved from /opt/airflow/dags/youtube_extract_pipeline.py
[2026-09-17T12:36:57.433+0000] {logging_mixin.py:190} INFO - [2026-09-17T12:36:57.433+0000] {dag.py:3239} INFO - Sync 1 DAGs
[2026-09-17T12:36:57.458+0000] {logging_mixin.py:190} INFO - [2026-09-17T12:36:57.458+0000] {dag.py:4180} INFO - Setting next_dagrun for youtube_pipeline_extraction to 2026-09-17 12:00:00+00:00, run_after=2026-09-17 13:00:00+00:00
[2026-09-17T12:36:57.491+0000] {processor.py:208} INFO - Processing /opt/airflow/dags/youtube_extract_pipeline.py took 0.145 seconds
[2026-09-17T12:37:27.721+0000] {processor.py:186} INFO - Started process (PID=4288) to work on /opt/airflow/dags/youtube_extract_pipeline.py
[2026-09-17T12:37:27.722+0000] {processor.py:914} INFO - Processing file /opt/airflow/dags/youtube_extract_pipeline.py for tasks to queue
[2026-09-17T12:37:27.724+0000] {logging_mixin.py:190} INFO - [2026-09-17T12:37:27.724+0000] {dagbag.py:588} INFO - Filling up the DagBag from /opt/airflow/dags/youtube_extract_pipeline.py
[2026-09-17T12:37:27.783+0000] {processor.py:925} INFO - DAG(s) 'youtube_pipeline_extraction' retrieved from /opt/airflow/dags/youtube_extract_pipeline.py
[2026-09-17T12:37:27.806+0000] {logging_mixin.py:190} INFO - [2026-09-17T12:37:27.805+0000] {dag.py:3239} INFO - Sync 1 DAGs
[2026-09-17T12:37:27.829+0000] {logging_mixin.py:190} INFO - [2026-09-17T12:37:27.829+0000] {dag.py:4180} INFO - Setting next_dagrun for youtube_pipeline_extraction to 2026-09-17 12:00:00+00:00, run_after=2026-09-17 13:00:00+00:00
[2026-09-17T12:37:27.850+0000] {processor.py:208} INFO - Processing /opt/airflow/dags/youtube_extract_pipeline.py took 0.134 seconds
[2026-09-17T12:37:58.170+0000] {processor.py:186} INFO - Started process (PID=4296) to work on /opt/airflow/dags/youtube_extract_pipeline.py
[2026-09-17T12:37:58.172+0000] {processor.py:914} INFO - Processing file /opt/airflow/dags/youtube_extract_pipeline.py for tasks to queue
[2026-09-17T12:37:58.174+0000] {logging_mixin.py:190} INFO - [2026-09-17T12:37:58.173+0000] {dagbag.py:588} INFO - Filling up the DagBag from /opt/airflow/dags/youtube_extract_pipeline.py
[2026-09-17T12:37:58.243+0000] {processor.py:925} INFO - DAG(s) 'youtube_pipeline_extraction' retrieved from /opt/airflow/dags/youtube_extract_pipeline.py
[2026-09-17T12:37:58.263+0000] {logging_mixin.py:190} INFO - [2026-09-17T12:37:58.263+0000] {dag.py:3239} INFO - Sync 1 DAGs
[2026-09-17T12:37:58.288+0000] {logging_mixin.py:190} INFO - [2026-09-17T12:37:58.287+0000] {dag.py:4180} INFO - Setting next_dagrun for youtube_pipeline_extraction to 2026-09-17 12:00:00+00:00, run_after=2026-09-17 13:00:00+00:00
[2026-09-17T12:37:58.321+0000] {processor.py:208} INFO - Processing /opt/airflow/dags/youtube_extract_pipeline.py took 0.156 seconds
[2026-09-17T12:38:28.541+0000] {processor.py:186} INFO - Started process (PID=4304) to work on /opt/airflow/dags/youtube_extract_pipeline.py
[2026-09-17T12:38:28.543+0000] {processor.py:914} INFO - Processing file /opt/airflow/dags/youtube_extract_pipeline.py for tasks to queue
[2026-09-17T12:38:28.545+0000] {logging_mixin.py:190} INFO - [2026-09-17T12:38:28.545+0000] {dagbag.py:588} INFO - Filling up the DagBag from /opt/airflow/dags/youtube_extract_pipeline.py
[2026-09-17T12:38:28.597+0000] {processor.py:925} INFO - DAG(s) 'youtube_pipeline_extraction' retrieved from /opt/airflow/dags/youtube_extract_pipeline.py
[2026-09-17T12:38:28.620+0000] {logging_mixin.py:190} INFO - [2026-09-17T12:38:28.619+0000] {dag.py:3239} INFO - Sync 1 DAGs
[2026-09-17T12:38:28.645+0000] {logging_mixin.py:190} INFO - [2026-09-17T12:38:28.645+0000] {dag.py:4180} INFO - Setting next_dagrun for youtube_pipeline_extraction to 2026-09-17 12:00:00+00:00, run_after=2026-09-17 13:00:00+00:00
[2026-09-17T12:38:28.677+0000] {processor.py:208} INFO - Processing /opt/airflow/dags/youtube_extract_pipeline.py took 0.142 seconds
[2026-09-17T12:38:59.061+0000] {processor.py:186} INFO - Started process (PID=4312) to work on /opt/airflow/dags/youtube_extract_pipeline.py
[2026-09-17T12:38:59.062+0000] {processor.py:914} INFO - Processing file /opt/airflow/dags/youtube_extract_pipeline.py for tasks to queue
[2026-09-17T12:38:59.064+0000] {logging_mixin.py:190} INFO - [2026-09-17T12:38:59.064+0000] {dagbag.py:588} INFO - Filling up the DagBag from /opt/airflow/dags/youtube_extract_pipeline.py
[2026-09-17T12:38:59.121+0000] {processor.py:925} INFO - DAG(s) 'youtube_pipeline_extraction' retrieved from /opt/airflow/dags/youtube_extract_pipeline.py
[2026-09-17T12:38:59.146+0000] {logging_mixin.py:190} INFO - [2026-09-17T12:38:59.146+0000] {dag.py:3239} INFO - Sync 1 DAGs
[2026-09-17T12:38:59.168+0000] {logging_mixin.py:190} INFO - [2026-09-17T12:38:59.167+0000] {dag.py:4180} INFO - Setting next_dagrun for youtube_pipeline_extraction to 2026-09-17 12:00:00+00:00, run_after=2026-09-17 13:00:00+00:00
[2026-09-17T12:38:59.189+0000] {processor.py:208} INFO - Processing /opt/airflow/dags/youtube_extract_pipeline.py took 0.134 seconds
[2026-09-17T12:39:29.430+0000] {processor.py:186} INFO - Started process (PID=4320) to work on /opt/airflow/dags/youtube_extract_pipeline.py
[2026-09-17T12:39:29.432+0000] {processor.py:914} INFO - Processing file /opt/airflow/dags/youtube_extract_pipeline.py for tasks to queue
[2026-09-17T12:39:29.433+0000] {logging_mixin.py:190} INFO - [2026-09-17T12:39:29.433+0000] {dagbag.py:588} INFO - Filling up the DagBag from /opt/airflow/dags/youtube_extract_pipeline.py
[2026-09-17T12:39:29.481+0000] {processor.py:925} INFO - DAG(s) 'youtube_pipeline_extraction' retrieved from /opt/airflow/dags/youtube_extract_pipeline.py
[2026-09-17T12:39:29.506+0000] {logging_mixin.py:190} INFO - [2026-09-17T12:39:29.506+0000] {dag.py:3239} INFO - Sync 1 DAGs
[2026-09-17T12:39:29.532+0000] {logging_mixin.py:190} INFO - [2026-09-17T12:39:29.532+0000] {dag.py:4180} INFO - Setting next_dagrun for youtube_pipeline_extraction to 2026-09-17 12:00:00+00:00, run_after=2026-09-17 13:00:00+00:00
[2026-09-17T12:39:29.559+0000] {processor.py:208} INFO - Processing /opt/airflow/dags/youtube_extract_pipeline.py took 0.135 seconds
[2026-09-17T12:39:59.945+0000] {processor.py:186} INFO - Started process (PID=4328) to work on /opt/airflow/dags/youtube_extract_pipeline.py
[2026-09-17T12:39:59.946+0000] {processor.py:914} INFO - Processing file /opt/airflow/dags/youtube_extract_pipeline.py for tasks to queue
[2026-09-17T12:39:59.948+0000] {logging_mixin.py:190} INFO - [2026-09-17T12:39:59.948+0000] {dagbag.py:588} INFO - Filling up the DagBag from /opt/airflow/dags/youtube_extract_pipeline.py
[2026-09-17T12:40:00.021+0000] {processor.py:925} INFO - DAG(s) 'youtube_pipeline_extraction' retrieved from /opt/airflow/dags/youtube_extract_pipeline.py
[2026-09-17T12:40:00.050+0000] {logging_mixin.py:190} INFO - [2026-09-17T12:40:00.050+0000] {dag.py:3239} INFO - Sync 1 DAGs
[2026-09-17T12:40:00.077+0000] {logging_mixin.py:190} INFO - [2026-09-17T12:40:00.077+0000] {dag.py:4180} INFO - Setting next_dagrun for youtube_pipeline_extraction to 2026-09-17 12:00:00+00:00, run_after=2026-09-17 13:00:00+00:00
[2026-09-17T12:40:00.098+0000] {processor.py:208} INFO - Processing /opt/airflow/dags/youtube_extract_pipeline.py took 0.158 seconds
[2026-09-17T12:40:30.563+0000] {processor.py:186} INFO - Started process (PID=4336) to work on /opt/airflow/dags/youtube_extract_pipeline.py
[2026-09-17T12:40:30.565+0000] {processor.py:914} INFO - Processing file /opt/airflow/dags/youtube_extract_pipeline.py for tasks to queue
[2026-09-17T12:40:30.567+0000] {logging_mixin.py:190} INFO - [2026-09-17T12:40:30.566+0000] {dagbag.py:588} INFO - Filling up the DagBag from /opt/airflow/dags/youtube_extract_pipeline.py
[2026-09-17T12:40:30.637+0000] {processor.py:925} INFO - DAG(s) 'youtube_pipeline_extraction' retrieved from /opt/airflow/dags/youtube_extract_pipeline.py
[2026-09-17T12:40:30.665+0000] {logging_mixin.py:190} INFO - [2026-09-17T12:40:30.664+0000] {dag.py:3239} INFO - Sync 1 DAGs
[2026-09-17T12:40:30.695+0000] {logging_mixin.py:190} INFO - [2026-09-17T12:40:30.695+0000] {dag.py:4180} INFO - Setting next_dagrun for youtube_pipeline_extraction to 2026-09-17 12:00:00+00:00, run_after=2026-09-17 13:00:00+00:00
[2026-09-17T12:40:30.722+0000] {processor.py:208} INFO - Processing /opt/airflow/dags/youtube_extract_pipeline.py took 0.165 seconds
[2026-09-17T12:41:00.935+0000] {processor.py:186} INFO - Started process (PID=4344) to work on /opt/airflow/dags/youtube_extract_pipeline.py
[2026-09-17T12:41:00.937+0000] {processor.py:914} INFO - Processing file /opt/airflow/dags/youtube_extract_pipeline.py for tasks to queue
[2026-09-17T12:41:00.940+0000] {logging_mixin.py:190} INFO - [2026-09-17T12:41:00.939+0000] {dagbag.py:588} INFO - Filling up the DagBag from /opt/airflow/dags/youtube_extract_pipeline.py
[2026-09-17T12:41:01.001+0000] {processor.py:925} INFO - DAG(s) 'youtube_pipeline_extraction' retrieved from /opt/airflow/dags/youtube_extract_pipeline.py
[2026-09-17T12:41:01.027+0000] {logging_mixin.py:190} INFO - [2026-09-17T12:41:01.026+0000] {dag.py:3239} INFO - Sync 1 DAGs
[2026-09-17T12:41:01.054+0000] {logging_mixin.py:190} INFO - [2026-09-17T12:41:01.054+0000] {dag.py:4180} INFO - Setting next_dagrun for youtube_pipeline_extraction to 2026-09-17 12:00:00+00:00, run_after=2026-09-17 13:00:00+00:00
[2026-09-17T12:41:01.079+0000] {processor.py:208} INFO - Processing /opt/airflow/dags/youtube_extract_pipeline.py took 0.150 seconds
[2026-09-17T12:41:31.419+0000] {processor.py:186} INFO - Started process (PID=4352) to work on /opt/airflow/dags/youtube_extract_pipeline.py
[2026-09-17T12:41:31.421+0000] {processor.py:914} INFO - Processing file /opt/airflow/dags/youtube_extract_pipeline.py for tasks to queue
[2026-09-17T12:41:31.422+0000] {logging_mixin.py:190} INFO - [2026-09-17T12:41:31.422+0000] {dagbag.py:588} INFO - Filling up the DagBag from /opt/airflow/dags/youtube_extract_pipeline.py
[2026-09-17T12:41:31.472+0000] {processor.py:925} INFO - DAG(s) 'youtube_pipeline_extraction' retrieved from /opt/airflow/dags/youtube_extract_pipeline.py
[2026-09-17T12:41:31.491+0000] {logging_mixin.py:190} INFO - [2026-09-17T12:41:31.491+0000] {dag.py:3239} INFO - Sync 1 DAGs
[2026-09-17T12:41:31.515+0000] {logging_mixin.py:190} INFO - [2026-09-17T12:41:31.515+0000] {dag.py:4180} INFO - Setting next_dagrun for youtube_pipeline_extraction to 2026-09-17 12:00:00+00:00, run_after=2026-09-17 13:00:00+00:00
[2026-09-17T12:41:31.547+0000] {processor.py:208} INFO - Processing /opt/airflow/dags/youtube_extract_pipeline.py took 0.133 seconds
[2026-09-17T12:42:01.801+0000] {processor.py:186} INFO - Started process (PID=4360) to work on /opt/airflow/dags/youtube_extract_pipeline.py
[2026-09-17T12:42:01.802+0000] {processor.py:914} INFO - Processing file /opt/airflow/dags/youtube_extract_pipeline.py for tasks to queue
[2026-09-17T12:42:01.804+0000] {logging_mixin.py:190} INFO - [2026-09-17T12:42:01.804+0000] {dagbag.py:588} INFO - Filling up the DagBag from /opt/airflow/dags/youtube_extract_pipeline.py
[2026-09-17T12:42:01.862+0000] {processor.py:925} INFO - DAG(s) 'youtube_pipeline_extraction' retrieved from /opt/airflow/dags/youtube_extract_pipeline.py
[2026-09-17T12:42:01.880+0000] {logging_mixin.py:190} INFO - [2026-09-17T12:42:01.880+0000] {dag.py:3239} INFO - Sync 1 DAGs
[2026-09-17T12:42:01.906+0000] {logging_mixin.py:190} INFO - [2026-09-17T12:42:01.906+0000] {dag.py:4180} INFO - Setting next_dagrun for youtube_pipeline_extraction to 2026-09-17 12:00:00+00:00, run_after=2026-09-17 13:00:00+00:00
[2026-09-17T12:42:01.928+0000] {processor.py:208} INFO - Processing /opt/airflow/dags/youtube_extract_pipeline.py took 0.133 seconds
[2026-09-17T12:42:32.320+0000] {processor.py:186} INFO - Started process (PID=4368) to work on /opt/airflow/dags/youtube_extract_pipeline.py
[2026-09-17T12:42:32.321+0000] {processor.py:914} INFO - Processing file /opt/airflow/dags/youtube_extract_pipeline.py for tasks to queue
[2026-09-17T12:42:32.323+0000] {logging_mixin.py:190} INFO - [2026-09-17T12:42:32.323+0000] {dagbag.py:588} INFO - Filling up the DagBag from /opt/airflow/dags/youtube_extract_pipeline.py
[2026-09-17T12:42:32.376+0000] {processor.py:925} INFO - DAG(s) 'youtube_pipeline_extraction' retrieved from /opt/airflow/dags/youtube_extract_pipeline.py
[2026-09-17T12:42:32.400+0000] {logging_mixin.py:190} INFO - [2026-09-17T12:42:32.399+0000] {dag.py:3239} INFO - Sync 1 DAGs
[2026-09-17T12:42:32.426+0000] {logging_mixin.py:190} INFO - [2026-09-17T12:42:32.425+0000] {dag.py:4180} INFO - Setting next_dagrun for youtube_pipeline_extraction to 2026-09-17 12:00:00+00:00, run_after=2026-09-17 13:00:00+00:00
[2026-09-17T12:42:32.453+0000] {processor.py:208} INFO - Processing /opt/airflow/dags/youtube_extract_pipeline.py took 0.139 seconds
[2026-09-17T12:43:02.715+0000] {processor.py:186} INFO - Started process (PID=4376) to work on /opt/airflow/dags/youtube_extract_pipeline.py
[2026-09-17T12:43:02.718+0000] {processor.py:914} INFO - Processing file /opt/airflow/dags/youtube_extract_pipeline.py for tasks to queue
[2026-09-17T12:43:02.721+0000] {logging_mixin.py:190} INFO - [2026-09-17T12:43:02.720+0000] {dagbag.py:588} INFO - Filling up the DagBag from /opt/airflow/dags/youtube_extract_pipeline.py
[2026-09-17T12:43:02.792+0000] {processor.py:925} INFO - DAG(s) 'youtube_pipeline_extraction' retrieved from /opt/airflow/dags/youtube_extract_pipeline.py
[2026-09-17T12:43:02.816+0000] {logging_mixin.py:190} INFO - [2026-09-17T12:43:02.816+0000] {dag.py:3239} INFO - Sync 1 DAGs
[2026-09-17T12:43:02.841+0000] {logging_mixin.py:190} INFO - [2026-09-17T12:43:02.840+0000] {dag.py:4180} INFO - Setting next_dagrun for youtube_pipeline_extraction to 2026-09-17 12:00:00+00:00, run_after=2026-09-17 13:00:00+00:00
[2026-09-17T12:43:02.860+0000] {processor.py:208} INFO - Processing /opt/airflow/dags/youtube_extract_pipeline.py took 0.152 seconds
[2026-09-17T12:43:33.141+0000] {processor.py:186} INFO - Started process (PID=4384) to work on /opt/airflow/dags/youtube_extract_pipeline.py
[2026-09-17T12:43:33.143+0000] {processor.py:914} INFO - Processing file /opt/airflow/dags/youtube_extract_pipeline.py for tasks to queue
[2026-09-17T12:43:33.144+0000] {logging_mixin.py:190} INFO - [2026-09-17T12:43:33.144+0000] {dagbag.py:588} INFO - Filling up the DagBag from /opt/airflow/dags/youtube_extract_pipeline.py
[2026-09-17T12:43:33.209+0000] {processor.py:925} INFO - DAG(s) 'youtube_pipeline_extraction' retrieved from /opt/airflow/dags/youtube_extract_pipeline.py
[2026-09-17T12:43:33.234+0000] {logging_mixin.py:190} INFO - [2026-09-17T12:43:33.233+0000] {dag.py:3239} INFO - Sync 1 DAGs
[2026-09-17T12:43:33.258+0000] {logging_mixin.py:190} INFO - [2026-09-17T12:43:33.258+0000] {dag.py:4180} INFO - Setting next_dagrun for youtube_pipeline_extraction to 2026-09-17 12:00:00+00:00, run_after=2026-09-17 13:00:00+00:00
[2026-09-17T12:43:33.277+0000] {processor.py:208} INFO - Processing /opt/airflow/dags/youtube_extract_pipeline.py took 0.142 seconds
[2026-09-17T12:44:03.642+0000] {processor.py:186} INFO - Started process (PID=4392) to work on /opt/airflow/dags/youtube_extract_pipeline.py
[2026-09-17T12:44:03.643+0000] {processor.py:914} INFO - Processing file /opt/airflow/dags/youtube_extract_pipeline.py for tasks to queue
[2026-09-17T12:44:03.645+0000] {logging_mixin.py:190} INFO - [2026-09-17T12:44:03.645+0000] {dagbag.py:588} INFO - Filling up the DagBag from /opt/airflow/dags/youtube_extract_pipeline.py
[2026-09-17T12:44:03.701+0000] {processor.py:925} INFO - DAG(s) 'youtube_pipeline_extraction' retrieved from /opt/airflow/dags/youtube_extract_pipeline.py
[2026-09-17T12:44:03.720+0000] {logging_mixin.py:190} INFO - [2026-09-17T12:44:03.720+0000] {dag.py:3239} INFO - Sync 1 DAGs
[2026-09-17T12:44:03.743+0000] {logging_mixin.py:190} INFO - [2026-09-17T12:44:03.743+0000] {dag.py:4180} INFO - Setting next_dagrun for youtube_pipeline_extraction to 2026-09-17 12:00:00+00:00, run_after=2026-09-17 13:00:00+00:00
[2026-09-17T12:44:03.764+0000] {processor.py:208} INFO - Processing /opt/airflow/dags/youtube_extract_pipeline.py took 0.129 seconds
[2026-09-17T12:44:33.986+0000] {processor.py:186} INFO - Started process (PID=4400) to work on /opt/airflow/dags/youtube_extract_pipeline.py
[2026-09-17T12:44:33.987+0000] {processor.py:914} INFO - Processing file /opt/airflow/dags/youtube_extract_pipeline.py for tasks to queue
[2026-09-17T12:44:33.989+0000] {logging_mixin.py:190} INFO - [2026-09-17T12:44:33.989+0000] {dagbag.py:588} INFO - Filling up the DagBag from /opt/airflow/dags/youtube_extract_pipeline.py
[2026-09-17T12:44:34.040+0000] {processor.py:925} INFO - DAG(s) 'youtube_pipeline_extraction' retrieved from /opt/airflow/dags/youtube_extract_pipeline.py
[2026-09-17T12:44:34.059+0000] {logging_mixin.py:190} INFO - [2026-09-17T12:44:34.059+0000] {dag.py:3239} INFO - Sync 1 DAGs
[2026-09-17T12:44:34.084+0000] {logging_mixin.py:190} INFO - [2026-09-17T12:44:34.084+0000] {dag.py:4180} INFO - Setting next_dagrun for youtube_pipeline_extraction to 2026-09-17 12:00:00+00:00, run_after=2026-09-17 13:00:00+00:00
[2026-09-17T12:44:34.114+0000] {processor.py:208} INFO - Processing /opt/airflow/dags/youtube_extract_pipeline.py took 0.134 seconds
[2026-09-17T12:45:04.521+0000] {processor.py:186} INFO - Started process (PID=4407) to work on /opt/airflow/dags/youtube_extract_pipeline.py
[2026-09-17T12:45:04.523+0000] {processor.py:914} INFO - Processing file /opt/airflow/dags/youtube_extract_pipeline.py for tasks to queue
[2026-09-17T12:45:04.526+0000] {logging_mixin.py:190} INFO - [2026-09-17T12:45:04.526+0000] {dagbag.py:588} INFO - Filling up the DagBag from /opt/airflow/dags/youtube_extract_pipeline.py
[2026-09-17T12:45:04.582+0000] {processor.py:925} INFO - DAG(s) 'youtube_pipeline_extraction' retrieved from /opt/airflow/dags/youtube_extract_pipeline.py
[2026-09-17T12:45:04.613+0000] {logging_mixin.py:190} INFO - [2026-09-17T12:45:04.613+0000] {dag.py:3239} INFO - Sync 1 DAGs
[2026-09-17T12:45:04.634+0000] {logging_mixin.py:190} INFO - [2026-09-17T12:45:04.634+0000] {dag.py:4180} INFO - Setting next_dagrun for youtube_pipeline_extraction to 2026-09-17 12:00:00+00:00, run_after=2026-09-17 13:00:00+00:00
[2026-09-17T12:45:04.652+0000] {processor.py:208} INFO - Processing /opt/airflow/dags/youtube_extract_pipeline.py took 0.136 seconds
[2026-09-17T12:45:35.047+0000] {processor.py:186} INFO - Started process (PID=4415) to work on /opt/airflow/dags/youtube_extract_pipeline.py
[2026-09-17T12:45:35.049+0000] {processor.py:914} INFO - Processing file /opt/airflow/dags/youtube_extract_pipeline.py for tasks to queue
[2026-09-17T12:45:35.051+0000] {logging_mixin.py:190} INFO - [2026-09-17T12:45:35.051+0000] {dagbag.py:588} INFO - Filling up the DagBag from /opt/airflow/dags/youtube_extract_pipeline.py
[2026-09-17T12:45:35.104+0000] {processor.py:925} INFO - DAG(s) 'youtube_pipeline_extraction' retrieved from /opt/airflow/dags/youtube_extract_pipeline.py
[2026-09-17T12:45:35.123+0000] {logging_mixin.py:190} INFO - [2026-09-17T12:45:35.123+0000] {dag.py:3239} INFO - Sync 1 DAGs
[2026-09-17T12:45:35.144+0000] {logging_mixin.py:190} INFO - [2026-09-17T12:45:35.144+0000] {dag.py:4180} INFO - Setting next_dagrun for youtube_pipeline_extraction to 2026-09-17 12:00:00+00:00, run_after=2026-09-17 13:00:00+00:00
[2026-09-17T12:45:35.177+0000] {processor.py:208} INFO - Processing /opt/airflow/dags/youtube_extract_pipeline.py took 0.135 seconds
[2026-09-17T12:46:05.391+0000] {processor.py:186} INFO - Started process (PID=4423) to work on /opt/airflow/dags/youtube_extract_pipeline.py
[2026-09-17T12:46:05.393+0000] {processor.py:914} INFO - Processing file /opt/airflow/dags/youtube_extract_pipeline.py for tasks to queue
[2026-09-17T12:46:05.395+0000] {logging_mixin.py:190} INFO - [2026-09-17T12:46:05.395+0000] {dagbag.py:588} INFO - Filling up the DagBag from /opt/airflow/dags/youtube_extract_pipeline.py
[2026-09-17T12:46:05.446+0000] {processor.py:925} INFO - DAG(s) 'youtube_pipeline_extraction' retrieved from /opt/airflow/dags/youtube_extract_pipeline.py
[2026-09-17T12:46:05.466+0000] {logging_mixin.py:190} INFO - [2026-09-17T12:46:05.465+0000] {dag.py:3239} INFO - Sync 1 DAGs
[2026-09-17T12:46:05.486+0000] {logging_mixin.py:190} INFO - [2026-09-17T12:46:05.486+0000] {dag.py:4180} INFO - Setting next_dagrun for youtube_pipeline_extraction to 2026-09-17 12:00:00+00:00, run_after=2026-09-17 13:00:00+00:00
[2026-09-17T12:46:05.506+0000] {processor.py:208} INFO - Processing /opt/airflow/dags/youtube_extract_pipeline.py took 0.121 seconds
[2026-09-17T12:46:35.851+0000] {processor.py:186} INFO - Started process (PID=4431) to work on /opt/airflow/dags/youtube_extract_pipeline.py
[2026-09-17T12:46:35.853+0000] {processor.py:914} INFO - Processing file /opt/airflow/dags/youtube_extract_pipeline.py for tasks to queue
[2026-09-17T12:46:35.855+0000] {logging_mixin.py:190} INFO - [2026-09-17T12:46:35.855+0000] {dagbag.py:588} INFO - Filling up the DagBag from /opt/airflow/dags/youtube_extract_pipeline.py
[2026-09-17T12:46:35.911+0000] {processor.py:925} INFO - DAG(s) 'youtube_pipeline_extraction' retrieved from /opt/airflow/dags/youtube_extract_pipeline.py
[2026-09-17T12:46:35.935+0000] {logging_mixin.py:190} INFO - [2026-09-17T12:46:35.935+0000] {dag.py:3239} INFO - Sync 1 DAGs
[2026-09-17T12:46:35.958+0000] {logging_mixin.py:190} INFO - [2026-09-17T12:46:35.957+0000] {dag.py:4180} INFO - Setting next_dagrun for youtube_pipeline_extraction to 2026-09-17 12:00:00+00:00, run_after=2026-09-17 13:00:00+00:00
[2026-09-17T12:46:35.976+0000] {processor.py:208} INFO - Processing /opt/airflow/dags/youtube_extract_pipeline.py took 0.132 seconds
[2026-09-17T12:47:06.340+0000] {processor.py:186} INFO - Started process (PID=4440) to work on /opt/airflow/dags/youtube_extract_pipeline.py
[2026-09-17T12:47:06.341+0000] {processor.py:914} INFO - Processing file /opt/airflow/dags/youtube_extract_pipeline.py for tasks to queue
[2026-09-17T12:47:06.343+0000] {logging_mixin.py:190} INFO - [2026-09-17T12:47:06.343+0000] {dagbag.py:588} INFO - Filling up the DagBag from /opt/airflow/dags/youtube_extract_pipeline.py
[2026-09-17T12:47:06.409+0000] {processor.py:925} INFO - DAG(s) 'youtube_pipeline_extraction' retrieved from /opt/airflow/dags/youtube_extract_pipeline.py
[2026-09-17T12:47:06.434+0000] {logging_mixin.py:190} INFO - [2026-09-17T12:47:06.433+0000] {dag.py:3239} INFO - Sync 1 DAGs
[2026-09-17T12:47:06.456+0000] {logging_mixin.py:190} INFO - [2026-09-17T12:47:06.456+0000] {dag.py:4180} INFO - Setting next_dagrun for youtube_pipeline_extraction to 2026-09-17 12:00:00+00:00, run_after=2026-09-17 13:00:00+00:00
[2026-09-17T12:47:06.476+0000] {processor.py:208} INFO - Processing /opt/airflow/dags/youtube_extract_pipeline.py took 0.143 seconds
[2026-09-17T12:47:36.728+0000] {processor.py:186} INFO - Started process (PID=4448) to work on /opt/airflow/dags/youtube_extract_pipeline.py
[2026-09-17T12:47:36.730+0000] {processor.py:914} INFO - Processing file /opt/airflow/dags/youtube_extract_pipeline.py for tasks to queue
[2026-09-17T12:47:36.732+0000] {logging_mixin.py:190} INFO - [2026-09-17T12:47:36.732+0000] {dagbag.py:588} INFO - Filling up the DagBag from /opt/airflow/dags/youtube_extract_pipeline.py
[2026-09-17T12:47:36.790+0000] {processor.py:925} INFO - DAG(s) 'youtube_pipeline_extraction' retrieved from /opt/airflow/dags/youtube_extract_pipeline.py
[2026-09-17T12:47:36.819+0000] {logging_mixin.py:190} INFO - [2026-09-17T12:47:36.818+0000] {dag.py:3239} INFO - Sync 1 DAGs
[2026-09-17T12:47:36.839+0000] {logging_mixin.py:190} INFO - [2026-09-17T12:47:36.839+0000] {dag.py:4180} INFO - Setting next_dagrun for youtube_pipeline_extraction to 2026-09-17 12:00:00+00:00, run_after=2026-09-17 13:00:00+00:00
[2026-09-17T12:47:36.858+0000] {processor.py:208} INFO - Processing /opt/airflow/dags/youtube_extract_pipeline.py took 0.139 seconds
[2026-09-17T12:48:07.168+0000] {processor.py:186} INFO - Started process (PID=4456) to work on /opt/airflow/dags/youtube_extract_pipeline.py
[2026-09-17T12:48:07.169+0000] {processor.py:914} INFO - Processing file /opt/airflow/dags/youtube_extract_pipeline.py for tasks to queue
[2026-09-17T12:48:07.172+0000] {logging_mixin.py:190} INFO - [2026-09-17T12:48:07.171+0000] {dagbag.py:588} INFO - Filling up the DagBag from /opt/airflow/dags/youtube_extract_pipeline.py
[2026-09-17T12:48:07.238+0000] {processor.py:925} INFO - DAG(s) 'youtube_pipeline_extraction' retrieved from /opt/airflow/dags/youtube_extract_pipeline.py
[2026-09-17T12:48:07.260+0000] {logging_mixin.py:190} INFO - [2026-09-17T12:48:07.260+0000] {dag.py:3239} INFO - Sync 1 DAGs
[2026-09-17T12:48:07.283+0000] {logging_mixin.py:190} INFO - [2026-09-17T12:48:07.282+0000] {dag.py:4180} INFO - Setting next_dagrun for youtube_pipeline_extraction to 2026-09-17 12:00:00+00:00, run_after=2026-09-17 13:00:00+00:00
[2026-09-17T12:48:07.302+0000] {processor.py:208} INFO - Processing /opt/airflow/dags/youtube_extract_pipeline.py took 0.140 seconds
[2026-09-17T12:48:37.707+0000] {processor.py:186} INFO - Started process (PID=4463) to work on /opt/airflow/dags/youtube_extract_pipeline.py
[2026-09-17T12:48:37.709+0000] {processor.py:914} INFO - Processing file /opt/airflow/dags/youtube_extract_pipeline.py for tasks to queue
[2026-09-17T12:48:37.711+0000] {logging_mixin.py:190} INFO - [2026-09-17T12:48:37.711+0000] {dagbag.py:588} INFO - Filling up the DagBag from /opt/airflow/dags/youtube_extract_pipeline.py
[2026-09-17T12:48:37.780+0000] {processor.py:925} INFO - DAG(s) 'youtube_pipeline_extraction' retrieved from /opt/airflow/dags/youtube_extract_pipeline.py
[2026-09-17T12:48:37.807+0000] {logging_mixin.py:190} INFO - [2026-09-17T12:48:37.807+0000] {dag.py:3239} INFO - Sync 1 DAGs
[2026-09-17T12:48:37.831+0000] {logging_mixin.py:190} INFO - [2026-09-17T12:48:37.831+0000] {dag.py:4180} INFO - Setting next_dagrun for youtube_pipeline_extraction to 2026-09-17 12:00:00+00:00, run_after=2026-09-17 13:00:00+00:00
[2026-09-17T12:48:37.851+0000] {processor.py:208} INFO - Processing /opt/airflow/dags/youtube_extract_pipeline.py took 0.154 seconds
[2026-09-17T12:49:08.071+0000] {processor.py:186} INFO - Started process (PID=4471) to work on /opt/airflow/dags/youtube_extract_pipeline.py
[2026-09-17T12:49:08.074+0000] {processor.py:914} INFO - Processing file /opt/airflow/dags/youtube_extract_pipeline.py for tasks to queue
[2026-09-17T12:49:08.076+0000] {logging_mixin.py:190} INFO - [2026-09-17T12:49:08.075+0000] {dagbag.py:588} INFO - Filling up the DagBag from /opt/airflow/dags/youtube_extract_pipeline.py
[2026-09-17T12:49:08.133+0000] {processor.py:925} INFO - DAG(s) 'youtube_pipeline_extraction' retrieved from /opt/airflow/dags/youtube_extract_pipeline.py
[2026-09-17T12:49:08.158+0000] {logging_mixin.py:190} INFO - [2026-09-17T12:49:08.157+0000] {dag.py:3239} INFO - Sync 1 DAGs
[2026-09-17T12:49:08.185+0000] {logging_mixin.py:190} INFO - [2026-09-17T12:49:08.185+0000] {dag.py:4180} INFO - Setting next_dagrun for youtube_pipeline_extraction to 2026-09-17 12:00:00+00:00, run_after=2026-09-17 13:00:00+00:00
[2026-09-17T12:49:08.203+0000] {processor.py:208} INFO - Processing /opt/airflow/dags/youtube_extract_pipeline.py took 0.137 seconds
[2026-09-17T12:49:38.535+0000] {processor.py:186} INFO - Started process (PID=4479) to work on /opt/airflow/dags/youtube_extract_pipeline.py
[2026-09-17T12:49:38.537+0000] {processor.py:914} INFO - Processing file /opt/airflow/dags/youtube_extract_pipeline.py for tasks to queue
[2026-09-17T12:49:38.539+0000] {logging_mixin.py:190} INFO - [2026-09-17T12:49:38.539+0000] {dagbag.py:588} INFO - Filling up the DagBag from /opt/airflow/dags/youtube_extract_pipeline.py
[2026-09-17T12:49:38.604+0000] {processor.py:925} INFO - DAG(s) 'youtube_pipeline_extraction' retrieved from /opt/airflow/dags/youtube_extract_pipeline.py
[2026-09-17T12:49:38.637+0000] {logging_mixin.py:190} INFO - [2026-09-17T12:49:38.637+0000] {dag.py:3239} INFO - Sync 1 DAGs
[2026-09-17T12:49:38.671+0000] {logging_mixin.py:190} INFO - [2026-09-17T12:49:38.671+0000] {dag.py:4180} INFO - Setting next_dagrun for youtube_pipeline_extraction to 2026-09-17 12:00:00+00:00, run_after=2026-09-17 13:00:00+00:00
[2026-09-17T12:49:38.698+0000] {processor.py:208} INFO - Processing /opt/airflow/dags/youtube_extract_pipeline.py took 0.169 seconds
[2026-09-17T12:50:08.960+0000] {processor.py:186} INFO - Started process (PID=4487) to work on /opt/airflow/dags/youtube_extract_pipeline.py
[2026-09-17T12:50:08.962+0000] {processor.py:914} INFO - Processing file /opt/airflow/dags/youtube_extract_pipeline.py for tasks to queue
[2026-09-17T12:50:08.964+0000] {logging_mixin.py:190} INFO - [2026-09-17T12:50:08.964+0000] {dagbag.py:588} INFO - Filling up the DagBag from /opt/airflow/dags/youtube_extract_pipeline.py
[2026-09-17T12:50:09.035+0000] {processor.py:925} INFO - DAG(s) 'youtube_pipeline_extraction' retrieved from /opt/airflow/dags/youtube_extract_pipeline.py
[2026-09-17T12:50:09.062+0000] {logging_mixin.py:190} INFO - [2026-09-17T12:50:09.062+0000] {dag.py:3239} INFO - Sync 1 DAGs
[2026-09-17T12:50:09.088+0000] {logging_mixin.py:190} INFO - [2026-09-17T12:50:09.088+0000] {dag.py:4180} INFO - Setting next_dagrun for youtube_pipeline_extraction to 2026-09-17 12:00:00+00:00, run_after=2026-09-17 13:00:00+00:00
[2026-09-17T12:50:09.109+0000] {processor.py:208} INFO - Processing /opt/airflow/dags/youtube_extract_pipeline.py took 0.157 seconds
[2026-09-17T12:50:39.413+0000] {processor.py:186} INFO - Started process (PID=4496) to work on /opt/airflow/dags/youtube_extract_pipeline.py
[2026-09-17T12:50:39.414+0000] {processor.py:914} INFO - Processing file /opt/airflow/dags/youtube_extract_pipeline.py for tasks to queue
[2026-09-17T12:50:39.416+0000] {logging_mixin.py:190} INFO - [2026-09-17T12:50:39.416+0000] {dagbag.py:588} INFO - Filling up the DagBag from /opt/airflow/dags/youtube_extract_pipeline.py
[2026-09-17T12:50:39.470+0000] {processor.py:925} INFO - DAG(s) 'youtube_pipeline_extraction' retrieved from /opt/airflow/dags/youtube_extract_pipeline.py
[2026-09-17T12:50:39.506+0000] {logging_mixin.py:190} INFO - [2026-09-17T12:50:39.505+0000] {dag.py:3239} INFO - Sync 1 DAGs
[2026-09-17T12:50:39.526+0000] {logging_mixin.py:190} INFO - [2026-09-17T12:50:39.526+0000] {dag.py:4180} INFO - Setting next_dagrun for youtube_pipeline_extraction to 2026-09-17 12:00:00+00:00, run_after=2026-09-17 13:00:00+00:00
[2026-09-17T12:50:39.546+0000] {processor.py:208} INFO - Processing /opt/airflow/dags/youtube_extract_pipeline.py took 0.139 seconds
[2026-09-17T12:51:09.954+0000] {processor.py:186} INFO - Started process (PID=4504) to work on /opt/airflow/dags/youtube_extract_pipeline.py
[2026-09-17T12:51:09.955+0000] {processor.py:914} INFO - Processing file /opt/airflow/dags/youtube_extract_pipeline.py for tasks to queue
[2026-09-17T12:51:09.957+0000] {logging_mixin.py:190} INFO - [2026-09-17T12:51:09.957+0000] {dagbag.py:588} INFO - Filling up the DagBag from /opt/airflow/dags/youtube_extract_pipeline.py
[2026-09-17T12:51:10.012+0000] {processor.py:925} INFO - DAG(s) 'youtube_pipeline_extraction' retrieved from /opt/airflow/dags/youtube_extract_pipeline.py
[2026-09-17T12:51:10.037+0000] {logging_mixin.py:190} INFO - [2026-09-17T12:51:10.037+0000] {dag.py:3239} INFO - Sync 1 DAGs
[2026-09-17T12:51:10.060+0000] {logging_mixin.py:190} INFO - [2026-09-17T12:51:10.060+0000] {dag.py:4180} INFO - Setting next_dagrun for youtube_pipeline_extraction to 2026-09-17 12:00:00+00:00, run_after=2026-09-17 13:00:00+00:00
[2026-09-17T12:51:10.080+0000] {processor.py:208} INFO - Processing /opt/airflow/dags/youtube_extract_pipeline.py took 0.132 seconds
[2026-09-17T12:51:40.312+0000] {processor.py:186} INFO - Started process (PID=4512) to work on /opt/airflow/dags/youtube_extract_pipeline.py
[2026-09-17T12:51:40.314+0000] {processor.py:914} INFO - Processing file /opt/airflow/dags/youtube_extract_pipeline.py for tasks to queue
[2026-09-17T12:51:40.316+0000] {logging_mixin.py:190} INFO - [2026-09-17T12:51:40.315+0000] {dagbag.py:588} INFO - Filling up the DagBag from /opt/airflow/dags/youtube_extract_pipeline.py
[2026-09-17T12:51:40.387+0000] {processor.py:925} INFO - DAG(s) 'youtube_pipeline_extraction' retrieved from /opt/airflow/dags/youtube_extract_pipeline.py
[2026-09-17T12:51:40.409+0000] {logging_mixin.py:190} INFO - [2026-09-17T12:51:40.409+0000] {dag.py:3239} INFO - Sync 1 DAGs
[2026-09-17T12:51:40.429+0000] {logging_mixin.py:190} INFO - [2026-09-17T12:51:40.428+0000] {dag.py:4180} INFO - Setting next_dagrun for youtube_pipeline_extraction to 2026-09-17 12:00:00+00:00, run_after=2026-09-17 13:00:00+00:00
[2026-09-17T12:51:40.449+0000] {processor.py:208} INFO - Processing /opt/airflow/dags/youtube_extract_pipeline.py took 0.142 seconds
[2026-09-17T12:52:10.822+0000] {processor.py:186} INFO - Started process (PID=4520) to work on /opt/airflow/dags/youtube_extract_pipeline.py
[2026-09-17T12:52:10.824+0000] {processor.py:914} INFO - Processing file /opt/airflow/dags/youtube_extract_pipeline.py for tasks to queue
[2026-09-17T12:52:10.825+0000] {logging_mixin.py:190} INFO - [2026-09-17T12:52:10.825+0000] {dagbag.py:588} INFO - Filling up the DagBag from /opt/airflow/dags/youtube_extract_pipeline.py
[2026-09-17T12:52:10.882+0000] {processor.py:925} INFO - DAG(s) 'youtube_pipeline_extraction' retrieved from /opt/airflow/dags/youtube_extract_pipeline.py
[2026-09-17T12:52:10.905+0000] {logging_mixin.py:190} INFO - [2026-09-17T12:52:10.905+0000] {dag.py:3239} INFO - Sync 1 DAGs
[2026-09-17T12:52:10.931+0000] {logging_mixin.py:190} INFO - [2026-09-17T12:52:10.930+0000] {dag.py:4180} INFO - Setting next_dagrun for youtube_pipeline_extraction to 2026-09-17 12:00:00+00:00, run_after=2026-09-17 13:00:00+00:00
[2026-09-17T12:52:10.950+0000] {processor.py:208} INFO - Processing /opt/airflow/dags/youtube_extract_pipeline.py took 0.133 seconds
[2026-09-17T12:52:41.323+0000] {processor.py:186} INFO - Started process (PID=4528) to work on /opt/airflow/dags/youtube_extract_pipeline.py
[2026-09-17T12:52:41.325+0000] {processor.py:914} INFO - Processing file /opt/airflow/dags/youtube_extract_pipeline.py for tasks to queue
[2026-09-17T12:52:41.326+0000] {logging_mixin.py:190} INFO - [2026-09-17T12:52:41.326+0000] {dagbag.py:588} INFO - Filling up the DagBag from /opt/airflow/dags/youtube_extract_pipeline.py
[2026-09-17T12:52:41.377+0000] {processor.py:925} INFO - DAG(s) 'youtube_pipeline_extraction' retrieved from /opt/airflow/dags/youtube_extract_pipeline.py
[2026-09-17T12:52:41.395+0000] {logging_mixin.py:190} INFO - [2026-09-17T12:52:41.395+0000] {dag.py:3239} INFO - Sync 1 DAGs
[2026-09-17T12:52:41.417+0000] {logging_mixin.py:190} INFO - [2026-09-17T12:52:41.416+0000] {dag.py:4180} INFO - Setting next_dagrun for youtube_pipeline_extraction to 2026-09-17 12:00:00+00:00, run_after=2026-09-17 13:00:00+00:00
[2026-09-17T12:52:41.437+0000] {processor.py:208} INFO - Processing /opt/airflow/dags/youtube_extract_pipeline.py took 0.119 seconds
[2026-09-17T12:53:11.691+0000] {processor.py:186} INFO - Started process (PID=4536) to work on /opt/airflow/dags/youtube_extract_pipeline.py
[2026-09-17T12:53:11.694+0000] {processor.py:914} INFO - Processing file /opt/airflow/dags/youtube_extract_pipeline.py for tasks to queue
[2026-09-17T12:53:11.695+0000] {logging_mixin.py:190} INFO - [2026-09-17T12:53:11.695+0000] {dagbag.py:588} INFO - Filling up the DagBag from /opt/airflow/dags/youtube_extract_pipeline.py
[2026-09-17T12:53:11.748+0000] {processor.py:925} INFO - DAG(s) 'youtube_pipeline_extraction' retrieved from /opt/airflow/dags/youtube_extract_pipeline.py
[2026-09-17T12:53:11.768+0000] {logging_mixin.py:190} INFO - [2026-09-17T12:53:11.768+0000] {dag.py:3239} INFO - Sync 1 DAGs
[2026-09-17T12:53:11.791+0000] {logging_mixin.py:190} INFO - [2026-09-17T12:53:11.791+0000] {dag.py:4180} INFO - Setting next_dagrun for youtube_pipeline_extraction to 2026-09-17 12:00:00+00:00, run_after=2026-09-17 13:00:00+00:00
[2026-09-17T12:53:11.810+0000] {processor.py:208} INFO - Processing /opt/airflow/dags/youtube_extract_pipeline.py took 0.125 seconds
[2026-09-17T12:53:42.103+0000] {processor.py:186} INFO - Started process (PID=4544) to work on /opt/airflow/dags/youtube_extract_pipeline.py
[2026-09-17T12:53:42.105+0000] {processor.py:914} INFO - Processing file /opt/airflow/dags/youtube_extract_pipeline.py for tasks to queue
[2026-09-17T12:53:42.107+0000] {logging_mixin.py:190} INFO - [2026-09-17T12:53:42.107+0000] {dagbag.py:588} INFO - Filling up the DagBag from /opt/airflow/dags/youtube_extract_pipeline.py
[2026-09-17T12:53:42.181+0000] {processor.py:925} INFO - DAG(s) 'youtube_pipeline_extraction' retrieved from /opt/airflow/dags/youtube_extract_pipeline.py
[2026-09-17T12:53:42.201+0000] {logging_mixin.py:190} INFO - [2026-09-17T12:53:42.201+0000] {dag.py:3239} INFO - Sync 1 DAGs
[2026-09-17T12:53:42.224+0000] {logging_mixin.py:190} INFO - [2026-09-17T12:53:42.224+0000] {dag.py:4180} INFO - Setting next_dagrun for youtube_pipeline_extraction to 2026-09-17 12:00:00+00:00, run_after=2026-09-17 13:00:00+00:00
[2026-09-17T12:53:42.244+0000] {processor.py:208} INFO - Processing /opt/airflow/dags/youtube_extract_pipeline.py took 0.151 seconds
[2026-09-17T12:54:12.610+0000] {processor.py:186} INFO - Started process (PID=4552) to work on /opt/airflow/dags/youtube_extract_pipeline.py
[2026-09-17T12:54:12.612+0000] {processor.py:914} INFO - Processing file /opt/airflow/dags/youtube_extract_pipeline.py for tasks to queue
[2026-09-17T12:54:12.614+0000] {logging_mixin.py:190} INFO - [2026-09-17T12:54:12.613+0000] {dagbag.py:588} INFO - Filling up the DagBag from /opt/airflow/dags/youtube_extract_pipeline.py
[2026-09-17T12:54:12.677+0000] {processor.py:925} INFO - DAG(s) 'youtube_pipeline_extraction' retrieved from /opt/airflow/dags/youtube_extract_pipeline.py
[2026-09-17T12:54:12.704+0000] {logging_mixin.py:190} INFO - [2026-09-17T12:54:12.704+0000] {dag.py:3239} INFO - Sync 1 DAGs
[2026-09-17T12:54:12.728+0000] {logging_mixin.py:190} INFO - [2026-09-17T12:54:12.728+0000] {dag.py:4180} INFO - Setting next_dagrun for youtube_pipeline_extraction to 2026-09-17 12:00:00+00:00, run_after=2026-09-17 13:00:00+00:00
[2026-09-17T12:54:12.750+0000] {processor.py:208} INFO - Processing /opt/airflow/dags/youtube_extract_pipeline.py took 0.144 seconds
[2026-09-17T12:54:42.988+0000] {processor.py:186} INFO - Started process (PID=4560) to work on /opt/airflow/dags/youtube_extract_pipeline.py
[2026-09-17T12:54:42.989+0000] {processor.py:914} INFO - Processing file /opt/airflow/dags/youtube_extract_pipeline.py for tasks to queue
[2026-09-17T12:54:42.991+0000] {logging_mixin.py:190} INFO - [2026-09-17T12:54:42.991+0000] {dagbag.py:588} INFO - Filling up the DagBag from /opt/airflow/dags/youtube_extract_pipeline.py
[2026-09-17T12:54:43.041+0000] {processor.py:925} INFO - DAG(s) 'youtube_pipeline_extraction' retrieved from /opt/airflow/dags/youtube_extract_pipeline.py
[2026-09-17T12:54:43.066+0000] {logging_mixin.py:190} INFO - [2026-09-17T12:54:43.066+0000] {dag.py:3239} INFO - Sync 1 DAGs
[2026-09-17T12:54:43.090+0000] {logging_mixin.py:190} INFO - [2026-09-17T12:54:43.089+0000] {dag.py:4180} INFO - Setting next_dagrun for youtube_pipeline_extraction to 2026-09-17 12:00:00+00:00, run_after=2026-09-17 13:00:00+00:00
[2026-09-17T12:54:43.109+0000] {processor.py:208} INFO - Processing /opt/airflow/dags/youtube_extract_pipeline.py took 0.127 seconds
[2026-09-17T12:55:13.552+0000] {processor.py:186} INFO - Started process (PID=4568) to work on /opt/airflow/dags/youtube_extract_pipeline.py
[2026-09-17T12:55:13.554+0000] {processor.py:914} INFO - Processing file /opt/airflow/dags/youtube_extract_pipeline.py for tasks to queue
[2026-09-17T12:55:13.556+0000] {logging_mixin.py:190} INFO - [2026-09-17T12:55:13.556+0000] {dagbag.py:588} INFO - Filling up the DagBag from /opt/airflow/dags/youtube_extract_pipeline.py
[2026-09-17T12:55:13.608+0000] {processor.py:925} INFO - DAG(s) 'youtube_pipeline_extraction' retrieved from /opt/airflow/dags/youtube_extract_pipeline.py
[2026-09-17T12:55:13.632+0000] {logging_mixin.py:190} INFO - [2026-09-17T12:55:13.632+0000] {dag.py:3239} INFO - Sync 1 DAGs
[2026-09-17T12:55:13.654+0000] {logging_mixin.py:190} INFO - [2026-09-17T12:55:13.654+0000] {dag.py:4180} INFO - Setting next_dagrun for youtube_pipeline_extraction to 2026-09-17 12:00:00+00:00, run_after=2026-09-17 13:00:00+00:00
[2026-09-17T12:55:13.676+0000] {processor.py:208} INFO - Processing /opt/airflow/dags/youtube_extract_pipeline.py took 0.129 seconds
[2026-09-17T12:55:43.921+0000] {processor.py:186} INFO - Started process (PID=4576) to work on /opt/airflow/dags/youtube_extract_pipeline.py
[2026-09-17T12:55:43.922+0000] {processor.py:914} INFO - Processing file /opt/airflow/dags/youtube_extract_pipeline.py for tasks to queue
[2026-09-17T12:55:43.924+0000] {logging_mixin.py:190} INFO - [2026-09-17T12:55:43.923+0000] {dagbag.py:588} INFO - Filling up the DagBag from /opt/airflow/dags/youtube_extract_pipeline.py
[2026-09-17T12:55:43.974+0000] {processor.py:925} INFO - DAG(s) 'youtube_pipeline_extraction' retrieved from /opt/airflow/dags/youtube_extract_pipeline.py
[2026-09-17T12:55:43.998+0000] {logging_mixin.py:190} INFO - [2026-09-17T12:55:43.998+0000] {dag.py:3239} INFO - Sync 1 DAGs
[2026-09-17T12:55:44.022+0000] {logging_mixin.py:190} INFO - [2026-09-17T12:55:44.022+0000] {dag.py:4180} INFO - Setting next_dagrun for youtube_pipeline_extraction to 2026-09-17 12:00:00+00:00, run_after=2026-09-17 13:00:00+00:00
[2026-09-17T12:55:44.043+0000] {processor.py:208} INFO - Processing /opt/airflow/dags/youtube_extract_pipeline.py took 0.128 seconds
[2026-09-17T12:56:14.438+0000] {processor.py:186} INFO - Started process (PID=4584) to work on /opt/airflow/dags/youtube_extract_pipeline.py
[2026-09-17T12:56:14.440+0000] {processor.py:914} INFO - Processing file /opt/airflow/dags/youtube_extract_pipeline.py for tasks to queue
[2026-09-17T12:56:14.441+0000] {logging_mixin.py:190} INFO - [2026-09-17T12:56:14.441+0000] {dagbag.py:588} INFO - Filling up the DagBag from /opt/airflow/dags/youtube_extract_pipeline.py
[2026-09-17T12:56:14.494+0000] {processor.py:925} INFO - DAG(s) 'youtube_pipeline_extraction' retrieved from /opt/airflow/dags/youtube_extract_pipeline.py
[2026-09-17T12:56:14.518+0000] {logging_mixin.py:190} INFO - [2026-09-17T12:56:14.518+0000] {dag.py:3239} INFO - Sync 1 DAGs
[2026-09-17T12:56:14.543+0000] {logging_mixin.py:190} INFO - [2026-09-17T12:56:14.543+0000] {dag.py:4180} INFO - Setting next_dagrun for youtube_pipeline_extraction to 2026-09-17 12:00:00+00:00, run_after=2026-09-17 13:00:00+00:00
[2026-09-17T12:56:14.573+0000] {processor.py:208} INFO - Processing /opt/airflow/dags/youtube_extract_pipeline.py took 0.141 seconds
[2026-09-17T12:56:44.802+0000] {processor.py:186} INFO - Started process (PID=4593) to work on /opt/airflow/dags/youtube_extract_pipeline.py
[2026-09-17T12:56:44.804+0000] {processor.py:914} INFO - Processing file /opt/airflow/dags/youtube_extract_pipeline.py for tasks to queue
[2026-09-17T12:56:44.807+0000] {logging_mixin.py:190} INFO - [2026-09-17T12:56:44.806+0000] {dagbag.py:588} INFO - Filling up the DagBag from /opt/airflow/dags/youtube_extract_pipeline.py
[2026-09-17T12:56:44.856+0000] {processor.py:925} INFO - DAG(s) 'youtube_pipeline_extraction' retrieved from /opt/airflow/dags/youtube_extract_pipeline.py
[2026-09-17T12:56:44.888+0000] {logging_mixin.py:190} INFO - [2026-09-17T12:56:44.888+0000] {dag.py:3239} INFO - Sync 1 DAGs
[2026-09-17T12:56:44.913+0000] {logging_mixin.py:190} INFO - [2026-09-17T12:56:44.913+0000] {dag.py:4180} INFO - Setting next_dagrun for youtube_pipeline_extraction to 2026-09-17 12:00:00+00:00, run_after=2026-09-17 13:00:00+00:00
[2026-09-17T12:56:44.933+0000] {processor.py:208} INFO - Processing /opt/airflow/dags/youtube_extract_pipeline.py took 0.136 seconds
[2026-09-17T12:57:15.308+0000] {processor.py:186} INFO - Started process (PID=4601) to work on /opt/airflow/dags/youtube_extract_pipeline.py
[2026-09-17T12:57:15.310+0000] {processor.py:914} INFO - Processing file /opt/airflow/dags/youtube_extract_pipeline.py for tasks to queue
[2026-09-17T12:57:15.313+0000] {logging_mixin.py:190} INFO - [2026-09-17T12:57:15.312+0000] {dagbag.py:588} INFO - Filling up the DagBag from /opt/airflow/dags/youtube_extract_pipeline.py
[2026-09-17T12:57:15.376+0000] {processor.py:925} INFO - DAG(s) 'youtube_pipeline_extraction' retrieved from /opt/airflow/dags/youtube_extract_pipeline.py
[2026-09-17T12:57:15.399+0000] {logging_mixin.py:190} INFO - [2026-09-17T12:57:15.399+0000] {dag.py:3239} INFO - Sync 1 DAGs
[2026-09-17T12:57:15.423+0000] {logging_mixin.py:190} INFO - [2026-09-17T12:57:15.423+0000] {dag.py:4180} INFO - Setting next_dagrun for youtube_pipeline_extraction to 2026-09-17 12:00:00+00:00, run_after=2026-09-17 13:00:00+00:00
[2026-09-17T12:57:15.442+0000] {processor.py:208} INFO - Processing /opt/airflow/dags/youtube_extract_pipeline.py took 0.140 seconds
[2026-09-17T12:57:45.694+0000] {processor.py:186} INFO - Started process (PID=4608) to work on /opt/airflow/dags/youtube_extract_pipeline.py
[2026-09-17T12:57:45.696+0000] {processor.py:914} INFO - Processing file /opt/airflow/dags/youtube_extract_pipeline.py for tasks to queue
[2026-09-17T12:57:45.698+0000] {logging_mixin.py:190} INFO - [2026-09-17T12:57:45.698+0000] {dagbag.py:588} INFO - Filling up the DagBag from /opt/airflow/dags/youtube_extract_pipeline.py
[2026-09-17T12:57:45.754+0000] {processor.py:925} INFO - DAG(s) 'youtube_pipeline_extraction' retrieved from /opt/airflow/dags/youtube_extract_pipeline.py
[2026-09-17T12:57:45.792+0000] {logging_mixin.py:190} INFO - [2026-09-17T12:57:45.792+0000] {dag.py:3239} INFO - Sync 1 DAGs
[2026-09-17T12:57:45.816+0000] {logging_mixin.py:190} INFO - [2026-09-17T12:57:45.816+0000] {dag.py:4180} INFO - Setting next_dagrun for youtube_pipeline_extraction to 2026-09-17 12:00:00+00:00, run_after=2026-09-17 13:00:00+00:00
[2026-09-17T12:57:45.836+0000] {processor.py:208} INFO - Processing /opt/airflow/dags/youtube_extract_pipeline.py took 0.148 seconds
[2026-09-17T12:58:16.221+0000] {processor.py:186} INFO - Started process (PID=4616) to work on /opt/airflow/dags/youtube_extract_pipeline.py
[2026-09-17T12:58:16.223+0000] {processor.py:914} INFO - Processing file /opt/airflow/dags/youtube_extract_pipeline.py for tasks to queue
[2026-09-17T12:58:16.225+0000] {logging_mixin.py:190} INFO - [2026-09-17T12:58:16.224+0000] {dagbag.py:588} INFO - Filling up the DagBag from /opt/airflow/dags/youtube_extract_pipeline.py
[2026-09-17T12:58:16.278+0000] {processor.py:925} INFO - DAG(s) 'youtube_pipeline_extraction' retrieved from /opt/airflow/dags/youtube_extract_pipeline.py
[2026-09-17T12:58:16.299+0000] {logging_mixin.py:190} INFO - [2026-09-17T12:58:16.299+0000] {dag.py:3239} INFO - Sync 1 DAGs
[2026-09-17T12:58:16.322+0000] {logging_mixin.py:190} INFO - [2026-09-17T12:58:16.322+0000] {dag.py:4180} INFO - Setting next_dagrun for youtube_pipeline_extraction to 2026-09-17 12:00:00+00:00, run_after=2026-09-17 13:00:00+00:00
[2026-09-17T12:58:16.350+0000] {processor.py:208} INFO - Processing /opt/airflow/dags/youtube_extract_pipeline.py took 0.134 seconds
[2026-09-17T12:58:46.761+0000] {processor.py:186} INFO - Started process (PID=4624) to work on /opt/airflow/dags/youtube_extract_pipeline.py
[2026-09-17T12:58:46.763+0000] {processor.py:914} INFO - Processing file /opt/airflow/dags/youtube_extract_pipeline.py for tasks to queue
[2026-09-17T12:58:46.765+0000] {logging_mixin.py:190} INFO - [2026-09-17T12:58:46.764+0000] {dagbag.py:588} INFO - Filling up the DagBag from /opt/airflow/dags/youtube_extract_pipeline.py
[2026-09-17T12:58:46.823+0000] {processor.py:925} INFO - DAG(s) 'youtube_pipeline_extraction' retrieved from /opt/airflow/dags/youtube_extract_pipeline.py
[2026-09-17T12:58:46.855+0000] {logging_mixin.py:190} INFO - [2026-09-17T12:58:46.855+0000] {dag.py:3239} INFO - Sync 1 DAGs
[2026-09-17T12:58:46.876+0000] {logging_mixin.py:190} INFO - [2026-09-17T12:58:46.876+0000] {dag.py:4180} INFO - Setting next_dagrun for youtube_pipeline_extraction to 2026-09-17 12:00:00+00:00, run_after=2026-09-17 13:00:00+00:00
[2026-09-17T12:58:46.902+0000] {processor.py:208} INFO - Processing /opt/airflow/dags/youtube_extract_pipeline.py took 0.147 seconds
[2026-09-17T12:59:17.263+0000] {processor.py:186} INFO - Started process (PID=4632) to work on /opt/airflow/dags/youtube_extract_pipeline.py
[2026-09-17T12:59:17.266+0000] {processor.py:914} INFO - Processing file /opt/airflow/dags/youtube_extract_pipeline.py for tasks to queue
[2026-09-17T12:59:17.268+0000] {logging_mixin.py:190} INFO - [2026-09-17T12:59:17.268+0000] {dagbag.py:588} INFO - Filling up the DagBag from /opt/airflow/dags/youtube_extract_pipeline.py
[2026-09-17T12:59:17.329+0000] {processor.py:925} INFO - DAG(s) 'youtube_pipeline_extraction' retrieved from /opt/airflow/dags/youtube_extract_pipeline.py
[2026-09-17T12:59:17.354+0000] {logging_mixin.py:190} INFO - [2026-09-17T12:59:17.354+0000] {dag.py:3239} INFO - Sync 1 DAGs
[2026-09-17T12:59:17.382+0000] {logging_mixin.py:190} INFO - [2026-09-17T12:59:17.382+0000] {dag.py:4180} INFO - Setting next_dagrun for youtube_pipeline_extraction to 2026-09-17 12:00:00+00:00, run_after=2026-09-17 13:00:00+00:00
[2026-09-17T12:59:17.421+0000] {processor.py:208} INFO - Processing /opt/airflow/dags/youtube_extract_pipeline.py took 0.164 seconds
[2026-09-17T12:59:47.675+0000] {processor.py:186} INFO - Started process (PID=4640) to work on /opt/airflow/dags/youtube_extract_pipeline.py
[2026-09-17T12:59:47.677+0000] {processor.py:914} INFO - Processing file /opt/airflow/dags/youtube_extract_pipeline.py for tasks to queue
[2026-09-17T12:59:47.680+0000] {logging_mixin.py:190} INFO - [2026-09-17T12:59:47.679+0000] {dagbag.py:588} INFO - Filling up the DagBag from /opt/airflow/dags/youtube_extract_pipeline.py
[2026-09-17T12:59:47.748+0000] {processor.py:925} INFO - DAG(s) 'youtube_pipeline_extraction' retrieved from /opt/airflow/dags/youtube_extract_pipeline.py
[2026-09-17T12:59:47.776+0000] {logging_mixin.py:190} INFO - [2026-09-17T12:59:47.775+0000] {dag.py:3239} INFO - Sync 1 DAGs
[2026-09-17T12:59:47.803+0000] {logging_mixin.py:190} INFO - [2026-09-17T12:59:47.803+0000] {dag.py:4180} INFO - Setting next_dagrun for youtube_pipeline_extraction to 2026-09-17 12:00:00+00:00, run_after=2026-09-17 13:00:00+00:00
[2026-09-17T12:59:47.837+0000] {processor.py:208} INFO - Processing /opt/airflow/dags/youtube_extract_pipeline.py took 0.169 seconds
[2026-09-17T13:00:18.134+0000] {processor.py:186} INFO - Started process (PID=4654) to work on /opt/airflow/dags/youtube_extract_pipeline.py
[2026-09-17T13:00:18.136+0000] {processor.py:914} INFO - Processing file /opt/airflow/dags/youtube_extract_pipeline.py for tasks to queue
[2026-09-17T13:00:18.138+0000] {logging_mixin.py:190} INFO - [2026-09-17T13:00:18.137+0000] {dagbag.py:588} INFO - Filling up the DagBag from /opt/airflow/dags/youtube_extract_pipeline.py
[2026-09-17T13:00:18.209+0000] {processor.py:925} INFO - DAG(s) 'youtube_pipeline_extraction' retrieved from /opt/airflow/dags/youtube_extract_pipeline.py
[2026-09-17T13:00:18.239+0000] {logging_mixin.py:190} INFO - [2026-09-17T13:00:18.239+0000] {dag.py:3239} INFO - Sync 1 DAGs
[2026-09-17T13:00:18.275+0000] {logging_mixin.py:190} INFO - [2026-09-17T13:00:18.275+0000] {dag.py:4180} INFO - Setting next_dagrun for youtube_pipeline_extraction to 2026-09-17 13:00:00+00:00, run_after=2026-09-17 14:00:00+00:00
[2026-09-17T13:00:18.296+0000] {processor.py:208} INFO - Processing /opt/airflow/dags/youtube_extract_pipeline.py took 0.169 seconds
[2026-09-17T13:00:48.466+0000] {processor.py:186} INFO - Started process (PID=4662) to work on /opt/airflow/dags/youtube_extract_pipeline.py
[2026-09-17T13:00:48.468+0000] {processor.py:914} INFO - Processing file /opt/airflow/dags/youtube_extract_pipeline.py for tasks to queue
[2026-09-17T13:00:48.469+0000] {logging_mixin.py:190} INFO - [2026-09-17T13:00:48.469+0000] {dagbag.py:588} INFO - Filling up the DagBag from /opt/airflow/dags/youtube_extract_pipeline.py
[2026-09-17T13:00:48.524+0000] {processor.py:925} INFO - DAG(s) 'youtube_pipeline_extraction' retrieved from /opt/airflow/dags/youtube_extract_pipeline.py
[2026-09-17T13:00:48.546+0000] {logging_mixin.py:190} INFO - [2026-09-17T13:00:48.546+0000] {dag.py:3239} INFO - Sync 1 DAGs
[2026-09-17T13:00:48.571+0000] {logging_mixin.py:190} INFO - [2026-09-17T13:00:48.571+0000] {dag.py:4180} INFO - Setting next_dagrun for youtube_pipeline_extraction to 2026-09-17 13:00:00+00:00, run_after=2026-09-17 14:00:00+00:00
[2026-09-17T13:00:48.607+0000] {processor.py:208} INFO - Processing /opt/airflow/dags/youtube_extract_pipeline.py took 0.146 seconds
[2026-09-17T13:01:18.811+0000] {processor.py:186} INFO - Started process (PID=4670) to work on /opt/airflow/dags/youtube_extract_pipeline.py
[2026-09-17T13:01:18.812+0000] {processor.py:914} INFO - Processing file /opt/airflow/dags/youtube_extract_pipeline.py for tasks to queue
[2026-09-17T13:01:18.814+0000] {logging_mixin.py:190} INFO - [2026-09-17T13:01:18.814+0000] {dagbag.py:588} INFO - Filling up the DagBag from /opt/airflow/dags/youtube_extract_pipeline.py
[2026-09-17T13:01:18.871+0000] {processor.py:925} INFO - DAG(s) 'youtube_pipeline_extraction' retrieved from /opt/airflow/dags/youtube_extract_pipeline.py
[2026-09-17T13:01:18.893+0000] {logging_mixin.py:190} INFO - [2026-09-17T13:01:18.893+0000] {dag.py:3239} INFO - Sync 1 DAGs
[2026-09-17T13:01:18.917+0000] {logging_mixin.py:190} INFO - [2026-09-17T13:01:18.917+0000] {dag.py:4180} INFO - Setting next_dagrun for youtube_pipeline_extraction to 2026-09-17 13:00:00+00:00, run_after=2026-09-17 14:00:00+00:00
[2026-09-17T13:01:18.936+0000] {processor.py:208} INFO - Processing /opt/airflow/dags/youtube_extract_pipeline.py took 0.130 seconds
[2026-09-17T13:01:49.271+0000] {processor.py:186} INFO - Started process (PID=4678) to work on /opt/airflow/dags/youtube_extract_pipeline.py
[2026-09-17T13:01:49.274+0000] {processor.py:914} INFO - Processing file /opt/airflow/dags/youtube_extract_pipeline.py for tasks to queue
[2026-09-17T13:01:49.276+0000] {logging_mixin.py:190} INFO - [2026-09-17T13:01:49.275+0000] {dagbag.py:588} INFO - Filling up the DagBag from /opt/airflow/dags/youtube_extract_pipeline.py
[2026-09-17T13:01:49.361+0000] {processor.py:925} INFO - DAG(s) 'youtube_pipeline_extraction' retrieved from /opt/airflow/dags/youtube_extract_pipeline.py
[2026-09-17T13:01:49.385+0000] {logging_mixin.py:190} INFO - [2026-09-17T13:01:49.385+0000] {dag.py:3239} INFO - Sync 1 DAGs
[2026-09-17T13:01:49.410+0000] {logging_mixin.py:190} INFO - [2026-09-17T13:01:49.410+0000] {dag.py:4180} INFO - Setting next_dagrun for youtube_pipeline_extraction to 2026-09-17 13:00:00+00:00, run_after=2026-09-17 14:00:00+00:00
[2026-09-17T13:01:49.432+0000] {processor.py:208} INFO - Processing /opt/airflow/dags/youtube_extract_pipeline.py took 0.168 seconds
[2026-09-17T13:02:19.802+0000] {processor.py:186} INFO - Started process (PID=4686) to work on /opt/airflow/dags/youtube_extract_pipeline.py
[2026-09-17T13:02:19.803+0000] {processor.py:914} INFO - Processing file /opt/airflow/dags/youtube_extract_pipeline.py for tasks to queue
[2026-09-17T13:02:19.805+0000] {logging_mixin.py:190} INFO - [2026-09-17T13:02:19.805+0000] {dagbag.py:588} INFO - Filling up the DagBag from /opt/airflow/dags/youtube_extract_pipeline.py
[2026-09-17T13:02:19.861+0000] {processor.py:925} INFO - DAG(s) 'youtube_pipeline_extraction' retrieved from /opt/airflow/dags/youtube_extract_pipeline.py
[2026-09-17T13:02:19.883+0000] {logging_mixin.py:190} INFO - [2026-09-17T13:02:19.883+0000] {dag.py:3239} INFO - Sync 1 DAGs
[2026-09-17T13:02:19.905+0000] {logging_mixin.py:190} INFO - [2026-09-17T13:02:19.904+0000] {dag.py:4180} INFO - Setting next_dagrun for youtube_pipeline_extraction to 2026-09-17 13:00:00+00:00, run_after=2026-09-17 14:00:00+00:00
[2026-09-17T13:02:19.927+0000] {processor.py:208} INFO - Processing /opt/airflow/dags/youtube_extract_pipeline.py took 0.130 seconds
[2026-09-17T13:02:50.165+0000] {processor.py:186} INFO - Started process (PID=4694) to work on /opt/airflow/dags/youtube_extract_pipeline.py
[2026-09-17T13:02:50.167+0000] {processor.py:914} INFO - Processing file /opt/airflow/dags/youtube_extract_pipeline.py for tasks to queue
[2026-09-17T13:02:50.170+0000] {logging_mixin.py:190} INFO - [2026-09-17T13:02:50.169+0000] {dagbag.py:588} INFO - Filling up the DagBag from /opt/airflow/dags/youtube_extract_pipeline.py
[2026-09-17T13:02:50.239+0000] {processor.py:925} INFO - DAG(s) 'youtube_pipeline_extraction' retrieved from /opt/airflow/dags/youtube_extract_pipeline.py
[2026-09-17T13:02:50.269+0000] {logging_mixin.py:190} INFO - [2026-09-17T13:02:50.268+0000] {dag.py:3239} INFO - Sync 1 DAGs
[2026-09-17T13:02:50.296+0000] {logging_mixin.py:190} INFO - [2026-09-17T13:02:50.296+0000] {dag.py:4180} INFO - Setting next_dagrun for youtube_pipeline_extraction to 2026-09-17 13:00:00+00:00, run_after=2026-09-17 14:00:00+00:00
[2026-09-17T13:02:50.327+0000] {processor.py:208} INFO - Processing /opt/airflow/dags/youtube_extract_pipeline.py took 0.167 seconds
[2026-09-17T13:03:20.766+0000] {processor.py:186} INFO - Started process (PID=4702) to work on /opt/airflow/dags/youtube_extract_pipeline.py
[2026-09-17T13:03:20.768+0000] {processor.py:914} INFO - Processing file /opt/airflow/dags/youtube_extract_pipeline.py for tasks to queue
[2026-09-17T13:03:20.770+0000] {logging_mixin.py:190} INFO - [2026-09-17T13:03:20.770+0000] {dagbag.py:588} INFO - Filling up the DagBag from /opt/airflow/dags/youtube_extract_pipeline.py
[2026-09-17T13:03:20.825+0000] {processor.py:925} INFO - DAG(s) 'youtube_pipeline_extraction' retrieved from /opt/airflow/dags/youtube_extract_pipeline.py
[2026-09-17T13:03:20.849+0000] {logging_mixin.py:190} INFO - [2026-09-17T13:03:20.849+0000] {dag.py:3239} INFO - Sync 1 DAGs
[2026-09-17T13:03:20.874+0000] {logging_mixin.py:190} INFO - [2026-09-17T13:03:20.874+0000] {dag.py:4180} INFO - Setting next_dagrun for youtube_pipeline_extraction to 2026-09-17 13:00:00+00:00, run_after=2026-09-17 14:00:00+00:00
[2026-09-17T13:03:20.893+0000] {processor.py:208} INFO - Processing /opt/airflow/dags/youtube_extract_pipeline.py took 0.133 seconds
[2026-09-17T13:03:51.141+0000] {processor.py:186} INFO - Started process (PID=4710) to work on /opt/airflow/dags/youtube_extract_pipeline.py
[2026-09-17T13:03:51.142+0000] {processor.py:914} INFO - Processing file /opt/airflow/dags/youtube_extract_pipeline.py for tasks to queue
[2026-09-17T13:03:51.144+0000] {logging_mixin.py:190} INFO - [2026-09-17T13:03:51.144+0000] {dagbag.py:588} INFO - Filling up the DagBag from /opt/airflow/dags/youtube_extract_pipeline.py
[2026-09-17T13:03:51.259+0000] {processor.py:925} INFO - DAG(s) 'youtube_pipeline_extraction' retrieved from /opt/airflow/dags/youtube_extract_pipeline.py
[2026-09-17T13:03:51.316+0000] {logging_mixin.py:190} INFO - [2026-09-17T13:03:51.316+0000] {dag.py:3239} INFO - Sync 1 DAGs
[2026-09-17T13:03:51.338+0000] {logging_mixin.py:190} INFO - [2026-09-17T13:03:51.338+0000] {dag.py:4180} INFO - Setting next_dagrun for youtube_pipeline_extraction to 2026-09-17 13:00:00+00:00, run_after=2026-09-17 14:00:00+00:00
[2026-09-17T13:03:51.357+0000] {processor.py:208} INFO - Processing /opt/airflow/dags/youtube_extract_pipeline.py took 0.222 seconds
[2026-09-17T13:04:21.850+0000] {processor.py:186} INFO - Started process (PID=4718) to work on /opt/airflow/dags/youtube_extract_pipeline.py
[2026-09-17T13:04:21.858+0000] {processor.py:914} INFO - Processing file /opt/airflow/dags/youtube_extract_pipeline.py for tasks to queue
[2026-09-17T13:04:21.863+0000] {logging_mixin.py:190} INFO - [2026-09-17T13:04:21.862+0000] {dagbag.py:588} INFO - Filling up the DagBag from /opt/airflow/dags/youtube_extract_pipeline.py
[2026-09-17T13:04:21.977+0000] {processor.py:925} INFO - DAG(s) 'youtube_pipeline_extraction' retrieved from /opt/airflow/dags/youtube_extract_pipeline.py
[2026-09-17T13:04:22.024+0000] {logging_mixin.py:190} INFO - [2026-09-17T13:04:22.024+0000] {dag.py:3239} INFO - Sync 1 DAGs
[2026-09-17T13:04:22.065+0000] {logging_mixin.py:190} INFO - [2026-09-17T13:04:22.065+0000] {dag.py:4180} INFO - Setting next_dagrun for youtube_pipeline_extraction to 2026-09-17 13:00:00+00:00, run_after=2026-09-17 14:00:00+00:00
[2026-09-17T13:04:22.088+0000] {processor.py:208} INFO - Processing /opt/airflow/dags/youtube_extract_pipeline.py took 0.277 seconds
[2026-09-17T13:04:52.358+0000] {processor.py:186} INFO - Started process (PID=4726) to work on /opt/airflow/dags/youtube_extract_pipeline.py
[2026-09-17T13:04:52.360+0000] {processor.py:914} INFO - Processing file /opt/airflow/dags/youtube_extract_pipeline.py for tasks to queue
[2026-09-17T13:04:52.362+0000] {logging_mixin.py:190} INFO - [2026-09-17T13:04:52.362+0000] {dagbag.py:588} INFO - Filling up the DagBag from /opt/airflow/dags/youtube_extract_pipeline.py
[2026-09-17T13:04:52.434+0000] {processor.py:925} INFO - DAG(s) 'youtube_pipeline_extraction' retrieved from /opt/airflow/dags/youtube_extract_pipeline.py
[2026-09-17T13:04:52.463+0000] {logging_mixin.py:190} INFO - [2026-09-17T13:04:52.463+0000] {dag.py:3239} INFO - Sync 1 DAGs
[2026-09-17T13:04:52.521+0000] {logging_mixin.py:190} INFO - [2026-09-17T13:04:52.521+0000] {dag.py:4180} INFO - Setting next_dagrun for youtube_pipeline_extraction to 2026-09-17 13:00:00+00:00, run_after=2026-09-17 14:00:00+00:00
[2026-09-17T13:04:52.547+0000] {processor.py:208} INFO - Processing /opt/airflow/dags/youtube_extract_pipeline.py took 0.194 seconds
[2026-09-17T13:05:23.090+0000] {processor.py:186} INFO - Started process (PID=4734) to work on /opt/airflow/dags/youtube_extract_pipeline.py
[2026-09-17T13:05:23.092+0000] {processor.py:914} INFO - Processing file /opt/airflow/dags/youtube_extract_pipeline.py for tasks to queue
[2026-09-17T13:05:23.095+0000] {logging_mixin.py:190} INFO - [2026-09-17T13:05:23.095+0000] {dagbag.py:588} INFO - Filling up the DagBag from /opt/airflow/dags/youtube_extract_pipeline.py
[2026-09-17T13:05:23.176+0000] {processor.py:925} INFO - DAG(s) 'youtube_pipeline_extraction' retrieved from /opt/airflow/dags/youtube_extract_pipeline.py
[2026-09-17T13:05:23.232+0000] {logging_mixin.py:190} INFO - [2026-09-17T13:05:23.231+0000] {dag.py:3239} INFO - Sync 1 DAGs
[2026-09-17T13:05:23.265+0000] {logging_mixin.py:190} INFO - [2026-09-17T13:05:23.265+0000] {dag.py:4180} INFO - Setting next_dagrun for youtube_pipeline_extraction to 2026-09-17 13:00:00+00:00, run_after=2026-09-17 14:00:00+00:00
[2026-09-17T13:05:23.289+0000] {processor.py:208} INFO - Processing /opt/airflow/dags/youtube_extract_pipeline.py took 0.206 seconds
[2026-09-17T13:05:53.393+0000] {processor.py:186} INFO - Started process (PID=4742) to work on /opt/airflow/dags/youtube_extract_pipeline.py
[2026-09-17T13:05:53.394+0000] {processor.py:914} INFO - Processing file /opt/airflow/dags/youtube_extract_pipeline.py for tasks to queue
[2026-09-17T13:05:53.397+0000] {logging_mixin.py:190} INFO - [2026-09-17T13:05:53.397+0000] {dagbag.py:588} INFO - Filling up the DagBag from /opt/airflow/dags/youtube_extract_pipeline.py
[2026-09-17T13:05:53.461+0000] {processor.py:925} INFO - DAG(s) 'youtube_pipeline_extraction' retrieved from /opt/airflow/dags/youtube_extract_pipeline.py
[2026-09-17T13:05:53.487+0000] {logging_mixin.py:190} INFO - [2026-09-17T13:05:53.487+0000] {dag.py:3239} INFO - Sync 1 DAGs
[2026-09-17T13:05:53.510+0000] {logging_mixin.py:190} INFO - [2026-09-17T13:05:53.510+0000] {dag.py:4180} INFO - Setting next_dagrun for youtube_pipeline_extraction to 2026-09-17 13:00:00+00:00, run_after=2026-09-17 14:00:00+00:00
[2026-09-17T13:05:53.533+0000] {processor.py:208} INFO - Processing /opt/airflow/dags/youtube_extract_pipeline.py took 0.146 seconds
[2026-09-17T13:06:23.704+0000] {processor.py:186} INFO - Started process (PID=4750) to work on /opt/airflow/dags/youtube_extract_pipeline.py
[2026-09-17T13:06:23.706+0000] {processor.py:914} INFO - Processing file /opt/airflow/dags/youtube_extract_pipeline.py for tasks to queue
[2026-09-17T13:06:23.708+0000] {logging_mixin.py:190} INFO - [2026-09-17T13:06:23.708+0000] {dagbag.py:588} INFO - Filling up the DagBag from /opt/airflow/dags/youtube_extract_pipeline.py
[2026-09-17T13:06:23.781+0000] {processor.py:925} INFO - DAG(s) 'youtube_pipeline_extraction' retrieved from /opt/airflow/dags/youtube_extract_pipeline.py
[2026-09-17T13:06:23.813+0000] {logging_mixin.py:190} INFO - [2026-09-17T13:06:23.812+0000] {dag.py:3239} INFO - Sync 1 DAGs
[2026-09-17T13:06:23.842+0000] {logging_mixin.py:190} INFO - [2026-09-17T13:06:23.842+0000] {dag.py:4180} INFO - Setting next_dagrun for youtube_pipeline_extraction to 2026-09-17 13:00:00+00:00, run_after=2026-09-17 14:00:00+00:00
[2026-09-17T13:06:23.868+0000] {processor.py:208} INFO - Processing /opt/airflow/dags/youtube_extract_pipeline.py took 0.171 seconds
[2026-09-17T13:06:54.115+0000] {processor.py:186} INFO - Started process (PID=4758) to work on /opt/airflow/dags/youtube_extract_pipeline.py
[2026-09-17T13:06:54.117+0000] {processor.py:914} INFO - Processing file /opt/airflow/dags/youtube_extract_pipeline.py for tasks to queue
[2026-09-17T13:06:54.121+0000] {logging_mixin.py:190} INFO - [2026-09-17T13:06:54.120+0000] {dagbag.py:588} INFO - Filling up the DagBag from /opt/airflow/dags/youtube_extract_pipeline.py
[2026-09-17T13:06:54.194+0000] {processor.py:925} INFO - DAG(s) 'youtube_pipeline_extraction' retrieved from /opt/airflow/dags/youtube_extract_pipeline.py
[2026-09-17T13:06:54.227+0000] {logging_mixin.py:190} INFO - [2026-09-17T13:06:54.227+0000] {dag.py:3239} INFO - Sync 1 DAGs
[2026-09-17T13:06:54.255+0000] {logging_mixin.py:190} INFO - [2026-09-17T13:06:54.255+0000] {dag.py:4180} INFO - Setting next_dagrun for youtube_pipeline_extraction to 2026-09-17 13:00:00+00:00, run_after=2026-09-17 14:00:00+00:00
[2026-09-17T13:06:54.276+0000] {processor.py:208} INFO - Processing /opt/airflow/dags/youtube_extract_pipeline.py took 0.168 seconds
[2026-09-17T13:07:24.468+0000] {processor.py:186} INFO - Started process (PID=4766) to work on /opt/airflow/dags/youtube_extract_pipeline.py
[2026-09-17T13:07:24.470+0000] {processor.py:914} INFO - Processing file /opt/airflow/dags/youtube_extract_pipeline.py for tasks to queue
[2026-09-17T13:07:24.473+0000] {logging_mixin.py:190} INFO - [2026-09-17T13:07:24.472+0000] {dagbag.py:588} INFO - Filling up the DagBag from /opt/airflow/dags/youtube_extract_pipeline.py
[2026-09-17T13:07:24.553+0000] {processor.py:925} INFO - DAG(s) 'youtube_pipeline_extraction' retrieved from /opt/airflow/dags/youtube_extract_pipeline.py
[2026-09-17T13:07:24.590+0000] {logging_mixin.py:190} INFO - [2026-09-17T13:07:24.590+0000] {dag.py:3239} INFO - Sync 1 DAGs
[2026-09-17T13:07:24.620+0000] {logging_mixin.py:190} INFO - [2026-09-17T13:07:24.619+0000] {dag.py:4180} INFO - Setting next_dagrun for youtube_pipeline_extraction to 2026-09-17 13:00:00+00:00, run_after=2026-09-17 14:00:00+00:00
[2026-09-17T13:07:24.640+0000] {processor.py:208} INFO - Processing /opt/airflow/dags/youtube_extract_pipeline.py took 0.182 seconds
[2026-09-17T13:07:54.902+0000] {processor.py:186} INFO - Started process (PID=4774) to work on /opt/airflow/dags/youtube_extract_pipeline.py
[2026-09-17T13:07:54.903+0000] {processor.py:914} INFO - Processing file /opt/airflow/dags/youtube_extract_pipeline.py for tasks to queue
[2026-09-17T13:07:54.906+0000] {logging_mixin.py:190} INFO - [2026-09-17T13:07:54.905+0000] {dagbag.py:588} INFO - Filling up the DagBag from /opt/airflow/dags/youtube_extract_pipeline.py
[2026-09-17T13:07:54.961+0000] {processor.py:925} INFO - DAG(s) 'youtube_pipeline_extraction' retrieved from /opt/airflow/dags/youtube_extract_pipeline.py
[2026-09-17T13:07:54.987+0000] {logging_mixin.py:190} INFO - [2026-09-17T13:07:54.986+0000] {dag.py:3239} INFO - Sync 1 DAGs
[2026-09-17T13:07:55.010+0000] {logging_mixin.py:190} INFO - [2026-09-17T13:07:55.010+0000] {dag.py:4180} INFO - Setting next_dagrun for youtube_pipeline_extraction to 2026-09-17 13:00:00+00:00, run_after=2026-09-17 14:00:00+00:00
[2026-09-17T13:07:55.030+0000] {processor.py:208} INFO - Processing /opt/airflow/dags/youtube_extract_pipeline.py took 0.135 seconds
[2026-09-17T13:08:25.299+0000] {processor.py:186} INFO - Started process (PID=4782) to work on /opt/airflow/dags/youtube_extract_pipeline.py
[2026-09-17T13:08:25.303+0000] {processor.py:914} INFO - Processing file /opt/airflow/dags/youtube_extract_pipeline.py for tasks to queue
[2026-09-17T13:08:25.305+0000] {logging_mixin.py:190} INFO - [2026-09-17T13:08:25.305+0000] {dagbag.py:588} INFO - Filling up the DagBag from /opt/airflow/dags/youtube_extract_pipeline.py
[2026-09-17T13:08:25.380+0000] {processor.py:925} INFO - DAG(s) 'youtube_pipeline_extraction' retrieved from /opt/airflow/dags/youtube_extract_pipeline.py
[2026-09-17T13:08:25.422+0000] {logging_mixin.py:190} INFO - [2026-09-17T13:08:25.422+0000] {dag.py:3239} INFO - Sync 1 DAGs
[2026-09-17T13:08:25.460+0000] {logging_mixin.py:190} INFO - [2026-09-17T13:08:25.459+0000] {dag.py:4180} INFO - Setting next_dagrun for youtube_pipeline_extraction to 2026-09-17 13:00:00+00:00, run_after=2026-09-17 14:00:00+00:00
[2026-09-17T13:08:25.509+0000] {processor.py:208} INFO - Processing /opt/airflow/dags/youtube_extract_pipeline.py took 0.218 seconds
[2026-09-17T13:08:55.857+0000] {processor.py:186} INFO - Started process (PID=4790) to work on /opt/airflow/dags/youtube_extract_pipeline.py
[2026-09-17T13:08:55.858+0000] {processor.py:914} INFO - Processing file /opt/airflow/dags/youtube_extract_pipeline.py for tasks to queue
[2026-09-17T13:08:55.860+0000] {logging_mixin.py:190} INFO - [2026-09-17T13:08:55.860+0000] {dagbag.py:588} INFO - Filling up the DagBag from /opt/airflow/dags/youtube_extract_pipeline.py
[2026-09-17T13:08:55.924+0000] {processor.py:925} INFO - DAG(s) 'youtube_pipeline_extraction' retrieved from /opt/airflow/dags/youtube_extract_pipeline.py
[2026-09-17T13:08:55.964+0000] {logging_mixin.py:190} INFO - [2026-09-17T13:08:55.964+0000] {dag.py:3239} INFO - Sync 1 DAGs
[2026-09-17T13:08:55.990+0000] {logging_mixin.py:190} INFO - [2026-09-17T13:08:55.990+0000] {dag.py:4180} INFO - Setting next_dagrun for youtube_pipeline_extraction to 2026-09-17 13:00:00+00:00, run_after=2026-09-17 14:00:00+00:00
[2026-09-17T13:08:56.010+0000] {processor.py:208} INFO - Processing /opt/airflow/dags/youtube_extract_pipeline.py took 0.159 seconds
[2026-09-17T13:09:26.238+0000] {processor.py:186} INFO - Started process (PID=4798) to work on /opt/airflow/dags/youtube_extract_pipeline.py
[2026-09-17T13:09:26.240+0000] {processor.py:914} INFO - Processing file /opt/airflow/dags/youtube_extract_pipeline.py for tasks to queue
[2026-09-17T13:09:26.242+0000] {logging_mixin.py:190} INFO - [2026-09-17T13:09:26.242+0000] {dagbag.py:588} INFO - Filling up the DagBag from /opt/airflow/dags/youtube_extract_pipeline.py
[2026-09-17T13:09:26.303+0000] {processor.py:925} INFO - DAG(s) 'youtube_pipeline_extraction' retrieved from /opt/airflow/dags/youtube_extract_pipeline.py
[2026-09-17T13:09:26.335+0000] {logging_mixin.py:190} INFO - [2026-09-17T13:09:26.334+0000] {dag.py:3239} INFO - Sync 1 DAGs
[2026-09-17T13:09:26.358+0000] {logging_mixin.py:190} INFO - [2026-09-17T13:09:26.358+0000] {dag.py:4180} INFO - Setting next_dagrun for youtube_pipeline_extraction to 2026-09-17 13:00:00+00:00, run_after=2026-09-17 14:00:00+00:00
[2026-09-17T13:09:26.381+0000] {processor.py:208} INFO - Processing /opt/airflow/dags/youtube_extract_pipeline.py took 0.150 seconds
[2026-09-17T13:09:56.720+0000] {processor.py:186} INFO - Started process (PID=4806) to work on /opt/airflow/dags/youtube_extract_pipeline.py
[2026-09-17T13:09:56.722+0000] {processor.py:914} INFO - Processing file /opt/airflow/dags/youtube_extract_pipeline.py for tasks to queue
[2026-09-17T13:09:56.724+0000] {logging_mixin.py:190} INFO - [2026-09-17T13:09:56.724+0000] {dagbag.py:588} INFO - Filling up the DagBag from /opt/airflow/dags/youtube_extract_pipeline.py
[2026-09-17T13:09:56.777+0000] {processor.py:925} INFO - DAG(s) 'youtube_pipeline_extraction' retrieved from /opt/airflow/dags/youtube_extract_pipeline.py
[2026-09-17T13:09:56.803+0000] {logging_mixin.py:190} INFO - [2026-09-17T13:09:56.802+0000] {dag.py:3239} INFO - Sync 1 DAGs
[2026-09-17T13:09:56.828+0000] {logging_mixin.py:190} INFO - [2026-09-17T13:09:56.828+0000] {dag.py:4180} INFO - Setting next_dagrun for youtube_pipeline_extraction to 2026-09-17 13:00:00+00:00, run_after=2026-09-17 14:00:00+00:00
[2026-09-17T13:09:56.847+0000] {processor.py:208} INFO - Processing /opt/airflow/dags/youtube_extract_pipeline.py took 0.132 seconds
[2026-09-17T13:10:27.098+0000] {processor.py:186} INFO - Started process (PID=4814) to work on /opt/airflow/dags/youtube_extract_pipeline.py
[2026-09-17T13:10:27.100+0000] {processor.py:914} INFO - Processing file /opt/airflow/dags/youtube_extract_pipeline.py for tasks to queue
[2026-09-17T13:10:27.102+0000] {logging_mixin.py:190} INFO - [2026-09-17T13:10:27.102+0000] {dagbag.py:588} INFO - Filling up the DagBag from /opt/airflow/dags/youtube_extract_pipeline.py
[2026-09-17T13:10:27.160+0000] {processor.py:925} INFO - DAG(s) 'youtube_pipeline_extraction' retrieved from /opt/airflow/dags/youtube_extract_pipeline.py
[2026-09-17T13:10:27.185+0000] {logging_mixin.py:190} INFO - [2026-09-17T13:10:27.184+0000] {dag.py:3239} INFO - Sync 1 DAGs
[2026-09-17T13:10:27.212+0000] {logging_mixin.py:190} INFO - [2026-09-17T13:10:27.212+0000] {dag.py:4180} INFO - Setting next_dagrun for youtube_pipeline_extraction to 2026-09-17 13:00:00+00:00, run_after=2026-09-17 14:00:00+00:00
[2026-09-17T13:10:27.231+0000] {processor.py:208} INFO - Processing /opt/airflow/dags/youtube_extract_pipeline.py took 0.138 seconds
[2026-09-17T13:10:57.463+0000] {processor.py:186} INFO - Started process (PID=4822) to work on /opt/airflow/dags/youtube_extract_pipeline.py
[2026-09-17T13:10:57.466+0000] {processor.py:914} INFO - Processing file /opt/airflow/dags/youtube_extract_pipeline.py for tasks to queue
[2026-09-17T13:10:57.468+0000] {logging_mixin.py:190} INFO - [2026-09-17T13:10:57.468+0000] {dagbag.py:588} INFO - Filling up the DagBag from /opt/airflow/dags/youtube_extract_pipeline.py
[2026-09-17T13:10:57.541+0000] {processor.py:925} INFO - DAG(s) 'youtube_pipeline_extraction' retrieved from /opt/airflow/dags/youtube_extract_pipeline.py
[2026-09-17T13:10:57.569+0000] {logging_mixin.py:190} INFO - [2026-09-17T13:10:57.568+0000] {dag.py:3239} INFO - Sync 1 DAGs
[2026-09-17T13:10:57.604+0000] {logging_mixin.py:190} INFO - [2026-09-17T13:10:57.603+0000] {dag.py:4180} INFO - Setting next_dagrun for youtube_pipeline_extraction to 2026-09-17 13:00:00+00:00, run_after=2026-09-17 14:00:00+00:00
[2026-09-17T13:10:57.630+0000] {processor.py:208} INFO - Processing /opt/airflow/dags/youtube_extract_pipeline.py took 0.174 seconds
[2026-09-17T13:11:28.000+0000] {processor.py:186} INFO - Started process (PID=4830) to work on /opt/airflow/dags/youtube_extract_pipeline.py
[2026-09-17T13:11:28.002+0000] {processor.py:914} INFO - Processing file /opt/airflow/dags/youtube_extract_pipeline.py for tasks to queue
[2026-09-17T13:11:28.004+0000] {logging_mixin.py:190} INFO - [2026-09-17T13:11:28.004+0000] {dagbag.py:588} INFO - Filling up the DagBag from /opt/airflow/dags/youtube_extract_pipeline.py
[2026-09-17T13:11:28.069+0000] {processor.py:925} INFO - DAG(s) 'youtube_pipeline_extraction' retrieved from /opt/airflow/dags/youtube_extract_pipeline.py
[2026-09-17T13:11:28.095+0000] {logging_mixin.py:190} INFO - [2026-09-17T13:11:28.094+0000] {dag.py:3239} INFO - Sync 1 DAGs
[2026-09-17T13:11:28.125+0000] {logging_mixin.py:190} INFO - [2026-09-17T13:11:28.125+0000] {dag.py:4180} INFO - Setting next_dagrun for youtube_pipeline_extraction to 2026-09-17 13:00:00+00:00, run_after=2026-09-17 14:00:00+00:00
[2026-09-17T13:11:28.148+0000] {processor.py:208} INFO - Processing /opt/airflow/dags/youtube_extract_pipeline.py took 0.156 seconds
[2026-09-17T13:11:58.533+0000] {processor.py:186} INFO - Started process (PID=4838) to work on /opt/airflow/dags/youtube_extract_pipeline.py
[2026-09-17T13:11:58.535+0000] {processor.py:914} INFO - Processing file /opt/airflow/dags/youtube_extract_pipeline.py for tasks to queue
[2026-09-17T13:11:58.537+0000] {logging_mixin.py:190} INFO - [2026-09-17T13:11:58.536+0000] {dagbag.py:588} INFO - Filling up the DagBag from /opt/airflow/dags/youtube_extract_pipeline.py
[2026-09-17T13:11:58.634+0000] {processor.py:925} INFO - DAG(s) 'youtube_pipeline_extraction' retrieved from /opt/airflow/dags/youtube_extract_pipeline.py
[2026-09-17T13:11:58.680+0000] {logging_mixin.py:190} INFO - [2026-09-17T13:11:58.678+0000] {dag.py:3239} INFO - Sync 1 DAGs
[2026-09-17T13:11:58.731+0000] {logging_mixin.py:190} INFO - [2026-09-17T13:11:58.730+0000] {dag.py:4180} INFO - Setting next_dagrun for youtube_pipeline_extraction to 2026-09-17 13:00:00+00:00, run_after=2026-09-17 14:00:00+00:00
[2026-09-17T13:11:58.778+0000] {processor.py:208} INFO - Processing /opt/airflow/dags/youtube_extract_pipeline.py took 0.251 seconds
[2026-09-17T13:12:28.876+0000] {processor.py:186} INFO - Started process (PID=4846) to work on /opt/airflow/dags/youtube_extract_pipeline.py
[2026-09-17T13:12:28.878+0000] {processor.py:914} INFO - Processing file /opt/airflow/dags/youtube_extract_pipeline.py for tasks to queue
[2026-09-17T13:12:28.879+0000] {logging_mixin.py:190} INFO - [2026-09-17T13:12:28.879+0000] {dagbag.py:588} INFO - Filling up the DagBag from /opt/airflow/dags/youtube_extract_pipeline.py
[2026-09-17T13:12:28.939+0000] {processor.py:925} INFO - DAG(s) 'youtube_pipeline_extraction' retrieved from /opt/airflow/dags/youtube_extract_pipeline.py
[2026-09-17T13:12:28.961+0000] {logging_mixin.py:190} INFO - [2026-09-17T13:12:28.961+0000] {dag.py:3239} INFO - Sync 1 DAGs
[2026-09-17T13:12:28.987+0000] {logging_mixin.py:190} INFO - [2026-09-17T13:12:28.986+0000] {dag.py:4180} INFO - Setting next_dagrun for youtube_pipeline_extraction to 2026-09-17 13:00:00+00:00, run_after=2026-09-17 14:00:00+00:00
[2026-09-17T13:12:29.005+0000] {processor.py:208} INFO - Processing /opt/airflow/dags/youtube_extract_pipeline.py took 0.135 seconds
[2026-09-17T13:12:59.208+0000] {processor.py:186} INFO - Started process (PID=4854) to work on /opt/airflow/dags/youtube_extract_pipeline.py
[2026-09-17T13:12:59.210+0000] {processor.py:914} INFO - Processing file /opt/airflow/dags/youtube_extract_pipeline.py for tasks to queue
[2026-09-17T13:12:59.212+0000] {logging_mixin.py:190} INFO - [2026-09-17T13:12:59.212+0000] {dagbag.py:588} INFO - Filling up the DagBag from /opt/airflow/dags/youtube_extract_pipeline.py
[2026-09-17T13:12:59.268+0000] {processor.py:925} INFO - DAG(s) 'youtube_pipeline_extraction' retrieved from /opt/airflow/dags/youtube_extract_pipeline.py
[2026-09-17T13:12:59.291+0000] {logging_mixin.py:190} INFO - [2026-09-17T13:12:59.290+0000] {dag.py:3239} INFO - Sync 1 DAGs
[2026-09-17T13:12:59.314+0000] {logging_mixin.py:190} INFO - [2026-09-17T13:12:59.314+0000] {dag.py:4180} INFO - Setting next_dagrun for youtube_pipeline_extraction to 2026-09-17 13:00:00+00:00, run_after=2026-09-17 14:00:00+00:00
[2026-09-17T13:12:59.338+0000] {processor.py:208} INFO - Processing /opt/airflow/dags/youtube_extract_pipeline.py took 0.135 seconds
[2026-09-17T13:13:29.856+0000] {processor.py:186} INFO - Started process (PID=4862) to work on /opt/airflow/dags/youtube_extract_pipeline.py
[2026-09-17T13:13:29.896+0000] {processor.py:914} INFO - Processing file /opt/airflow/dags/youtube_extract_pipeline.py for tasks to queue
[2026-09-17T13:13:29.925+0000] {logging_mixin.py:190} INFO - [2026-09-17T13:13:29.917+0000] {dagbag.py:588} INFO - Filling up the DagBag from /opt/airflow/dags/youtube_extract_pipeline.py
[2026-09-17T13:13:30.369+0000] {processor.py:925} INFO - DAG(s) 'youtube_pipeline_extraction' retrieved from /opt/airflow/dags/youtube_extract_pipeline.py
[2026-09-17T13:13:30.664+0000] {logging_mixin.py:190} INFO - [2026-09-17T13:13:30.663+0000] {dag.py:3239} INFO - Sync 1 DAGs
[2026-09-17T13:13:30.957+0000] {logging_mixin.py:190} INFO - [2026-09-17T13:13:30.957+0000] {dag.py:4180} INFO - Setting next_dagrun for youtube_pipeline_extraction to 2026-09-17 13:00:00+00:00, run_after=2026-09-17 14:00:00+00:00
[2026-09-17T13:13:31.077+0000] {processor.py:208} INFO - Processing /opt/airflow/dags/youtube_extract_pipeline.py took 1.361 seconds
[2026-09-17T13:14:01.401+0000] {processor.py:186} INFO - Started process (PID=4870) to work on /opt/airflow/dags/youtube_extract_pipeline.py
[2026-09-17T13:14:01.403+0000] {processor.py:914} INFO - Processing file /opt/airflow/dags/youtube_extract_pipeline.py for tasks to queue
[2026-09-17T13:14:01.405+0000] {logging_mixin.py:190} INFO - [2026-09-17T13:14:01.405+0000] {dagbag.py:588} INFO - Filling up the DagBag from /opt/airflow/dags/youtube_extract_pipeline.py
[2026-09-17T13:14:01.493+0000] {processor.py:925} INFO - DAG(s) 'youtube_pipeline_extraction' retrieved from /opt/airflow/dags/youtube_extract_pipeline.py
[2026-09-17T13:14:01.534+0000] {logging_mixin.py:190} INFO - [2026-09-17T13:14:01.533+0000] {dag.py:3239} INFO - Sync 1 DAGs
[2026-09-17T13:14:01.753+0000] {logging_mixin.py:190} INFO - [2026-09-17T13:14:01.753+0000] {dag.py:4180} INFO - Setting next_dagrun for youtube_pipeline_extraction to 2026-09-17 13:00:00+00:00, run_after=2026-09-17 14:00:00+00:00
[2026-09-17T13:14:01.862+0000] {processor.py:208} INFO - Processing /opt/airflow/dags/youtube_extract_pipeline.py took 0.467 seconds
[2026-09-17T13:14:32.023+0000] {processor.py:186} INFO - Started process (PID=4878) to work on /opt/airflow/dags/youtube_extract_pipeline.py
[2026-09-17T13:14:32.024+0000] {processor.py:914} INFO - Processing file /opt/airflow/dags/youtube_extract_pipeline.py for tasks to queue
[2026-09-17T13:14:32.026+0000] {logging_mixin.py:190} INFO - [2026-09-17T13:14:32.026+0000] {dagbag.py:588} INFO - Filling up the DagBag from /opt/airflow/dags/youtube_extract_pipeline.py
[2026-09-17T13:14:32.112+0000] {processor.py:925} INFO - DAG(s) 'youtube_pipeline_extraction' retrieved from /opt/airflow/dags/youtube_extract_pipeline.py
[2026-09-17T13:14:32.154+0000] {logging_mixin.py:190} INFO - [2026-09-17T13:14:32.153+0000] {dag.py:3239} INFO - Sync 1 DAGs
[2026-09-17T13:14:32.185+0000] {logging_mixin.py:190} INFO - [2026-09-17T13:14:32.185+0000] {dag.py:4180} INFO - Setting next_dagrun for youtube_pipeline_extraction to 2026-09-17 13:00:00+00:00, run_after=2026-09-17 14:00:00+00:00
[2026-09-17T13:14:32.217+0000] {processor.py:208} INFO - Processing /opt/airflow/dags/youtube_extract_pipeline.py took 0.200 seconds
[2026-09-17T13:15:02.621+0000] {processor.py:186} INFO - Started process (PID=4887) to work on /opt/airflow/dags/youtube_extract_pipeline.py
[2026-09-17T13:15:02.623+0000] {processor.py:914} INFO - Processing file /opt/airflow/dags/youtube_extract_pipeline.py for tasks to queue
[2026-09-17T13:15:02.625+0000] {logging_mixin.py:190} INFO - [2026-09-17T13:15:02.625+0000] {dagbag.py:588} INFO - Filling up the DagBag from /opt/airflow/dags/youtube_extract_pipeline.py
[2026-09-17T13:15:02.691+0000] {processor.py:925} INFO - DAG(s) 'youtube_pipeline_extraction' retrieved from /opt/airflow/dags/youtube_extract_pipeline.py
[2026-09-17T13:15:02.719+0000] {logging_mixin.py:190} INFO - [2026-09-17T13:15:02.718+0000] {dag.py:3239} INFO - Sync 1 DAGs
[2026-09-17T13:15:02.747+0000] {logging_mixin.py:190} INFO - [2026-09-17T13:15:02.747+0000] {dag.py:4180} INFO - Setting next_dagrun for youtube_pipeline_extraction to 2026-09-17 13:00:00+00:00, run_after=2026-09-17 14:00:00+00:00
[2026-09-17T13:15:02.774+0000] {processor.py:208} INFO - Processing /opt/airflow/dags/youtube_extract_pipeline.py took 0.159 seconds
[2026-09-17T13:15:33.207+0000] {processor.py:186} INFO - Started process (PID=4895) to work on /opt/airflow/dags/youtube_extract_pipeline.py
[2026-09-17T13:15:33.209+0000] {processor.py:914} INFO - Processing file /opt/airflow/dags/youtube_extract_pipeline.py for tasks to queue
[2026-09-17T13:15:33.211+0000] {logging_mixin.py:190} INFO - [2026-09-17T13:15:33.210+0000] {dagbag.py:588} INFO - Filling up the DagBag from /opt/airflow/dags/youtube_extract_pipeline.py
[2026-09-17T13:15:33.273+0000] {processor.py:925} INFO - DAG(s) 'youtube_pipeline_extraction' retrieved from /opt/airflow/dags/youtube_extract_pipeline.py
[2026-09-17T13:15:33.296+0000] {logging_mixin.py:190} INFO - [2026-09-17T13:15:33.296+0000] {dag.py:3239} INFO - Sync 1 DAGs
[2026-09-17T13:15:33.322+0000] {logging_mixin.py:190} INFO - [2026-09-17T13:15:33.321+0000] {dag.py:4180} INFO - Setting next_dagrun for youtube_pipeline_extraction to 2026-09-17 13:00:00+00:00, run_after=2026-09-17 14:00:00+00:00
[2026-09-17T13:15:33.343+0000] {processor.py:208} INFO - Processing /opt/airflow/dags/youtube_extract_pipeline.py took 0.141 seconds
[2026-09-17T13:16:03.515+0000] {processor.py:186} INFO - Started process (PID=4903) to work on /opt/airflow/dags/youtube_extract_pipeline.py
[2026-09-17T13:16:03.516+0000] {processor.py:914} INFO - Processing file /opt/airflow/dags/youtube_extract_pipeline.py for tasks to queue
[2026-09-17T13:16:03.518+0000] {logging_mixin.py:190} INFO - [2026-09-17T13:16:03.518+0000] {dagbag.py:588} INFO - Filling up the DagBag from /opt/airflow/dags/youtube_extract_pipeline.py
[2026-09-17T13:16:03.575+0000] {processor.py:925} INFO - DAG(s) 'youtube_pipeline_extraction' retrieved from /opt/airflow/dags/youtube_extract_pipeline.py
[2026-09-17T13:16:03.596+0000] {logging_mixin.py:190} INFO - [2026-09-17T13:16:03.596+0000] {dag.py:3239} INFO - Sync 1 DAGs
[2026-09-17T13:16:03.618+0000] {logging_mixin.py:190} INFO - [2026-09-17T13:16:03.618+0000] {dag.py:4180} INFO - Setting next_dagrun for youtube_pipeline_extraction to 2026-09-17 13:00:00+00:00, run_after=2026-09-17 14:00:00+00:00
[2026-09-17T13:16:03.638+0000] {processor.py:208} INFO - Processing /opt/airflow/dags/youtube_extract_pipeline.py took 0.129 seconds
[2026-09-17T13:16:33.947+0000] {processor.py:186} INFO - Started process (PID=4911) to work on /opt/airflow/dags/youtube_extract_pipeline.py
[2026-09-17T13:16:33.949+0000] {processor.py:914} INFO - Processing file /opt/airflow/dags/youtube_extract_pipeline.py for tasks to queue
[2026-09-17T13:16:33.951+0000] {logging_mixin.py:190} INFO - [2026-09-17T13:16:33.951+0000] {dagbag.py:588} INFO - Filling up the DagBag from /opt/airflow/dags/youtube_extract_pipeline.py
[2026-09-17T13:16:34.007+0000] {processor.py:925} INFO - DAG(s) 'youtube_pipeline_extraction' retrieved from /opt/airflow/dags/youtube_extract_pipeline.py
[2026-09-17T13:16:34.030+0000] {logging_mixin.py:190} INFO - [2026-09-17T13:16:34.030+0000] {dag.py:3239} INFO - Sync 1 DAGs
[2026-09-17T13:16:34.062+0000] {logging_mixin.py:190} INFO - [2026-09-17T13:16:34.062+0000] {dag.py:4180} INFO - Setting next_dagrun for youtube_pipeline_extraction to 2026-09-17 13:00:00+00:00, run_after=2026-09-17 14:00:00+00:00
[2026-09-17T13:16:34.090+0000] {processor.py:208} INFO - Processing /opt/airflow/dags/youtube_extract_pipeline.py took 0.149 seconds
[2026-09-17T13:17:04.296+0000] {processor.py:186} INFO - Started process (PID=4919) to work on /opt/airflow/dags/youtube_extract_pipeline.py
[2026-09-17T13:17:04.298+0000] {processor.py:914} INFO - Processing file /opt/airflow/dags/youtube_extract_pipeline.py for tasks to queue
[2026-09-17T13:17:04.300+0000] {logging_mixin.py:190} INFO - [2026-09-17T13:17:04.299+0000] {dagbag.py:588} INFO - Filling up the DagBag from /opt/airflow/dags/youtube_extract_pipeline.py
[2026-09-17T13:17:04.391+0000] {processor.py:925} INFO - DAG(s) 'youtube_pipeline_extraction' retrieved from /opt/airflow/dags/youtube_extract_pipeline.py
[2026-09-17T13:17:04.420+0000] {logging_mixin.py:190} INFO - [2026-09-17T13:17:04.420+0000] {dag.py:3239} INFO - Sync 1 DAGs
[2026-09-17T13:17:04.443+0000] {logging_mixin.py:190} INFO - [2026-09-17T13:17:04.443+0000] {dag.py:4180} INFO - Setting next_dagrun for youtube_pipeline_extraction to 2026-09-17 13:00:00+00:00, run_after=2026-09-17 14:00:00+00:00
[2026-09-17T13:17:04.464+0000] {processor.py:208} INFO - Processing /opt/airflow/dags/youtube_extract_pipeline.py took 0.174 seconds
[2026-09-17T13:17:34.700+0000] {processor.py:186} INFO - Started process (PID=4928) to work on /opt/airflow/dags/youtube_extract_pipeline.py
[2026-09-17T13:17:34.702+0000] {processor.py:914} INFO - Processing file /opt/airflow/dags/youtube_extract_pipeline.py for tasks to queue
[2026-09-17T13:17:34.704+0000] {logging_mixin.py:190} INFO - [2026-09-17T13:17:34.703+0000] {dagbag.py:588} INFO - Filling up the DagBag from /opt/airflow/dags/youtube_extract_pipeline.py
[2026-09-17T13:17:34.755+0000] {processor.py:925} INFO - DAG(s) 'youtube_pipeline_extraction' retrieved from /opt/airflow/dags/youtube_extract_pipeline.py
[2026-09-17T13:17:34.778+0000] {logging_mixin.py:190} INFO - [2026-09-17T13:17:34.778+0000] {dag.py:3239} INFO - Sync 1 DAGs
[2026-09-17T13:17:34.802+0000] {logging_mixin.py:190} INFO - [2026-09-17T13:17:34.802+0000] {dag.py:4180} INFO - Setting next_dagrun for youtube_pipeline_extraction to 2026-09-17 13:00:00+00:00, run_after=2026-09-17 14:00:00+00:00
[2026-09-17T13:17:34.821+0000] {processor.py:208} INFO - Processing /opt/airflow/dags/youtube_extract_pipeline.py took 0.126 seconds
[2026-09-17T13:18:05.056+0000] {processor.py:186} INFO - Started process (PID=4936) to work on /opt/airflow/dags/youtube_extract_pipeline.py
[2026-09-17T13:18:05.058+0000] {processor.py:914} INFO - Processing file /opt/airflow/dags/youtube_extract_pipeline.py for tasks to queue
[2026-09-17T13:18:05.060+0000] {logging_mixin.py:190} INFO - [2026-09-17T13:18:05.059+0000] {dagbag.py:588} INFO - Filling up the DagBag from /opt/airflow/dags/youtube_extract_pipeline.py
[2026-09-17T13:18:05.115+0000] {processor.py:925} INFO - DAG(s) 'youtube_pipeline_extraction' retrieved from /opt/airflow/dags/youtube_extract_pipeline.py
[2026-09-17T13:18:05.136+0000] {logging_mixin.py:190} INFO - [2026-09-17T13:18:05.135+0000] {dag.py:3239} INFO - Sync 1 DAGs
[2026-09-17T13:18:05.158+0000] {logging_mixin.py:190} INFO - [2026-09-17T13:18:05.158+0000] {dag.py:4180} INFO - Setting next_dagrun for youtube_pipeline_extraction to 2026-09-17 13:00:00+00:00, run_after=2026-09-17 14:00:00+00:00
[2026-09-17T13:18:05.178+0000] {processor.py:208} INFO - Processing /opt/airflow/dags/youtube_extract_pipeline.py took 0.127 seconds
[2026-09-17T13:18:35.570+0000] {processor.py:186} INFO - Started process (PID=4944) to work on /opt/airflow/dags/youtube_extract_pipeline.py
[2026-09-17T13:18:35.571+0000] {processor.py:914} INFO - Processing file /opt/airflow/dags/youtube_extract_pipeline.py for tasks to queue
[2026-09-17T13:18:35.573+0000] {logging_mixin.py:190} INFO - [2026-09-17T13:18:35.572+0000] {dagbag.py:588} INFO - Filling up the DagBag from /opt/airflow/dags/youtube_extract_pipeline.py
[2026-09-17T13:18:35.629+0000] {processor.py:925} INFO - DAG(s) 'youtube_pipeline_extraction' retrieved from /opt/airflow/dags/youtube_extract_pipeline.py
[2026-09-17T13:18:35.652+0000] {logging_mixin.py:190} INFO - [2026-09-17T13:18:35.652+0000] {dag.py:3239} INFO - Sync 1 DAGs
[2026-09-17T13:18:35.691+0000] {logging_mixin.py:190} INFO - [2026-09-17T13:18:35.691+0000] {dag.py:4180} INFO - Setting next_dagrun for youtube_pipeline_extraction to 2026-09-17 13:00:00+00:00, run_after=2026-09-17 14:00:00+00:00
[2026-09-17T13:18:35.710+0000] {processor.py:208} INFO - Processing /opt/airflow/dags/youtube_extract_pipeline.py took 0.146 seconds
[2026-09-17T13:19:06.078+0000] {processor.py:186} INFO - Started process (PID=4952) to work on /opt/airflow/dags/youtube_extract_pipeline.py
[2026-09-17T13:19:06.080+0000] {processor.py:914} INFO - Processing file /opt/airflow/dags/youtube_extract_pipeline.py for tasks to queue
[2026-09-17T13:19:06.082+0000] {logging_mixin.py:190} INFO - [2026-09-17T13:19:06.082+0000] {dagbag.py:588} INFO - Filling up the DagBag from /opt/airflow/dags/youtube_extract_pipeline.py
[2026-09-17T13:19:06.144+0000] {processor.py:925} INFO - DAG(s) 'youtube_pipeline_extraction' retrieved from /opt/airflow/dags/youtube_extract_pipeline.py
[2026-09-17T13:19:06.163+0000] {logging_mixin.py:190} INFO - [2026-09-17T13:19:06.163+0000] {dag.py:3239} INFO - Sync 1 DAGs
[2026-09-17T13:19:06.184+0000] {logging_mixin.py:190} INFO - [2026-09-17T13:19:06.183+0000] {dag.py:4180} INFO - Setting next_dagrun for youtube_pipeline_extraction to 2026-09-17 13:00:00+00:00, run_after=2026-09-17 14:00:00+00:00
[2026-09-17T13:19:06.204+0000] {processor.py:208} INFO - Processing /opt/airflow/dags/youtube_extract_pipeline.py took 0.132 seconds
[2026-09-17T13:19:36.601+0000] {processor.py:186} INFO - Started process (PID=4960) to work on /opt/airflow/dags/youtube_extract_pipeline.py
[2026-09-17T13:19:36.603+0000] {processor.py:914} INFO - Processing file /opt/airflow/dags/youtube_extract_pipeline.py for tasks to queue
[2026-09-17T13:19:36.604+0000] {logging_mixin.py:190} INFO - [2026-09-17T13:19:36.604+0000] {dagbag.py:588} INFO - Filling up the DagBag from /opt/airflow/dags/youtube_extract_pipeline.py
[2026-09-17T13:19:36.668+0000] {processor.py:925} INFO - DAG(s) 'youtube_pipeline_extraction' retrieved from /opt/airflow/dags/youtube_extract_pipeline.py
[2026-09-17T13:19:36.696+0000] {logging_mixin.py:190} INFO - [2026-09-17T13:19:36.696+0000] {dag.py:3239} INFO - Sync 1 DAGs
[2026-09-17T13:19:36.730+0000] {logging_mixin.py:190} INFO - [2026-09-17T13:19:36.729+0000] {dag.py:4180} INFO - Setting next_dagrun for youtube_pipeline_extraction to 2026-09-17 13:00:00+00:00, run_after=2026-09-17 14:00:00+00:00
[2026-09-17T13:19:36.754+0000] {processor.py:208} INFO - Processing /opt/airflow/dags/youtube_extract_pipeline.py took 0.162 seconds
[2026-09-17T13:20:07.009+0000] {processor.py:186} INFO - Started process (PID=4968) to work on /opt/airflow/dags/youtube_extract_pipeline.py
[2026-09-17T13:20:07.010+0000] {processor.py:914} INFO - Processing file /opt/airflow/dags/youtube_extract_pipeline.py for tasks to queue
[2026-09-17T13:20:07.012+0000] {logging_mixin.py:190} INFO - [2026-09-17T13:20:07.012+0000] {dagbag.py:588} INFO - Filling up the DagBag from /opt/airflow/dags/youtube_extract_pipeline.py
[2026-09-17T13:20:07.063+0000] {processor.py:925} INFO - DAG(s) 'youtube_pipeline_extraction' retrieved from /opt/airflow/dags/youtube_extract_pipeline.py
[2026-09-17T13:20:07.084+0000] {logging_mixin.py:190} INFO - [2026-09-17T13:20:07.084+0000] {dag.py:3239} INFO - Sync 1 DAGs
[2026-09-17T13:20:07.109+0000] {logging_mixin.py:190} INFO - [2026-09-17T13:20:07.109+0000] {dag.py:4180} INFO - Setting next_dagrun for youtube_pipeline_extraction to 2026-09-17 13:00:00+00:00, run_after=2026-09-17 14:00:00+00:00
[2026-09-17T13:20:07.128+0000] {processor.py:208} INFO - Processing /opt/airflow/dags/youtube_extract_pipeline.py took 0.128 seconds
[2026-09-17T13:20:37.465+0000] {processor.py:186} INFO - Started process (PID=4976) to work on /opt/airflow/dags/youtube_extract_pipeline.py
[2026-09-17T13:20:37.467+0000] {processor.py:914} INFO - Processing file /opt/airflow/dags/youtube_extract_pipeline.py for tasks to queue
[2026-09-17T13:20:37.485+0000] {logging_mixin.py:190} INFO - [2026-09-17T13:20:37.485+0000] {dagbag.py:588} INFO - Filling up the DagBag from /opt/airflow/dags/youtube_extract_pipeline.py
[2026-09-17T13:20:37.568+0000] {processor.py:925} INFO - DAG(s) 'youtube_pipeline_extraction' retrieved from /opt/airflow/dags/youtube_extract_pipeline.py
[2026-09-17T13:20:37.598+0000] {logging_mixin.py:190} INFO - [2026-09-17T13:20:37.598+0000] {dag.py:3239} INFO - Sync 1 DAGs
[2026-09-17T13:20:37.624+0000] {logging_mixin.py:190} INFO - [2026-09-17T13:20:37.624+0000] {dag.py:4180} INFO - Setting next_dagrun for youtube_pipeline_extraction to 2026-09-17 13:00:00+00:00, run_after=2026-09-17 14:00:00+00:00
[2026-09-17T13:20:37.642+0000] {processor.py:208} INFO - Processing /opt/airflow/dags/youtube_extract_pipeline.py took 0.184 seconds
[2026-09-17T13:21:07.988+0000] {processor.py:186} INFO - Started process (PID=4984) to work on /opt/airflow/dags/youtube_extract_pipeline.py
[2026-09-17T13:21:07.990+0000] {processor.py:914} INFO - Processing file /opt/airflow/dags/youtube_extract_pipeline.py for tasks to queue
[2026-09-17T13:21:07.991+0000] {logging_mixin.py:190} INFO - [2026-09-17T13:21:07.991+0000] {dagbag.py:588} INFO - Filling up the DagBag from /opt/airflow/dags/youtube_extract_pipeline.py
[2026-09-17T13:21:08.054+0000] {processor.py:925} INFO - DAG(s) 'youtube_pipeline_extraction' retrieved from /opt/airflow/dags/youtube_extract_pipeline.py
[2026-09-17T13:21:08.077+0000] {logging_mixin.py:190} INFO - [2026-09-17T13:21:08.077+0000] {dag.py:3239} INFO - Sync 1 DAGs
[2026-09-17T13:21:08.104+0000] {logging_mixin.py:190} INFO - [2026-09-17T13:21:08.103+0000] {dag.py:4180} INFO - Setting next_dagrun for youtube_pipeline_extraction to 2026-09-17 13:00:00+00:00, run_after=2026-09-17 14:00:00+00:00
[2026-09-17T13:21:08.124+0000] {processor.py:208} INFO - Processing /opt/airflow/dags/youtube_extract_pipeline.py took 0.143 seconds
[2026-09-17T13:21:38.304+0000] {processor.py:186} INFO - Started process (PID=4992) to work on /opt/airflow/dags/youtube_extract_pipeline.py
[2026-09-17T13:21:38.306+0000] {processor.py:914} INFO - Processing file /opt/airflow/dags/youtube_extract_pipeline.py for tasks to queue
[2026-09-17T13:21:38.308+0000] {logging_mixin.py:190} INFO - [2026-09-17T13:21:38.308+0000] {dagbag.py:588} INFO - Filling up the DagBag from /opt/airflow/dags/youtube_extract_pipeline.py
[2026-09-17T13:21:38.372+0000] {processor.py:925} INFO - DAG(s) 'youtube_pipeline_extraction' retrieved from /opt/airflow/dags/youtube_extract_pipeline.py
[2026-09-17T13:21:38.395+0000] {logging_mixin.py:190} INFO - [2026-09-17T13:21:38.395+0000] {dag.py:3239} INFO - Sync 1 DAGs
[2026-09-17T13:21:38.417+0000] {logging_mixin.py:190} INFO - [2026-09-17T13:21:38.417+0000] {dag.py:4180} INFO - Setting next_dagrun for youtube_pipeline_extraction to 2026-09-17 13:00:00+00:00, run_after=2026-09-17 14:00:00+00:00
[2026-09-17T13:21:38.450+0000] {processor.py:208} INFO - Processing /opt/airflow/dags/youtube_extract_pipeline.py took 0.152 seconds
[2026-09-17T13:22:08.745+0000] {processor.py:186} INFO - Started process (PID=5000) to work on /opt/airflow/dags/youtube_extract_pipeline.py
[2026-09-17T13:22:08.747+0000] {processor.py:914} INFO - Processing file /opt/airflow/dags/youtube_extract_pipeline.py for tasks to queue
[2026-09-17T13:22:08.750+0000] {logging_mixin.py:190} INFO - [2026-09-17T13:22:08.750+0000] {dagbag.py:588} INFO - Filling up the DagBag from /opt/airflow/dags/youtube_extract_pipeline.py
[2026-09-17T13:22:08.817+0000] {processor.py:925} INFO - DAG(s) 'youtube_pipeline_extraction' retrieved from /opt/airflow/dags/youtube_extract_pipeline.py
[2026-09-17T13:22:08.841+0000] {logging_mixin.py:190} INFO - [2026-09-17T13:22:08.841+0000] {dag.py:3239} INFO - Sync 1 DAGs
[2026-09-17T13:22:08.872+0000] {logging_mixin.py:190} INFO - [2026-09-17T13:22:08.871+0000] {dag.py:4180} INFO - Setting next_dagrun for youtube_pipeline_extraction to 2026-09-17 13:00:00+00:00, run_after=2026-09-17 14:00:00+00:00
[2026-09-17T13:22:08.896+0000] {processor.py:208} INFO - Processing /opt/airflow/dags/youtube_extract_pipeline.py took 0.157 seconds
[2026-09-17T13:22:39.294+0000] {processor.py:186} INFO - Started process (PID=5008) to work on /opt/airflow/dags/youtube_extract_pipeline.py
[2026-09-17T13:22:39.296+0000] {processor.py:914} INFO - Processing file /opt/airflow/dags/youtube_extract_pipeline.py for tasks to queue
[2026-09-17T13:22:39.298+0000] {logging_mixin.py:190} INFO - [2026-09-17T13:22:39.297+0000] {dagbag.py:588} INFO - Filling up the DagBag from /opt/airflow/dags/youtube_extract_pipeline.py
[2026-09-17T13:22:39.369+0000] {processor.py:925} INFO - DAG(s) 'youtube_pipeline_extraction' retrieved from /opt/airflow/dags/youtube_extract_pipeline.py
[2026-09-17T13:22:39.395+0000] {logging_mixin.py:190} INFO - [2026-09-17T13:22:39.395+0000] {dag.py:3239} INFO - Sync 1 DAGs
[2026-09-17T13:22:39.420+0000] {logging_mixin.py:190} INFO - [2026-09-17T13:22:39.420+0000] {dag.py:4180} INFO - Setting next_dagrun for youtube_pipeline_extraction to 2026-09-17 13:00:00+00:00, run_after=2026-09-17 14:00:00+00:00
[2026-09-17T13:22:39.442+0000] {processor.py:208} INFO - Processing /opt/airflow/dags/youtube_extract_pipeline.py took 0.158 seconds
[2026-09-17T13:23:09.631+0000] {processor.py:186} INFO - Started process (PID=5016) to work on /opt/airflow/dags/youtube_extract_pipeline.py
[2026-09-17T13:23:09.632+0000] {processor.py:914} INFO - Processing file /opt/airflow/dags/youtube_extract_pipeline.py for tasks to queue
[2026-09-17T13:23:09.634+0000] {logging_mixin.py:190} INFO - [2026-09-17T13:23:09.634+0000] {dagbag.py:588} INFO - Filling up the DagBag from /opt/airflow/dags/youtube_extract_pipeline.py
[2026-09-17T13:23:09.695+0000] {processor.py:925} INFO - DAG(s) 'youtube_pipeline_extraction' retrieved from /opt/airflow/dags/youtube_extract_pipeline.py
[2026-09-17T13:23:09.723+0000] {logging_mixin.py:190} INFO - [2026-09-17T13:23:09.722+0000] {dag.py:3239} INFO - Sync 1 DAGs
[2026-09-17T13:23:09.745+0000] {logging_mixin.py:190} INFO - [2026-09-17T13:23:09.745+0000] {dag.py:4180} INFO - Setting next_dagrun for youtube_pipeline_extraction to 2026-09-17 13:00:00+00:00, run_after=2026-09-17 14:00:00+00:00
[2026-09-17T13:23:09.763+0000] {processor.py:208} INFO - Processing /opt/airflow/dags/youtube_extract_pipeline.py took 0.139 seconds
[2026-09-17T13:23:40.105+0000] {processor.py:186} INFO - Started process (PID=5024) to work on /opt/airflow/dags/youtube_extract_pipeline.py
[2026-09-17T13:23:40.107+0000] {processor.py:914} INFO - Processing file /opt/airflow/dags/youtube_extract_pipeline.py for tasks to queue
[2026-09-17T13:23:40.109+0000] {logging_mixin.py:190} INFO - [2026-09-17T13:23:40.109+0000] {dagbag.py:588} INFO - Filling up the DagBag from /opt/airflow/dags/youtube_extract_pipeline.py
[2026-09-17T13:23:40.182+0000] {processor.py:925} INFO - DAG(s) 'youtube_pipeline_extraction' retrieved from /opt/airflow/dags/youtube_extract_pipeline.py
[2026-09-17T13:23:40.234+0000] {logging_mixin.py:190} INFO - [2026-09-17T13:23:40.234+0000] {dag.py:3239} INFO - Sync 1 DAGs
[2026-09-17T13:23:40.265+0000] {logging_mixin.py:190} INFO - [2026-09-17T13:23:40.265+0000] {dag.py:4180} INFO - Setting next_dagrun for youtube_pipeline_extraction to 2026-09-17 13:00:00+00:00, run_after=2026-09-17 14:00:00+00:00
[2026-09-17T13:23:40.287+0000] {processor.py:208} INFO - Processing /opt/airflow/dags/youtube_extract_pipeline.py took 0.189 seconds
[2026-09-17T13:24:10.649+0000] {processor.py:186} INFO - Started process (PID=5032) to work on /opt/airflow/dags/youtube_extract_pipeline.py
[2026-09-17T13:24:10.651+0000] {processor.py:914} INFO - Processing file /opt/airflow/dags/youtube_extract_pipeline.py for tasks to queue
[2026-09-17T13:24:10.654+0000] {logging_mixin.py:190} INFO - [2026-09-17T13:24:10.654+0000] {dagbag.py:588} INFO - Filling up the DagBag from /opt/airflow/dags/youtube_extract_pipeline.py
[2026-09-17T13:24:10.782+0000] {processor.py:925} INFO - DAG(s) 'youtube_pipeline_extraction' retrieved from /opt/airflow/dags/youtube_extract_pipeline.py
[2026-09-17T13:24:10.830+0000] {logging_mixin.py:190} INFO - [2026-09-17T13:24:10.830+0000] {dag.py:3239} INFO - Sync 1 DAGs
[2026-09-17T13:24:10.866+0000] {logging_mixin.py:190} INFO - [2026-09-17T13:24:10.866+0000] {dag.py:4180} INFO - Setting next_dagrun for youtube_pipeline_extraction to 2026-09-17 13:00:00+00:00, run_after=2026-09-17 14:00:00+00:00
[2026-09-17T13:24:10.894+0000] {processor.py:208} INFO - Processing /opt/airflow/dags/youtube_extract_pipeline.py took 0.252 seconds
[2026-09-17T13:24:41.242+0000] {processor.py:186} INFO - Started process (PID=5040) to work on /opt/airflow/dags/youtube_extract_pipeline.py
[2026-09-17T13:24:41.244+0000] {processor.py:914} INFO - Processing file /opt/airflow/dags/youtube_extract_pipeline.py for tasks to queue
[2026-09-17T13:24:41.246+0000] {logging_mixin.py:190} INFO - [2026-09-17T13:24:41.245+0000] {dagbag.py:588} INFO - Filling up the DagBag from /opt/airflow/dags/youtube_extract_pipeline.py
[2026-09-17T13:24:41.314+0000] {processor.py:925} INFO - DAG(s) 'youtube_pipeline_extraction' retrieved from /opt/airflow/dags/youtube_extract_pipeline.py
[2026-09-17T13:24:41.338+0000] {logging_mixin.py:190} INFO - [2026-09-17T13:24:41.338+0000] {dag.py:3239} INFO - Sync 1 DAGs
[2026-09-17T13:24:41.363+0000] {logging_mixin.py:190} INFO - [2026-09-17T13:24:41.363+0000] {dag.py:4180} INFO - Setting next_dagrun for youtube_pipeline_extraction to 2026-09-17 13:00:00+00:00, run_after=2026-09-17 14:00:00+00:00
[2026-09-17T13:24:41.383+0000] {processor.py:208} INFO - Processing /opt/airflow/dags/youtube_extract_pipeline.py took 0.147 seconds
[2026-09-17T13:25:11.620+0000] {processor.py:186} INFO - Started process (PID=5048) to work on /opt/airflow/dags/youtube_extract_pipeline.py
[2026-09-17T13:25:11.621+0000] {processor.py:914} INFO - Processing file /opt/airflow/dags/youtube_extract_pipeline.py for tasks to queue
[2026-09-17T13:25:11.623+0000] {logging_mixin.py:190} INFO - [2026-09-17T13:25:11.623+0000] {dagbag.py:588} INFO - Filling up the DagBag from /opt/airflow/dags/youtube_extract_pipeline.py
[2026-09-17T13:25:11.698+0000] {processor.py:925} INFO - DAG(s) 'youtube_pipeline_extraction' retrieved from /opt/airflow/dags/youtube_extract_pipeline.py
[2026-09-17T13:25:11.721+0000] {logging_mixin.py:190} INFO - [2026-09-17T13:25:11.721+0000] {dag.py:3239} INFO - Sync 1 DAGs
[2026-09-17T13:25:11.744+0000] {logging_mixin.py:190} INFO - [2026-09-17T13:25:11.744+0000] {dag.py:4180} INFO - Setting next_dagrun for youtube_pipeline_extraction to 2026-09-17 13:00:00+00:00, run_after=2026-09-17 14:00:00+00:00
[2026-09-17T13:25:11.765+0000] {processor.py:208} INFO - Processing /opt/airflow/dags/youtube_extract_pipeline.py took 0.151 seconds
[2026-09-17T13:25:42.122+0000] {processor.py:186} INFO - Started process (PID=5056) to work on /opt/airflow/dags/youtube_extract_pipeline.py
[2026-09-17T13:25:42.124+0000] {processor.py:914} INFO - Processing file /opt/airflow/dags/youtube_extract_pipeline.py for tasks to queue
[2026-09-17T13:25:42.126+0000] {logging_mixin.py:190} INFO - [2026-09-17T13:25:42.125+0000] {dagbag.py:588} INFO - Filling up the DagBag from /opt/airflow/dags/youtube_extract_pipeline.py
[2026-09-17T13:25:42.191+0000] {processor.py:925} INFO - DAG(s) 'youtube_pipeline_extraction' retrieved from /opt/airflow/dags/youtube_extract_pipeline.py
[2026-09-17T13:25:42.218+0000] {logging_mixin.py:190} INFO - [2026-09-17T13:25:42.218+0000] {dag.py:3239} INFO - Sync 1 DAGs
[2026-09-17T13:25:42.246+0000] {logging_mixin.py:190} INFO - [2026-09-17T13:25:42.246+0000] {dag.py:4180} INFO - Setting next_dagrun for youtube_pipeline_extraction to 2026-09-17 13:00:00+00:00, run_after=2026-09-17 14:00:00+00:00
[2026-09-17T13:25:42.272+0000] {processor.py:208} INFO - Processing /opt/airflow/dags/youtube_extract_pipeline.py took 0.158 seconds
[2026-09-17T13:26:12.434+0000] {processor.py:186} INFO - Started process (PID=5064) to work on /opt/airflow/dags/youtube_extract_pipeline.py
[2026-09-17T13:26:12.437+0000] {processor.py:914} INFO - Processing file /opt/airflow/dags/youtube_extract_pipeline.py for tasks to queue
[2026-09-17T13:26:12.439+0000] {logging_mixin.py:190} INFO - [2026-09-17T13:26:12.439+0000] {dagbag.py:588} INFO - Filling up the DagBag from /opt/airflow/dags/youtube_extract_pipeline.py
[2026-09-17T13:26:12.499+0000] {processor.py:925} INFO - DAG(s) 'youtube_pipeline_extraction' retrieved from /opt/airflow/dags/youtube_extract_pipeline.py
[2026-09-17T13:26:12.523+0000] {logging_mixin.py:190} INFO - [2026-09-17T13:26:12.523+0000] {dag.py:3239} INFO - Sync 1 DAGs
[2026-09-17T13:26:12.555+0000] {logging_mixin.py:190} INFO - [2026-09-17T13:26:12.555+0000] {dag.py:4180} INFO - Setting next_dagrun for youtube_pipeline_extraction to 2026-09-17 13:00:00+00:00, run_after=2026-09-17 14:00:00+00:00
[2026-09-17T13:26:12.582+0000] {processor.py:208} INFO - Processing /opt/airflow/dags/youtube_extract_pipeline.py took 0.154 seconds
[2026-09-17T13:26:42.969+0000] {processor.py:186} INFO - Started process (PID=5072) to work on /opt/airflow/dags/youtube_extract_pipeline.py
[2026-09-17T13:26:42.971+0000] {processor.py:914} INFO - Processing file /opt/airflow/dags/youtube_extract_pipeline.py for tasks to queue
[2026-09-17T13:26:42.973+0000] {logging_mixin.py:190} INFO - [2026-09-17T13:26:42.973+0000] {dagbag.py:588} INFO - Filling up the DagBag from /opt/airflow/dags/youtube_extract_pipeline.py
[2026-09-17T13:26:43.051+0000] {processor.py:925} INFO - DAG(s) 'youtube_pipeline_extraction' retrieved from /opt/airflow/dags/youtube_extract_pipeline.py
[2026-09-17T13:26:43.083+0000] {logging_mixin.py:190} INFO - [2026-09-17T13:26:43.082+0000] {dag.py:3239} INFO - Sync 1 DAGs
[2026-09-17T13:26:43.112+0000] {logging_mixin.py:190} INFO - [2026-09-17T13:26:43.111+0000] {dag.py:4180} INFO - Setting next_dagrun for youtube_pipeline_extraction to 2026-09-17 13:00:00+00:00, run_after=2026-09-17 14:00:00+00:00
[2026-09-17T13:26:43.136+0000] {processor.py:208} INFO - Processing /opt/airflow/dags/youtube_extract_pipeline.py took 0.175 seconds
[2026-09-17T13:27:13.513+0000] {processor.py:186} INFO - Started process (PID=5080) to work on /opt/airflow/dags/youtube_extract_pipeline.py
[2026-09-17T13:27:13.514+0000] {processor.py:914} INFO - Processing file /opt/airflow/dags/youtube_extract_pipeline.py for tasks to queue
[2026-09-17T13:27:13.517+0000] {logging_mixin.py:190} INFO - [2026-09-17T13:27:13.516+0000] {dagbag.py:588} INFO - Filling up the DagBag from /opt/airflow/dags/youtube_extract_pipeline.py
[2026-09-17T13:27:13.580+0000] {processor.py:925} INFO - DAG(s) 'youtube_pipeline_extraction' retrieved from /opt/airflow/dags/youtube_extract_pipeline.py
[2026-09-17T13:27:13.606+0000] {logging_mixin.py:190} INFO - [2026-09-17T13:27:13.606+0000] {dag.py:3239} INFO - Sync 1 DAGs
[2026-09-17T13:27:13.640+0000] {logging_mixin.py:190} INFO - [2026-09-17T13:27:13.640+0000] {dag.py:4180} INFO - Setting next_dagrun for youtube_pipeline_extraction to 2026-09-17 13:00:00+00:00, run_after=2026-09-17 14:00:00+00:00
[2026-09-17T13:27:13.669+0000] {processor.py:208} INFO - Processing /opt/airflow/dags/youtube_extract_pipeline.py took 0.163 seconds
[2026-09-17T13:27:43.854+0000] {processor.py:186} INFO - Started process (PID=5088) to work on /opt/airflow/dags/youtube_extract_pipeline.py
[2026-09-17T13:27:43.856+0000] {processor.py:914} INFO - Processing file /opt/airflow/dags/youtube_extract_pipeline.py for tasks to queue
[2026-09-17T13:27:43.858+0000] {logging_mixin.py:190} INFO - [2026-09-17T13:27:43.857+0000] {dagbag.py:588} INFO - Filling up the DagBag from /opt/airflow/dags/youtube_extract_pipeline.py
[2026-09-17T13:27:43.943+0000] {processor.py:925} INFO - DAG(s) 'youtube_pipeline_extraction' retrieved from /opt/airflow/dags/youtube_extract_pipeline.py
[2026-09-17T13:27:43.981+0000] {logging_mixin.py:190} INFO - [2026-09-17T13:27:43.981+0000] {dag.py:3239} INFO - Sync 1 DAGs
[2026-09-17T13:27:44.016+0000] {logging_mixin.py:190} INFO - [2026-09-17T13:27:44.016+0000] {dag.py:4180} INFO - Setting next_dagrun for youtube_pipeline_extraction to 2026-09-17 13:00:00+00:00, run_after=2026-09-17 14:00:00+00:00
[2026-09-17T13:27:44.041+0000] {processor.py:208} INFO - Processing /opt/airflow/dags/youtube_extract_pipeline.py took 0.193 seconds
[2026-09-17T13:28:14.318+0000] {processor.py:186} INFO - Started process (PID=5096) to work on /opt/airflow/dags/youtube_extract_pipeline.py
[2026-09-17T13:28:14.319+0000] {processor.py:914} INFO - Processing file /opt/airflow/dags/youtube_extract_pipeline.py for tasks to queue
[2026-09-17T13:28:14.321+0000] {logging_mixin.py:190} INFO - [2026-09-17T13:28:14.321+0000] {dagbag.py:588} INFO - Filling up the DagBag from /opt/airflow/dags/youtube_extract_pipeline.py
[2026-09-17T13:28:14.377+0000] {processor.py:925} INFO - DAG(s) 'youtube_pipeline_extraction' retrieved from /opt/airflow/dags/youtube_extract_pipeline.py
[2026-09-17T13:28:14.396+0000] {logging_mixin.py:190} INFO - [2026-09-17T13:28:14.396+0000] {dag.py:3239} INFO - Sync 1 DAGs
[2026-09-17T13:28:14.416+0000] {logging_mixin.py:190} INFO - [2026-09-17T13:28:14.416+0000] {dag.py:4180} INFO - Setting next_dagrun for youtube_pipeline_extraction to 2026-09-17 13:00:00+00:00, run_after=2026-09-17 14:00:00+00:00
[2026-09-17T13:28:14.436+0000] {processor.py:208} INFO - Processing /opt/airflow/dags/youtube_extract_pipeline.py took 0.123 seconds
[2026-09-17T13:28:44.787+0000] {processor.py:186} INFO - Started process (PID=5104) to work on /opt/airflow/dags/youtube_extract_pipeline.py
[2026-09-17T13:28:44.789+0000] {processor.py:914} INFO - Processing file /opt/airflow/dags/youtube_extract_pipeline.py for tasks to queue
[2026-09-17T13:28:44.791+0000] {logging_mixin.py:190} INFO - [2026-09-17T13:28:44.790+0000] {dagbag.py:588} INFO - Filling up the DagBag from /opt/airflow/dags/youtube_extract_pipeline.py
[2026-09-17T13:28:44.855+0000] {processor.py:925} INFO - DAG(s) 'youtube_pipeline_extraction' retrieved from /opt/airflow/dags/youtube_extract_pipeline.py
[2026-09-17T13:28:44.874+0000] {logging_mixin.py:190} INFO - [2026-09-17T13:28:44.873+0000] {dag.py:3239} INFO - Sync 1 DAGs
[2026-09-17T13:28:44.894+0000] {logging_mixin.py:190} INFO - [2026-09-17T13:28:44.893+0000] {dag.py:4180} INFO - Setting next_dagrun for youtube_pipeline_extraction to 2026-09-17 13:00:00+00:00, run_after=2026-09-17 14:00:00+00:00
[2026-09-17T13:28:44.912+0000] {processor.py:208} INFO - Processing /opt/airflow/dags/youtube_extract_pipeline.py took 0.130 seconds
[2026-09-17T13:29:15.275+0000] {processor.py:186} INFO - Started process (PID=5112) to work on /opt/airflow/dags/youtube_extract_pipeline.py
[2026-09-17T13:29:15.277+0000] {processor.py:914} INFO - Processing file /opt/airflow/dags/youtube_extract_pipeline.py for tasks to queue
[2026-09-17T13:29:15.280+0000] {logging_mixin.py:190} INFO - [2026-09-17T13:29:15.279+0000] {dagbag.py:588} INFO - Filling up the DagBag from /opt/airflow/dags/youtube_extract_pipeline.py
[2026-09-17T13:29:15.334+0000] {processor.py:925} INFO - DAG(s) 'youtube_pipeline_extraction' retrieved from /opt/airflow/dags/youtube_extract_pipeline.py
[2026-09-17T13:29:15.355+0000] {logging_mixin.py:190} INFO - [2026-09-17T13:29:15.355+0000] {dag.py:3239} INFO - Sync 1 DAGs
[2026-09-17T13:29:15.380+0000] {logging_mixin.py:190} INFO - [2026-09-17T13:29:15.379+0000] {dag.py:4180} INFO - Setting next_dagrun for youtube_pipeline_extraction to 2026-09-17 13:00:00+00:00, run_after=2026-09-17 14:00:00+00:00
[2026-09-17T13:29:15.399+0000] {processor.py:208} INFO - Processing /opt/airflow/dags/youtube_extract_pipeline.py took 0.130 seconds
[2026-09-17T13:29:45.767+0000] {processor.py:186} INFO - Started process (PID=5120) to work on /opt/airflow/dags/youtube_extract_pipeline.py
[2026-09-17T13:29:45.770+0000] {processor.py:914} INFO - Processing file /opt/airflow/dags/youtube_extract_pipeline.py for tasks to queue
[2026-09-17T13:29:45.772+0000] {logging_mixin.py:190} INFO - [2026-09-17T13:29:45.772+0000] {dagbag.py:588} INFO - Filling up the DagBag from /opt/airflow/dags/youtube_extract_pipeline.py
[2026-09-17T13:29:45.828+0000] {processor.py:925} INFO - DAG(s) 'youtube_pipeline_extraction' retrieved from /opt/airflow/dags/youtube_extract_pipeline.py
[2026-09-17T13:29:45.850+0000] {logging_mixin.py:190} INFO - [2026-09-17T13:29:45.850+0000] {dag.py:3239} INFO - Sync 1 DAGs
[2026-09-17T13:29:45.878+0000] {logging_mixin.py:190} INFO - [2026-09-17T13:29:45.877+0000] {dag.py:4180} INFO - Setting next_dagrun for youtube_pipeline_extraction to 2026-09-17 13:00:00+00:00, run_after=2026-09-17 14:00:00+00:00
[2026-09-17T13:29:45.898+0000] {processor.py:208} INFO - Processing /opt/airflow/dags/youtube_extract_pipeline.py took 0.135 seconds
[2026-09-17T13:30:16.185+0000] {processor.py:186} INFO - Started process (PID=5128) to work on /opt/airflow/dags/youtube_extract_pipeline.py
[2026-09-17T13:30:16.186+0000] {processor.py:914} INFO - Processing file /opt/airflow/dags/youtube_extract_pipeline.py for tasks to queue
[2026-09-17T13:30:16.188+0000] {logging_mixin.py:190} INFO - [2026-09-17T13:30:16.188+0000] {dagbag.py:588} INFO - Filling up the DagBag from /opt/airflow/dags/youtube_extract_pipeline.py
[2026-09-17T13:30:16.242+0000] {processor.py:925} INFO - DAG(s) 'youtube_pipeline_extraction' retrieved from /opt/airflow/dags/youtube_extract_pipeline.py
[2026-09-17T13:30:16.264+0000] {logging_mixin.py:190} INFO - [2026-09-17T13:30:16.263+0000] {dag.py:3239} INFO - Sync 1 DAGs
[2026-09-17T13:30:16.286+0000] {logging_mixin.py:190} INFO - [2026-09-17T13:30:16.286+0000] {dag.py:4180} INFO - Setting next_dagrun for youtube_pipeline_extraction to 2026-09-17 13:00:00+00:00, run_after=2026-09-17 14:00:00+00:00
[2026-09-17T13:30:16.308+0000] {processor.py:208} INFO - Processing /opt/airflow/dags/youtube_extract_pipeline.py took 0.129 seconds
[2026-09-17T13:30:46.680+0000] {processor.py:186} INFO - Started process (PID=5136) to work on /opt/airflow/dags/youtube_extract_pipeline.py
[2026-09-17T13:30:46.682+0000] {processor.py:914} INFO - Processing file /opt/airflow/dags/youtube_extract_pipeline.py for tasks to queue
[2026-09-17T13:30:46.684+0000] {logging_mixin.py:190} INFO - [2026-09-17T13:30:46.684+0000] {dagbag.py:588} INFO - Filling up the DagBag from /opt/airflow/dags/youtube_extract_pipeline.py
[2026-09-17T13:30:46.736+0000] {processor.py:925} INFO - DAG(s) 'youtube_pipeline_extraction' retrieved from /opt/airflow/dags/youtube_extract_pipeline.py
[2026-09-17T13:30:46.756+0000] {logging_mixin.py:190} INFO - [2026-09-17T13:30:46.756+0000] {dag.py:3239} INFO - Sync 1 DAGs
[2026-09-17T13:30:46.779+0000] {logging_mixin.py:190} INFO - [2026-09-17T13:30:46.779+0000] {dag.py:4180} INFO - Setting next_dagrun for youtube_pipeline_extraction to 2026-09-17 13:00:00+00:00, run_after=2026-09-17 14:00:00+00:00
[2026-09-17T13:30:46.811+0000] {processor.py:208} INFO - Processing /opt/airflow/dags/youtube_extract_pipeline.py took 0.136 seconds
[2026-09-17T13:31:17.066+0000] {processor.py:186} INFO - Started process (PID=5144) to work on /opt/airflow/dags/youtube_extract_pipeline.py
[2026-09-17T13:31:17.067+0000] {processor.py:914} INFO - Processing file /opt/airflow/dags/youtube_extract_pipeline.py for tasks to queue
[2026-09-17T13:31:17.069+0000] {logging_mixin.py:190} INFO - [2026-09-17T13:31:17.069+0000] {dagbag.py:588} INFO - Filling up the DagBag from /opt/airflow/dags/youtube_extract_pipeline.py
[2026-09-17T13:31:17.125+0000] {processor.py:925} INFO - DAG(s) 'youtube_pipeline_extraction' retrieved from /opt/airflow/dags/youtube_extract_pipeline.py
[2026-09-17T13:31:17.147+0000] {logging_mixin.py:190} INFO - [2026-09-17T13:31:17.146+0000] {dag.py:3239} INFO - Sync 1 DAGs
[2026-09-17T13:31:17.171+0000] {logging_mixin.py:190} INFO - [2026-09-17T13:31:17.170+0000] {dag.py:4180} INFO - Setting next_dagrun for youtube_pipeline_extraction to 2026-09-17 13:00:00+00:00, run_after=2026-09-17 14:00:00+00:00
[2026-09-17T13:31:17.196+0000] {processor.py:208} INFO - Processing /opt/airflow/dags/youtube_extract_pipeline.py took 0.136 seconds
[2026-09-17T13:31:47.495+0000] {processor.py:186} INFO - Started process (PID=5152) to work on /opt/airflow/dags/youtube_extract_pipeline.py
[2026-09-17T13:31:47.496+0000] {processor.py:914} INFO - Processing file /opt/airflow/dags/youtube_extract_pipeline.py for tasks to queue
[2026-09-17T13:31:47.499+0000] {logging_mixin.py:190} INFO - [2026-09-17T13:31:47.499+0000] {dagbag.py:588} INFO - Filling up the DagBag from /opt/airflow/dags/youtube_extract_pipeline.py
[2026-09-17T13:31:47.573+0000] {processor.py:925} INFO - DAG(s) 'youtube_pipeline_extraction' retrieved from /opt/airflow/dags/youtube_extract_pipeline.py
[2026-09-17T13:31:47.599+0000] {logging_mixin.py:190} INFO - [2026-09-17T13:31:47.598+0000] {dag.py:3239} INFO - Sync 1 DAGs
[2026-09-17T13:31:47.632+0000] {logging_mixin.py:190} INFO - [2026-09-17T13:31:47.632+0000] {dag.py:4180} INFO - Setting next_dagrun for youtube_pipeline_extraction to 2026-09-17 13:00:00+00:00, run_after=2026-09-17 14:00:00+00:00
[2026-09-17T13:31:47.652+0000] {processor.py:208} INFO - Processing /opt/airflow/dags/youtube_extract_pipeline.py took 0.167 seconds
[2026-09-17T13:32:18.056+0000] {processor.py:186} INFO - Started process (PID=5160) to work on /opt/airflow/dags/youtube_extract_pipeline.py
[2026-09-17T13:32:18.057+0000] {processor.py:914} INFO - Processing file /opt/airflow/dags/youtube_extract_pipeline.py for tasks to queue
[2026-09-17T13:32:18.059+0000] {logging_mixin.py:190} INFO - [2026-09-17T13:32:18.059+0000] {dagbag.py:588} INFO - Filling up the DagBag from /opt/airflow/dags/youtube_extract_pipeline.py
[2026-09-17T13:32:18.116+0000] {processor.py:925} INFO - DAG(s) 'youtube_pipeline_extraction' retrieved from /opt/airflow/dags/youtube_extract_pipeline.py
[2026-09-17T13:32:18.136+0000] {logging_mixin.py:190} INFO - [2026-09-17T13:32:18.136+0000] {dag.py:3239} INFO - Sync 1 DAGs
[2026-09-17T13:32:18.160+0000] {logging_mixin.py:190} INFO - [2026-09-17T13:32:18.160+0000] {dag.py:4180} INFO - Setting next_dagrun for youtube_pipeline_extraction to 2026-09-17 13:00:00+00:00, run_after=2026-09-17 14:00:00+00:00
[2026-09-17T13:32:18.185+0000] {processor.py:208} INFO - Processing /opt/airflow/dags/youtube_extract_pipeline.py took 0.135 seconds
[2026-09-17T13:32:48.548+0000] {processor.py:186} INFO - Started process (PID=5168) to work on /opt/airflow/dags/youtube_extract_pipeline.py
[2026-09-17T13:32:48.550+0000] {processor.py:914} INFO - Processing file /opt/airflow/dags/youtube_extract_pipeline.py for tasks to queue
[2026-09-17T13:32:48.552+0000] {logging_mixin.py:190} INFO - [2026-09-17T13:32:48.551+0000] {dagbag.py:588} INFO - Filling up the DagBag from /opt/airflow/dags/youtube_extract_pipeline.py
[2026-09-17T13:32:48.606+0000] {processor.py:925} INFO - DAG(s) 'youtube_pipeline_extraction' retrieved from /opt/airflow/dags/youtube_extract_pipeline.py
[2026-09-17T13:32:48.629+0000] {logging_mixin.py:190} INFO - [2026-09-17T13:32:48.629+0000] {dag.py:3239} INFO - Sync 1 DAGs
[2026-09-17T13:32:48.655+0000] {logging_mixin.py:190} INFO - [2026-09-17T13:32:48.654+0000] {dag.py:4180} INFO - Setting next_dagrun for youtube_pipeline_extraction to 2026-09-17 13:00:00+00:00, run_after=2026-09-17 14:00:00+00:00
[2026-09-17T13:32:48.676+0000] {processor.py:208} INFO - Processing /opt/airflow/dags/youtube_extract_pipeline.py took 0.134 seconds
[2026-09-17T13:33:18.961+0000] {processor.py:186} INFO - Started process (PID=5176) to work on /opt/airflow/dags/youtube_extract_pipeline.py
[2026-09-17T13:33:18.964+0000] {processor.py:914} INFO - Processing file /opt/airflow/dags/youtube_extract_pipeline.py for tasks to queue
[2026-09-17T13:33:18.967+0000] {logging_mixin.py:190} INFO - [2026-09-17T13:33:18.966+0000] {dagbag.py:588} INFO - Filling up the DagBag from /opt/airflow/dags/youtube_extract_pipeline.py
[2026-09-17T13:33:19.068+0000] {processor.py:925} INFO - DAG(s) 'youtube_pipeline_extraction' retrieved from /opt/airflow/dags/youtube_extract_pipeline.py
[2026-09-17T13:33:19.108+0000] {logging_mixin.py:190} INFO - [2026-09-17T13:33:19.107+0000] {dag.py:3239} INFO - Sync 1 DAGs
[2026-09-17T13:33:19.147+0000] {logging_mixin.py:190} INFO - [2026-09-17T13:33:19.147+0000] {dag.py:4180} INFO - Setting next_dagrun for youtube_pipeline_extraction to 2026-09-17 13:00:00+00:00, run_after=2026-09-17 14:00:00+00:00
[2026-09-17T13:33:19.183+0000] {processor.py:208} INFO - Processing /opt/airflow/dags/youtube_extract_pipeline.py took 0.236 seconds
[2026-09-17T13:33:49.693+0000] {processor.py:186} INFO - Started process (PID=5184) to work on /opt/airflow/dags/youtube_extract_pipeline.py
[2026-09-17T13:33:49.696+0000] {processor.py:914} INFO - Processing file /opt/airflow/dags/youtube_extract_pipeline.py for tasks to queue
[2026-09-17T13:33:49.703+0000] {logging_mixin.py:190} INFO - [2026-09-17T13:33:49.701+0000] {dagbag.py:588} INFO - Filling up the DagBag from /opt/airflow/dags/youtube_extract_pipeline.py
[2026-09-17T13:33:49.905+0000] {processor.py:925} INFO - DAG(s) 'youtube_pipeline_extraction' retrieved from /opt/airflow/dags/youtube_extract_pipeline.py
[2026-09-17T13:33:49.951+0000] {logging_mixin.py:190} INFO - [2026-09-17T13:33:49.951+0000] {dag.py:3239} INFO - Sync 1 DAGs
[2026-09-17T13:33:49.990+0000] {logging_mixin.py:190} INFO - [2026-09-17T13:33:49.990+0000] {dag.py:4180} INFO - Setting next_dagrun for youtube_pipeline_extraction to 2026-09-17 13:00:00+00:00, run_after=2026-09-17 14:00:00+00:00
[2026-09-17T13:33:50.017+0000] {processor.py:208} INFO - Processing /opt/airflow/dags/youtube_extract_pipeline.py took 0.345 seconds
[2026-09-17T13:34:20.375+0000] {processor.py:186} INFO - Started process (PID=5193) to work on /opt/airflow/dags/youtube_extract_pipeline.py
[2026-09-17T13:34:20.377+0000] {processor.py:914} INFO - Processing file /opt/airflow/dags/youtube_extract_pipeline.py for tasks to queue
[2026-09-17T13:34:20.381+0000] {logging_mixin.py:190} INFO - [2026-09-17T13:34:20.380+0000] {dagbag.py:588} INFO - Filling up the DagBag from /opt/airflow/dags/youtube_extract_pipeline.py
[2026-09-17T13:34:20.494+0000] {processor.py:925} INFO - DAG(s) 'youtube_pipeline_extraction' retrieved from /opt/airflow/dags/youtube_extract_pipeline.py
[2026-09-17T13:34:20.535+0000] {logging_mixin.py:190} INFO - [2026-09-17T13:34:20.535+0000] {dag.py:3239} INFO - Sync 1 DAGs
[2026-09-17T13:34:20.578+0000] {logging_mixin.py:190} INFO - [2026-09-17T13:34:20.578+0000] {dag.py:4180} INFO - Setting next_dagrun for youtube_pipeline_extraction to 2026-09-17 13:00:00+00:00, run_after=2026-09-17 14:00:00+00:00
[2026-09-17T13:34:20.638+0000] {processor.py:208} INFO - Processing /opt/airflow/dags/youtube_extract_pipeline.py took 0.289 seconds
[2026-09-17T13:34:51.313+0000] {processor.py:186} INFO - Started process (PID=5201) to work on /opt/airflow/dags/youtube_extract_pipeline.py
[2026-09-17T13:34:51.317+0000] {processor.py:914} INFO - Processing file /opt/airflow/dags/youtube_extract_pipeline.py for tasks to queue
[2026-09-17T13:34:51.321+0000] {logging_mixin.py:190} INFO - [2026-09-17T13:34:51.320+0000] {dagbag.py:588} INFO - Filling up the DagBag from /opt/airflow/dags/youtube_extract_pipeline.py
[2026-09-17T13:34:51.433+0000] {processor.py:925} INFO - DAG(s) 'youtube_pipeline_extraction' retrieved from /opt/airflow/dags/youtube_extract_pipeline.py
[2026-09-17T13:34:51.481+0000] {logging_mixin.py:190} INFO - [2026-09-17T13:34:51.480+0000] {dag.py:3239} INFO - Sync 1 DAGs
[2026-09-17T13:34:51.584+0000] {logging_mixin.py:190} INFO - [2026-09-17T13:34:51.583+0000] {dag.py:4180} INFO - Setting next_dagrun for youtube_pipeline_extraction to 2026-09-17 13:00:00+00:00, run_after=2026-09-17 14:00:00+00:00
[2026-09-17T13:34:51.661+0000] {processor.py:208} INFO - Processing /opt/airflow/dags/youtube_extract_pipeline.py took 0.363 seconds
[2026-09-17T13:35:22.360+0000] {processor.py:186} INFO - Started process (PID=5209) to work on /opt/airflow/dags/youtube_extract_pipeline.py
[2026-09-17T13:35:22.363+0000] {processor.py:914} INFO - Processing file /opt/airflow/dags/youtube_extract_pipeline.py for tasks to queue
[2026-09-17T13:35:22.367+0000] {logging_mixin.py:190} INFO - [2026-09-17T13:35:22.366+0000] {dagbag.py:588} INFO - Filling up the DagBag from /opt/airflow/dags/youtube_extract_pipeline.py
[2026-09-17T13:35:22.508+0000] {processor.py:925} INFO - DAG(s) 'youtube_pipeline_extraction' retrieved from /opt/airflow/dags/youtube_extract_pipeline.py
[2026-09-17T13:35:22.555+0000] {logging_mixin.py:190} INFO - [2026-09-17T13:35:22.555+0000] {dag.py:3239} INFO - Sync 1 DAGs
[2026-09-17T13:35:22.600+0000] {logging_mixin.py:190} INFO - [2026-09-17T13:35:22.599+0000] {dag.py:4180} INFO - Setting next_dagrun for youtube_pipeline_extraction to 2026-09-17 13:00:00+00:00, run_after=2026-09-17 14:00:00+00:00
[2026-09-17T13:35:22.633+0000] {processor.py:208} INFO - Processing /opt/airflow/dags/youtube_extract_pipeline.py took 0.285 seconds
[2026-09-17T13:35:53.216+0000] {processor.py:186} INFO - Started process (PID=5223) to work on /opt/airflow/dags/youtube_extract_pipeline.py
[2026-09-17T13:35:53.219+0000] {processor.py:914} INFO - Processing file /opt/airflow/dags/youtube_extract_pipeline.py for tasks to queue
[2026-09-17T13:35:53.221+0000] {logging_mixin.py:190} INFO - [2026-09-17T13:35:53.221+0000] {dagbag.py:588} INFO - Filling up the DagBag from /opt/airflow/dags/youtube_extract_pipeline.py
[2026-09-17T13:35:53.306+0000] {processor.py:925} INFO - DAG(s) 'youtube_pipeline_extraction' retrieved from /opt/airflow/dags/youtube_extract_pipeline.py
[2026-09-17T13:35:53.340+0000] {logging_mixin.py:190} INFO - [2026-09-17T13:35:53.340+0000] {dag.py:3239} INFO - Sync 1 DAGs
[2026-09-17T13:35:53.384+0000] {logging_mixin.py:190} INFO - [2026-09-17T13:35:53.384+0000] {dag.py:4180} INFO - Setting next_dagrun for youtube_pipeline_extraction to 2026-09-17 13:00:00+00:00, run_after=2026-09-17 14:00:00+00:00
[2026-09-17T13:35:53.418+0000] {processor.py:208} INFO - Processing /opt/airflow/dags/youtube_extract_pipeline.py took 0.213 seconds
[2026-09-17T13:36:23.826+0000] {processor.py:186} INFO - Started process (PID=5231) to work on /opt/airflow/dags/youtube_extract_pipeline.py
[2026-09-17T13:36:23.827+0000] {processor.py:914} INFO - Processing file /opt/airflow/dags/youtube_extract_pipeline.py for tasks to queue
[2026-09-17T13:36:23.829+0000] {logging_mixin.py:190} INFO - [2026-09-17T13:36:23.829+0000] {dagbag.py:588} INFO - Filling up the DagBag from /opt/airflow/dags/youtube_extract_pipeline.py
[2026-09-17T13:36:23.900+0000] {processor.py:925} INFO - DAG(s) 'youtube_pipeline_extraction' retrieved from /opt/airflow/dags/youtube_extract_pipeline.py
[2026-09-17T13:36:23.941+0000] {logging_mixin.py:190} INFO - [2026-09-17T13:36:23.940+0000] {dag.py:3239} INFO - Sync 1 DAGs
[2026-09-17T13:36:23.975+0000] {logging_mixin.py:190} INFO - [2026-09-17T13:36:23.975+0000] {dag.py:4180} INFO - Setting next_dagrun for youtube_pipeline_extraction to 2026-09-17 13:00:00+00:00, run_after=2026-09-17 14:00:00+00:00
[2026-09-17T13:36:23.997+0000] {processor.py:208} INFO - Processing /opt/airflow/dags/youtube_extract_pipeline.py took 0.177 seconds
[2026-09-17T13:36:54.372+0000] {processor.py:186} INFO - Started process (PID=5239) to work on /opt/airflow/dags/youtube_extract_pipeline.py
[2026-09-17T13:36:54.374+0000] {processor.py:914} INFO - Processing file /opt/airflow/dags/youtube_extract_pipeline.py for tasks to queue
[2026-09-17T13:36:54.376+0000] {logging_mixin.py:190} INFO - [2026-09-17T13:36:54.376+0000] {dagbag.py:588} INFO - Filling up the DagBag from /opt/airflow/dags/youtube_extract_pipeline.py
[2026-09-17T13:36:54.439+0000] {processor.py:925} INFO - DAG(s) 'youtube_pipeline_extraction' retrieved from /opt/airflow/dags/youtube_extract_pipeline.py
[2026-09-17T13:36:54.471+0000] {logging_mixin.py:190} INFO - [2026-09-17T13:36:54.471+0000] {dag.py:3239} INFO - Sync 1 DAGs
[2026-09-17T13:36:54.499+0000] {logging_mixin.py:190} INFO - [2026-09-17T13:36:54.498+0000] {dag.py:4180} INFO - Setting next_dagrun for youtube_pipeline_extraction to 2026-09-17 13:00:00+00:00, run_after=2026-09-17 14:00:00+00:00
[2026-09-17T13:36:54.520+0000] {processor.py:208} INFO - Processing /opt/airflow/dags/youtube_extract_pipeline.py took 0.154 seconds
[2026-09-17T13:37:24.886+0000] {processor.py:186} INFO - Started process (PID=5247) to work on /opt/airflow/dags/youtube_extract_pipeline.py
[2026-09-17T13:37:24.887+0000] {processor.py:914} INFO - Processing file /opt/airflow/dags/youtube_extract_pipeline.py for tasks to queue
[2026-09-17T13:37:24.889+0000] {logging_mixin.py:190} INFO - [2026-09-17T13:37:24.889+0000] {dagbag.py:588} INFO - Filling up the DagBag from /opt/airflow/dags/youtube_extract_pipeline.py
[2026-09-17T13:37:24.947+0000] {processor.py:925} INFO - DAG(s) 'youtube_pipeline_extraction' retrieved from /opt/airflow/dags/youtube_extract_pipeline.py
[2026-09-17T13:37:24.979+0000] {logging_mixin.py:190} INFO - [2026-09-17T13:37:24.979+0000] {dag.py:3239} INFO - Sync 1 DAGs
[2026-09-17T13:37:25.005+0000] {logging_mixin.py:190} INFO - [2026-09-17T13:37:25.005+0000] {dag.py:4180} INFO - Setting next_dagrun for youtube_pipeline_extraction to 2026-09-17 13:00:00+00:00, run_after=2026-09-17 14:00:00+00:00
[2026-09-17T13:37:25.027+0000] {processor.py:208} INFO - Processing /opt/airflow/dags/youtube_extract_pipeline.py took 0.147 seconds
[2026-09-17T13:37:55.261+0000] {processor.py:186} INFO - Started process (PID=5255) to work on /opt/airflow/dags/youtube_extract_pipeline.py
[2026-09-17T13:37:55.263+0000] {processor.py:914} INFO - Processing file /opt/airflow/dags/youtube_extract_pipeline.py for tasks to queue
[2026-09-17T13:37:55.265+0000] {logging_mixin.py:190} INFO - [2026-09-17T13:37:55.265+0000] {dagbag.py:588} INFO - Filling up the DagBag from /opt/airflow/dags/youtube_extract_pipeline.py
[2026-09-17T13:37:55.330+0000] {processor.py:925} INFO - DAG(s) 'youtube_pipeline_extraction' retrieved from /opt/airflow/dags/youtube_extract_pipeline.py
[2026-09-17T13:37:55.349+0000] {logging_mixin.py:190} INFO - [2026-09-17T13:37:55.349+0000] {dag.py:3239} INFO - Sync 1 DAGs
[2026-09-17T13:37:55.375+0000] {logging_mixin.py:190} INFO - [2026-09-17T13:37:55.375+0000] {dag.py:4180} INFO - Setting next_dagrun for youtube_pipeline_extraction to 2026-09-17 13:00:00+00:00, run_after=2026-09-17 14:00:00+00:00
[2026-09-17T13:37:55.396+0000] {processor.py:208} INFO - Processing /opt/airflow/dags/youtube_extract_pipeline.py took 0.144 seconds
[2026-09-17T13:38:25.762+0000] {processor.py:186} INFO - Started process (PID=5264) to work on /opt/airflow/dags/youtube_extract_pipeline.py
[2026-09-17T13:38:25.764+0000] {processor.py:914} INFO - Processing file /opt/airflow/dags/youtube_extract_pipeline.py for tasks to queue
[2026-09-17T13:38:25.766+0000] {logging_mixin.py:190} INFO - [2026-09-17T13:38:25.766+0000] {dagbag.py:588} INFO - Filling up the DagBag from /opt/airflow/dags/youtube_extract_pipeline.py
[2026-09-17T13:38:25.842+0000] {processor.py:925} INFO - DAG(s) 'youtube_pipeline_extraction' retrieved from /opt/airflow/dags/youtube_extract_pipeline.py
[2026-09-17T13:38:25.866+0000] {logging_mixin.py:190} INFO - [2026-09-17T13:38:25.866+0000] {dag.py:3239} INFO - Sync 1 DAGs
[2026-09-17T13:38:25.889+0000] {logging_mixin.py:190} INFO - [2026-09-17T13:38:25.889+0000] {dag.py:4180} INFO - Setting next_dagrun for youtube_pipeline_extraction to 2026-09-17 13:00:00+00:00, run_after=2026-09-17 14:00:00+00:00
[2026-09-17T13:38:25.913+0000] {processor.py:208} INFO - Processing /opt/airflow/dags/youtube_extract_pipeline.py took 0.157 seconds
[2026-09-17T13:38:56.174+0000] {processor.py:186} INFO - Started process (PID=5272) to work on /opt/airflow/dags/youtube_extract_pipeline.py
[2026-09-17T13:38:56.177+0000] {processor.py:914} INFO - Processing file /opt/airflow/dags/youtube_extract_pipeline.py for tasks to queue
[2026-09-17T13:38:56.182+0000] {logging_mixin.py:190} INFO - [2026-09-17T13:38:56.181+0000] {dagbag.py:588} INFO - Filling up the DagBag from /opt/airflow/dags/youtube_extract_pipeline.py
[2026-09-17T13:38:56.258+0000] {processor.py:925} INFO - DAG(s) 'youtube_pipeline_extraction' retrieved from /opt/airflow/dags/youtube_extract_pipeline.py
[2026-09-17T13:38:56.290+0000] {logging_mixin.py:190} INFO - [2026-09-17T13:38:56.289+0000] {dag.py:3239} INFO - Sync 1 DAGs
[2026-09-17T13:38:56.323+0000] {logging_mixin.py:190} INFO - [2026-09-17T13:38:56.323+0000] {dag.py:4180} INFO - Setting next_dagrun for youtube_pipeline_extraction to 2026-09-17 13:00:00+00:00, run_after=2026-09-17 14:00:00+00:00
[2026-09-17T13:38:56.353+0000] {processor.py:208} INFO - Processing /opt/airflow/dags/youtube_extract_pipeline.py took 0.186 seconds
[2026-09-17T13:39:26.704+0000] {processor.py:186} INFO - Started process (PID=5280) to work on /opt/airflow/dags/youtube_extract_pipeline.py
[2026-09-17T13:39:26.707+0000] {processor.py:914} INFO - Processing file /opt/airflow/dags/youtube_extract_pipeline.py for tasks to queue
[2026-09-17T13:39:26.709+0000] {logging_mixin.py:190} INFO - [2026-09-17T13:39:26.709+0000] {dagbag.py:588} INFO - Filling up the DagBag from /opt/airflow/dags/youtube_extract_pipeline.py
[2026-09-17T13:39:26.773+0000] {processor.py:925} INFO - DAG(s) 'youtube_pipeline_extraction' retrieved from /opt/airflow/dags/youtube_extract_pipeline.py
[2026-09-17T13:39:26.796+0000] {logging_mixin.py:190} INFO - [2026-09-17T13:39:26.796+0000] {dag.py:3239} INFO - Sync 1 DAGs
[2026-09-17T13:39:26.821+0000] {logging_mixin.py:190} INFO - [2026-09-17T13:39:26.820+0000] {dag.py:4180} INFO - Setting next_dagrun for youtube_pipeline_extraction to 2026-09-17 13:00:00+00:00, run_after=2026-09-17 14:00:00+00:00
[2026-09-17T13:39:26.840+0000] {processor.py:208} INFO - Processing /opt/airflow/dags/youtube_extract_pipeline.py took 0.142 seconds
[2026-09-17T13:39:57.074+0000] {processor.py:186} INFO - Started process (PID=5288) to work on /opt/airflow/dags/youtube_extract_pipeline.py
[2026-09-17T13:39:57.076+0000] {processor.py:914} INFO - Processing file /opt/airflow/dags/youtube_extract_pipeline.py for tasks to queue
[2026-09-17T13:39:57.079+0000] {logging_mixin.py:190} INFO - [2026-09-17T13:39:57.078+0000] {dagbag.py:588} INFO - Filling up the DagBag from /opt/airflow/dags/youtube_extract_pipeline.py
[2026-09-17T13:39:57.137+0000] {processor.py:925} INFO - DAG(s) 'youtube_pipeline_extraction' retrieved from /opt/airflow/dags/youtube_extract_pipeline.py
[2026-09-17T13:39:57.160+0000] {logging_mixin.py:190} INFO - [2026-09-17T13:39:57.160+0000] {dag.py:3239} INFO - Sync 1 DAGs
[2026-09-17T13:39:57.180+0000] {logging_mixin.py:190} INFO - [2026-09-17T13:39:57.180+0000] {dag.py:4180} INFO - Setting next_dagrun for youtube_pipeline_extraction to 2026-09-17 13:00:00+00:00, run_after=2026-09-17 14:00:00+00:00
[2026-09-17T13:39:57.201+0000] {processor.py:208} INFO - Processing /opt/airflow/dags/youtube_extract_pipeline.py took 0.134 seconds
[2026-09-17T13:40:27.606+0000] {processor.py:186} INFO - Started process (PID=5296) to work on /opt/airflow/dags/youtube_extract_pipeline.py
[2026-09-17T13:40:27.609+0000] {processor.py:914} INFO - Processing file /opt/airflow/dags/youtube_extract_pipeline.py for tasks to queue
[2026-09-17T13:40:27.612+0000] {logging_mixin.py:190} INFO - [2026-09-17T13:40:27.611+0000] {dagbag.py:588} INFO - Filling up the DagBag from /opt/airflow/dags/youtube_extract_pipeline.py
[2026-09-17T13:40:27.695+0000] {processor.py:925} INFO - DAG(s) 'youtube_pipeline_extraction' retrieved from /opt/airflow/dags/youtube_extract_pipeline.py
[2026-09-17T13:40:27.729+0000] {logging_mixin.py:190} INFO - [2026-09-17T13:40:27.729+0000] {dag.py:3239} INFO - Sync 1 DAGs
[2026-09-17T13:40:27.757+0000] {logging_mixin.py:190} INFO - [2026-09-17T13:40:27.757+0000] {dag.py:4180} INFO - Setting next_dagrun for youtube_pipeline_extraction to 2026-09-17 13:00:00+00:00, run_after=2026-09-17 14:00:00+00:00
[2026-09-17T13:40:27.779+0000] {processor.py:208} INFO - Processing /opt/airflow/dags/youtube_extract_pipeline.py took 0.181 seconds
[2026-09-17T13:40:57.973+0000] {processor.py:186} INFO - Started process (PID=5304) to work on /opt/airflow/dags/youtube_extract_pipeline.py
[2026-09-17T13:40:57.975+0000] {processor.py:914} INFO - Processing file /opt/airflow/dags/youtube_extract_pipeline.py for tasks to queue
[2026-09-17T13:40:57.976+0000] {logging_mixin.py:190} INFO - [2026-09-17T13:40:57.976+0000] {dagbag.py:588} INFO - Filling up the DagBag from /opt/airflow/dags/youtube_extract_pipeline.py
[2026-09-17T13:40:58.031+0000] {processor.py:925} INFO - DAG(s) 'youtube_pipeline_extraction' retrieved from /opt/airflow/dags/youtube_extract_pipeline.py
[2026-09-17T13:40:58.055+0000] {logging_mixin.py:190} INFO - [2026-09-17T13:40:58.054+0000] {dag.py:3239} INFO - Sync 1 DAGs
[2026-09-17T13:40:58.079+0000] {logging_mixin.py:190} INFO - [2026-09-17T13:40:58.079+0000] {dag.py:4180} INFO - Setting next_dagrun for youtube_pipeline_extraction to 2026-09-17 13:00:00+00:00, run_after=2026-09-17 14:00:00+00:00
[2026-09-17T13:40:58.113+0000] {processor.py:208} INFO - Processing /opt/airflow/dags/youtube_extract_pipeline.py took 0.145 seconds
[2026-09-17T13:41:28.434+0000] {processor.py:186} INFO - Started process (PID=5312) to work on /opt/airflow/dags/youtube_extract_pipeline.py
[2026-09-17T13:41:28.436+0000] {processor.py:914} INFO - Processing file /opt/airflow/dags/youtube_extract_pipeline.py for tasks to queue
[2026-09-17T13:41:28.438+0000] {logging_mixin.py:190} INFO - [2026-09-17T13:41:28.438+0000] {dagbag.py:588} INFO - Filling up the DagBag from /opt/airflow/dags/youtube_extract_pipeline.py
[2026-09-17T13:41:28.517+0000] {processor.py:925} INFO - DAG(s) 'youtube_pipeline_extraction' retrieved from /opt/airflow/dags/youtube_extract_pipeline.py
[2026-09-17T13:41:28.542+0000] {logging_mixin.py:190} INFO - [2026-09-17T13:41:28.542+0000] {dag.py:3239} INFO - Sync 1 DAGs
[2026-09-17T13:41:28.565+0000] {logging_mixin.py:190} INFO - [2026-09-17T13:41:28.565+0000] {dag.py:4180} INFO - Setting next_dagrun for youtube_pipeline_extraction to 2026-09-17 13:00:00+00:00, run_after=2026-09-17 14:00:00+00:00
[2026-09-17T13:41:28.605+0000] {processor.py:208} INFO - Processing /opt/airflow/dags/youtube_extract_pipeline.py took 0.178 seconds
[2026-09-17T13:41:58.995+0000] {processor.py:186} INFO - Started process (PID=5320) to work on /opt/airflow/dags/youtube_extract_pipeline.py
[2026-09-17T13:41:58.999+0000] {processor.py:914} INFO - Processing file /opt/airflow/dags/youtube_extract_pipeline.py for tasks to queue
[2026-09-17T13:41:59.002+0000] {logging_mixin.py:190} INFO - [2026-09-17T13:41:59.002+0000] {dagbag.py:588} INFO - Filling up the DagBag from /opt/airflow/dags/youtube_extract_pipeline.py
[2026-09-17T13:41:59.141+0000] {processor.py:925} INFO - DAG(s) 'youtube_pipeline_extraction' retrieved from /opt/airflow/dags/youtube_extract_pipeline.py
[2026-09-17T13:41:59.225+0000] {logging_mixin.py:190} INFO - [2026-09-17T13:41:59.225+0000] {dag.py:3239} INFO - Sync 1 DAGs
[2026-09-17T13:41:59.325+0000] {logging_mixin.py:190} INFO - [2026-09-17T13:41:59.325+0000] {dag.py:4180} INFO - Setting next_dagrun for youtube_pipeline_extraction to 2026-09-17 13:00:00+00:00, run_after=2026-09-17 14:00:00+00:00
[2026-09-17T13:41:59.355+0000] {processor.py:208} INFO - Processing /opt/airflow/dags/youtube_extract_pipeline.py took 0.400 seconds
[2026-09-17T13:42:29.736+0000] {processor.py:186} INFO - Started process (PID=5328) to work on /opt/airflow/dags/youtube_extract_pipeline.py
[2026-09-17T13:42:29.739+0000] {processor.py:914} INFO - Processing file /opt/airflow/dags/youtube_extract_pipeline.py for tasks to queue
[2026-09-17T13:42:29.743+0000] {logging_mixin.py:190} INFO - [2026-09-17T13:42:29.742+0000] {dagbag.py:588} INFO - Filling up the DagBag from /opt/airflow/dags/youtube_extract_pipeline.py
[2026-09-17T13:42:29.852+0000] {processor.py:925} INFO - DAG(s) 'youtube_pipeline_extraction' retrieved from /opt/airflow/dags/youtube_extract_pipeline.py
[2026-09-17T13:42:29.912+0000] {logging_mixin.py:190} INFO - [2026-09-17T13:42:29.912+0000] {dag.py:3239} INFO - Sync 1 DAGs
[2026-09-17T13:42:29.949+0000] {logging_mixin.py:190} INFO - [2026-09-17T13:42:29.949+0000] {dag.py:4180} INFO - Setting next_dagrun for youtube_pipeline_extraction to 2026-09-17 13:00:00+00:00, run_after=2026-09-17 14:00:00+00:00
[2026-09-17T13:42:29.981+0000] {processor.py:208} INFO - Processing /opt/airflow/dags/youtube_extract_pipeline.py took 0.258 seconds
[2026-09-17T13:43:00.381+0000] {processor.py:186} INFO - Started process (PID=5330) to work on /opt/airflow/dags/youtube_extract_pipeline.py
[2026-09-17T13:43:00.398+0000] {processor.py:914} INFO - Processing file /opt/airflow/dags/youtube_extract_pipeline.py for tasks to queue
[2026-09-17T13:43:00.420+0000] {logging_mixin.py:190} INFO - [2026-09-17T13:43:00.413+0000] {dagbag.py:588} INFO - Filling up the DagBag from /opt/airflow/dags/youtube_extract_pipeline.py
[2026-09-17T13:43:00.906+0000] {processor.py:925} INFO - DAG(s) 'youtube_pipeline_extraction' retrieved from /opt/airflow/dags/youtube_extract_pipeline.py
[2026-09-17T13:43:05.622+0000] {logging_mixin.py:190} INFO - [2026-09-17T13:43:05.589+0000] {dag.py:3239} INFO - Sync 1 DAGs
[2026-09-17T13:43:05.946+0000] {logging_mixin.py:190} INFO - [2026-09-17T13:43:05.942+0000] {dag.py:4180} INFO - Setting next_dagrun for youtube_pipeline_extraction to 2026-09-17 13:00:00+00:00, run_after=2026-09-17 14:00:00+00:00
[2026-09-17T13:43:06.044+0000] {processor.py:208} INFO - Processing /opt/airflow/dags/youtube_extract_pipeline.py took 5.706 seconds
[2026-09-17T13:43:36.854+0000] {processor.py:186} INFO - Started process (PID=5338) to work on /opt/airflow/dags/youtube_extract_pipeline.py
[2026-09-17T13:43:36.856+0000] {processor.py:914} INFO - Processing file /opt/airflow/dags/youtube_extract_pipeline.py for tasks to queue
[2026-09-17T13:43:36.858+0000] {logging_mixin.py:190} INFO - [2026-09-17T13:43:36.858+0000] {dagbag.py:588} INFO - Filling up the DagBag from /opt/airflow/dags/youtube_extract_pipeline.py
[2026-09-17T13:43:36.950+0000] {processor.py:925} INFO - DAG(s) 'youtube_pipeline_extraction' retrieved from /opt/airflow/dags/youtube_extract_pipeline.py
[2026-09-17T13:43:36.985+0000] {logging_mixin.py:190} INFO - [2026-09-17T13:43:36.985+0000] {dag.py:3239} INFO - Sync 1 DAGs
[2026-09-17T13:43:37.009+0000] {logging_mixin.py:190} INFO - [2026-09-17T13:43:37.009+0000] {dag.py:4180} INFO - Setting next_dagrun for youtube_pipeline_extraction to 2026-09-17 13:00:00+00:00, run_after=2026-09-17 14:00:00+00:00
[2026-09-17T13:43:37.030+0000] {processor.py:208} INFO - Processing /opt/airflow/dags/youtube_extract_pipeline.py took 0.185 seconds
[2026-09-17T13:44:07.184+0000] {processor.py:186} INFO - Started process (PID=5346) to work on /opt/airflow/dags/youtube_extract_pipeline.py
[2026-09-17T13:44:07.186+0000] {processor.py:914} INFO - Processing file /opt/airflow/dags/youtube_extract_pipeline.py for tasks to queue
[2026-09-17T13:44:07.190+0000] {logging_mixin.py:190} INFO - [2026-09-17T13:44:07.189+0000] {dagbag.py:588} INFO - Filling up the DagBag from /opt/airflow/dags/youtube_extract_pipeline.py
[2026-09-17T13:44:07.257+0000] {processor.py:925} INFO - DAG(s) 'youtube_pipeline_extraction' retrieved from /opt/airflow/dags/youtube_extract_pipeline.py
[2026-09-17T13:44:07.293+0000] {logging_mixin.py:190} INFO - [2026-09-17T13:44:07.293+0000] {dag.py:3239} INFO - Sync 1 DAGs
[2026-09-17T13:44:07.320+0000] {logging_mixin.py:190} INFO - [2026-09-17T13:44:07.320+0000] {dag.py:4180} INFO - Setting next_dagrun for youtube_pipeline_extraction to 2026-09-17 13:00:00+00:00, run_after=2026-09-17 14:00:00+00:00
[2026-09-17T13:44:07.342+0000] {processor.py:208} INFO - Processing /opt/airflow/dags/youtube_extract_pipeline.py took 0.163 seconds
[2026-09-17T13:44:37.705+0000] {processor.py:186} INFO - Started process (PID=5354) to work on /opt/airflow/dags/youtube_extract_pipeline.py
[2026-09-17T13:44:37.708+0000] {processor.py:914} INFO - Processing file /opt/airflow/dags/youtube_extract_pipeline.py for tasks to queue
[2026-09-17T13:44:37.712+0000] {logging_mixin.py:190} INFO - [2026-09-17T13:44:37.711+0000] {dagbag.py:588} INFO - Filling up the DagBag from /opt/airflow/dags/youtube_extract_pipeline.py
[2026-09-17T13:44:37.806+0000] {processor.py:925} INFO - DAG(s) 'youtube_pipeline_extraction' retrieved from /opt/airflow/dags/youtube_extract_pipeline.py
[2026-09-17T13:44:37.858+0000] {logging_mixin.py:190} INFO - [2026-09-17T13:44:37.857+0000] {dag.py:3239} INFO - Sync 1 DAGs
[2026-09-17T13:44:37.891+0000] {logging_mixin.py:190} INFO - [2026-09-17T13:44:37.891+0000] {dag.py:4180} INFO - Setting next_dagrun for youtube_pipeline_extraction to 2026-09-17 13:00:00+00:00, run_after=2026-09-17 14:00:00+00:00
[2026-09-17T13:44:37.916+0000] {processor.py:208} INFO - Processing /opt/airflow/dags/youtube_extract_pipeline.py took 0.218 seconds
[2026-09-17T13:45:08.989+0000] {processor.py:186} INFO - Started process (PID=5362) to work on /opt/airflow/dags/youtube_extract_pipeline.py
[2026-09-17T13:45:08.995+0000] {processor.py:914} INFO - Processing file /opt/airflow/dags/youtube_extract_pipeline.py for tasks to queue
[2026-09-17T13:45:09.006+0000] {logging_mixin.py:190} INFO - [2026-09-17T13:45:09.000+0000] {dagbag.py:588} INFO - Filling up the DagBag from /opt/airflow/dags/youtube_extract_pipeline.py
[2026-09-17T13:45:09.420+0000] {processor.py:925} INFO - DAG(s) 'youtube_pipeline_extraction' retrieved from /opt/airflow/dags/youtube_extract_pipeline.py
[2026-09-17T13:45:21.474+0000] {logging_mixin.py:190} INFO - [2026-09-17T13:45:21.474+0000] {dag.py:3239} INFO - Sync 1 DAGs
[2026-09-17T13:45:21.588+0000] {logging_mixin.py:190} INFO - [2026-09-17T13:45:21.587+0000] {dag.py:4180} INFO - Setting next_dagrun for youtube_pipeline_extraction to 2026-09-17 13:00:00+00:00, run_after=2026-09-17 14:00:00+00:00
[2026-09-17T13:45:21.651+0000] {processor.py:208} INFO - Processing /opt/airflow/dags/youtube_extract_pipeline.py took 12.728 seconds
[2026-09-17T13:45:32.052+0000] {processor.py:186} INFO - Started process (PID=5369) to work on /opt/airflow/dags/youtube_extract_pipeline.py
[2026-09-17T13:45:32.057+0000] {processor.py:914} INFO - Processing file /opt/airflow/dags/youtube_extract_pipeline.py for tasks to queue
[2026-09-17T13:45:32.067+0000] {logging_mixin.py:190} INFO - [2026-09-17T13:45:32.066+0000] {dagbag.py:588} INFO - Filling up the DagBag from /opt/airflow/dags/youtube_extract_pipeline.py
[2026-09-17T13:45:32.349+0000] {processor.py:925} INFO - DAG(s) 'youtube_pipeline_extraction' retrieved from /opt/airflow/dags/youtube_extract_pipeline.py
[2026-09-17T13:45:32.718+0000] {logging_mixin.py:190} INFO - [2026-09-17T13:45:32.712+0000] {taskinstance.py:3339} ERROR - {'DAG Id': 'youtube_pipeline_extraction', 'Task Id': 'extract_details', 'Run Id': 'manual__2026-09-17T13:44:42.991127+00:00', 'Hostname': '5131746b1558', 'External Executor Id': '3b8f72cb-41b6-4131-98b5-9e9469d31ce3'}
[2026-09-17T13:45:33.103+0000] {logging_mixin.py:190} INFO - [2026-09-17T13:45:33.102+0000] {taskinstance.py:1242} INFO - Marking task as FAILED. dag_id=youtube_pipeline_extraction, task_id=extract_details, run_id=manual__2026-09-17T13:44:42.991127+00:00, execution_date=20260917T134442, start_date=20260917T134444, end_date=20260917T134532
[2026-09-17T13:45:33.395+0000] {logging_mixin.py:190} INFO - [2026-09-17T13:45:33.394+0000] {processor.py:876} INFO - Executed callback for <TaskInstance: youtube_pipeline_extraction.extract_details manual__2026-09-17T13:44:42.991127+00:00 [failed]> in state failed
[2026-09-17T13:45:33.529+0000] {logging_mixin.py:190} INFO - [2026-09-17T13:45:33.526+0000] {dag.py:3239} INFO - Sync 1 DAGs
[2026-09-17T13:45:33.649+0000] {logging_mixin.py:190} INFO - [2026-09-17T13:45:33.648+0000] {dag.py:4180} INFO - Setting next_dagrun for youtube_pipeline_extraction to 2026-09-17 13:00:00+00:00, run_after=2026-09-17 14:00:00+00:00
[2026-09-17T13:45:33.714+0000] {processor.py:208} INFO - Processing /opt/airflow/dags/youtube_extract_pipeline.py took 1.707 seconds
[2026-09-17T13:46:04.364+0000] {processor.py:186} INFO - Started process (PID=5377) to work on /opt/airflow/dags/youtube_extract_pipeline.py
[2026-09-17T13:46:04.366+0000] {processor.py:914} INFO - Processing file /opt/airflow/dags/youtube_extract_pipeline.py for tasks to queue
[2026-09-17T13:46:04.368+0000] {logging_mixin.py:190} INFO - [2026-09-17T13:46:04.368+0000] {dagbag.py:588} INFO - Filling up the DagBag from /opt/airflow/dags/youtube_extract_pipeline.py
[2026-09-17T13:46:04.461+0000] {processor.py:925} INFO - DAG(s) 'youtube_pipeline_extraction' retrieved from /opt/airflow/dags/youtube_extract_pipeline.py
[2026-09-17T13:46:04.503+0000] {logging_mixin.py:190} INFO - [2026-09-17T13:46:04.503+0000] {dag.py:3239} INFO - Sync 1 DAGs
[2026-09-17T13:46:04.532+0000] {logging_mixin.py:190} INFO - [2026-09-17T13:46:04.531+0000] {dag.py:4180} INFO - Setting next_dagrun for youtube_pipeline_extraction to 2026-09-17 13:00:00+00:00, run_after=2026-09-17 14:00:00+00:00
[2026-09-17T13:46:04.552+0000] {processor.py:208} INFO - Processing /opt/airflow/dags/youtube_extract_pipeline.py took 0.196 seconds
[2026-09-17T13:46:34.901+0000] {processor.py:186} INFO - Started process (PID=5385) to work on /opt/airflow/dags/youtube_extract_pipeline.py
[2026-09-17T13:46:34.903+0000] {processor.py:914} INFO - Processing file /opt/airflow/dags/youtube_extract_pipeline.py for tasks to queue
[2026-09-17T13:46:34.907+0000] {logging_mixin.py:190} INFO - [2026-09-17T13:46:34.906+0000] {dagbag.py:588} INFO - Filling up the DagBag from /opt/airflow/dags/youtube_extract_pipeline.py
[2026-09-17T13:46:35.003+0000] {processor.py:925} INFO - DAG(s) 'youtube_pipeline_extraction' retrieved from /opt/airflow/dags/youtube_extract_pipeline.py
[2026-09-17T13:46:35.059+0000] {logging_mixin.py:190} INFO - [2026-09-17T13:46:35.059+0000] {dag.py:3239} INFO - Sync 1 DAGs
[2026-09-17T13:46:35.087+0000] {logging_mixin.py:190} INFO - [2026-09-17T13:46:35.087+0000] {dag.py:4180} INFO - Setting next_dagrun for youtube_pipeline_extraction to 2026-09-17 13:00:00+00:00, run_after=2026-09-17 14:00:00+00:00
[2026-09-17T13:46:35.107+0000] {processor.py:208} INFO - Processing /opt/airflow/dags/youtube_extract_pipeline.py took 0.222 seconds
[2026-09-17T13:47:05.444+0000] {processor.py:186} INFO - Started process (PID=5394) to work on /opt/airflow/dags/youtube_extract_pipeline.py
[2026-09-17T13:47:05.445+0000] {processor.py:914} INFO - Processing file /opt/airflow/dags/youtube_extract_pipeline.py for tasks to queue
[2026-09-17T13:47:05.448+0000] {logging_mixin.py:190} INFO - [2026-09-17T13:47:05.447+0000] {dagbag.py:588} INFO - Filling up the DagBag from /opt/airflow/dags/youtube_extract_pipeline.py
[2026-09-17T13:47:05.523+0000] {processor.py:925} INFO - DAG(s) 'youtube_pipeline_extraction' retrieved from /opt/airflow/dags/youtube_extract_pipeline.py
[2026-09-17T13:47:05.598+0000] {logging_mixin.py:190} INFO - [2026-09-17T13:47:05.597+0000] {dag.py:3239} INFO - Sync 1 DAGs
[2026-09-17T13:47:05.623+0000] {logging_mixin.py:190} INFO - [2026-09-17T13:47:05.622+0000] {dag.py:4180} INFO - Setting next_dagrun for youtube_pipeline_extraction to 2026-09-17 13:00:00+00:00, run_after=2026-09-17 14:00:00+00:00
[2026-09-17T13:47:05.643+0000] {processor.py:208} INFO - Processing /opt/airflow/dags/youtube_extract_pipeline.py took 0.205 seconds
[2026-09-17T13:47:35.965+0000] {processor.py:186} INFO - Started process (PID=5402) to work on /opt/airflow/dags/youtube_extract_pipeline.py
[2026-09-17T13:47:35.967+0000] {processor.py:914} INFO - Processing file /opt/airflow/dags/youtube_extract_pipeline.py for tasks to queue
[2026-09-17T13:47:35.969+0000] {logging_mixin.py:190} INFO - [2026-09-17T13:47:35.969+0000] {dagbag.py:588} INFO - Filling up the DagBag from /opt/airflow/dags/youtube_extract_pipeline.py
[2026-09-17T13:47:36.039+0000] {processor.py:925} INFO - DAG(s) 'youtube_pipeline_extraction' retrieved from /opt/airflow/dags/youtube_extract_pipeline.py
[2026-09-17T13:47:36.064+0000] {logging_mixin.py:190} INFO - [2026-09-17T13:47:36.063+0000] {dag.py:3239} INFO - Sync 1 DAGs
[2026-09-17T13:47:36.088+0000] {logging_mixin.py:190} INFO - [2026-09-17T13:47:36.088+0000] {dag.py:4180} INFO - Setting next_dagrun for youtube_pipeline_extraction to 2026-09-17 13:00:00+00:00, run_after=2026-09-17 14:00:00+00:00
[2026-09-17T13:47:36.114+0000] {processor.py:208} INFO - Processing /opt/airflow/dags/youtube_extract_pipeline.py took 0.155 seconds
[2026-09-17T13:48:06.437+0000] {processor.py:186} INFO - Started process (PID=5410) to work on /opt/airflow/dags/youtube_extract_pipeline.py
[2026-09-17T13:48:06.439+0000] {processor.py:914} INFO - Processing file /opt/airflow/dags/youtube_extract_pipeline.py for tasks to queue
[2026-09-17T13:48:06.442+0000] {logging_mixin.py:190} INFO - [2026-09-17T13:48:06.441+0000] {dagbag.py:588} INFO - Filling up the DagBag from /opt/airflow/dags/youtube_extract_pipeline.py
[2026-09-17T13:48:06.512+0000] {processor.py:925} INFO - DAG(s) 'youtube_pipeline_extraction' retrieved from /opt/airflow/dags/youtube_extract_pipeline.py
[2026-09-17T13:48:06.539+0000] {logging_mixin.py:190} INFO - [2026-09-17T13:48:06.538+0000] {dag.py:3239} INFO - Sync 1 DAGs
[2026-09-17T13:48:06.565+0000] {logging_mixin.py:190} INFO - [2026-09-17T13:48:06.565+0000] {dag.py:4180} INFO - Setting next_dagrun for youtube_pipeline_extraction to 2026-09-17 13:00:00+00:00, run_after=2026-09-17 14:00:00+00:00
[2026-09-17T13:48:06.586+0000] {processor.py:208} INFO - Processing /opt/airflow/dags/youtube_extract_pipeline.py took 0.160 seconds
[2026-09-17T13:48:36.972+0000] {processor.py:186} INFO - Started process (PID=5418) to work on /opt/airflow/dags/youtube_extract_pipeline.py
[2026-09-17T13:48:36.974+0000] {processor.py:914} INFO - Processing file /opt/airflow/dags/youtube_extract_pipeline.py for tasks to queue
[2026-09-17T13:48:36.976+0000] {logging_mixin.py:190} INFO - [2026-09-17T13:48:36.975+0000] {dagbag.py:588} INFO - Filling up the DagBag from /opt/airflow/dags/youtube_extract_pipeline.py
[2026-09-17T13:48:37.053+0000] {processor.py:925} INFO - DAG(s) 'youtube_pipeline_extraction' retrieved from /opt/airflow/dags/youtube_extract_pipeline.py
[2026-09-17T13:48:37.093+0000] {logging_mixin.py:190} INFO - [2026-09-17T13:48:37.093+0000] {dag.py:3239} INFO - Sync 1 DAGs
[2026-09-17T13:48:37.120+0000] {logging_mixin.py:190} INFO - [2026-09-17T13:48:37.120+0000] {dag.py:4180} INFO - Setting next_dagrun for youtube_pipeline_extraction to 2026-09-17 13:00:00+00:00, run_after=2026-09-17 14:00:00+00:00
[2026-09-17T13:48:37.139+0000] {processor.py:208} INFO - Processing /opt/airflow/dags/youtube_extract_pipeline.py took 0.173 seconds
[2026-09-17T13:49:07.457+0000] {processor.py:186} INFO - Started process (PID=5426) to work on /opt/airflow/dags/youtube_extract_pipeline.py
[2026-09-17T13:49:07.460+0000] {processor.py:914} INFO - Processing file /opt/airflow/dags/youtube_extract_pipeline.py for tasks to queue
[2026-09-17T13:49:07.462+0000] {logging_mixin.py:190} INFO - [2026-09-17T13:49:07.461+0000] {dagbag.py:588} INFO - Filling up the DagBag from /opt/airflow/dags/youtube_extract_pipeline.py
[2026-09-17T13:49:07.522+0000] {processor.py:925} INFO - DAG(s) 'youtube_pipeline_extraction' retrieved from /opt/airflow/dags/youtube_extract_pipeline.py
[2026-09-17T13:49:07.545+0000] {logging_mixin.py:190} INFO - [2026-09-17T13:49:07.545+0000] {dag.py:3239} INFO - Sync 1 DAGs
[2026-09-17T13:49:07.567+0000] {logging_mixin.py:190} INFO - [2026-09-17T13:49:07.567+0000] {dag.py:4180} INFO - Setting next_dagrun for youtube_pipeline_extraction to 2026-09-17 13:00:00+00:00, run_after=2026-09-17 14:00:00+00:00
[2026-09-17T13:49:07.585+0000] {processor.py:208} INFO - Processing /opt/airflow/dags/youtube_extract_pipeline.py took 0.134 seconds
[2026-09-17T13:49:37.928+0000] {processor.py:186} INFO - Started process (PID=5434) to work on /opt/airflow/dags/youtube_extract_pipeline.py
[2026-09-17T13:49:37.930+0000] {processor.py:914} INFO - Processing file /opt/airflow/dags/youtube_extract_pipeline.py for tasks to queue
[2026-09-17T13:49:37.931+0000] {logging_mixin.py:190} INFO - [2026-09-17T13:49:37.931+0000] {dagbag.py:588} INFO - Filling up the DagBag from /opt/airflow/dags/youtube_extract_pipeline.py
[2026-09-17T13:49:38.003+0000] {processor.py:925} INFO - DAG(s) 'youtube_pipeline_extraction' retrieved from /opt/airflow/dags/youtube_extract_pipeline.py
[2026-09-17T13:49:38.046+0000] {logging_mixin.py:190} INFO - [2026-09-17T13:49:38.046+0000] {dag.py:3239} INFO - Sync 1 DAGs
[2026-09-17T13:49:38.071+0000] {logging_mixin.py:190} INFO - [2026-09-17T13:49:38.071+0000] {dag.py:4180} INFO - Setting next_dagrun for youtube_pipeline_extraction to 2026-09-17 13:00:00+00:00, run_after=2026-09-17 14:00:00+00:00
[2026-09-17T13:49:38.089+0000] {processor.py:208} INFO - Processing /opt/airflow/dags/youtube_extract_pipeline.py took 0.171 seconds
[2026-09-17T13:50:08.400+0000] {processor.py:186} INFO - Started process (PID=5442) to work on /opt/airflow/dags/youtube_extract_pipeline.py
[2026-09-17T13:50:08.402+0000] {processor.py:914} INFO - Processing file /opt/airflow/dags/youtube_extract_pipeline.py for tasks to queue
[2026-09-17T13:50:08.405+0000] {logging_mixin.py:190} INFO - [2026-09-17T13:50:08.404+0000] {dagbag.py:588} INFO - Filling up the DagBag from /opt/airflow/dags/youtube_extract_pipeline.py
[2026-09-17T13:50:08.492+0000] {processor.py:925} INFO - DAG(s) 'youtube_pipeline_extraction' retrieved from /opt/airflow/dags/youtube_extract_pipeline.py
[2026-09-17T13:50:08.531+0000] {logging_mixin.py:190} INFO - [2026-09-17T13:50:08.531+0000] {dag.py:3239} INFO - Sync 1 DAGs
[2026-09-17T13:50:08.561+0000] {logging_mixin.py:190} INFO - [2026-09-17T13:50:08.561+0000] {dag.py:4180} INFO - Setting next_dagrun for youtube_pipeline_extraction to 2026-09-17 13:00:00+00:00, run_after=2026-09-17 14:00:00+00:00
[2026-09-17T13:50:08.580+0000] {processor.py:208} INFO - Processing /opt/airflow/dags/youtube_extract_pipeline.py took 0.188 seconds
[2026-09-17T13:50:38.878+0000] {processor.py:186} INFO - Started process (PID=5449) to work on /opt/airflow/dags/youtube_extract_pipeline.py
[2026-09-17T13:50:38.879+0000] {processor.py:914} INFO - Processing file /opt/airflow/dags/youtube_extract_pipeline.py for tasks to queue
[2026-09-17T13:50:38.882+0000] {logging_mixin.py:190} INFO - [2026-09-17T13:50:38.881+0000] {dagbag.py:588} INFO - Filling up the DagBag from /opt/airflow/dags/youtube_extract_pipeline.py
[2026-09-17T13:50:38.954+0000] {processor.py:925} INFO - DAG(s) 'youtube_pipeline_extraction' retrieved from /opt/airflow/dags/youtube_extract_pipeline.py
[2026-09-17T13:50:39.013+0000] {logging_mixin.py:190} INFO - [2026-09-17T13:50:39.013+0000] {dag.py:3239} INFO - Sync 1 DAGs
[2026-09-17T13:50:39.039+0000] {logging_mixin.py:190} INFO - [2026-09-17T13:50:39.039+0000] {dag.py:4180} INFO - Setting next_dagrun for youtube_pipeline_extraction to 2026-09-17 13:00:00+00:00, run_after=2026-09-17 14:00:00+00:00
[2026-09-17T13:50:39.057+0000] {processor.py:208} INFO - Processing /opt/airflow/dags/youtube_extract_pipeline.py took 0.187 seconds
[2026-09-17T13:51:09.457+0000] {processor.py:186} INFO - Started process (PID=5457) to work on /opt/airflow/dags/youtube_extract_pipeline.py
[2026-09-17T13:51:09.459+0000] {processor.py:914} INFO - Processing file /opt/airflow/dags/youtube_extract_pipeline.py for tasks to queue
[2026-09-17T13:51:09.461+0000] {logging_mixin.py:190} INFO - [2026-09-17T13:51:09.460+0000] {dagbag.py:588} INFO - Filling up the DagBag from /opt/airflow/dags/youtube_extract_pipeline.py
[2026-09-17T13:51:09.543+0000] {processor.py:925} INFO - DAG(s) 'youtube_pipeline_extraction' retrieved from /opt/airflow/dags/youtube_extract_pipeline.py
[2026-09-17T13:51:09.585+0000] {logging_mixin.py:190} INFO - [2026-09-17T13:51:09.585+0000] {dag.py:3239} INFO - Sync 1 DAGs
[2026-09-17T13:51:09.611+0000] {logging_mixin.py:190} INFO - [2026-09-17T13:51:09.611+0000] {dag.py:4180} INFO - Setting next_dagrun for youtube_pipeline_extraction to 2026-09-17 13:00:00+00:00, run_after=2026-09-17 14:00:00+00:00
[2026-09-17T13:51:09.628+0000] {processor.py:208} INFO - Processing /opt/airflow/dags/youtube_extract_pipeline.py took 0.189 seconds
[2026-09-17T13:51:39.996+0000] {processor.py:186} INFO - Started process (PID=5465) to work on /opt/airflow/dags/youtube_extract_pipeline.py
[2026-09-17T13:51:39.998+0000] {processor.py:914} INFO - Processing file /opt/airflow/dags/youtube_extract_pipeline.py for tasks to queue
[2026-09-17T13:51:40.000+0000] {logging_mixin.py:190} INFO - [2026-09-17T13:51:40.000+0000] {dagbag.py:588} INFO - Filling up the DagBag from /opt/airflow/dags/youtube_extract_pipeline.py
[2026-09-17T13:51:40.064+0000] {processor.py:925} INFO - DAG(s) 'youtube_pipeline_extraction' retrieved from /opt/airflow/dags/youtube_extract_pipeline.py
[2026-09-17T13:51:40.097+0000] {logging_mixin.py:190} INFO - [2026-09-17T13:51:40.097+0000] {dag.py:3239} INFO - Sync 1 DAGs
[2026-09-17T13:51:40.119+0000] {logging_mixin.py:190} INFO - [2026-09-17T13:51:40.119+0000] {dag.py:4180} INFO - Setting next_dagrun for youtube_pipeline_extraction to 2026-09-17 13:00:00+00:00, run_after=2026-09-17 14:00:00+00:00
[2026-09-17T13:51:40.137+0000] {processor.py:208} INFO - Processing /opt/airflow/dags/youtube_extract_pipeline.py took 0.149 seconds
[2026-09-17T13:52:10.497+0000] {processor.py:186} INFO - Started process (PID=5472) to work on /opt/airflow/dags/youtube_extract_pipeline.py
[2026-09-17T13:52:10.498+0000] {processor.py:914} INFO - Processing file /opt/airflow/dags/youtube_extract_pipeline.py for tasks to queue
[2026-09-17T13:52:10.501+0000] {logging_mixin.py:190} INFO - [2026-09-17T13:52:10.500+0000] {dagbag.py:588} INFO - Filling up the DagBag from /opt/airflow/dags/youtube_extract_pipeline.py
[2026-09-17T13:52:10.581+0000] {processor.py:925} INFO - DAG(s) 'youtube_pipeline_extraction' retrieved from /opt/airflow/dags/youtube_extract_pipeline.py
[2026-09-17T13:52:10.626+0000] {logging_mixin.py:190} INFO - [2026-09-17T13:52:10.626+0000] {dag.py:3239} INFO - Sync 1 DAGs
[2026-09-17T13:52:10.661+0000] {logging_mixin.py:190} INFO - [2026-09-17T13:52:10.661+0000] {dag.py:4180} INFO - Setting next_dagrun for youtube_pipeline_extraction to 2026-09-17 13:00:00+00:00, run_after=2026-09-17 14:00:00+00:00
[2026-09-17T13:52:10.683+0000] {processor.py:208} INFO - Processing /opt/airflow/dags/youtube_extract_pipeline.py took 0.193 seconds
[2026-09-17T13:52:41.055+0000] {processor.py:186} INFO - Started process (PID=5480) to work on /opt/airflow/dags/youtube_extract_pipeline.py
[2026-09-17T13:52:41.056+0000] {processor.py:914} INFO - Processing file /opt/airflow/dags/youtube_extract_pipeline.py for tasks to queue
[2026-09-17T13:52:41.058+0000] {logging_mixin.py:190} INFO - [2026-09-17T13:52:41.058+0000] {dagbag.py:588} INFO - Filling up the DagBag from /opt/airflow/dags/youtube_extract_pipeline.py
[2026-09-17T13:52:41.118+0000] {processor.py:925} INFO - DAG(s) 'youtube_pipeline_extraction' retrieved from /opt/airflow/dags/youtube_extract_pipeline.py
[2026-09-17T13:52:41.141+0000] {logging_mixin.py:190} INFO - [2026-09-17T13:52:41.141+0000] {dag.py:3239} INFO - Sync 1 DAGs
[2026-09-17T13:52:41.165+0000] {logging_mixin.py:190} INFO - [2026-09-17T13:52:41.164+0000] {dag.py:4180} INFO - Setting next_dagrun for youtube_pipeline_extraction to 2026-09-17 13:00:00+00:00, run_after=2026-09-17 14:00:00+00:00
[2026-09-17T13:52:41.181+0000] {processor.py:208} INFO - Processing /opt/airflow/dags/youtube_extract_pipeline.py took 0.136 seconds
[2026-09-17T13:53:11.643+0000] {processor.py:186} INFO - Started process (PID=5488) to work on /opt/airflow/dags/youtube_extract_pipeline.py
[2026-09-17T13:53:11.645+0000] {processor.py:914} INFO - Processing file /opt/airflow/dags/youtube_extract_pipeline.py for tasks to queue
[2026-09-17T13:53:11.647+0000] {logging_mixin.py:190} INFO - [2026-09-17T13:53:11.647+0000] {dagbag.py:588} INFO - Filling up the DagBag from /opt/airflow/dags/youtube_extract_pipeline.py
[2026-09-17T13:53:11.722+0000] {processor.py:925} INFO - DAG(s) 'youtube_pipeline_extraction' retrieved from /opt/airflow/dags/youtube_extract_pipeline.py
[2026-09-17T13:53:11.764+0000] {logging_mixin.py:190} INFO - [2026-09-17T13:53:11.764+0000] {dag.py:3239} INFO - Sync 1 DAGs
[2026-09-17T13:53:11.789+0000] {logging_mixin.py:190} INFO - [2026-09-17T13:53:11.788+0000] {dag.py:4180} INFO - Setting next_dagrun for youtube_pipeline_extraction to 2026-09-17 13:00:00+00:00, run_after=2026-09-17 14:00:00+00:00
[2026-09-17T13:53:11.808+0000] {processor.py:208} INFO - Processing /opt/airflow/dags/youtube_extract_pipeline.py took 0.172 seconds
[2026-09-17T13:53:42.142+0000] {processor.py:186} INFO - Started process (PID=5495) to work on /opt/airflow/dags/youtube_extract_pipeline.py
[2026-09-17T13:53:42.144+0000] {processor.py:914} INFO - Processing file /opt/airflow/dags/youtube_extract_pipeline.py for tasks to queue
[2026-09-17T13:53:42.147+0000] {logging_mixin.py:190} INFO - [2026-09-17T13:53:42.146+0000] {dagbag.py:588} INFO - Filling up the DagBag from /opt/airflow/dags/youtube_extract_pipeline.py
[2026-09-17T13:53:42.225+0000] {processor.py:925} INFO - DAG(s) 'youtube_pipeline_extraction' retrieved from /opt/airflow/dags/youtube_extract_pipeline.py
[2026-09-17T13:53:42.272+0000] {logging_mixin.py:190} INFO - [2026-09-17T13:53:42.272+0000] {dag.py:3239} INFO - Sync 1 DAGs
[2026-09-17T13:53:42.298+0000] {logging_mixin.py:190} INFO - [2026-09-17T13:53:42.298+0000] {dag.py:4180} INFO - Setting next_dagrun for youtube_pipeline_extraction to 2026-09-17 13:00:00+00:00, run_after=2026-09-17 14:00:00+00:00
[2026-09-17T13:53:42.320+0000] {processor.py:208} INFO - Processing /opt/airflow/dags/youtube_extract_pipeline.py took 0.188 seconds
[2026-09-17T13:54:12.828+0000] {processor.py:186} INFO - Started process (PID=5503) to work on /opt/airflow/dags/youtube_extract_pipeline.py
[2026-09-17T13:54:12.830+0000] {processor.py:914} INFO - Processing file /opt/airflow/dags/youtube_extract_pipeline.py for tasks to queue
[2026-09-17T13:54:12.832+0000] {logging_mixin.py:190} INFO - [2026-09-17T13:54:12.831+0000] {dagbag.py:588} INFO - Filling up the DagBag from /opt/airflow/dags/youtube_extract_pipeline.py
[2026-09-17T13:54:12.937+0000] {processor.py:925} INFO - DAG(s) 'youtube_pipeline_extraction' retrieved from /opt/airflow/dags/youtube_extract_pipeline.py
[2026-09-17T13:54:13.001+0000] {logging_mixin.py:190} INFO - [2026-09-17T13:54:13.001+0000] {dag.py:3239} INFO - Sync 1 DAGs
[2026-09-17T13:54:13.027+0000] {logging_mixin.py:190} INFO - [2026-09-17T13:54:13.027+0000] {dag.py:4180} INFO - Setting next_dagrun for youtube_pipeline_extraction to 2026-09-17 13:00:00+00:00, run_after=2026-09-17 14:00:00+00:00
[2026-09-17T13:54:13.049+0000] {processor.py:208} INFO - Processing /opt/airflow/dags/youtube_extract_pipeline.py took 0.230 seconds
[2026-09-17T13:54:43.290+0000] {processor.py:186} INFO - Started process (PID=5511) to work on /opt/airflow/dags/youtube_extract_pipeline.py
[2026-09-17T13:54:43.293+0000] {processor.py:914} INFO - Processing file /opt/airflow/dags/youtube_extract_pipeline.py for tasks to queue
[2026-09-17T13:54:43.297+0000] {logging_mixin.py:190} INFO - [2026-09-17T13:54:43.297+0000] {dagbag.py:588} INFO - Filling up the DagBag from /opt/airflow/dags/youtube_extract_pipeline.py
[2026-09-17T13:54:43.409+0000] {processor.py:925} INFO - DAG(s) 'youtube_pipeline_extraction' retrieved from /opt/airflow/dags/youtube_extract_pipeline.py
[2026-09-17T13:54:43.468+0000] {logging_mixin.py:190} INFO - [2026-09-17T13:54:43.467+0000] {dag.py:3239} INFO - Sync 1 DAGs
[2026-09-17T13:54:43.496+0000] {logging_mixin.py:190} INFO - [2026-09-17T13:54:43.496+0000] {dag.py:4180} INFO - Setting next_dagrun for youtube_pipeline_extraction to 2026-09-17 13:00:00+00:00, run_after=2026-09-17 14:00:00+00:00
[2026-09-17T13:54:43.518+0000] {processor.py:208} INFO - Processing /opt/airflow/dags/youtube_extract_pipeline.py took 0.255 seconds
[2026-09-17T13:55:13.863+0000] {processor.py:186} INFO - Started process (PID=5519) to work on /opt/airflow/dags/youtube_extract_pipeline.py
[2026-09-17T13:55:13.865+0000] {processor.py:914} INFO - Processing file /opt/airflow/dags/youtube_extract_pipeline.py for tasks to queue
[2026-09-17T13:55:13.867+0000] {logging_mixin.py:190} INFO - [2026-09-17T13:55:13.867+0000] {dagbag.py:588} INFO - Filling up the DagBag from /opt/airflow/dags/youtube_extract_pipeline.py
[2026-09-17T13:55:13.934+0000] {processor.py:925} INFO - DAG(s) 'youtube_pipeline_extraction' retrieved from /opt/airflow/dags/youtube_extract_pipeline.py
[2026-09-17T13:55:13.965+0000] {logging_mixin.py:190} INFO - [2026-09-17T13:55:13.964+0000] {dag.py:3239} INFO - Sync 1 DAGs
[2026-09-17T13:55:13.991+0000] {logging_mixin.py:190} INFO - [2026-09-17T13:55:13.991+0000] {dag.py:4180} INFO - Setting next_dagrun for youtube_pipeline_extraction to 2026-09-17 13:00:00+00:00, run_after=2026-09-17 14:00:00+00:00
[2026-09-17T13:55:14.012+0000] {processor.py:208} INFO - Processing /opt/airflow/dags/youtube_extract_pipeline.py took 0.155 seconds
[2026-09-17T13:55:44.330+0000] {processor.py:186} INFO - Started process (PID=5527) to work on /opt/airflow/dags/youtube_extract_pipeline.py
[2026-09-17T13:55:44.334+0000] {processor.py:914} INFO - Processing file /opt/airflow/dags/youtube_extract_pipeline.py for tasks to queue
[2026-09-17T13:55:44.337+0000] {logging_mixin.py:190} INFO - [2026-09-17T13:55:44.337+0000] {dagbag.py:588} INFO - Filling up the DagBag from /opt/airflow/dags/youtube_extract_pipeline.py
[2026-09-17T13:55:44.421+0000] {processor.py:925} INFO - DAG(s) 'youtube_pipeline_extraction' retrieved from /opt/airflow/dags/youtube_extract_pipeline.py
[2026-09-17T13:55:44.441+0000] {logging_mixin.py:190} INFO - [2026-09-17T13:55:44.440+0000] {dag.py:3239} INFO - Sync 1 DAGs
[2026-09-17T13:55:44.467+0000] {logging_mixin.py:190} INFO - [2026-09-17T13:55:44.467+0000] {dag.py:4180} INFO - Setting next_dagrun for youtube_pipeline_extraction to 2026-09-17 13:00:00+00:00, run_after=2026-09-17 14:00:00+00:00
[2026-09-17T13:55:44.486+0000] {processor.py:208} INFO - Processing /opt/airflow/dags/youtube_extract_pipeline.py took 0.163 seconds
[2026-09-17T13:56:14.803+0000] {processor.py:186} INFO - Started process (PID=5535) to work on /opt/airflow/dags/youtube_extract_pipeline.py
[2026-09-17T13:56:14.805+0000] {processor.py:914} INFO - Processing file /opt/airflow/dags/youtube_extract_pipeline.py for tasks to queue
[2026-09-17T13:56:14.809+0000] {logging_mixin.py:190} INFO - [2026-09-17T13:56:14.808+0000] {dagbag.py:588} INFO - Filling up the DagBag from /opt/airflow/dags/youtube_extract_pipeline.py
[2026-09-17T13:56:14.904+0000] {processor.py:925} INFO - DAG(s) 'youtube_pipeline_extraction' retrieved from /opt/airflow/dags/youtube_extract_pipeline.py
[2026-09-17T13:56:14.934+0000] {logging_mixin.py:190} INFO - [2026-09-17T13:56:14.934+0000] {dag.py:3239} INFO - Sync 1 DAGs
[2026-09-17T13:56:14.962+0000] {logging_mixin.py:190} INFO - [2026-09-17T13:56:14.961+0000] {dag.py:4180} INFO - Setting next_dagrun for youtube_pipeline_extraction to 2026-09-17 13:00:00+00:00, run_after=2026-09-17 14:00:00+00:00
[2026-09-17T13:56:14.988+0000] {processor.py:208} INFO - Processing /opt/airflow/dags/youtube_extract_pipeline.py took 0.191 seconds
[2026-09-17T13:56:45.326+0000] {processor.py:186} INFO - Started process (PID=5543) to work on /opt/airflow/dags/youtube_extract_pipeline.py
[2026-09-17T13:56:45.328+0000] {processor.py:914} INFO - Processing file /opt/airflow/dags/youtube_extract_pipeline.py for tasks to queue
[2026-09-17T13:56:45.332+0000] {logging_mixin.py:190} INFO - [2026-09-17T13:56:45.330+0000] {dagbag.py:588} INFO - Filling up the DagBag from /opt/airflow/dags/youtube_extract_pipeline.py
[2026-09-17T13:56:45.412+0000] {processor.py:925} INFO - DAG(s) 'youtube_pipeline_extraction' retrieved from /opt/airflow/dags/youtube_extract_pipeline.py
[2026-09-17T13:56:45.449+0000] {logging_mixin.py:190} INFO - [2026-09-17T13:56:45.449+0000] {dag.py:3239} INFO - Sync 1 DAGs
[2026-09-17T13:56:45.478+0000] {logging_mixin.py:190} INFO - [2026-09-17T13:56:45.477+0000] {dag.py:4180} INFO - Setting next_dagrun for youtube_pipeline_extraction to 2026-09-17 13:00:00+00:00, run_after=2026-09-17 14:00:00+00:00
[2026-09-17T13:56:45.500+0000] {processor.py:208} INFO - Processing /opt/airflow/dags/youtube_extract_pipeline.py took 0.180 seconds
[2026-09-17T13:57:15.886+0000] {processor.py:186} INFO - Started process (PID=5551) to work on /opt/airflow/dags/youtube_extract_pipeline.py
[2026-09-17T13:57:15.888+0000] {processor.py:914} INFO - Processing file /opt/airflow/dags/youtube_extract_pipeline.py for tasks to queue
[2026-09-17T13:57:15.892+0000] {logging_mixin.py:190} INFO - [2026-09-17T13:57:15.890+0000] {dagbag.py:588} INFO - Filling up the DagBag from /opt/airflow/dags/youtube_extract_pipeline.py
[2026-09-17T13:57:15.967+0000] {processor.py:925} INFO - DAG(s) 'youtube_pipeline_extraction' retrieved from /opt/airflow/dags/youtube_extract_pipeline.py
[2026-09-17T13:57:16.004+0000] {logging_mixin.py:190} INFO - [2026-09-17T13:57:16.004+0000] {dag.py:3239} INFO - Sync 1 DAGs
[2026-09-17T13:57:16.031+0000] {logging_mixin.py:190} INFO - [2026-09-17T13:57:16.031+0000] {dag.py:4180} INFO - Setting next_dagrun for youtube_pipeline_extraction to 2026-09-17 13:00:00+00:00, run_after=2026-09-17 14:00:00+00:00
[2026-09-17T13:57:16.050+0000] {processor.py:208} INFO - Processing /opt/airflow/dags/youtube_extract_pipeline.py took 0.173 seconds
[2026-09-17T13:57:46.379+0000] {processor.py:186} INFO - Started process (PID=5559) to work on /opt/airflow/dags/youtube_extract_pipeline.py
[2026-09-17T13:57:46.381+0000] {processor.py:914} INFO - Processing file /opt/airflow/dags/youtube_extract_pipeline.py for tasks to queue
[2026-09-17T13:57:46.383+0000] {logging_mixin.py:190} INFO - [2026-09-17T13:57:46.383+0000] {dagbag.py:588} INFO - Filling up the DagBag from /opt/airflow/dags/youtube_extract_pipeline.py
[2026-09-17T13:57:46.473+0000] {processor.py:925} INFO - DAG(s) 'youtube_pipeline_extraction' retrieved from /opt/airflow/dags/youtube_extract_pipeline.py
[2026-09-17T13:57:46.554+0000] {logging_mixin.py:190} INFO - [2026-09-17T13:57:46.554+0000] {dag.py:3239} INFO - Sync 1 DAGs
[2026-09-17T13:57:46.577+0000] {logging_mixin.py:190} INFO - [2026-09-17T13:57:46.577+0000] {dag.py:4180} INFO - Setting next_dagrun for youtube_pipeline_extraction to 2026-09-17 13:00:00+00:00, run_after=2026-09-17 14:00:00+00:00
[2026-09-17T13:57:46.606+0000] {processor.py:208} INFO - Processing /opt/airflow/dags/youtube_extract_pipeline.py took 0.238 seconds
[2026-09-17T13:58:16.776+0000] {processor.py:186} INFO - Started process (PID=5567) to work on /opt/airflow/dags/youtube_extract_pipeline.py
[2026-09-17T13:58:16.778+0000] {processor.py:914} INFO - Processing file /opt/airflow/dags/youtube_extract_pipeline.py for tasks to queue
[2026-09-17T13:58:16.783+0000] {logging_mixin.py:190} INFO - [2026-09-17T13:58:16.782+0000] {dagbag.py:588} INFO - Filling up the DagBag from /opt/airflow/dags/youtube_extract_pipeline.py
[2026-09-17T13:58:16.896+0000] {processor.py:925} INFO - DAG(s) 'youtube_pipeline_extraction' retrieved from /opt/airflow/dags/youtube_extract_pipeline.py
[2026-09-17T13:58:16.946+0000] {logging_mixin.py:190} INFO - [2026-09-17T13:58:16.946+0000] {dag.py:3239} INFO - Sync 1 DAGs
[2026-09-17T13:58:16.979+0000] {logging_mixin.py:190} INFO - [2026-09-17T13:58:16.979+0000] {dag.py:4180} INFO - Setting next_dagrun for youtube_pipeline_extraction to 2026-09-17 13:00:00+00:00, run_after=2026-09-17 14:00:00+00:00
[2026-09-17T13:58:17.004+0000] {processor.py:208} INFO - Processing /opt/airflow/dags/youtube_extract_pipeline.py took 0.236 seconds
[2026-09-17T13:58:47.327+0000] {processor.py:186} INFO - Started process (PID=5575) to work on /opt/airflow/dags/youtube_extract_pipeline.py
[2026-09-17T13:58:47.329+0000] {processor.py:914} INFO - Processing file /opt/airflow/dags/youtube_extract_pipeline.py for tasks to queue
[2026-09-17T13:58:47.331+0000] {logging_mixin.py:190} INFO - [2026-09-17T13:58:47.330+0000] {dagbag.py:588} INFO - Filling up the DagBag from /opt/airflow/dags/youtube_extract_pipeline.py
[2026-09-17T13:58:47.403+0000] {processor.py:925} INFO - DAG(s) 'youtube_pipeline_extraction' retrieved from /opt/airflow/dags/youtube_extract_pipeline.py
[2026-09-17T13:58:47.457+0000] {logging_mixin.py:190} INFO - [2026-09-17T13:58:47.457+0000] {dag.py:3239} INFO - Sync 1 DAGs
[2026-09-17T13:58:47.485+0000] {logging_mixin.py:190} INFO - [2026-09-17T13:58:47.485+0000] {dag.py:4180} INFO - Setting next_dagrun for youtube_pipeline_extraction to 2026-09-17 13:00:00+00:00, run_after=2026-09-17 14:00:00+00:00
[2026-09-17T13:58:47.507+0000] {processor.py:208} INFO - Processing /opt/airflow/dags/youtube_extract_pipeline.py took 0.187 seconds
[2026-09-17T13:59:17.805+0000] {processor.py:186} INFO - Started process (PID=5583) to work on /opt/airflow/dags/youtube_extract_pipeline.py
[2026-09-17T13:59:17.807+0000] {processor.py:914} INFO - Processing file /opt/airflow/dags/youtube_extract_pipeline.py for tasks to queue
[2026-09-17T13:59:17.810+0000] {logging_mixin.py:190} INFO - [2026-09-17T13:59:17.809+0000] {dagbag.py:588} INFO - Filling up the DagBag from /opt/airflow/dags/youtube_extract_pipeline.py
[2026-09-17T13:59:17.868+0000] {processor.py:925} INFO - DAG(s) 'youtube_pipeline_extraction' retrieved from /opt/airflow/dags/youtube_extract_pipeline.py
[2026-09-17T13:59:17.891+0000] {logging_mixin.py:190} INFO - [2026-09-17T13:59:17.891+0000] {dag.py:3239} INFO - Sync 1 DAGs
[2026-09-17T13:59:17.919+0000] {logging_mixin.py:190} INFO - [2026-09-17T13:59:17.919+0000] {dag.py:4180} INFO - Setting next_dagrun for youtube_pipeline_extraction to 2026-09-17 13:00:00+00:00, run_after=2026-09-17 14:00:00+00:00
[2026-09-17T13:59:17.941+0000] {processor.py:208} INFO - Processing /opt/airflow/dags/youtube_extract_pipeline.py took 0.142 seconds
[2026-09-17T13:59:48.288+0000] {processor.py:186} INFO - Started process (PID=5592) to work on /opt/airflow/dags/youtube_extract_pipeline.py
[2026-09-17T13:59:48.290+0000] {processor.py:914} INFO - Processing file /opt/airflow/dags/youtube_extract_pipeline.py for tasks to queue
[2026-09-17T13:59:48.294+0000] {logging_mixin.py:190} INFO - [2026-09-17T13:59:48.293+0000] {dagbag.py:588} INFO - Filling up the DagBag from /opt/airflow/dags/youtube_extract_pipeline.py
[2026-09-17T13:59:48.364+0000] {processor.py:925} INFO - DAG(s) 'youtube_pipeline_extraction' retrieved from /opt/airflow/dags/youtube_extract_pipeline.py
[2026-09-17T13:59:48.395+0000] {logging_mixin.py:190} INFO - [2026-09-17T13:59:48.395+0000] {dag.py:3239} INFO - Sync 1 DAGs
[2026-09-17T13:59:48.421+0000] {logging_mixin.py:190} INFO - [2026-09-17T13:59:48.421+0000] {dag.py:4180} INFO - Setting next_dagrun for youtube_pipeline_extraction to 2026-09-17 13:00:00+00:00, run_after=2026-09-17 14:00:00+00:00
[2026-09-17T13:59:48.444+0000] {processor.py:208} INFO - Processing /opt/airflow/dags/youtube_extract_pipeline.py took 0.161 seconds
[2026-09-17T14:00:18.783+0000] {processor.py:186} INFO - Started process (PID=5600) to work on /opt/airflow/dags/youtube_extract_pipeline.py
[2026-09-17T14:00:18.785+0000] {processor.py:914} INFO - Processing file /opt/airflow/dags/youtube_extract_pipeline.py for tasks to queue
[2026-09-17T14:00:18.788+0000] {logging_mixin.py:190} INFO - [2026-09-17T14:00:18.787+0000] {dagbag.py:588} INFO - Filling up the DagBag from /opt/airflow/dags/youtube_extract_pipeline.py
[2026-09-17T14:00:18.866+0000] {processor.py:925} INFO - DAG(s) 'youtube_pipeline_extraction' retrieved from /opt/airflow/dags/youtube_extract_pipeline.py
[2026-09-17T14:00:18.893+0000] {logging_mixin.py:190} INFO - [2026-09-17T14:00:18.893+0000] {dag.py:3239} INFO - Sync 1 DAGs
[2026-09-17T14:00:18.921+0000] {logging_mixin.py:190} INFO - [2026-09-17T14:00:18.921+0000] {dag.py:4180} INFO - Setting next_dagrun for youtube_pipeline_extraction to 2026-09-17 14:00:00+00:00, run_after=2026-09-17 15:00:00+00:00
[2026-09-17T14:00:18.943+0000] {processor.py:208} INFO - Processing /opt/airflow/dags/youtube_extract_pipeline.py took 0.166 seconds
[2026-09-17T14:00:49.691+0000] {processor.py:186} INFO - Started process (PID=5608) to work on /opt/airflow/dags/youtube_extract_pipeline.py
[2026-09-17T14:00:49.693+0000] {processor.py:914} INFO - Processing file /opt/airflow/dags/youtube_extract_pipeline.py for tasks to queue
[2026-09-17T14:00:49.695+0000] {logging_mixin.py:190} INFO - [2026-09-17T14:00:49.695+0000] {dagbag.py:588} INFO - Filling up the DagBag from /opt/airflow/dags/youtube_extract_pipeline.py
[2026-09-17T14:00:49.778+0000] {processor.py:925} INFO - DAG(s) 'youtube_pipeline_extraction' retrieved from /opt/airflow/dags/youtube_extract_pipeline.py
[2026-09-17T14:00:49.811+0000] {logging_mixin.py:190} INFO - [2026-09-17T14:00:49.811+0000] {dag.py:3239} INFO - Sync 1 DAGs
[2026-09-17T14:00:49.842+0000] {logging_mixin.py:190} INFO - [2026-09-17T14:00:49.842+0000] {dag.py:4180} INFO - Setting next_dagrun for youtube_pipeline_extraction to 2026-09-17 14:00:00+00:00, run_after=2026-09-17 15:00:00+00:00
[2026-09-17T14:00:49.866+0000] {processor.py:208} INFO - Processing /opt/airflow/dags/youtube_extract_pipeline.py took 0.181 seconds
[2026-09-17T14:01:20.169+0000] {processor.py:186} INFO - Started process (PID=5616) to work on /opt/airflow/dags/youtube_extract_pipeline.py
[2026-09-17T14:01:20.171+0000] {processor.py:914} INFO - Processing file /opt/airflow/dags/youtube_extract_pipeline.py for tasks to queue
[2026-09-17T14:01:20.173+0000] {logging_mixin.py:190} INFO - [2026-09-17T14:01:20.173+0000] {dagbag.py:588} INFO - Filling up the DagBag from /opt/airflow/dags/youtube_extract_pipeline.py
[2026-09-17T14:01:20.243+0000] {processor.py:925} INFO - DAG(s) 'youtube_pipeline_extraction' retrieved from /opt/airflow/dags/youtube_extract_pipeline.py
[2026-09-17T14:01:20.334+0000] {logging_mixin.py:190} INFO - [2026-09-17T14:01:20.334+0000] {dag.py:3239} INFO - Sync 1 DAGs
[2026-09-17T14:01:20.361+0000] {logging_mixin.py:190} INFO - [2026-09-17T14:01:20.361+0000] {dag.py:4180} INFO - Setting next_dagrun for youtube_pipeline_extraction to 2026-09-17 14:00:00+00:00, run_after=2026-09-17 15:00:00+00:00
[2026-09-17T14:01:20.381+0000] {processor.py:208} INFO - Processing /opt/airflow/dags/youtube_extract_pipeline.py took 0.218 seconds
[2026-09-17T14:01:50.456+0000] {processor.py:186} INFO - Started process (PID=5624) to work on /opt/airflow/dags/youtube_extract_pipeline.py
[2026-09-17T14:01:50.458+0000] {processor.py:914} INFO - Processing file /opt/airflow/dags/youtube_extract_pipeline.py for tasks to queue
[2026-09-17T14:01:50.461+0000] {logging_mixin.py:190} INFO - [2026-09-17T14:01:50.461+0000] {dagbag.py:588} INFO - Filling up the DagBag from /opt/airflow/dags/youtube_extract_pipeline.py
[2026-09-17T14:01:50.523+0000] {processor.py:925} INFO - DAG(s) 'youtube_pipeline_extraction' retrieved from /opt/airflow/dags/youtube_extract_pipeline.py
[2026-09-17T14:01:50.547+0000] {logging_mixin.py:190} INFO - [2026-09-17T14:01:50.547+0000] {dag.py:3239} INFO - Sync 1 DAGs
[2026-09-17T14:01:50.587+0000] {logging_mixin.py:190} INFO - [2026-09-17T14:01:50.587+0000] {dag.py:4180} INFO - Setting next_dagrun for youtube_pipeline_extraction to 2026-09-17 14:00:00+00:00, run_after=2026-09-17 15:00:00+00:00
[2026-09-17T14:01:50.607+0000] {processor.py:208} INFO - Processing /opt/airflow/dags/youtube_extract_pipeline.py took 0.156 seconds
[2026-09-17T14:02:20.956+0000] {processor.py:186} INFO - Started process (PID=5633) to work on /opt/airflow/dags/youtube_extract_pipeline.py
[2026-09-17T14:02:20.958+0000] {processor.py:914} INFO - Processing file /opt/airflow/dags/youtube_extract_pipeline.py for tasks to queue
[2026-09-17T14:02:20.960+0000] {logging_mixin.py:190} INFO - [2026-09-17T14:02:20.959+0000] {dagbag.py:588} INFO - Filling up the DagBag from /opt/airflow/dags/youtube_extract_pipeline.py
[2026-09-17T14:02:21.039+0000] {processor.py:925} INFO - DAG(s) 'youtube_pipeline_extraction' retrieved from /opt/airflow/dags/youtube_extract_pipeline.py
[2026-09-17T14:02:21.062+0000] {logging_mixin.py:190} INFO - [2026-09-17T14:02:21.062+0000] {dag.py:3239} INFO - Sync 1 DAGs
[2026-09-17T14:02:21.091+0000] {logging_mixin.py:190} INFO - [2026-09-17T14:02:21.091+0000] {dag.py:4180} INFO - Setting next_dagrun for youtube_pipeline_extraction to 2026-09-17 14:00:00+00:00, run_after=2026-09-17 15:00:00+00:00
[2026-09-17T14:02:21.111+0000] {processor.py:208} INFO - Processing /opt/airflow/dags/youtube_extract_pipeline.py took 0.163 seconds
[2026-09-17T14:02:51.445+0000] {processor.py:186} INFO - Started process (PID=5641) to work on /opt/airflow/dags/youtube_extract_pipeline.py
[2026-09-17T14:02:51.447+0000] {processor.py:914} INFO - Processing file /opt/airflow/dags/youtube_extract_pipeline.py for tasks to queue
[2026-09-17T14:02:51.449+0000] {logging_mixin.py:190} INFO - [2026-09-17T14:02:51.449+0000] {dagbag.py:588} INFO - Filling up the DagBag from /opt/airflow/dags/youtube_extract_pipeline.py
[2026-09-17T14:02:51.519+0000] {processor.py:925} INFO - DAG(s) 'youtube_pipeline_extraction' retrieved from /opt/airflow/dags/youtube_extract_pipeline.py
[2026-09-17T14:02:51.545+0000] {logging_mixin.py:190} INFO - [2026-09-17T14:02:51.545+0000] {dag.py:3239} INFO - Sync 1 DAGs
[2026-09-17T14:02:51.575+0000] {logging_mixin.py:190} INFO - [2026-09-17T14:02:51.575+0000] {dag.py:4180} INFO - Setting next_dagrun for youtube_pipeline_extraction to 2026-09-17 14:00:00+00:00, run_after=2026-09-17 15:00:00+00:00
[2026-09-17T14:02:51.610+0000] {processor.py:208} INFO - Processing /opt/airflow/dags/youtube_extract_pipeline.py took 0.171 seconds
[2026-09-17T14:03:22.259+0000] {processor.py:186} INFO - Started process (PID=5649) to work on /opt/airflow/dags/youtube_extract_pipeline.py
[2026-09-17T14:03:22.261+0000] {processor.py:914} INFO - Processing file /opt/airflow/dags/youtube_extract_pipeline.py for tasks to queue
[2026-09-17T14:03:22.264+0000] {logging_mixin.py:190} INFO - [2026-09-17T14:03:22.263+0000] {dagbag.py:588} INFO - Filling up the DagBag from /opt/airflow/dags/youtube_extract_pipeline.py
[2026-09-17T14:03:22.365+0000] {processor.py:925} INFO - DAG(s) 'youtube_pipeline_extraction' retrieved from /opt/airflow/dags/youtube_extract_pipeline.py
[2026-09-17T14:03:22.436+0000] {logging_mixin.py:190} INFO - [2026-09-17T14:03:22.436+0000] {dag.py:3239} INFO - Sync 1 DAGs
[2026-09-17T14:03:22.464+0000] {logging_mixin.py:190} INFO - [2026-09-17T14:03:22.464+0000] {dag.py:4180} INFO - Setting next_dagrun for youtube_pipeline_extraction to 2026-09-17 14:00:00+00:00, run_after=2026-09-17 15:00:00+00:00
[2026-09-17T14:03:22.485+0000] {processor.py:208} INFO - Processing /opt/airflow/dags/youtube_extract_pipeline.py took 0.243 seconds
[2026-09-17T14:03:52.851+0000] {processor.py:186} INFO - Started process (PID=5657) to work on /opt/airflow/dags/youtube_extract_pipeline.py
[2026-09-17T14:03:52.853+0000] {processor.py:914} INFO - Processing file /opt/airflow/dags/youtube_extract_pipeline.py for tasks to queue
[2026-09-17T14:03:52.856+0000] {logging_mixin.py:190} INFO - [2026-09-17T14:03:52.855+0000] {dagbag.py:588} INFO - Filling up the DagBag from /opt/airflow/dags/youtube_extract_pipeline.py
[2026-09-17T14:03:52.938+0000] {processor.py:925} INFO - DAG(s) 'youtube_pipeline_extraction' retrieved from /opt/airflow/dags/youtube_extract_pipeline.py
[2026-09-17T14:03:53.006+0000] {logging_mixin.py:190} INFO - [2026-09-17T14:03:53.006+0000] {dag.py:3239} INFO - Sync 1 DAGs
[2026-09-17T14:03:53.031+0000] {logging_mixin.py:190} INFO - [2026-09-17T14:03:53.030+0000] {dag.py:4180} INFO - Setting next_dagrun for youtube_pipeline_extraction to 2026-09-17 14:00:00+00:00, run_after=2026-09-17 15:00:00+00:00
[2026-09-17T14:03:53.051+0000] {processor.py:208} INFO - Processing /opt/airflow/dags/youtube_extract_pipeline.py took 0.209 seconds
[2026-09-17T14:04:23.404+0000] {processor.py:186} INFO - Started process (PID=5665) to work on /opt/airflow/dags/youtube_extract_pipeline.py
[2026-09-17T14:04:23.406+0000] {processor.py:914} INFO - Processing file /opt/airflow/dags/youtube_extract_pipeline.py for tasks to queue
[2026-09-17T14:04:23.409+0000] {logging_mixin.py:190} INFO - [2026-09-17T14:04:23.408+0000] {dagbag.py:588} INFO - Filling up the DagBag from /opt/airflow/dags/youtube_extract_pipeline.py
[2026-09-17T14:04:23.495+0000] {processor.py:925} INFO - DAG(s) 'youtube_pipeline_extraction' retrieved from /opt/airflow/dags/youtube_extract_pipeline.py
[2026-09-17T14:04:23.629+0000] {logging_mixin.py:190} INFO - [2026-09-17T14:04:23.628+0000] {dag.py:3239} INFO - Sync 1 DAGs
[2026-09-17T14:04:23.693+0000] {logging_mixin.py:190} INFO - [2026-09-17T14:04:23.693+0000] {dag.py:4180} INFO - Setting next_dagrun for youtube_pipeline_extraction to 2026-09-17 14:00:00+00:00, run_after=2026-09-17 15:00:00+00:00
[2026-09-17T14:04:23.716+0000] {processor.py:208} INFO - Processing /opt/airflow/dags/youtube_extract_pipeline.py took 0.322 seconds
[2026-09-17T14:04:53.982+0000] {processor.py:186} INFO - Started process (PID=5674) to work on /opt/airflow/dags/youtube_extract_pipeline.py
[2026-09-17T14:04:53.984+0000] {processor.py:914} INFO - Processing file /opt/airflow/dags/youtube_extract_pipeline.py for tasks to queue
[2026-09-17T14:04:53.987+0000] {logging_mixin.py:190} INFO - [2026-09-17T14:04:53.986+0000] {dagbag.py:588} INFO - Filling up the DagBag from /opt/airflow/dags/youtube_extract_pipeline.py
[2026-09-17T14:04:54.050+0000] {processor.py:925} INFO - DAG(s) 'youtube_pipeline_extraction' retrieved from /opt/airflow/dags/youtube_extract_pipeline.py
[2026-09-17T14:04:54.070+0000] {logging_mixin.py:190} INFO - [2026-09-17T14:04:54.069+0000] {dag.py:3239} INFO - Sync 1 DAGs
[2026-09-17T14:04:54.096+0000] {logging_mixin.py:190} INFO - [2026-09-17T14:04:54.096+0000] {dag.py:4180} INFO - Setting next_dagrun for youtube_pipeline_extraction to 2026-09-17 14:00:00+00:00, run_after=2026-09-17 15:00:00+00:00
[2026-09-17T14:04:54.115+0000] {processor.py:208} INFO - Processing /opt/airflow/dags/youtube_extract_pipeline.py took 0.139 seconds
[2026-09-17T14:05:24.570+0000] {processor.py:186} INFO - Started process (PID=5681) to work on /opt/airflow/dags/youtube_extract_pipeline.py
[2026-09-17T14:05:24.572+0000] {processor.py:914} INFO - Processing file /opt/airflow/dags/youtube_extract_pipeline.py for tasks to queue
[2026-09-17T14:05:24.575+0000] {logging_mixin.py:190} INFO - [2026-09-17T14:05:24.575+0000] {dagbag.py:588} INFO - Filling up the DagBag from /opt/airflow/dags/youtube_extract_pipeline.py
[2026-09-17T14:05:24.650+0000] {processor.py:925} INFO - DAG(s) 'youtube_pipeline_extraction' retrieved from /opt/airflow/dags/youtube_extract_pipeline.py
[2026-09-17T14:05:24.683+0000] {logging_mixin.py:190} INFO - [2026-09-17T14:05:24.683+0000] {dag.py:3239} INFO - Sync 1 DAGs
[2026-09-17T14:05:24.710+0000] {logging_mixin.py:190} INFO - [2026-09-17T14:05:24.710+0000] {dag.py:4180} INFO - Setting next_dagrun for youtube_pipeline_extraction to 2026-09-17 14:00:00+00:00, run_after=2026-09-17 15:00:00+00:00
[2026-09-17T14:05:24.730+0000] {processor.py:208} INFO - Processing /opt/airflow/dags/youtube_extract_pipeline.py took 0.169 seconds
[2026-09-17T14:05:55.042+0000] {processor.py:186} INFO - Started process (PID=5689) to work on /opt/airflow/dags/youtube_extract_pipeline.py
[2026-09-17T14:05:55.044+0000] {processor.py:914} INFO - Processing file /opt/airflow/dags/youtube_extract_pipeline.py for tasks to queue
[2026-09-17T14:05:55.047+0000] {logging_mixin.py:190} INFO - [2026-09-17T14:05:55.045+0000] {dagbag.py:588} INFO - Filling up the DagBag from /opt/airflow/dags/youtube_extract_pipeline.py
[2026-09-17T14:05:55.114+0000] {processor.py:925} INFO - DAG(s) 'youtube_pipeline_extraction' retrieved from /opt/airflow/dags/youtube_extract_pipeline.py
[2026-09-17T14:05:55.138+0000] {logging_mixin.py:190} INFO - [2026-09-17T14:05:55.138+0000] {dag.py:3239} INFO - Sync 1 DAGs
[2026-09-17T14:05:55.163+0000] {logging_mixin.py:190} INFO - [2026-09-17T14:05:55.163+0000] {dag.py:4180} INFO - Setting next_dagrun for youtube_pipeline_extraction to 2026-09-17 14:00:00+00:00, run_after=2026-09-17 15:00:00+00:00
[2026-09-17T14:05:55.186+0000] {processor.py:208} INFO - Processing /opt/airflow/dags/youtube_extract_pipeline.py took 0.149 seconds
[2026-09-17T14:06:25.569+0000] {processor.py:186} INFO - Started process (PID=5698) to work on /opt/airflow/dags/youtube_extract_pipeline.py
[2026-09-17T14:06:25.571+0000] {processor.py:914} INFO - Processing file /opt/airflow/dags/youtube_extract_pipeline.py for tasks to queue
[2026-09-17T14:06:25.573+0000] {logging_mixin.py:190} INFO - [2026-09-17T14:06:25.573+0000] {dagbag.py:588} INFO - Filling up the DagBag from /opt/airflow/dags/youtube_extract_pipeline.py
[2026-09-17T14:06:25.641+0000] {processor.py:925} INFO - DAG(s) 'youtube_pipeline_extraction' retrieved from /opt/airflow/dags/youtube_extract_pipeline.py
[2026-09-17T14:06:25.692+0000] {logging_mixin.py:190} INFO - [2026-09-17T14:06:25.691+0000] {dag.py:3239} INFO - Sync 1 DAGs
[2026-09-17T14:06:25.719+0000] {logging_mixin.py:190} INFO - [2026-09-17T14:06:25.719+0000] {dag.py:4180} INFO - Setting next_dagrun for youtube_pipeline_extraction to 2026-09-17 14:00:00+00:00, run_after=2026-09-17 15:00:00+00:00
[2026-09-17T14:06:25.740+0000] {processor.py:208} INFO - Processing /opt/airflow/dags/youtube_extract_pipeline.py took 0.181 seconds
[2026-09-17T14:06:56.088+0000] {processor.py:186} INFO - Started process (PID=5706) to work on /opt/airflow/dags/youtube_extract_pipeline.py
[2026-09-17T14:06:56.091+0000] {processor.py:914} INFO - Processing file /opt/airflow/dags/youtube_extract_pipeline.py for tasks to queue
[2026-09-17T14:06:56.094+0000] {logging_mixin.py:190} INFO - [2026-09-17T14:06:56.093+0000] {dagbag.py:588} INFO - Filling up the DagBag from /opt/airflow/dags/youtube_extract_pipeline.py
[2026-09-17T14:06:56.170+0000] {processor.py:925} INFO - DAG(s) 'youtube_pipeline_extraction' retrieved from /opt/airflow/dags/youtube_extract_pipeline.py
[2026-09-17T14:06:56.222+0000] {logging_mixin.py:190} INFO - [2026-09-17T14:06:56.221+0000] {dag.py:3239} INFO - Sync 1 DAGs
[2026-09-17T14:06:56.249+0000] {logging_mixin.py:190} INFO - [2026-09-17T14:06:56.249+0000] {dag.py:4180} INFO - Setting next_dagrun for youtube_pipeline_extraction to 2026-09-17 14:00:00+00:00, run_after=2026-09-17 15:00:00+00:00
[2026-09-17T14:06:56.269+0000] {processor.py:208} INFO - Processing /opt/airflow/dags/youtube_extract_pipeline.py took 0.192 seconds
[2026-09-17T14:07:26.562+0000] {processor.py:186} INFO - Started process (PID=5714) to work on /opt/airflow/dags/youtube_extract_pipeline.py
[2026-09-17T14:07:26.563+0000] {processor.py:914} INFO - Processing file /opt/airflow/dags/youtube_extract_pipeline.py for tasks to queue
[2026-09-17T14:07:26.566+0000] {logging_mixin.py:190} INFO - [2026-09-17T14:07:26.565+0000] {dagbag.py:588} INFO - Filling up the DagBag from /opt/airflow/dags/youtube_extract_pipeline.py
[2026-09-17T14:07:26.636+0000] {processor.py:925} INFO - DAG(s) 'youtube_pipeline_extraction' retrieved from /opt/airflow/dags/youtube_extract_pipeline.py
[2026-09-17T14:07:26.681+0000] {logging_mixin.py:190} INFO - [2026-09-17T14:07:26.681+0000] {dag.py:3239} INFO - Sync 1 DAGs
[2026-09-17T14:07:26.705+0000] {logging_mixin.py:190} INFO - [2026-09-17T14:07:26.704+0000] {dag.py:4180} INFO - Setting next_dagrun for youtube_pipeline_extraction to 2026-09-17 14:00:00+00:00, run_after=2026-09-17 15:00:00+00:00
[2026-09-17T14:07:26.722+0000] {processor.py:208} INFO - Processing /opt/airflow/dags/youtube_extract_pipeline.py took 0.166 seconds
[2026-09-17T14:07:57.136+0000] {processor.py:186} INFO - Started process (PID=5722) to work on /opt/airflow/dags/youtube_extract_pipeline.py
[2026-09-17T14:07:57.141+0000] {processor.py:914} INFO - Processing file /opt/airflow/dags/youtube_extract_pipeline.py for tasks to queue
[2026-09-17T14:07:57.144+0000] {logging_mixin.py:190} INFO - [2026-09-17T14:07:57.144+0000] {dagbag.py:588} INFO - Filling up the DagBag from /opt/airflow/dags/youtube_extract_pipeline.py
[2026-09-17T14:07:57.294+0000] {processor.py:925} INFO - DAG(s) 'youtube_pipeline_extraction' retrieved from /opt/airflow/dags/youtube_extract_pipeline.py
[2026-09-17T14:07:57.485+0000] {logging_mixin.py:190} INFO - [2026-09-17T14:07:57.484+0000] {dag.py:3239} INFO - Sync 1 DAGs
[2026-09-17T14:07:57.525+0000] {logging_mixin.py:190} INFO - [2026-09-17T14:07:57.525+0000] {dag.py:4180} INFO - Setting next_dagrun for youtube_pipeline_extraction to 2026-09-17 14:00:00+00:00, run_after=2026-09-17 15:00:00+00:00
[2026-09-17T14:07:57.564+0000] {processor.py:208} INFO - Processing /opt/airflow/dags/youtube_extract_pipeline.py took 0.457 seconds
[2026-09-17T14:08:28.217+0000] {processor.py:186} INFO - Started process (PID=5730) to work on /opt/airflow/dags/youtube_extract_pipeline.py
[2026-09-17T14:08:28.219+0000] {processor.py:914} INFO - Processing file /opt/airflow/dags/youtube_extract_pipeline.py for tasks to queue
[2026-09-17T14:08:28.221+0000] {logging_mixin.py:190} INFO - [2026-09-17T14:08:28.221+0000] {dagbag.py:588} INFO - Filling up the DagBag from /opt/airflow/dags/youtube_extract_pipeline.py
[2026-09-17T14:08:28.304+0000] {processor.py:925} INFO - DAG(s) 'youtube_pipeline_extraction' retrieved from /opt/airflow/dags/youtube_extract_pipeline.py
[2026-09-17T14:08:28.364+0000] {logging_mixin.py:190} INFO - [2026-09-17T14:08:28.364+0000] {dag.py:3239} INFO - Sync 1 DAGs
[2026-09-17T14:08:28.397+0000] {logging_mixin.py:190} INFO - [2026-09-17T14:08:28.396+0000] {dag.py:4180} INFO - Setting next_dagrun for youtube_pipeline_extraction to 2026-09-17 14:00:00+00:00, run_after=2026-09-17 15:00:00+00:00
[2026-09-17T14:08:28.416+0000] {processor.py:208} INFO - Processing /opt/airflow/dags/youtube_extract_pipeline.py took 0.206 seconds
[2026-09-17T14:08:58.564+0000] {processor.py:186} INFO - Started process (PID=5739) to work on /opt/airflow/dags/youtube_extract_pipeline.py
[2026-09-17T14:08:58.567+0000] {processor.py:914} INFO - Processing file /opt/airflow/dags/youtube_extract_pipeline.py for tasks to queue
[2026-09-17T14:08:58.569+0000] {logging_mixin.py:190} INFO - [2026-09-17T14:08:58.569+0000] {dagbag.py:588} INFO - Filling up the DagBag from /opt/airflow/dags/youtube_extract_pipeline.py
[2026-09-17T14:08:58.685+0000] {processor.py:925} INFO - DAG(s) 'youtube_pipeline_extraction' retrieved from /opt/airflow/dags/youtube_extract_pipeline.py
[2026-09-17T14:08:58.732+0000] {logging_mixin.py:190} INFO - [2026-09-17T14:08:58.732+0000] {dag.py:3239} INFO - Sync 1 DAGs
[2026-09-17T14:08:58.771+0000] {logging_mixin.py:190} INFO - [2026-09-17T14:08:58.771+0000] {dag.py:4180} INFO - Setting next_dagrun for youtube_pipeline_extraction to 2026-09-17 14:00:00+00:00, run_after=2026-09-17 15:00:00+00:00
[2026-09-17T14:08:58.798+0000] {processor.py:208} INFO - Processing /opt/airflow/dags/youtube_extract_pipeline.py took 0.249 seconds
[2026-09-17T14:09:29.080+0000] {processor.py:186} INFO - Started process (PID=5747) to work on /opt/airflow/dags/youtube_extract_pipeline.py
[2026-09-17T14:09:29.086+0000] {processor.py:914} INFO - Processing file /opt/airflow/dags/youtube_extract_pipeline.py for tasks to queue
[2026-09-17T14:09:29.094+0000] {logging_mixin.py:190} INFO - [2026-09-17T14:09:29.091+0000] {dagbag.py:588} INFO - Filling up the DagBag from /opt/airflow/dags/youtube_extract_pipeline.py
[2026-09-17T14:09:29.443+0000] {processor.py:925} INFO - DAG(s) 'youtube_pipeline_extraction' retrieved from /opt/airflow/dags/youtube_extract_pipeline.py
[2026-09-17T14:09:39.080+0000] {logging_mixin.py:190} INFO - [2026-09-17T14:09:39.079+0000] {dag.py:3239} INFO - Sync 1 DAGs
[2026-09-17T14:09:39.199+0000] {logging_mixin.py:190} INFO - [2026-09-17T14:09:39.198+0000] {dag.py:4180} INFO - Setting next_dagrun for youtube_pipeline_extraction to 2026-09-17 14:00:00+00:00, run_after=2026-09-17 15:00:00+00:00
[2026-09-17T14:09:39.309+0000] {processor.py:208} INFO - Processing /opt/airflow/dags/youtube_extract_pipeline.py took 10.311 seconds
[2026-09-17T14:10:09.780+0000] {processor.py:186} INFO - Started process (PID=5755) to work on /opt/airflow/dags/youtube_extract_pipeline.py
[2026-09-17T14:10:09.782+0000] {processor.py:914} INFO - Processing file /opt/airflow/dags/youtube_extract_pipeline.py for tasks to queue
[2026-09-17T14:10:09.784+0000] {logging_mixin.py:190} INFO - [2026-09-17T14:10:09.783+0000] {dagbag.py:588} INFO - Filling up the DagBag from /opt/airflow/dags/youtube_extract_pipeline.py
[2026-09-17T14:10:09.863+0000] {processor.py:925} INFO - DAG(s) 'youtube_pipeline_extraction' retrieved from /opt/airflow/dags/youtube_extract_pipeline.py
[2026-09-17T14:10:09.921+0000] {logging_mixin.py:190} INFO - [2026-09-17T14:10:09.921+0000] {dag.py:3239} INFO - Sync 1 DAGs
[2026-09-17T14:10:09.957+0000] {logging_mixin.py:190} INFO - [2026-09-17T14:10:09.957+0000] {dag.py:4180} INFO - Setting next_dagrun for youtube_pipeline_extraction to 2026-09-17 14:00:00+00:00, run_after=2026-09-17 15:00:00+00:00
[2026-09-17T14:10:09.987+0000] {processor.py:208} INFO - Processing /opt/airflow/dags/youtube_extract_pipeline.py took 0.216 seconds
[2026-09-17T14:10:40.369+0000] {processor.py:186} INFO - Started process (PID=5769) to work on /opt/airflow/dags/youtube_extract_pipeline.py
[2026-09-17T14:10:40.372+0000] {processor.py:914} INFO - Processing file /opt/airflow/dags/youtube_extract_pipeline.py for tasks to queue
[2026-09-17T14:10:40.374+0000] {logging_mixin.py:190} INFO - [2026-09-17T14:10:40.374+0000] {dagbag.py:588} INFO - Filling up the DagBag from /opt/airflow/dags/youtube_extract_pipeline.py
[2026-09-17T14:10:40.441+0000] {processor.py:925} INFO - DAG(s) 'youtube_pipeline_extraction' retrieved from /opt/airflow/dags/youtube_extract_pipeline.py
[2026-09-17T14:10:40.484+0000] {logging_mixin.py:190} INFO - [2026-09-17T14:10:40.484+0000] {dag.py:3239} INFO - Sync 1 DAGs
[2026-09-17T14:10:40.513+0000] {logging_mixin.py:190} INFO - [2026-09-17T14:10:40.513+0000] {dag.py:4180} INFO - Setting next_dagrun for youtube_pipeline_extraction to 2026-09-17 14:00:00+00:00, run_after=2026-09-17 15:00:00+00:00
[2026-09-17T14:10:40.534+0000] {processor.py:208} INFO - Processing /opt/airflow/dags/youtube_extract_pipeline.py took 0.174 seconds
[2026-09-17T14:11:10.876+0000] {processor.py:186} INFO - Started process (PID=5777) to work on /opt/airflow/dags/youtube_extract_pipeline.py
[2026-09-17T14:11:10.878+0000] {processor.py:914} INFO - Processing file /opt/airflow/dags/youtube_extract_pipeline.py for tasks to queue
[2026-09-17T14:11:10.881+0000] {logging_mixin.py:190} INFO - [2026-09-17T14:11:10.880+0000] {dagbag.py:588} INFO - Filling up the DagBag from /opt/airflow/dags/youtube_extract_pipeline.py
[2026-09-17T14:11:10.944+0000] {processor.py:925} INFO - DAG(s) 'youtube_pipeline_extraction' retrieved from /opt/airflow/dags/youtube_extract_pipeline.py
[2026-09-17T14:11:10.974+0000] {logging_mixin.py:190} INFO - [2026-09-17T14:11:10.973+0000] {dag.py:3239} INFO - Sync 1 DAGs
[2026-09-17T14:11:10.996+0000] {logging_mixin.py:190} INFO - [2026-09-17T14:11:10.996+0000] {dag.py:4180} INFO - Setting next_dagrun for youtube_pipeline_extraction to 2026-09-17 14:00:00+00:00, run_after=2026-09-17 15:00:00+00:00
[2026-09-17T14:11:11.015+0000] {processor.py:208} INFO - Processing /opt/airflow/dags/youtube_extract_pipeline.py took 0.144 seconds
[2026-09-17T14:11:41.365+0000] {processor.py:186} INFO - Started process (PID=5785) to work on /opt/airflow/dags/youtube_extract_pipeline.py
[2026-09-17T14:11:41.367+0000] {processor.py:914} INFO - Processing file /opt/airflow/dags/youtube_extract_pipeline.py for tasks to queue
[2026-09-17T14:11:41.369+0000] {logging_mixin.py:190} INFO - [2026-09-17T14:11:41.368+0000] {dagbag.py:588} INFO - Filling up the DagBag from /opt/airflow/dags/youtube_extract_pipeline.py
[2026-09-17T14:11:41.432+0000] {processor.py:925} INFO - DAG(s) 'youtube_pipeline_extraction' retrieved from /opt/airflow/dags/youtube_extract_pipeline.py
[2026-09-17T14:11:41.455+0000] {logging_mixin.py:190} INFO - [2026-09-17T14:11:41.455+0000] {dag.py:3239} INFO - Sync 1 DAGs
[2026-09-17T14:11:41.478+0000] {logging_mixin.py:190} INFO - [2026-09-17T14:11:41.478+0000] {dag.py:4180} INFO - Setting next_dagrun for youtube_pipeline_extraction to 2026-09-17 14:00:00+00:00, run_after=2026-09-17 15:00:00+00:00
[2026-09-17T14:11:41.498+0000] {processor.py:208} INFO - Processing /opt/airflow/dags/youtube_extract_pipeline.py took 0.141 seconds
[2026-09-17T14:12:11.828+0000] {processor.py:186} INFO - Started process (PID=5793) to work on /opt/airflow/dags/youtube_extract_pipeline.py
[2026-09-17T14:12:11.829+0000] {processor.py:914} INFO - Processing file /opt/airflow/dags/youtube_extract_pipeline.py for tasks to queue
[2026-09-17T14:12:11.831+0000] {logging_mixin.py:190} INFO - [2026-09-17T14:12:11.831+0000] {dagbag.py:588} INFO - Filling up the DagBag from /opt/airflow/dags/youtube_extract_pipeline.py
[2026-09-17T14:12:11.891+0000] {processor.py:925} INFO - DAG(s) 'youtube_pipeline_extraction' retrieved from /opt/airflow/dags/youtube_extract_pipeline.py
[2026-09-17T14:12:11.933+0000] {logging_mixin.py:190} INFO - [2026-09-17T14:12:11.932+0000] {dag.py:3239} INFO - Sync 1 DAGs
[2026-09-17T14:12:11.955+0000] {logging_mixin.py:190} INFO - [2026-09-17T14:12:11.955+0000] {dag.py:4180} INFO - Setting next_dagrun for youtube_pipeline_extraction to 2026-09-17 14:00:00+00:00, run_after=2026-09-17 15:00:00+00:00
[2026-09-17T14:12:11.976+0000] {processor.py:208} INFO - Processing /opt/airflow/dags/youtube_extract_pipeline.py took 0.157 seconds
[2026-09-17T14:12:42.144+0000] {processor.py:186} INFO - Started process (PID=5802) to work on /opt/airflow/dags/youtube_extract_pipeline.py
[2026-09-17T14:12:42.147+0000] {processor.py:914} INFO - Processing file /opt/airflow/dags/youtube_extract_pipeline.py for tasks to queue
[2026-09-17T14:12:42.149+0000] {logging_mixin.py:190} INFO - [2026-09-17T14:12:42.149+0000] {dagbag.py:588} INFO - Filling up the DagBag from /opt/airflow/dags/youtube_extract_pipeline.py
[2026-09-17T14:12:42.226+0000] {processor.py:925} INFO - DAG(s) 'youtube_pipeline_extraction' retrieved from /opt/airflow/dags/youtube_extract_pipeline.py
[2026-09-17T14:12:42.268+0000] {logging_mixin.py:190} INFO - [2026-09-17T14:12:42.268+0000] {dag.py:3239} INFO - Sync 1 DAGs
[2026-09-17T14:12:42.293+0000] {logging_mixin.py:190} INFO - [2026-09-17T14:12:42.293+0000] {dag.py:4180} INFO - Setting next_dagrun for youtube_pipeline_extraction to 2026-09-17 14:00:00+00:00, run_after=2026-09-17 15:00:00+00:00
[2026-09-17T14:12:42.311+0000] {processor.py:208} INFO - Processing /opt/airflow/dags/youtube_extract_pipeline.py took 0.174 seconds
[2026-09-17T14:13:12.638+0000] {processor.py:186} INFO - Started process (PID=5810) to work on /opt/airflow/dags/youtube_extract_pipeline.py
[2026-09-17T14:13:12.640+0000] {processor.py:914} INFO - Processing file /opt/airflow/dags/youtube_extract_pipeline.py for tasks to queue
[2026-09-17T14:13:12.643+0000] {logging_mixin.py:190} INFO - [2026-09-17T14:13:12.642+0000] {dagbag.py:588} INFO - Filling up the DagBag from /opt/airflow/dags/youtube_extract_pipeline.py
[2026-09-17T14:13:12.745+0000] {processor.py:925} INFO - DAG(s) 'youtube_pipeline_extraction' retrieved from /opt/airflow/dags/youtube_extract_pipeline.py
[2026-09-17T14:13:12.830+0000] {logging_mixin.py:190} INFO - [2026-09-17T14:13:12.830+0000] {dag.py:3239} INFO - Sync 1 DAGs
[2026-09-17T14:13:12.862+0000] {logging_mixin.py:190} INFO - [2026-09-17T14:13:12.862+0000] {dag.py:4180} INFO - Setting next_dagrun for youtube_pipeline_extraction to 2026-09-17 14:00:00+00:00, run_after=2026-09-17 15:00:00+00:00
[2026-09-17T14:13:12.885+0000] {processor.py:208} INFO - Processing /opt/airflow/dags/youtube_extract_pipeline.py took 0.257 seconds
[2026-09-17T14:13:43.087+0000] {processor.py:186} INFO - Started process (PID=5818) to work on /opt/airflow/dags/youtube_extract_pipeline.py
[2026-09-17T14:13:43.091+0000] {processor.py:914} INFO - Processing file /opt/airflow/dags/youtube_extract_pipeline.py for tasks to queue
[2026-09-17T14:13:43.095+0000] {logging_mixin.py:190} INFO - [2026-09-17T14:13:43.094+0000] {dagbag.py:588} INFO - Filling up the DagBag from /opt/airflow/dags/youtube_extract_pipeline.py
[2026-09-17T14:13:43.273+0000] {processor.py:925} INFO - DAG(s) 'youtube_pipeline_extraction' retrieved from /opt/airflow/dags/youtube_extract_pipeline.py
[2026-09-17T14:13:43.699+0000] {logging_mixin.py:190} INFO - [2026-09-17T14:13:43.684+0000] {dag.py:3239} INFO - Sync 1 DAGs
[2026-09-17T14:13:43.754+0000] {logging_mixin.py:190} INFO - [2026-09-17T14:13:43.754+0000] {dag.py:4180} INFO - Setting next_dagrun for youtube_pipeline_extraction to 2026-09-17 14:00:00+00:00, run_after=2026-09-17 15:00:00+00:00
[2026-09-17T14:13:43.785+0000] {processor.py:208} INFO - Processing /opt/airflow/dags/youtube_extract_pipeline.py took 0.718 seconds
[2026-09-17T14:14:14.590+0000] {processor.py:186} INFO - Started process (PID=5826) to work on /opt/airflow/dags/youtube_extract_pipeline.py
[2026-09-17T14:14:14.593+0000] {processor.py:914} INFO - Processing file /opt/airflow/dags/youtube_extract_pipeline.py for tasks to queue
[2026-09-17T14:14:14.595+0000] {logging_mixin.py:190} INFO - [2026-09-17T14:14:14.595+0000] {dagbag.py:588} INFO - Filling up the DagBag from /opt/airflow/dags/youtube_extract_pipeline.py
[2026-09-17T14:14:14.679+0000] {processor.py:925} INFO - DAG(s) 'youtube_pipeline_extraction' retrieved from /opt/airflow/dags/youtube_extract_pipeline.py
[2026-09-17T14:14:14.721+0000] {logging_mixin.py:190} INFO - [2026-09-17T14:14:14.721+0000] {dag.py:3239} INFO - Sync 1 DAGs
[2026-09-17T14:14:14.751+0000] {logging_mixin.py:190} INFO - [2026-09-17T14:14:14.751+0000] {dag.py:4180} INFO - Setting next_dagrun for youtube_pipeline_extraction to 2026-09-17 14:00:00+00:00, run_after=2026-09-17 15:00:00+00:00
[2026-09-17T14:14:14.776+0000] {processor.py:208} INFO - Processing /opt/airflow/dags/youtube_extract_pipeline.py took 0.194 seconds
[2026-09-17T14:14:45.110+0000] {processor.py:186} INFO - Started process (PID=5834) to work on /opt/airflow/dags/youtube_extract_pipeline.py
[2026-09-17T14:14:45.112+0000] {processor.py:914} INFO - Processing file /opt/airflow/dags/youtube_extract_pipeline.py for tasks to queue
[2026-09-17T14:14:45.114+0000] {logging_mixin.py:190} INFO - [2026-09-17T14:14:45.113+0000] {dagbag.py:588} INFO - Filling up the DagBag from /opt/airflow/dags/youtube_extract_pipeline.py
[2026-09-17T14:14:45.185+0000] {processor.py:925} INFO - DAG(s) 'youtube_pipeline_extraction' retrieved from /opt/airflow/dags/youtube_extract_pipeline.py
[2026-09-17T14:14:45.249+0000] {logging_mixin.py:190} INFO - [2026-09-17T14:14:45.249+0000] {dag.py:3239} INFO - Sync 1 DAGs
[2026-09-17T14:14:45.276+0000] {logging_mixin.py:190} INFO - [2026-09-17T14:14:45.276+0000] {dag.py:4180} INFO - Setting next_dagrun for youtube_pipeline_extraction to 2026-09-17 14:00:00+00:00, run_after=2026-09-17 15:00:00+00:00
[2026-09-17T14:14:45.297+0000] {processor.py:208} INFO - Processing /opt/airflow/dags/youtube_extract_pipeline.py took 0.195 seconds
[2026-09-17T14:15:15.629+0000] {processor.py:186} INFO - Started process (PID=5842) to work on /opt/airflow/dags/youtube_extract_pipeline.py
[2026-09-17T14:15:15.630+0000] {processor.py:914} INFO - Processing file /opt/airflow/dags/youtube_extract_pipeline.py for tasks to queue
[2026-09-17T14:15:15.632+0000] {logging_mixin.py:190} INFO - [2026-09-17T14:15:15.632+0000] {dagbag.py:588} INFO - Filling up the DagBag from /opt/airflow/dags/youtube_extract_pipeline.py
[2026-09-17T14:15:15.710+0000] {processor.py:925} INFO - DAG(s) 'youtube_pipeline_extraction' retrieved from /opt/airflow/dags/youtube_extract_pipeline.py
[2026-09-17T14:15:15.738+0000] {logging_mixin.py:190} INFO - [2026-09-17T14:15:15.738+0000] {dag.py:3239} INFO - Sync 1 DAGs
[2026-09-17T14:15:15.768+0000] {logging_mixin.py:190} INFO - [2026-09-17T14:15:15.767+0000] {dag.py:4180} INFO - Setting next_dagrun for youtube_pipeline_extraction to 2026-09-17 14:00:00+00:00, run_after=2026-09-17 15:00:00+00:00
[2026-09-17T14:15:15.786+0000] {processor.py:208} INFO - Processing /opt/airflow/dags/youtube_extract_pipeline.py took 0.171 seconds
[2026-09-17T14:15:45.974+0000] {processor.py:186} INFO - Started process (PID=5850) to work on /opt/airflow/dags/youtube_extract_pipeline.py
[2026-09-17T14:15:45.976+0000] {processor.py:914} INFO - Processing file /opt/airflow/dags/youtube_extract_pipeline.py for tasks to queue
[2026-09-17T14:15:45.977+0000] {logging_mixin.py:190} INFO - [2026-09-17T14:15:45.977+0000] {dagbag.py:588} INFO - Filling up the DagBag from /opt/airflow/dags/youtube_extract_pipeline.py
[2026-09-17T14:15:46.049+0000] {processor.py:925} INFO - DAG(s) 'youtube_pipeline_extraction' retrieved from /opt/airflow/dags/youtube_extract_pipeline.py
[2026-09-17T14:15:46.098+0000] {logging_mixin.py:190} INFO - [2026-09-17T14:15:46.098+0000] {dag.py:3239} INFO - Sync 1 DAGs
[2026-09-17T14:15:46.123+0000] {logging_mixin.py:190} INFO - [2026-09-17T14:15:46.123+0000] {dag.py:4180} INFO - Setting next_dagrun for youtube_pipeline_extraction to 2026-09-17 14:00:00+00:00, run_after=2026-09-17 15:00:00+00:00
[2026-09-17T14:15:46.141+0000] {processor.py:208} INFO - Processing /opt/airflow/dags/youtube_extract_pipeline.py took 0.179 seconds
[2026-09-17T14:16:16.458+0000] {processor.py:186} INFO - Started process (PID=5858) to work on /opt/airflow/dags/youtube_extract_pipeline.py
[2026-09-17T14:16:16.460+0000] {processor.py:914} INFO - Processing file /opt/airflow/dags/youtube_extract_pipeline.py for tasks to queue
[2026-09-17T14:16:16.463+0000] {logging_mixin.py:190} INFO - [2026-09-17T14:16:16.462+0000] {dagbag.py:588} INFO - Filling up the DagBag from /opt/airflow/dags/youtube_extract_pipeline.py
[2026-09-17T14:16:16.530+0000] {processor.py:925} INFO - DAG(s) 'youtube_pipeline_extraction' retrieved from /opt/airflow/dags/youtube_extract_pipeline.py
[2026-09-17T14:16:16.564+0000] {logging_mixin.py:190} INFO - [2026-09-17T14:16:16.563+0000] {dag.py:3239} INFO - Sync 1 DAGs
[2026-09-17T14:16:16.586+0000] {logging_mixin.py:190} INFO - [2026-09-17T14:16:16.586+0000] {dag.py:4180} INFO - Setting next_dagrun for youtube_pipeline_extraction to 2026-09-17 14:00:00+00:00, run_after=2026-09-17 15:00:00+00:00
[2026-09-17T14:16:16.607+0000] {processor.py:208} INFO - Processing /opt/airflow/dags/youtube_extract_pipeline.py took 0.155 seconds
[2026-09-17T14:16:46.965+0000] {processor.py:186} INFO - Started process (PID=5866) to work on /opt/airflow/dags/youtube_extract_pipeline.py
[2026-09-17T14:16:46.973+0000] {processor.py:914} INFO - Processing file /opt/airflow/dags/youtube_extract_pipeline.py for tasks to queue
[2026-09-17T14:16:46.979+0000] {logging_mixin.py:190} INFO - [2026-09-17T14:16:46.976+0000] {dagbag.py:588} INFO - Filling up the DagBag from /opt/airflow/dags/youtube_extract_pipeline.py
[2026-09-17T14:16:47.094+0000] {processor.py:925} INFO - DAG(s) 'youtube_pipeline_extraction' retrieved from /opt/airflow/dags/youtube_extract_pipeline.py
[2026-09-17T14:16:47.145+0000] {logging_mixin.py:190} INFO - [2026-09-17T14:16:47.144+0000] {dag.py:3239} INFO - Sync 1 DAGs
[2026-09-17T14:16:47.172+0000] {logging_mixin.py:190} INFO - [2026-09-17T14:16:47.171+0000] {dag.py:4180} INFO - Setting next_dagrun for youtube_pipeline_extraction to 2026-09-17 14:00:00+00:00, run_after=2026-09-17 15:00:00+00:00
[2026-09-17T14:16:47.189+0000] {processor.py:208} INFO - Processing /opt/airflow/dags/youtube_extract_pipeline.py took 0.243 seconds
[2026-09-17T14:17:17.602+0000] {processor.py:186} INFO - Started process (PID=5874) to work on /opt/airflow/dags/youtube_extract_pipeline.py
[2026-09-17T14:17:17.605+0000] {processor.py:914} INFO - Processing file /opt/airflow/dags/youtube_extract_pipeline.py for tasks to queue
[2026-09-17T14:17:17.608+0000] {logging_mixin.py:190} INFO - [2026-09-17T14:17:17.606+0000] {dagbag.py:588} INFO - Filling up the DagBag from /opt/airflow/dags/youtube_extract_pipeline.py
[2026-09-17T14:17:17.701+0000] {processor.py:925} INFO - DAG(s) 'youtube_pipeline_extraction' retrieved from /opt/airflow/dags/youtube_extract_pipeline.py
[2026-09-17T14:17:17.756+0000] {logging_mixin.py:190} INFO - [2026-09-17T14:17:17.755+0000] {dag.py:3239} INFO - Sync 1 DAGs
[2026-09-17T14:17:17.794+0000] {logging_mixin.py:190} INFO - [2026-09-17T14:17:17.794+0000] {dag.py:4180} INFO - Setting next_dagrun for youtube_pipeline_extraction to 2026-09-17 14:00:00+00:00, run_after=2026-09-17 15:00:00+00:00
[2026-09-17T14:17:17.812+0000] {processor.py:208} INFO - Processing /opt/airflow/dags/youtube_extract_pipeline.py took 0.220 seconds
[2026-09-17T14:17:48.141+0000] {processor.py:186} INFO - Started process (PID=5883) to work on /opt/airflow/dags/youtube_extract_pipeline.py
[2026-09-17T14:17:48.144+0000] {processor.py:914} INFO - Processing file /opt/airflow/dags/youtube_extract_pipeline.py for tasks to queue
[2026-09-17T14:17:48.147+0000] {logging_mixin.py:190} INFO - [2026-09-17T14:17:48.146+0000] {dagbag.py:588} INFO - Filling up the DagBag from /opt/airflow/dags/youtube_extract_pipeline.py
[2026-09-17T14:17:48.218+0000] {processor.py:925} INFO - DAG(s) 'youtube_pipeline_extraction' retrieved from /opt/airflow/dags/youtube_extract_pipeline.py
[2026-09-17T14:17:48.345+0000] {logging_mixin.py:190} INFO - [2026-09-17T14:17:48.344+0000] {dag.py:3239} INFO - Sync 1 DAGs
[2026-09-17T14:17:48.371+0000] {logging_mixin.py:190} INFO - [2026-09-17T14:17:48.371+0000] {dag.py:4180} INFO - Setting next_dagrun for youtube_pipeline_extraction to 2026-09-17 14:00:00+00:00, run_after=2026-09-17 15:00:00+00:00
[2026-09-17T14:17:48.391+0000] {processor.py:208} INFO - Processing /opt/airflow/dags/youtube_extract_pipeline.py took 0.256 seconds
[2026-09-17T14:18:18.500+0000] {processor.py:186} INFO - Started process (PID=5890) to work on /opt/airflow/dags/youtube_extract_pipeline.py
[2026-09-17T14:18:18.503+0000] {processor.py:914} INFO - Processing file /opt/airflow/dags/youtube_extract_pipeline.py for tasks to queue
[2026-09-17T14:18:18.507+0000] {logging_mixin.py:190} INFO - [2026-09-17T14:18:18.506+0000] {dagbag.py:588} INFO - Filling up the DagBag from /opt/airflow/dags/youtube_extract_pipeline.py
[2026-09-17T14:18:18.597+0000] {processor.py:925} INFO - DAG(s) 'youtube_pipeline_extraction' retrieved from /opt/airflow/dags/youtube_extract_pipeline.py
[2026-09-17T14:18:18.632+0000] {logging_mixin.py:190} INFO - [2026-09-17T14:18:18.631+0000] {dag.py:3239} INFO - Sync 1 DAGs
[2026-09-17T14:18:18.659+0000] {logging_mixin.py:190} INFO - [2026-09-17T14:18:18.659+0000] {dag.py:4180} INFO - Setting next_dagrun for youtube_pipeline_extraction to 2026-09-17 14:00:00+00:00, run_after=2026-09-17 15:00:00+00:00
[2026-09-17T14:18:18.680+0000] {processor.py:208} INFO - Processing /opt/airflow/dags/youtube_extract_pipeline.py took 0.191 seconds
[2026-09-17T14:18:49.019+0000] {processor.py:186} INFO - Started process (PID=5899) to work on /opt/airflow/dags/youtube_extract_pipeline.py
[2026-09-17T14:18:49.021+0000] {processor.py:914} INFO - Processing file /opt/airflow/dags/youtube_extract_pipeline.py for tasks to queue
[2026-09-17T14:18:49.023+0000] {logging_mixin.py:190} INFO - [2026-09-17T14:18:49.023+0000] {dagbag.py:588} INFO - Filling up the DagBag from /opt/airflow/dags/youtube_extract_pipeline.py
[2026-09-17T14:18:49.106+0000] {processor.py:925} INFO - DAG(s) 'youtube_pipeline_extraction' retrieved from /opt/airflow/dags/youtube_extract_pipeline.py
[2026-09-17T14:18:49.133+0000] {logging_mixin.py:190} INFO - [2026-09-17T14:18:49.133+0000] {dag.py:3239} INFO - Sync 1 DAGs
[2026-09-17T14:18:49.155+0000] {logging_mixin.py:190} INFO - [2026-09-17T14:18:49.155+0000] {dag.py:4180} INFO - Setting next_dagrun for youtube_pipeline_extraction to 2026-09-17 14:00:00+00:00, run_after=2026-09-17 15:00:00+00:00
[2026-09-17T14:18:49.178+0000] {processor.py:208} INFO - Processing /opt/airflow/dags/youtube_extract_pipeline.py took 0.165 seconds
[2026-09-17T14:19:19.532+0000] {processor.py:186} INFO - Started process (PID=5907) to work on /opt/airflow/dags/youtube_extract_pipeline.py
[2026-09-17T14:19:19.535+0000] {processor.py:914} INFO - Processing file /opt/airflow/dags/youtube_extract_pipeline.py for tasks to queue
[2026-09-17T14:19:19.537+0000] {logging_mixin.py:190} INFO - [2026-09-17T14:19:19.536+0000] {dagbag.py:588} INFO - Filling up the DagBag from /opt/airflow/dags/youtube_extract_pipeline.py
[2026-09-17T14:19:19.621+0000] {processor.py:925} INFO - DAG(s) 'youtube_pipeline_extraction' retrieved from /opt/airflow/dags/youtube_extract_pipeline.py
[2026-09-17T14:19:19.693+0000] {logging_mixin.py:190} INFO - [2026-09-17T14:19:19.693+0000] {dag.py:3239} INFO - Sync 1 DAGs
[2026-09-17T14:19:19.723+0000] {logging_mixin.py:190} INFO - [2026-09-17T14:19:19.723+0000] {dag.py:4180} INFO - Setting next_dagrun for youtube_pipeline_extraction to 2026-09-17 14:00:00+00:00, run_after=2026-09-17 15:00:00+00:00
[2026-09-17T14:19:19.743+0000] {processor.py:208} INFO - Processing /opt/airflow/dags/youtube_extract_pipeline.py took 0.223 seconds
[2026-09-17T14:19:50.384+0000] {processor.py:186} INFO - Started process (PID=5915) to work on /opt/airflow/dags/youtube_extract_pipeline.py
[2026-09-17T14:19:50.397+0000] {processor.py:914} INFO - Processing file /opt/airflow/dags/youtube_extract_pipeline.py for tasks to queue
[2026-09-17T14:19:50.404+0000] {logging_mixin.py:190} INFO - [2026-09-17T14:19:50.402+0000] {dagbag.py:588} INFO - Filling up the DagBag from /opt/airflow/dags/youtube_extract_pipeline.py
[2026-09-17T14:19:50.846+0000] {processor.py:925} INFO - DAG(s) 'youtube_pipeline_extraction' retrieved from /opt/airflow/dags/youtube_extract_pipeline.py
[2026-09-17T14:19:51.348+0000] {logging_mixin.py:190} INFO - [2026-09-17T14:19:51.340+0000] {dag.py:3239} INFO - Sync 1 DAGs
[2026-09-17T14:19:51.488+0000] {logging_mixin.py:190} INFO - [2026-09-17T14:19:51.487+0000] {dag.py:4180} INFO - Setting next_dagrun for youtube_pipeline_extraction to 2026-09-17 14:00:00+00:00, run_after=2026-09-17 15:00:00+00:00
[2026-09-17T14:19:51.653+0000] {processor.py:208} INFO - Processing /opt/airflow/dags/youtube_extract_pipeline.py took 1.309 seconds
[2026-09-17T14:20:21.769+0000] {processor.py:186} INFO - Started process (PID=5923) to work on /opt/airflow/dags/youtube_extract_pipeline.py
[2026-09-17T14:20:21.771+0000] {processor.py:914} INFO - Processing file /opt/airflow/dags/youtube_extract_pipeline.py for tasks to queue
[2026-09-17T14:20:21.773+0000] {logging_mixin.py:190} INFO - [2026-09-17T14:20:21.773+0000] {dagbag.py:588} INFO - Filling up the DagBag from /opt/airflow/dags/youtube_extract_pipeline.py
[2026-09-17T14:20:21.862+0000] {processor.py:925} INFO - DAG(s) 'youtube_pipeline_extraction' retrieved from /opt/airflow/dags/youtube_extract_pipeline.py
[2026-09-17T14:20:22.071+0000] {logging_mixin.py:190} INFO - [2026-09-17T14:20:22.071+0000] {dag.py:3239} INFO - Sync 1 DAGs
[2026-09-17T14:20:22.106+0000] {logging_mixin.py:190} INFO - [2026-09-17T14:20:22.105+0000] {dag.py:4180} INFO - Setting next_dagrun for youtube_pipeline_extraction to 2026-09-17 14:00:00+00:00, run_after=2026-09-17 15:00:00+00:00
[2026-09-17T14:20:22.130+0000] {processor.py:208} INFO - Processing /opt/airflow/dags/youtube_extract_pipeline.py took 0.369 seconds
[2026-09-17T14:20:52.247+0000] {processor.py:186} INFO - Started process (PID=5931) to work on /opt/airflow/dags/youtube_extract_pipeline.py
[2026-09-17T14:20:52.250+0000] {processor.py:914} INFO - Processing file /opt/airflow/dags/youtube_extract_pipeline.py for tasks to queue
[2026-09-17T14:20:52.252+0000] {logging_mixin.py:190} INFO - [2026-09-17T14:20:52.252+0000] {dagbag.py:588} INFO - Filling up the DagBag from /opt/airflow/dags/youtube_extract_pipeline.py
[2026-09-17T14:20:52.316+0000] {processor.py:925} INFO - DAG(s) 'youtube_pipeline_extraction' retrieved from /opt/airflow/dags/youtube_extract_pipeline.py
[2026-09-17T14:20:52.358+0000] {logging_mixin.py:190} INFO - [2026-09-17T14:20:52.358+0000] {dag.py:3239} INFO - Sync 1 DAGs
[2026-09-17T14:20:52.382+0000] {logging_mixin.py:190} INFO - [2026-09-17T14:20:52.382+0000] {dag.py:4180} INFO - Setting next_dagrun for youtube_pipeline_extraction to 2026-09-17 14:00:00+00:00, run_after=2026-09-17 15:00:00+00:00
[2026-09-17T14:20:52.400+0000] {processor.py:208} INFO - Processing /opt/airflow/dags/youtube_extract_pipeline.py took 0.159 seconds
[2026-09-17T14:21:22.754+0000] {processor.py:186} INFO - Started process (PID=5939) to work on /opt/airflow/dags/youtube_extract_pipeline.py
[2026-09-17T14:21:22.757+0000] {processor.py:914} INFO - Processing file /opt/airflow/dags/youtube_extract_pipeline.py for tasks to queue
[2026-09-17T14:21:22.761+0000] {logging_mixin.py:190} INFO - [2026-09-17T14:21:22.760+0000] {dagbag.py:588} INFO - Filling up the DagBag from /opt/airflow/dags/youtube_extract_pipeline.py
[2026-09-17T14:21:22.869+0000] {processor.py:925} INFO - DAG(s) 'youtube_pipeline_extraction' retrieved from /opt/airflow/dags/youtube_extract_pipeline.py
[2026-09-17T14:21:22.926+0000] {logging_mixin.py:190} INFO - [2026-09-17T14:21:22.925+0000] {dag.py:3239} INFO - Sync 1 DAGs
[2026-09-17T14:21:22.952+0000] {logging_mixin.py:190} INFO - [2026-09-17T14:21:22.952+0000] {dag.py:4180} INFO - Setting next_dagrun for youtube_pipeline_extraction to 2026-09-17 14:00:00+00:00, run_after=2026-09-17 15:00:00+00:00
[2026-09-17T14:21:22.974+0000] {processor.py:208} INFO - Processing /opt/airflow/dags/youtube_extract_pipeline.py took 0.227 seconds
[2026-09-17T14:21:53.320+0000] {processor.py:186} INFO - Started process (PID=5947) to work on /opt/airflow/dags/youtube_extract_pipeline.py
[2026-09-17T14:21:53.322+0000] {processor.py:914} INFO - Processing file /opt/airflow/dags/youtube_extract_pipeline.py for tasks to queue
[2026-09-17T14:21:53.324+0000] {logging_mixin.py:190} INFO - [2026-09-17T14:21:53.324+0000] {dagbag.py:588} INFO - Filling up the DagBag from /opt/airflow/dags/youtube_extract_pipeline.py
[2026-09-17T14:21:53.390+0000] {processor.py:925} INFO - DAG(s) 'youtube_pipeline_extraction' retrieved from /opt/airflow/dags/youtube_extract_pipeline.py
[2026-09-17T14:21:53.424+0000] {logging_mixin.py:190} INFO - [2026-09-17T14:21:53.423+0000] {dag.py:3239} INFO - Sync 1 DAGs
[2026-09-17T14:21:53.446+0000] {logging_mixin.py:190} INFO - [2026-09-17T14:21:53.445+0000] {dag.py:4180} INFO - Setting next_dagrun for youtube_pipeline_extraction to 2026-09-17 14:00:00+00:00, run_after=2026-09-17 15:00:00+00:00
[2026-09-17T14:21:53.466+0000] {processor.py:208} INFO - Processing /opt/airflow/dags/youtube_extract_pipeline.py took 0.157 seconds
[2026-09-17T14:22:23.841+0000] {processor.py:186} INFO - Started process (PID=5955) to work on /opt/airflow/dags/youtube_extract_pipeline.py
[2026-09-17T14:22:23.843+0000] {processor.py:914} INFO - Processing file /opt/airflow/dags/youtube_extract_pipeline.py for tasks to queue
[2026-09-17T14:22:23.845+0000] {logging_mixin.py:190} INFO - [2026-09-17T14:22:23.844+0000] {dagbag.py:588} INFO - Filling up the DagBag from /opt/airflow/dags/youtube_extract_pipeline.py
[2026-09-17T14:22:23.907+0000] {processor.py:925} INFO - DAG(s) 'youtube_pipeline_extraction' retrieved from /opt/airflow/dags/youtube_extract_pipeline.py
[2026-09-17T14:22:23.942+0000] {logging_mixin.py:190} INFO - [2026-09-17T14:22:23.942+0000] {dag.py:3239} INFO - Sync 1 DAGs
[2026-09-17T14:22:23.968+0000] {logging_mixin.py:190} INFO - [2026-09-17T14:22:23.968+0000] {dag.py:4180} INFO - Setting next_dagrun for youtube_pipeline_extraction to 2026-09-17 14:00:00+00:00, run_after=2026-09-17 15:00:00+00:00
[2026-09-17T14:22:23.990+0000] {processor.py:208} INFO - Processing /opt/airflow/dags/youtube_extract_pipeline.py took 0.159 seconds
[2026-09-17T14:22:54.451+0000] {processor.py:186} INFO - Started process (PID=5963) to work on /opt/airflow/dags/youtube_extract_pipeline.py
[2026-09-17T14:22:54.454+0000] {processor.py:914} INFO - Processing file /opt/airflow/dags/youtube_extract_pipeline.py for tasks to queue
[2026-09-17T14:22:54.456+0000] {logging_mixin.py:190} INFO - [2026-09-17T14:22:54.455+0000] {dagbag.py:588} INFO - Filling up the DagBag from /opt/airflow/dags/youtube_extract_pipeline.py
[2026-09-17T14:22:54.544+0000] {processor.py:925} INFO - DAG(s) 'youtube_pipeline_extraction' retrieved from /opt/airflow/dags/youtube_extract_pipeline.py
[2026-09-17T14:22:54.592+0000] {logging_mixin.py:190} INFO - [2026-09-17T14:22:54.592+0000] {dag.py:3239} INFO - Sync 1 DAGs
[2026-09-17T14:22:54.618+0000] {logging_mixin.py:190} INFO - [2026-09-17T14:22:54.618+0000] {dag.py:4180} INFO - Setting next_dagrun for youtube_pipeline_extraction to 2026-09-17 14:00:00+00:00, run_after=2026-09-17 15:00:00+00:00
[2026-09-17T14:22:54.638+0000] {processor.py:208} INFO - Processing /opt/airflow/dags/youtube_extract_pipeline.py took 0.196 seconds
[2026-09-17T14:23:24.759+0000] {processor.py:186} INFO - Started process (PID=5971) to work on /opt/airflow/dags/youtube_extract_pipeline.py
[2026-09-17T14:23:24.761+0000] {processor.py:914} INFO - Processing file /opt/airflow/dags/youtube_extract_pipeline.py for tasks to queue
[2026-09-17T14:23:24.763+0000] {logging_mixin.py:190} INFO - [2026-09-17T14:23:24.763+0000] {dagbag.py:588} INFO - Filling up the DagBag from /opt/airflow/dags/youtube_extract_pipeline.py
[2026-09-17T14:23:24.824+0000] {processor.py:925} INFO - DAG(s) 'youtube_pipeline_extraction' retrieved from /opt/airflow/dags/youtube_extract_pipeline.py
[2026-09-17T14:23:24.869+0000] {logging_mixin.py:190} INFO - [2026-09-17T14:23:24.869+0000] {dag.py:3239} INFO - Sync 1 DAGs
[2026-09-17T14:23:24.894+0000] {logging_mixin.py:190} INFO - [2026-09-17T14:23:24.893+0000] {dag.py:4180} INFO - Setting next_dagrun for youtube_pipeline_extraction to 2026-09-17 14:00:00+00:00, run_after=2026-09-17 15:00:00+00:00
[2026-09-17T14:23:24.914+0000] {processor.py:208} INFO - Processing /opt/airflow/dags/youtube_extract_pipeline.py took 0.163 seconds
[2026-09-17T14:23:55.339+0000] {processor.py:186} INFO - Started process (PID=5979) to work on /opt/airflow/dags/youtube_extract_pipeline.py
[2026-09-17T14:23:55.341+0000] {processor.py:914} INFO - Processing file /opt/airflow/dags/youtube_extract_pipeline.py for tasks to queue
[2026-09-17T14:23:55.343+0000] {logging_mixin.py:190} INFO - [2026-09-17T14:23:55.342+0000] {dagbag.py:588} INFO - Filling up the DagBag from /opt/airflow/dags/youtube_extract_pipeline.py
[2026-09-17T14:23:55.424+0000] {processor.py:925} INFO - DAG(s) 'youtube_pipeline_extraction' retrieved from /opt/airflow/dags/youtube_extract_pipeline.py
[2026-09-17T14:23:55.496+0000] {logging_mixin.py:190} INFO - [2026-09-17T14:23:55.496+0000] {dag.py:3239} INFO - Sync 1 DAGs
[2026-09-17T14:23:55.522+0000] {logging_mixin.py:190} INFO - [2026-09-17T14:23:55.522+0000] {dag.py:4180} INFO - Setting next_dagrun for youtube_pipeline_extraction to 2026-09-17 14:00:00+00:00, run_after=2026-09-17 15:00:00+00:00
[2026-09-17T14:23:55.541+0000] {processor.py:208} INFO - Processing /opt/airflow/dags/youtube_extract_pipeline.py took 0.215 seconds
[2026-09-17T14:24:25.901+0000] {processor.py:186} INFO - Started process (PID=5987) to work on /opt/airflow/dags/youtube_extract_pipeline.py
[2026-09-17T14:24:25.904+0000] {processor.py:914} INFO - Processing file /opt/airflow/dags/youtube_extract_pipeline.py for tasks to queue
[2026-09-17T14:24:25.905+0000] {logging_mixin.py:190} INFO - [2026-09-17T14:24:25.905+0000] {dagbag.py:588} INFO - Filling up the DagBag from /opt/airflow/dags/youtube_extract_pipeline.py
[2026-09-17T14:24:25.984+0000] {processor.py:925} INFO - DAG(s) 'youtube_pipeline_extraction' retrieved from /opt/airflow/dags/youtube_extract_pipeline.py
[2026-09-17T14:24:26.043+0000] {logging_mixin.py:190} INFO - [2026-09-17T14:24:26.043+0000] {dag.py:3239} INFO - Sync 1 DAGs
[2026-09-17T14:24:26.069+0000] {logging_mixin.py:190} INFO - [2026-09-17T14:24:26.069+0000] {dag.py:4180} INFO - Setting next_dagrun for youtube_pipeline_extraction to 2026-09-17 14:00:00+00:00, run_after=2026-09-17 15:00:00+00:00
[2026-09-17T14:24:26.089+0000] {processor.py:208} INFO - Processing /opt/airflow/dags/youtube_extract_pipeline.py took 0.197 seconds
[2026-09-17T14:24:56.433+0000] {processor.py:186} INFO - Started process (PID=5995) to work on /opt/airflow/dags/youtube_extract_pipeline.py
[2026-09-17T14:24:56.435+0000] {processor.py:914} INFO - Processing file /opt/airflow/dags/youtube_extract_pipeline.py for tasks to queue
[2026-09-17T14:24:56.437+0000] {logging_mixin.py:190} INFO - [2026-09-17T14:24:56.436+0000] {dagbag.py:588} INFO - Filling up the DagBag from /opt/airflow/dags/youtube_extract_pipeline.py
[2026-09-17T14:24:56.507+0000] {processor.py:925} INFO - DAG(s) 'youtube_pipeline_extraction' retrieved from /opt/airflow/dags/youtube_extract_pipeline.py
[2026-09-17T14:24:56.804+0000] {logging_mixin.py:190} INFO - [2026-09-17T14:24:56.800+0000] {dag.py:3239} INFO - Sync 1 DAGs
[2026-09-17T14:24:56.864+0000] {logging_mixin.py:190} INFO - [2026-09-17T14:24:56.864+0000] {dag.py:4180} INFO - Setting next_dagrun for youtube_pipeline_extraction to 2026-09-17 14:00:00+00:00, run_after=2026-09-17 15:00:00+00:00
[2026-09-17T14:24:56.912+0000] {processor.py:208} INFO - Processing /opt/airflow/dags/youtube_extract_pipeline.py took 0.485 seconds
[2026-09-17T14:25:27.623+0000] {processor.py:186} INFO - Started process (PID=6003) to work on /opt/airflow/dags/youtube_extract_pipeline.py
[2026-09-17T14:25:27.626+0000] {processor.py:914} INFO - Processing file /opt/airflow/dags/youtube_extract_pipeline.py for tasks to queue
[2026-09-17T14:25:27.629+0000] {logging_mixin.py:190} INFO - [2026-09-17T14:25:27.628+0000] {dagbag.py:588} INFO - Filling up the DagBag from /opt/airflow/dags/youtube_extract_pipeline.py
[2026-09-17T14:25:27.714+0000] {processor.py:925} INFO - DAG(s) 'youtube_pipeline_extraction' retrieved from /opt/airflow/dags/youtube_extract_pipeline.py
[2026-09-17T14:25:27.768+0000] {logging_mixin.py:190} INFO - [2026-09-17T14:25:27.768+0000] {dag.py:3239} INFO - Sync 1 DAGs
[2026-09-17T14:25:27.799+0000] {logging_mixin.py:190} INFO - [2026-09-17T14:25:27.798+0000] {dag.py:4180} INFO - Setting next_dagrun for youtube_pipeline_extraction to 2026-09-17 14:00:00+00:00, run_after=2026-09-17 15:00:00+00:00
[2026-09-17T14:25:27.818+0000] {processor.py:208} INFO - Processing /opt/airflow/dags/youtube_extract_pipeline.py took 0.205 seconds
[2026-09-17T14:25:57.965+0000] {processor.py:186} INFO - Started process (PID=6011) to work on /opt/airflow/dags/youtube_extract_pipeline.py
[2026-09-17T14:25:57.967+0000] {processor.py:914} INFO - Processing file /opt/airflow/dags/youtube_extract_pipeline.py for tasks to queue
[2026-09-17T14:25:57.969+0000] {logging_mixin.py:190} INFO - [2026-09-17T14:25:57.969+0000] {dagbag.py:588} INFO - Filling up the DagBag from /opt/airflow/dags/youtube_extract_pipeline.py
[2026-09-17T14:25:58.042+0000] {processor.py:925} INFO - DAG(s) 'youtube_pipeline_extraction' retrieved from /opt/airflow/dags/youtube_extract_pipeline.py
[2026-09-17T14:25:58.082+0000] {logging_mixin.py:190} INFO - [2026-09-17T14:25:58.082+0000] {dag.py:3239} INFO - Sync 1 DAGs
[2026-09-17T14:25:58.106+0000] {logging_mixin.py:190} INFO - [2026-09-17T14:25:58.106+0000] {dag.py:4180} INFO - Setting next_dagrun for youtube_pipeline_extraction to 2026-09-17 14:00:00+00:00, run_after=2026-09-17 15:00:00+00:00
[2026-09-17T14:25:58.128+0000] {processor.py:208} INFO - Processing /opt/airflow/dags/youtube_extract_pipeline.py took 0.173 seconds
[2026-09-17T14:26:28.862+0000] {processor.py:186} INFO - Started process (PID=6019) to work on /opt/airflow/dags/youtube_extract_pipeline.py
[2026-09-17T14:26:28.865+0000] {processor.py:914} INFO - Processing file /opt/airflow/dags/youtube_extract_pipeline.py for tasks to queue
[2026-09-17T14:26:28.867+0000] {logging_mixin.py:190} INFO - [2026-09-17T14:26:28.867+0000] {dagbag.py:588} INFO - Filling up the DagBag from /opt/airflow/dags/youtube_extract_pipeline.py
[2026-09-17T14:26:28.951+0000] {processor.py:925} INFO - DAG(s) 'youtube_pipeline_extraction' retrieved from /opt/airflow/dags/youtube_extract_pipeline.py
[2026-09-17T14:26:29.010+0000] {logging_mixin.py:190} INFO - [2026-09-17T14:26:29.010+0000] {dag.py:3239} INFO - Sync 1 DAGs
[2026-09-17T14:26:29.038+0000] {logging_mixin.py:190} INFO - [2026-09-17T14:26:29.038+0000] {dag.py:4180} INFO - Setting next_dagrun for youtube_pipeline_extraction to 2026-09-17 14:00:00+00:00, run_after=2026-09-17 15:00:00+00:00
[2026-09-17T14:26:29.057+0000] {processor.py:208} INFO - Processing /opt/airflow/dags/youtube_extract_pipeline.py took 0.207 seconds
[2026-09-17T14:26:59.268+0000] {processor.py:186} INFO - Started process (PID=6028) to work on /opt/airflow/dags/youtube_extract_pipeline.py
[2026-09-17T14:26:59.270+0000] {processor.py:914} INFO - Processing file /opt/airflow/dags/youtube_extract_pipeline.py for tasks to queue
[2026-09-17T14:26:59.273+0000] {logging_mixin.py:190} INFO - [2026-09-17T14:26:59.273+0000] {dagbag.py:588} INFO - Filling up the DagBag from /opt/airflow/dags/youtube_extract_pipeline.py
[2026-09-17T14:26:59.366+0000] {processor.py:925} INFO - DAG(s) 'youtube_pipeline_extraction' retrieved from /opt/airflow/dags/youtube_extract_pipeline.py
[2026-09-17T14:26:59.429+0000] {logging_mixin.py:190} INFO - [2026-09-17T14:26:59.429+0000] {dag.py:3239} INFO - Sync 1 DAGs
[2026-09-17T14:26:59.458+0000] {logging_mixin.py:190} INFO - [2026-09-17T14:26:59.458+0000] {dag.py:4180} INFO - Setting next_dagrun for youtube_pipeline_extraction to 2026-09-17 14:00:00+00:00, run_after=2026-09-17 15:00:00+00:00
[2026-09-17T14:26:59.474+0000] {processor.py:208} INFO - Processing /opt/airflow/dags/youtube_extract_pipeline.py took 0.221 seconds
[2026-09-17T14:27:29.955+0000] {processor.py:186} INFO - Started process (PID=6036) to work on /opt/airflow/dags/youtube_extract_pipeline.py
[2026-09-17T14:27:29.957+0000] {processor.py:914} INFO - Processing file /opt/airflow/dags/youtube_extract_pipeline.py for tasks to queue
[2026-09-17T14:27:29.959+0000] {logging_mixin.py:190} INFO - [2026-09-17T14:27:29.959+0000] {dagbag.py:588} INFO - Filling up the DagBag from /opt/airflow/dags/youtube_extract_pipeline.py
[2026-09-17T14:27:30.070+0000] {processor.py:925} INFO - DAG(s) 'youtube_pipeline_extraction' retrieved from /opt/airflow/dags/youtube_extract_pipeline.py
[2026-09-17T14:27:30.155+0000] {logging_mixin.py:190} INFO - [2026-09-17T14:27:30.155+0000] {dag.py:3239} INFO - Sync 1 DAGs
[2026-09-17T14:27:30.183+0000] {logging_mixin.py:190} INFO - [2026-09-17T14:27:30.183+0000] {dag.py:4180} INFO - Setting next_dagrun for youtube_pipeline_extraction to 2026-09-17 14:00:00+00:00, run_after=2026-09-17 15:00:00+00:00
[2026-09-17T14:27:30.203+0000] {processor.py:208} INFO - Processing /opt/airflow/dags/youtube_extract_pipeline.py took 0.262 seconds
[2026-09-17T14:28:00.286+0000] {processor.py:186} INFO - Started process (PID=6044) to work on /opt/airflow/dags/youtube_extract_pipeline.py
[2026-09-17T14:28:00.287+0000] {processor.py:914} INFO - Processing file /opt/airflow/dags/youtube_extract_pipeline.py for tasks to queue
[2026-09-17T14:28:00.289+0000] {logging_mixin.py:190} INFO - [2026-09-17T14:28:00.289+0000] {dagbag.py:588} INFO - Filling up the DagBag from /opt/airflow/dags/youtube_extract_pipeline.py
[2026-09-17T14:28:00.354+0000] {processor.py:925} INFO - DAG(s) 'youtube_pipeline_extraction' retrieved from /opt/airflow/dags/youtube_extract_pipeline.py
[2026-09-17T14:28:00.403+0000] {logging_mixin.py:190} INFO - [2026-09-17T14:28:00.403+0000] {dag.py:3239} INFO - Sync 1 DAGs
[2026-09-17T14:28:00.426+0000] {logging_mixin.py:190} INFO - [2026-09-17T14:28:00.426+0000] {dag.py:4180} INFO - Setting next_dagrun for youtube_pipeline_extraction to 2026-09-17 14:00:00+00:00, run_after=2026-09-17 15:00:00+00:00
[2026-09-17T14:28:00.445+0000] {processor.py:208} INFO - Processing /opt/airflow/dags/youtube_extract_pipeline.py took 0.165 seconds
[2026-09-17T14:28:30.856+0000] {processor.py:186} INFO - Started process (PID=6052) to work on /opt/airflow/dags/youtube_extract_pipeline.py
[2026-09-17T14:28:30.857+0000] {processor.py:914} INFO - Processing file /opt/airflow/dags/youtube_extract_pipeline.py for tasks to queue
[2026-09-17T14:28:30.859+0000] {logging_mixin.py:190} INFO - [2026-09-17T14:28:30.859+0000] {dagbag.py:588} INFO - Filling up the DagBag from /opt/airflow/dags/youtube_extract_pipeline.py
[2026-09-17T14:28:30.912+0000] {processor.py:925} INFO - DAG(s) 'youtube_pipeline_extraction' retrieved from /opt/airflow/dags/youtube_extract_pipeline.py
[2026-09-17T14:28:30.962+0000] {logging_mixin.py:190} INFO - [2026-09-17T14:28:30.962+0000] {dag.py:3239} INFO - Sync 1 DAGs
[2026-09-17T14:28:30.990+0000] {logging_mixin.py:190} INFO - [2026-09-17T14:28:30.990+0000] {dag.py:4180} INFO - Setting next_dagrun for youtube_pipeline_extraction to 2026-09-17 14:00:00+00:00, run_after=2026-09-17 15:00:00+00:00
[2026-09-17T14:28:31.010+0000] {processor.py:208} INFO - Processing /opt/airflow/dags/youtube_extract_pipeline.py took 0.162 seconds
[2026-09-17T14:29:01.399+0000] {processor.py:186} INFO - Started process (PID=6060) to work on /opt/airflow/dags/youtube_extract_pipeline.py
[2026-09-17T14:29:01.400+0000] {processor.py:914} INFO - Processing file /opt/airflow/dags/youtube_extract_pipeline.py for tasks to queue
[2026-09-17T14:29:01.402+0000] {logging_mixin.py:190} INFO - [2026-09-17T14:29:01.402+0000] {dagbag.py:588} INFO - Filling up the DagBag from /opt/airflow/dags/youtube_extract_pipeline.py
[2026-09-17T14:29:01.460+0000] {processor.py:925} INFO - DAG(s) 'youtube_pipeline_extraction' retrieved from /opt/airflow/dags/youtube_extract_pipeline.py
[2026-09-17T14:29:01.498+0000] {logging_mixin.py:190} INFO - [2026-09-17T14:29:01.498+0000] {dag.py:3239} INFO - Sync 1 DAGs
[2026-09-17T14:29:01.523+0000] {logging_mixin.py:190} INFO - [2026-09-17T14:29:01.523+0000] {dag.py:4180} INFO - Setting next_dagrun for youtube_pipeline_extraction to 2026-09-17 14:00:00+00:00, run_after=2026-09-17 15:00:00+00:00
[2026-09-17T14:29:01.543+0000] {processor.py:208} INFO - Processing /opt/airflow/dags/youtube_extract_pipeline.py took 0.150 seconds
[2026-09-17T14:29:31.931+0000] {processor.py:186} INFO - Started process (PID=6068) to work on /opt/airflow/dags/youtube_extract_pipeline.py
[2026-09-17T14:29:31.933+0000] {processor.py:914} INFO - Processing file /opt/airflow/dags/youtube_extract_pipeline.py for tasks to queue
[2026-09-17T14:29:31.934+0000] {logging_mixin.py:190} INFO - [2026-09-17T14:29:31.934+0000] {dagbag.py:588} INFO - Filling up the DagBag from /opt/airflow/dags/youtube_extract_pipeline.py
[2026-09-17T14:29:32.005+0000] {processor.py:925} INFO - DAG(s) 'youtube_pipeline_extraction' retrieved from /opt/airflow/dags/youtube_extract_pipeline.py
[2026-09-17T14:29:32.032+0000] {logging_mixin.py:190} INFO - [2026-09-17T14:29:32.032+0000] {dag.py:3239} INFO - Sync 1 DAGs
[2026-09-17T14:29:32.058+0000] {logging_mixin.py:190} INFO - [2026-09-17T14:29:32.058+0000] {dag.py:4180} INFO - Setting next_dagrun for youtube_pipeline_extraction to 2026-09-17 14:00:00+00:00, run_after=2026-09-17 15:00:00+00:00
[2026-09-17T14:29:32.077+0000] {processor.py:208} INFO - Processing /opt/airflow/dags/youtube_extract_pipeline.py took 0.156 seconds
[2026-09-17T14:30:02.452+0000] {processor.py:186} INFO - Started process (PID=6076) to work on /opt/airflow/dags/youtube_extract_pipeline.py
[2026-09-17T14:30:02.454+0000] {processor.py:914} INFO - Processing file /opt/airflow/dags/youtube_extract_pipeline.py for tasks to queue
[2026-09-17T14:30:02.455+0000] {logging_mixin.py:190} INFO - [2026-09-17T14:30:02.455+0000] {dagbag.py:588} INFO - Filling up the DagBag from /opt/airflow/dags/youtube_extract_pipeline.py
[2026-09-17T14:30:02.519+0000] {processor.py:925} INFO - DAG(s) 'youtube_pipeline_extraction' retrieved from /opt/airflow/dags/youtube_extract_pipeline.py
[2026-09-17T14:30:02.571+0000] {logging_mixin.py:190} INFO - [2026-09-17T14:30:02.571+0000] {dag.py:3239} INFO - Sync 1 DAGs
[2026-09-17T14:30:02.593+0000] {logging_mixin.py:190} INFO - [2026-09-17T14:30:02.593+0000] {dag.py:4180} INFO - Setting next_dagrun for youtube_pipeline_extraction to 2026-09-17 14:00:00+00:00, run_after=2026-09-17 15:00:00+00:00
[2026-09-17T14:30:02.612+0000] {processor.py:208} INFO - Processing /opt/airflow/dags/youtube_extract_pipeline.py took 0.170 seconds
[2026-09-17T14:51:36.736+0000] {processor.py:186} INFO - Started process (PID=6078) to work on /opt/airflow/dags/youtube_extract_pipeline.py
[2026-09-17T14:51:36.807+0000] {processor.py:914} INFO - Processing file /opt/airflow/dags/youtube_extract_pipeline.py for tasks to queue
[2026-09-17T14:51:36.855+0000] {logging_mixin.py:190} INFO - [2026-09-17T14:51:36.853+0000] {dagbag.py:588} INFO - Filling up the DagBag from /opt/airflow/dags/youtube_extract_pipeline.py
[2026-09-17T14:51:40.775+0000] {processor.py:925} INFO - DAG(s) 'youtube_pipeline_extraction' retrieved from /opt/airflow/dags/youtube_extract_pipeline.py
[2026-09-17T14:51:41.155+0000] {logging_mixin.py:190} INFO - [2026-09-17T14:51:41.152+0000] {dag.py:3239} INFO - Sync 1 DAGs
[2026-09-17T14:51:41.331+0000] {logging_mixin.py:190} INFO - [2026-09-17T14:51:41.331+0000] {dag.py:4180} INFO - Setting next_dagrun for youtube_pipeline_extraction to 2026-09-17 14:00:00+00:00, run_after=2026-09-17 15:00:00+00:00
[2026-09-17T14:51:41.418+0000] {processor.py:208} INFO - Processing /opt/airflow/dags/youtube_extract_pipeline.py took 4.781 seconds
[2026-09-17T14:52:11.821+0000] {processor.py:186} INFO - Started process (PID=6087) to work on /opt/airflow/dags/youtube_extract_pipeline.py
[2026-09-17T14:52:11.825+0000] {processor.py:914} INFO - Processing file /opt/airflow/dags/youtube_extract_pipeline.py for tasks to queue
[2026-09-17T14:52:11.837+0000] {logging_mixin.py:190} INFO - [2026-09-17T14:52:11.832+0000] {dagbag.py:588} INFO - Filling up the DagBag from /opt/airflow/dags/youtube_extract_pipeline.py
[2026-09-17T14:52:12.037+0000] {processor.py:925} INFO - DAG(s) 'youtube_pipeline_extraction' retrieved from /opt/airflow/dags/youtube_extract_pipeline.py
[2026-09-17T14:52:13.049+0000] {logging_mixin.py:190} INFO - [2026-09-17T14:52:13.048+0000] {dag.py:3239} INFO - Sync 1 DAGs
[2026-09-17T14:52:13.698+0000] {logging_mixin.py:190} INFO - [2026-09-17T14:52:13.698+0000] {dag.py:4180} INFO - Setting next_dagrun for youtube_pipeline_extraction to 2026-09-17 14:00:00+00:00, run_after=2026-09-17 15:00:00+00:00
[2026-09-17T14:52:13.729+0000] {processor.py:208} INFO - Processing /opt/airflow/dags/youtube_extract_pipeline.py took 1.956 seconds
[2026-09-17T14:52:44.132+0000] {processor.py:186} INFO - Started process (PID=6095) to work on /opt/airflow/dags/youtube_extract_pipeline.py
[2026-09-17T14:52:44.137+0000] {processor.py:914} INFO - Processing file /opt/airflow/dags/youtube_extract_pipeline.py for tasks to queue
[2026-09-17T14:52:44.143+0000] {logging_mixin.py:190} INFO - [2026-09-17T14:52:44.140+0000] {dagbag.py:588} INFO - Filling up the DagBag from /opt/airflow/dags/youtube_extract_pipeline.py
[2026-09-17T14:52:44.281+0000] {processor.py:925} INFO - DAG(s) 'youtube_pipeline_extraction' retrieved from /opt/airflow/dags/youtube_extract_pipeline.py
[2026-09-17T14:52:44.376+0000] {logging_mixin.py:190} INFO - [2026-09-17T14:52:44.375+0000] {dag.py:3239} INFO - Sync 1 DAGs
[2026-09-17T14:52:44.418+0000] {logging_mixin.py:190} INFO - [2026-09-17T14:52:44.418+0000] {dag.py:4180} INFO - Setting next_dagrun for youtube_pipeline_extraction to 2026-09-17 14:00:00+00:00, run_after=2026-09-17 15:00:00+00:00
[2026-09-17T14:52:44.443+0000] {processor.py:208} INFO - Processing /opt/airflow/dags/youtube_extract_pipeline.py took 0.326 seconds
[2026-09-17T14:53:14.535+0000] {processor.py:186} INFO - Started process (PID=6104) to work on /opt/airflow/dags/youtube_extract_pipeline.py
[2026-09-17T14:53:14.537+0000] {processor.py:914} INFO - Processing file /opt/airflow/dags/youtube_extract_pipeline.py for tasks to queue
[2026-09-17T14:53:14.540+0000] {logging_mixin.py:190} INFO - [2026-09-17T14:53:14.540+0000] {dagbag.py:588} INFO - Filling up the DagBag from /opt/airflow/dags/youtube_extract_pipeline.py
[2026-09-17T14:53:14.674+0000] {processor.py:925} INFO - DAG(s) 'youtube_pipeline_extraction' retrieved from /opt/airflow/dags/youtube_extract_pipeline.py
[2026-09-17T14:53:14.759+0000] {logging_mixin.py:190} INFO - [2026-09-17T14:53:14.759+0000] {dag.py:3239} INFO - Sync 1 DAGs
[2026-09-17T14:53:14.812+0000] {logging_mixin.py:190} INFO - [2026-09-17T14:53:14.811+0000] {dag.py:4180} INFO - Setting next_dagrun for youtube_pipeline_extraction to 2026-09-17 14:00:00+00:00, run_after=2026-09-17 15:00:00+00:00
[2026-09-17T14:53:14.850+0000] {processor.py:208} INFO - Processing /opt/airflow/dags/youtube_extract_pipeline.py took 0.325 seconds
[2026-09-17T14:53:45.209+0000] {processor.py:186} INFO - Started process (PID=6112) to work on /opt/airflow/dags/youtube_extract_pipeline.py
[2026-09-17T14:53:45.211+0000] {processor.py:914} INFO - Processing file /opt/airflow/dags/youtube_extract_pipeline.py for tasks to queue
[2026-09-17T14:53:45.213+0000] {logging_mixin.py:190} INFO - [2026-09-17T14:53:45.213+0000] {dagbag.py:588} INFO - Filling up the DagBag from /opt/airflow/dags/youtube_extract_pipeline.py
[2026-09-17T14:53:45.302+0000] {processor.py:925} INFO - DAG(s) 'youtube_pipeline_extraction' retrieved from /opt/airflow/dags/youtube_extract_pipeline.py
[2026-09-17T14:53:45.377+0000] {logging_mixin.py:190} INFO - [2026-09-17T14:53:45.377+0000] {dag.py:3239} INFO - Sync 1 DAGs
[2026-09-17T14:53:45.407+0000] {logging_mixin.py:190} INFO - [2026-09-17T14:53:45.407+0000] {dag.py:4180} INFO - Setting next_dagrun for youtube_pipeline_extraction to 2026-09-17 14:00:00+00:00, run_after=2026-09-17 15:00:00+00:00
[2026-09-17T14:53:45.430+0000] {processor.py:208} INFO - Processing /opt/airflow/dags/youtube_extract_pipeline.py took 0.227 seconds
[2026-09-17T14:54:15.812+0000] {processor.py:186} INFO - Started process (PID=6120) to work on /opt/airflow/dags/youtube_extract_pipeline.py
[2026-09-17T14:54:15.813+0000] {processor.py:914} INFO - Processing file /opt/airflow/dags/youtube_extract_pipeline.py for tasks to queue
[2026-09-17T14:54:15.815+0000] {logging_mixin.py:190} INFO - [2026-09-17T14:54:15.815+0000] {dagbag.py:588} INFO - Filling up the DagBag from /opt/airflow/dags/youtube_extract_pipeline.py
[2026-09-17T14:54:15.858+0000] {logging_mixin.py:190} INFO - [2026-09-17T14:54:15.840+0000] {dagbag.py:387} ERROR - Failed to import: /opt/airflow/dags/youtube_extract_pipeline.py
Traceback (most recent call last):
  File "/home/airflow/.local/lib/python3.10/site-packages/airflow/models/dagbag.py", line 383, in parse
    loader.exec_module(new_module)
  File "<frozen importlib._bootstrap_external>", line 883, in exec_module
  File "<frozen importlib._bootstrap>", line 241, in _call_with_frames_removed
  File "/opt/airflow/dags/youtube_extract_pipeline.py", line 11, in <module>
    from include.extract import youtube_extract as extract_videos
  File "<frozen importlib._bootstrap>", line 1027, in _find_and_load
  File "<frozen importlib._bootstrap>", line 1002, in _find_and_load_unlocked
  File "<frozen importlib._bootstrap>", line 945, in _find_spec
  File "<frozen importlib._bootstrap_external>", line 1439, in find_spec
  File "<frozen importlib._bootstrap_external>", line 1411, in _get_spec
  File "<frozen importlib._bootstrap_external>", line 1548, in find_spec
  File "<frozen importlib._bootstrap_external>", line 1591, in _fill_cache
OSError: [Errno 12] Cannot allocate memory: '/opt/airflow/include'
[2026-09-17T14:54:15.861+0000] {processor.py:927} WARNING - No viable dags retrieved from /opt/airflow/dags/youtube_extract_pipeline.py
[2026-09-17T14:54:15.950+0000] {processor.py:208} INFO - Processing /opt/airflow/dags/youtube_extract_pipeline.py took 0.146 seconds
[2026-09-17T14:54:46.167+0000] {processor.py:186} INFO - Started process (PID=6128) to work on /opt/airflow/dags/youtube_extract_pipeline.py
[2026-09-17T14:54:46.169+0000] {processor.py:914} INFO - Processing file /opt/airflow/dags/youtube_extract_pipeline.py for tasks to queue
[2026-09-17T14:54:46.171+0000] {logging_mixin.py:190} INFO - [2026-09-17T14:54:46.171+0000] {dagbag.py:588} INFO - Filling up the DagBag from /opt/airflow/dags/youtube_extract_pipeline.py
[2026-09-17T14:54:46.253+0000] {processor.py:925} INFO - DAG(s) 'youtube_pipeline_extraction' retrieved from /opt/airflow/dags/youtube_extract_pipeline.py
[2026-09-17T14:54:46.388+0000] {logging_mixin.py:190} INFO - [2026-09-17T14:54:46.388+0000] {dag.py:3239} INFO - Sync 1 DAGs
[2026-09-17T14:54:46.451+0000] {logging_mixin.py:190} INFO - [2026-09-17T14:54:46.451+0000] {dag.py:4180} INFO - Setting next_dagrun for youtube_pipeline_extraction to 2026-09-17 14:00:00+00:00, run_after=2026-09-17 15:00:00+00:00
[2026-09-17T14:54:46.484+0000] {processor.py:208} INFO - Processing /opt/airflow/dags/youtube_extract_pipeline.py took 0.324 seconds
[2026-09-17T14:55:16.875+0000] {processor.py:186} INFO - Started process (PID=6136) to work on /opt/airflow/dags/youtube_extract_pipeline.py
[2026-09-17T14:55:16.877+0000] {processor.py:914} INFO - Processing file /opt/airflow/dags/youtube_extract_pipeline.py for tasks to queue
[2026-09-17T14:55:16.880+0000] {logging_mixin.py:190} INFO - [2026-09-17T14:55:16.880+0000] {dagbag.py:588} INFO - Filling up the DagBag from /opt/airflow/dags/youtube_extract_pipeline.py
[2026-09-17T14:55:16.993+0000] {processor.py:925} INFO - DAG(s) 'youtube_pipeline_extraction' retrieved from /opt/airflow/dags/youtube_extract_pipeline.py
[2026-09-17T14:55:17.072+0000] {logging_mixin.py:190} INFO - [2026-09-17T14:55:17.072+0000] {dag.py:3239} INFO - Sync 1 DAGs
[2026-09-17T14:55:17.103+0000] {logging_mixin.py:190} INFO - [2026-09-17T14:55:17.103+0000] {dag.py:4180} INFO - Setting next_dagrun for youtube_pipeline_extraction to 2026-09-17 14:00:00+00:00, run_after=2026-09-17 15:00:00+00:00
[2026-09-17T14:55:17.125+0000] {processor.py:208} INFO - Processing /opt/airflow/dags/youtube_extract_pipeline.py took 0.256 seconds
[2026-09-17T14:55:47.511+0000] {processor.py:186} INFO - Started process (PID=6150) to work on /opt/airflow/dags/youtube_extract_pipeline.py
[2026-09-17T14:55:47.513+0000] {processor.py:914} INFO - Processing file /opt/airflow/dags/youtube_extract_pipeline.py for tasks to queue
[2026-09-17T14:55:47.516+0000] {logging_mixin.py:190} INFO - [2026-09-17T14:55:47.516+0000] {dagbag.py:588} INFO - Filling up the DagBag from /opt/airflow/dags/youtube_extract_pipeline.py
[2026-09-17T14:55:47.626+0000] {processor.py:925} INFO - DAG(s) 'youtube_pipeline_extraction' retrieved from /opt/airflow/dags/youtube_extract_pipeline.py
[2026-09-17T14:55:47.686+0000] {logging_mixin.py:190} INFO - [2026-09-17T14:55:47.686+0000] {dag.py:3239} INFO - Sync 1 DAGs
[2026-09-17T14:55:47.715+0000] {logging_mixin.py:190} INFO - [2026-09-17T14:55:47.715+0000] {dag.py:4180} INFO - Setting next_dagrun for youtube_pipeline_extraction to 2026-09-17 14:00:00+00:00, run_after=2026-09-17 15:00:00+00:00
[2026-09-17T14:55:47.740+0000] {processor.py:208} INFO - Processing /opt/airflow/dags/youtube_extract_pipeline.py took 0.241 seconds
[2026-09-17T14:56:18.267+0000] {processor.py:186} INFO - Started process (PID=6158) to work on /opt/airflow/dags/youtube_extract_pipeline.py
[2026-09-17T14:56:18.269+0000] {processor.py:914} INFO - Processing file /opt/airflow/dags/youtube_extract_pipeline.py for tasks to queue
[2026-09-17T14:56:18.271+0000] {logging_mixin.py:190} INFO - [2026-09-17T14:56:18.271+0000] {dagbag.py:588} INFO - Filling up the DagBag from /opt/airflow/dags/youtube_extract_pipeline.py
[2026-09-17T14:56:18.355+0000] {processor.py:925} INFO - DAG(s) 'youtube_pipeline_extraction' retrieved from /opt/airflow/dags/youtube_extract_pipeline.py
[2026-09-17T14:56:18.427+0000] {logging_mixin.py:190} INFO - [2026-09-17T14:56:18.426+0000] {dag.py:3239} INFO - Sync 1 DAGs
[2026-09-17T14:56:18.458+0000] {logging_mixin.py:190} INFO - [2026-09-17T14:56:18.457+0000] {dag.py:4180} INFO - Setting next_dagrun for youtube_pipeline_extraction to 2026-09-17 14:00:00+00:00, run_after=2026-09-17 15:00:00+00:00
[2026-09-17T14:56:18.480+0000] {processor.py:208} INFO - Processing /opt/airflow/dags/youtube_extract_pipeline.py took 0.226 seconds
[2026-09-17T14:56:48.837+0000] {processor.py:186} INFO - Started process (PID=6166) to work on /opt/airflow/dags/youtube_extract_pipeline.py
[2026-09-17T14:56:48.839+0000] {processor.py:914} INFO - Processing file /opt/airflow/dags/youtube_extract_pipeline.py for tasks to queue
[2026-09-17T14:56:48.841+0000] {logging_mixin.py:190} INFO - [2026-09-17T14:56:48.841+0000] {dagbag.py:588} INFO - Filling up the DagBag from /opt/airflow/dags/youtube_extract_pipeline.py
[2026-09-17T14:56:48.909+0000] {processor.py:925} INFO - DAG(s) 'youtube_pipeline_extraction' retrieved from /opt/airflow/dags/youtube_extract_pipeline.py
[2026-09-17T14:56:48.959+0000] {logging_mixin.py:190} INFO - [2026-09-17T14:56:48.959+0000] {dag.py:3239} INFO - Sync 1 DAGs
[2026-09-17T14:56:48.981+0000] {logging_mixin.py:190} INFO - [2026-09-17T14:56:48.981+0000] {dag.py:4180} INFO - Setting next_dagrun for youtube_pipeline_extraction to 2026-09-17 14:00:00+00:00, run_after=2026-09-17 15:00:00+00:00
[2026-09-17T14:56:49.001+0000] {processor.py:208} INFO - Processing /opt/airflow/dags/youtube_extract_pipeline.py took 0.169 seconds
[2026-09-17T14:57:19.256+0000] {processor.py:186} INFO - Started process (PID=6174) to work on /opt/airflow/dags/youtube_extract_pipeline.py
[2026-09-17T14:57:19.259+0000] {processor.py:914} INFO - Processing file /opt/airflow/dags/youtube_extract_pipeline.py for tasks to queue
[2026-09-17T14:57:19.262+0000] {logging_mixin.py:190} INFO - [2026-09-17T14:57:19.261+0000] {dagbag.py:588} INFO - Filling up the DagBag from /opt/airflow/dags/youtube_extract_pipeline.py
[2026-09-17T14:57:19.395+0000] {processor.py:925} INFO - DAG(s) 'youtube_pipeline_extraction' retrieved from /opt/airflow/dags/youtube_extract_pipeline.py
[2026-09-17T14:57:19.505+0000] {logging_mixin.py:190} INFO - [2026-09-17T14:57:19.505+0000] {dag.py:3239} INFO - Sync 1 DAGs
[2026-09-17T14:57:19.562+0000] {logging_mixin.py:190} INFO - [2026-09-17T14:57:19.562+0000] {dag.py:4180} INFO - Setting next_dagrun for youtube_pipeline_extraction to 2026-09-17 14:00:00+00:00, run_after=2026-09-17 15:00:00+00:00
[2026-09-17T14:57:19.607+0000] {processor.py:208} INFO - Processing /opt/airflow/dags/youtube_extract_pipeline.py took 0.361 seconds
[2026-09-17T14:57:49.979+0000] {processor.py:186} INFO - Started process (PID=6182) to work on /opt/airflow/dags/youtube_extract_pipeline.py
[2026-09-17T14:57:49.982+0000] {processor.py:914} INFO - Processing file /opt/airflow/dags/youtube_extract_pipeline.py for tasks to queue
[2026-09-17T14:57:49.983+0000] {logging_mixin.py:190} INFO - [2026-09-17T14:57:49.983+0000] {dagbag.py:588} INFO - Filling up the DagBag from /opt/airflow/dags/youtube_extract_pipeline.py
[2026-09-17T14:57:50.063+0000] {processor.py:925} INFO - DAG(s) 'youtube_pipeline_extraction' retrieved from /opt/airflow/dags/youtube_extract_pipeline.py
[2026-09-17T14:57:50.138+0000] {logging_mixin.py:190} INFO - [2026-09-17T14:57:50.137+0000] {dag.py:3239} INFO - Sync 1 DAGs
[2026-09-17T14:57:50.168+0000] {logging_mixin.py:190} INFO - [2026-09-17T14:57:50.168+0000] {dag.py:4180} INFO - Setting next_dagrun for youtube_pipeline_extraction to 2026-09-17 14:00:00+00:00, run_after=2026-09-17 15:00:00+00:00
[2026-09-17T14:57:50.190+0000] {processor.py:208} INFO - Processing /opt/airflow/dags/youtube_extract_pipeline.py took 0.217 seconds
[2026-09-17T14:58:20.522+0000] {processor.py:186} INFO - Started process (PID=6190) to work on /opt/airflow/dags/youtube_extract_pipeline.py
[2026-09-17T14:58:20.523+0000] {processor.py:914} INFO - Processing file /opt/airflow/dags/youtube_extract_pipeline.py for tasks to queue
[2026-09-17T14:58:20.525+0000] {logging_mixin.py:190} INFO - [2026-09-17T14:58:20.524+0000] {dagbag.py:588} INFO - Filling up the DagBag from /opt/airflow/dags/youtube_extract_pipeline.py
[2026-09-17T14:58:20.602+0000] {processor.py:925} INFO - DAG(s) 'youtube_pipeline_extraction' retrieved from /opt/airflow/dags/youtube_extract_pipeline.py
[2026-09-17T14:58:20.775+0000] {logging_mixin.py:190} INFO - [2026-09-17T14:58:20.774+0000] {dag.py:3239} INFO - Sync 1 DAGs
[2026-09-17T14:58:20.839+0000] {logging_mixin.py:190} INFO - [2026-09-17T14:58:20.839+0000] {dag.py:4180} INFO - Setting next_dagrun for youtube_pipeline_extraction to 2026-09-17 14:00:00+00:00, run_after=2026-09-17 15:00:00+00:00
[2026-09-17T14:58:20.872+0000] {processor.py:208} INFO - Processing /opt/airflow/dags/youtube_extract_pipeline.py took 0.357 seconds
[2026-09-17T14:58:51.263+0000] {processor.py:186} INFO - Started process (PID=6198) to work on /opt/airflow/dags/youtube_extract_pipeline.py
[2026-09-17T14:58:51.265+0000] {processor.py:914} INFO - Processing file /opt/airflow/dags/youtube_extract_pipeline.py for tasks to queue
[2026-09-17T14:58:51.267+0000] {logging_mixin.py:190} INFO - [2026-09-17T14:58:51.267+0000] {dagbag.py:588} INFO - Filling up the DagBag from /opt/airflow/dags/youtube_extract_pipeline.py
[2026-09-17T14:58:51.361+0000] {processor.py:925} INFO - DAG(s) 'youtube_pipeline_extraction' retrieved from /opt/airflow/dags/youtube_extract_pipeline.py
[2026-09-17T14:58:51.435+0000] {logging_mixin.py:190} INFO - [2026-09-17T14:58:51.435+0000] {dag.py:3239} INFO - Sync 1 DAGs
[2026-09-17T14:58:51.463+0000] {logging_mixin.py:190} INFO - [2026-09-17T14:58:51.463+0000] {dag.py:4180} INFO - Setting next_dagrun for youtube_pipeline_extraction to 2026-09-17 14:00:00+00:00, run_after=2026-09-17 15:00:00+00:00
[2026-09-17T14:58:51.483+0000] {processor.py:208} INFO - Processing /opt/airflow/dags/youtube_extract_pipeline.py took 0.229 seconds
[2026-09-17T14:59:21.881+0000] {processor.py:186} INFO - Started process (PID=6205) to work on /opt/airflow/dags/youtube_extract_pipeline.py
[2026-09-17T14:59:21.883+0000] {processor.py:914} INFO - Processing file /opt/airflow/dags/youtube_extract_pipeline.py for tasks to queue
[2026-09-17T14:59:21.885+0000] {logging_mixin.py:190} INFO - [2026-09-17T14:59:21.884+0000] {dagbag.py:588} INFO - Filling up the DagBag from /opt/airflow/dags/youtube_extract_pipeline.py
[2026-09-17T14:59:21.989+0000] {processor.py:925} INFO - DAG(s) 'youtube_pipeline_extraction' retrieved from /opt/airflow/dags/youtube_extract_pipeline.py
[2026-09-17T14:59:22.064+0000] {logging_mixin.py:190} INFO - [2026-09-17T14:59:22.063+0000] {dag.py:3239} INFO - Sync 1 DAGs
[2026-09-17T14:59:22.097+0000] {logging_mixin.py:190} INFO - [2026-09-17T14:59:22.096+0000] {dag.py:4180} INFO - Setting next_dagrun for youtube_pipeline_extraction to 2026-09-17 14:00:00+00:00, run_after=2026-09-17 15:00:00+00:00
[2026-09-17T14:59:22.117+0000] {processor.py:208} INFO - Processing /opt/airflow/dags/youtube_extract_pipeline.py took 0.245 seconds
[2026-09-17T14:59:52.524+0000] {processor.py:186} INFO - Started process (PID=6213) to work on /opt/airflow/dags/youtube_extract_pipeline.py
[2026-09-17T14:59:52.527+0000] {processor.py:914} INFO - Processing file /opt/airflow/dags/youtube_extract_pipeline.py for tasks to queue
[2026-09-17T14:59:52.529+0000] {logging_mixin.py:190} INFO - [2026-09-17T14:59:52.529+0000] {dagbag.py:588} INFO - Filling up the DagBag from /opt/airflow/dags/youtube_extract_pipeline.py
[2026-09-17T14:59:52.650+0000] {processor.py:925} INFO - DAG(s) 'youtube_pipeline_extraction' retrieved from /opt/airflow/dags/youtube_extract_pipeline.py
[2026-09-17T14:59:52.747+0000] {logging_mixin.py:190} INFO - [2026-09-17T14:59:52.747+0000] {dag.py:3239} INFO - Sync 1 DAGs
[2026-09-17T14:59:52.788+0000] {logging_mixin.py:190} INFO - [2026-09-17T14:59:52.788+0000] {dag.py:4180} INFO - Setting next_dagrun for youtube_pipeline_extraction to 2026-09-17 14:00:00+00:00, run_after=2026-09-17 15:00:00+00:00
[2026-09-17T14:59:52.815+0000] {processor.py:208} INFO - Processing /opt/airflow/dags/youtube_extract_pipeline.py took 0.296 seconds
[2026-09-17T15:00:24.078+0000] {processor.py:186} INFO - Started process (PID=6215) to work on /opt/airflow/dags/youtube_extract_pipeline.py
[2026-09-17T15:00:24.110+0000] {processor.py:914} INFO - Processing file /opt/airflow/dags/youtube_extract_pipeline.py for tasks to queue
[2026-09-17T15:00:24.139+0000] {logging_mixin.py:190} INFO - [2026-09-17T15:00:24.129+0000] {dagbag.py:588} INFO - Filling up the DagBag from /opt/airflow/dags/youtube_extract_pipeline.py
[2026-09-17T15:00:24.603+0000] {processor.py:925} INFO - DAG(s) 'youtube_pipeline_extraction' retrieved from /opt/airflow/dags/youtube_extract_pipeline.py
[2026-09-17T15:00:41.149+0000] {logging_mixin.py:190} INFO - [2026-09-17T15:00:41.136+0000] {dag.py:3239} INFO - Sync 1 DAGs
[2026-09-17T15:00:41.331+0000] {logging_mixin.py:190} INFO - [2026-09-17T15:00:41.330+0000] {dag.py:4180} INFO - Setting next_dagrun for youtube_pipeline_extraction to 2026-09-17 15:00:00+00:00, run_after=2026-09-17 16:00:00+00:00
[2026-09-17T15:00:41.430+0000] {processor.py:208} INFO - Processing /opt/airflow/dags/youtube_extract_pipeline.py took 17.442 seconds
[2026-09-17T15:00:51.227+0000] {processor.py:186} INFO - Started process (PID=6222) to work on /opt/airflow/dags/youtube_extract_pipeline.py
[2026-09-17T15:00:51.229+0000] {processor.py:914} INFO - Processing file /opt/airflow/dags/youtube_extract_pipeline.py for tasks to queue
[2026-09-17T15:00:51.231+0000] {logging_mixin.py:190} INFO - [2026-09-17T15:00:51.230+0000] {dagbag.py:588} INFO - Filling up the DagBag from /opt/airflow/dags/youtube_extract_pipeline.py
[2026-09-17T15:00:51.317+0000] {processor.py:925} INFO - DAG(s) 'youtube_pipeline_extraction' retrieved from /opt/airflow/dags/youtube_extract_pipeline.py
[2026-09-17T15:00:51.376+0000] {logging_mixin.py:190} INFO - [2026-09-17T15:00:51.376+0000] {taskinstance.py:3339} ERROR - {'DAG Id': 'youtube_pipeline_extraction', 'Task Id': 'extract_details', 'Run Id': 'scheduled__2026-09-17T14:00:00+00:00', 'Hostname': '5131746b1558', 'External Executor Id': '8af7d9eb-089a-4be1-8be4-82cbf093db4b'}
[2026-09-17T15:00:51.435+0000] {logging_mixin.py:190} INFO - [2026-09-17T15:00:51.435+0000] {taskinstance.py:1242} INFO - Marking task as FAILED. dag_id=youtube_pipeline_extraction, task_id=extract_details, run_id=scheduled__2026-09-17T14:00:00+00:00, execution_date=20260917T140000, start_date=20260917T150002, end_date=20260917T150051
[2026-09-17T15:00:51.477+0000] {logging_mixin.py:190} INFO - [2026-09-17T15:00:51.477+0000] {processor.py:876} INFO - Executed callback for <TaskInstance: youtube_pipeline_extraction.extract_details scheduled__2026-09-17T14:00:00+00:00 [failed]> in state failed
[2026-09-17T15:00:51.481+0000] {logging_mixin.py:190} INFO - [2026-09-17T15:00:51.480+0000] {taskinstance.py:3339} ERROR - {'DAG Id': 'youtube_pipeline_extraction', 'Task Id': 'extract_details', 'Run Id': 'scheduled__2026-09-17T14:00:00+00:00', 'Hostname': '5131746b1558', 'External Executor Id': '8af7d9eb-089a-4be1-8be4-82cbf093db4b'}
[2026-09-17T15:00:51.501+0000] {logging_mixin.py:190} INFO - [2026-09-17T15:00:51.500+0000] {taskinstance.py:1242} INFO - Marking task as FAILED. dag_id=youtube_pipeline_extraction, task_id=extract_details, run_id=scheduled__2026-09-17T14:00:00+00:00, execution_date=20260917T140000, start_date=20260917T150002, end_date=20260917T150051
[2026-09-17T15:00:51.533+0000] {logging_mixin.py:190} INFO - [2026-09-17T15:00:51.533+0000] {processor.py:876} INFO - Executed callback for <TaskInstance: youtube_pipeline_extraction.extract_details scheduled__2026-09-17T14:00:00+00:00 [failed]> in state failed
[2026-09-17T15:00:51.558+0000] {logging_mixin.py:190} INFO - [2026-09-17T15:00:51.558+0000] {dag.py:3239} INFO - Sync 1 DAGs
[2026-09-17T15:00:51.579+0000] {logging_mixin.py:190} INFO - [2026-09-17T15:00:51.579+0000] {dag.py:4180} INFO - Setting next_dagrun for youtube_pipeline_extraction to 2026-09-17 15:00:00+00:00, run_after=2026-09-17 16:00:00+00:00
[2026-09-17T15:00:51.599+0000] {processor.py:208} INFO - Processing /opt/airflow/dags/youtube_extract_pipeline.py took 0.381 seconds
[2026-09-17T15:01:22.010+0000] {processor.py:186} INFO - Started process (PID=6230) to work on /opt/airflow/dags/youtube_extract_pipeline.py
[2026-09-17T15:01:22.012+0000] {processor.py:914} INFO - Processing file /opt/airflow/dags/youtube_extract_pipeline.py for tasks to queue
[2026-09-17T15:01:22.014+0000] {logging_mixin.py:190} INFO - [2026-09-17T15:01:22.014+0000] {dagbag.py:588} INFO - Filling up the DagBag from /opt/airflow/dags/youtube_extract_pipeline.py
[2026-09-17T15:01:22.084+0000] {processor.py:925} INFO - DAG(s) 'youtube_pipeline_extraction' retrieved from /opt/airflow/dags/youtube_extract_pipeline.py
[2026-09-17T15:01:22.139+0000] {logging_mixin.py:190} INFO - [2026-09-17T15:01:22.138+0000] {dag.py:3239} INFO - Sync 1 DAGs
[2026-09-17T15:01:22.177+0000] {logging_mixin.py:190} INFO - [2026-09-17T15:01:22.176+0000] {dag.py:4180} INFO - Setting next_dagrun for youtube_pipeline_extraction to 2026-09-17 15:00:00+00:00, run_after=2026-09-17 16:00:00+00:00
[2026-09-17T15:01:22.207+0000] {processor.py:208} INFO - Processing /opt/airflow/dags/youtube_extract_pipeline.py took 0.204 seconds
[2026-09-17T15:01:52.579+0000] {processor.py:186} INFO - Started process (PID=6238) to work on /opt/airflow/dags/youtube_extract_pipeline.py
[2026-09-17T15:01:52.581+0000] {processor.py:914} INFO - Processing file /opt/airflow/dags/youtube_extract_pipeline.py for tasks to queue
[2026-09-17T15:01:52.584+0000] {logging_mixin.py:190} INFO - [2026-09-17T15:01:52.583+0000] {dagbag.py:588} INFO - Filling up the DagBag from /opt/airflow/dags/youtube_extract_pipeline.py
[2026-09-17T15:01:52.674+0000] {processor.py:925} INFO - DAG(s) 'youtube_pipeline_extraction' retrieved from /opt/airflow/dags/youtube_extract_pipeline.py
[2026-09-17T15:01:52.752+0000] {logging_mixin.py:190} INFO - [2026-09-17T15:01:52.752+0000] {dag.py:3239} INFO - Sync 1 DAGs
[2026-09-17T15:01:52.788+0000] {logging_mixin.py:190} INFO - [2026-09-17T15:01:52.788+0000] {dag.py:4180} INFO - Setting next_dagrun for youtube_pipeline_extraction to 2026-09-17 15:00:00+00:00, run_after=2026-09-17 16:00:00+00:00
[2026-09-17T15:01:52.826+0000] {processor.py:208} INFO - Processing /opt/airflow/dags/youtube_extract_pipeline.py took 0.258 seconds
[2026-09-17T15:02:22.910+0000] {processor.py:186} INFO - Started process (PID=6246) to work on /opt/airflow/dags/youtube_extract_pipeline.py
[2026-09-17T15:02:22.911+0000] {processor.py:914} INFO - Processing file /opt/airflow/dags/youtube_extract_pipeline.py for tasks to queue
[2026-09-17T15:02:22.915+0000] {logging_mixin.py:190} INFO - [2026-09-17T15:02:22.913+0000] {dagbag.py:588} INFO - Filling up the DagBag from /opt/airflow/dags/youtube_extract_pipeline.py
[2026-09-17T15:02:23.005+0000] {processor.py:925} INFO - DAG(s) 'youtube_pipeline_extraction' retrieved from /opt/airflow/dags/youtube_extract_pipeline.py
[2026-09-17T15:02:23.040+0000] {logging_mixin.py:190} INFO - [2026-09-17T15:02:23.040+0000] {dag.py:3239} INFO - Sync 1 DAGs
[2026-09-17T15:02:23.066+0000] {logging_mixin.py:190} INFO - [2026-09-17T15:02:23.066+0000] {dag.py:4180} INFO - Setting next_dagrun for youtube_pipeline_extraction to 2026-09-17 15:00:00+00:00, run_after=2026-09-17 16:00:00+00:00
[2026-09-17T15:02:23.091+0000] {processor.py:208} INFO - Processing /opt/airflow/dags/youtube_extract_pipeline.py took 0.192 seconds
[2026-09-17T15:02:53.426+0000] {processor.py:186} INFO - Started process (PID=6254) to work on /opt/airflow/dags/youtube_extract_pipeline.py
[2026-09-17T15:02:53.428+0000] {processor.py:914} INFO - Processing file /opt/airflow/dags/youtube_extract_pipeline.py for tasks to queue
[2026-09-17T15:02:53.431+0000] {logging_mixin.py:190} INFO - [2026-09-17T15:02:53.430+0000] {dagbag.py:588} INFO - Filling up the DagBag from /opt/airflow/dags/youtube_extract_pipeline.py
[2026-09-17T15:02:53.497+0000] {processor.py:925} INFO - DAG(s) 'youtube_pipeline_extraction' retrieved from /opt/airflow/dags/youtube_extract_pipeline.py
[2026-09-17T15:02:53.517+0000] {logging_mixin.py:190} INFO - [2026-09-17T15:02:53.517+0000] {dag.py:3239} INFO - Sync 1 DAGs
[2026-09-17T15:02:53.542+0000] {logging_mixin.py:190} INFO - [2026-09-17T15:02:53.542+0000] {dag.py:4180} INFO - Setting next_dagrun for youtube_pipeline_extraction to 2026-09-17 15:00:00+00:00, run_after=2026-09-17 16:00:00+00:00
[2026-09-17T15:02:53.564+0000] {processor.py:208} INFO - Processing /opt/airflow/dags/youtube_extract_pipeline.py took 0.144 seconds
[2026-09-17T15:03:23.884+0000] {processor.py:186} INFO - Started process (PID=6262) to work on /opt/airflow/dags/youtube_extract_pipeline.py
[2026-09-17T15:03:23.886+0000] {processor.py:914} INFO - Processing file /opt/airflow/dags/youtube_extract_pipeline.py for tasks to queue
[2026-09-17T15:03:23.889+0000] {logging_mixin.py:190} INFO - [2026-09-17T15:03:23.889+0000] {dagbag.py:588} INFO - Filling up the DagBag from /opt/airflow/dags/youtube_extract_pipeline.py
[2026-09-17T15:03:23.956+0000] {processor.py:925} INFO - DAG(s) 'youtube_pipeline_extraction' retrieved from /opt/airflow/dags/youtube_extract_pipeline.py
[2026-09-17T15:03:23.975+0000] {logging_mixin.py:190} INFO - [2026-09-17T15:03:23.975+0000] {dag.py:3239} INFO - Sync 1 DAGs
[2026-09-17T15:03:24.002+0000] {logging_mixin.py:190} INFO - [2026-09-17T15:03:24.002+0000] {dag.py:4180} INFO - Setting next_dagrun for youtube_pipeline_extraction to 2026-09-17 15:00:00+00:00, run_after=2026-09-17 16:00:00+00:00
[2026-09-17T15:03:24.021+0000] {processor.py:208} INFO - Processing /opt/airflow/dags/youtube_extract_pipeline.py took 0.146 seconds
[2026-09-17T15:03:54.389+0000] {processor.py:186} INFO - Started process (PID=6270) to work on /opt/airflow/dags/youtube_extract_pipeline.py
[2026-09-17T15:03:54.391+0000] {processor.py:914} INFO - Processing file /opt/airflow/dags/youtube_extract_pipeline.py for tasks to queue
[2026-09-17T15:03:54.394+0000] {logging_mixin.py:190} INFO - [2026-09-17T15:03:54.394+0000] {dagbag.py:588} INFO - Filling up the DagBag from /opt/airflow/dags/youtube_extract_pipeline.py
[2026-09-17T15:03:54.473+0000] {processor.py:925} INFO - DAG(s) 'youtube_pipeline_extraction' retrieved from /opt/airflow/dags/youtube_extract_pipeline.py
[2026-09-17T15:03:54.518+0000] {logging_mixin.py:190} INFO - [2026-09-17T15:03:54.518+0000] {dag.py:3239} INFO - Sync 1 DAGs
[2026-09-17T15:03:54.544+0000] {logging_mixin.py:190} INFO - [2026-09-17T15:03:54.544+0000] {dag.py:4180} INFO - Setting next_dagrun for youtube_pipeline_extraction to 2026-09-17 15:00:00+00:00, run_after=2026-09-17 16:00:00+00:00
[2026-09-17T15:03:54.567+0000] {processor.py:208} INFO - Processing /opt/airflow/dags/youtube_extract_pipeline.py took 0.195 seconds
[2026-09-17T15:04:24.698+0000] {processor.py:186} INFO - Started process (PID=6279) to work on /opt/airflow/dags/youtube_extract_pipeline.py
[2026-09-17T15:04:24.700+0000] {processor.py:914} INFO - Processing file /opt/airflow/dags/youtube_extract_pipeline.py for tasks to queue
[2026-09-17T15:04:24.702+0000] {logging_mixin.py:190} INFO - [2026-09-17T15:04:24.702+0000] {dagbag.py:588} INFO - Filling up the DagBag from /opt/airflow/dags/youtube_extract_pipeline.py
[2026-09-17T15:04:24.759+0000] {processor.py:925} INFO - DAG(s) 'youtube_pipeline_extraction' retrieved from /opt/airflow/dags/youtube_extract_pipeline.py
[2026-09-17T15:04:24.778+0000] {logging_mixin.py:190} INFO - [2026-09-17T15:04:24.778+0000] {dag.py:3239} INFO - Sync 1 DAGs
[2026-09-17T15:04:24.801+0000] {logging_mixin.py:190} INFO - [2026-09-17T15:04:24.801+0000] {dag.py:4180} INFO - Setting next_dagrun for youtube_pipeline_extraction to 2026-09-17 15:00:00+00:00, run_after=2026-09-17 16:00:00+00:00
[2026-09-17T15:04:24.824+0000] {processor.py:208} INFO - Processing /opt/airflow/dags/youtube_extract_pipeline.py took 0.132 seconds
[2026-09-17T15:04:55.448+0000] {processor.py:186} INFO - Started process (PID=6287) to work on /opt/airflow/dags/youtube_extract_pipeline.py
[2026-09-17T15:04:55.451+0000] {processor.py:914} INFO - Processing file /opt/airflow/dags/youtube_extract_pipeline.py for tasks to queue
[2026-09-17T15:04:55.458+0000] {logging_mixin.py:190} INFO - [2026-09-17T15:04:55.456+0000] {dagbag.py:588} INFO - Filling up the DagBag from /opt/airflow/dags/youtube_extract_pipeline.py
[2026-09-17T15:04:55.652+0000] {processor.py:925} INFO - DAG(s) 'youtube_pipeline_extraction' retrieved from /opt/airflow/dags/youtube_extract_pipeline.py
[2026-09-17T15:04:55.847+0000] {logging_mixin.py:190} INFO - [2026-09-17T15:04:55.846+0000] {dag.py:3239} INFO - Sync 1 DAGs
[2026-09-17T15:04:55.914+0000] {logging_mixin.py:190} INFO - [2026-09-17T15:04:55.913+0000] {dag.py:4180} INFO - Setting next_dagrun for youtube_pipeline_extraction to 2026-09-17 15:00:00+00:00, run_after=2026-09-17 16:00:00+00:00
[2026-09-17T15:04:55.956+0000] {processor.py:208} INFO - Processing /opt/airflow/dags/youtube_extract_pipeline.py took 0.534 seconds
[2026-09-17T15:05:26.600+0000] {processor.py:186} INFO - Started process (PID=6295) to work on /opt/airflow/dags/youtube_extract_pipeline.py
[2026-09-17T15:05:26.603+0000] {processor.py:914} INFO - Processing file /opt/airflow/dags/youtube_extract_pipeline.py for tasks to queue
[2026-09-17T15:05:26.610+0000] {logging_mixin.py:190} INFO - [2026-09-17T15:05:26.609+0000] {dagbag.py:588} INFO - Filling up the DagBag from /opt/airflow/dags/youtube_extract_pipeline.py
[2026-09-17T15:05:26.805+0000] {processor.py:925} INFO - DAG(s) 'youtube_pipeline_extraction' retrieved from /opt/airflow/dags/youtube_extract_pipeline.py
[2026-09-17T15:05:27.791+0000] {logging_mixin.py:190} INFO - [2026-09-17T15:05:27.782+0000] {dag.py:3239} INFO - Sync 1 DAGs
[2026-09-17T15:05:27.990+0000] {logging_mixin.py:190} INFO - [2026-09-17T15:05:27.989+0000] {dag.py:4180} INFO - Setting next_dagrun for youtube_pipeline_extraction to 2026-09-17 15:00:00+00:00, run_after=2026-09-17 16:00:00+00:00
[2026-09-17T15:05:28.092+0000] {processor.py:208} INFO - Processing /opt/airflow/dags/youtube_extract_pipeline.py took 1.506 seconds
[2026-09-17T15:08:47.257+0000] {processor.py:186} INFO - Started process (PID=6297) to work on /opt/airflow/dags/youtube_extract_pipeline.py
[2026-09-17T15:08:47.261+0000] {processor.py:914} INFO - Processing file /opt/airflow/dags/youtube_extract_pipeline.py for tasks to queue
[2026-09-17T15:08:47.266+0000] {logging_mixin.py:190} INFO - [2026-09-17T15:08:47.265+0000] {dagbag.py:588} INFO - Filling up the DagBag from /opt/airflow/dags/youtube_extract_pipeline.py
[2026-09-17T15:08:47.928+0000] {processor.py:925} INFO - DAG(s) 'youtube_pipeline_extraction' retrieved from /opt/airflow/dags/youtube_extract_pipeline.py
[2026-09-17T15:08:51.073+0000] {logging_mixin.py:190} INFO - [2026-09-17T15:08:51.021+0000] {dag.py:3239} INFO - Sync 1 DAGs
[2026-09-17T15:08:51.470+0000] {logging_mixin.py:190} INFO - [2026-09-17T15:08:51.469+0000] {dag.py:4180} INFO - Setting next_dagrun for youtube_pipeline_extraction to 2026-09-17 15:00:00+00:00, run_after=2026-09-17 16:00:00+00:00
[2026-09-17T15:08:51.758+0000] {processor.py:208} INFO - Processing /opt/airflow/dags/youtube_extract_pipeline.py took 4.700 seconds
[2026-09-17T15:12:18.234+0000] {processor.py:186} INFO - Started process (PID=66) to work on /opt/airflow/dags/youtube_extract_pipeline.py
[2026-09-17T15:12:18.243+0000] {processor.py:914} INFO - Processing file /opt/airflow/dags/youtube_extract_pipeline.py for tasks to queue
[2026-09-17T15:12:18.259+0000] {logging_mixin.py:190} INFO - [2026-09-17T15:12:18.258+0000] {dagbag.py:588} INFO - Filling up the DagBag from /opt/airflow/dags/youtube_extract_pipeline.py
[2026-09-17T15:12:18.532+0000] {processor.py:925} INFO - DAG(s) 'youtube_pipeline_extraction' retrieved from /opt/airflow/dags/youtube_extract_pipeline.py
[2026-09-17T15:12:18.689+0000] {logging_mixin.py:190} INFO - [2026-09-17T15:12:18.688+0000] {dag.py:3239} INFO - Sync 1 DAGs
[2026-09-17T15:12:18.880+0000] {logging_mixin.py:190} INFO - [2026-09-17T15:12:18.879+0000] {dag.py:4180} INFO - Setting next_dagrun for youtube_pipeline_extraction to 2026-09-17 15:00:00+00:00, run_after=2026-09-17 16:00:00+00:00
[2026-09-17T15:12:18.971+0000] {processor.py:208} INFO - Processing /opt/airflow/dags/youtube_extract_pipeline.py took 0.774 seconds
[2026-09-17T15:12:50.248+0000] {processor.py:186} INFO - Started process (PID=73) to work on /opt/airflow/dags/youtube_extract_pipeline.py
[2026-09-17T15:12:50.280+0000] {processor.py:914} INFO - Processing file /opt/airflow/dags/youtube_extract_pipeline.py for tasks to queue
[2026-09-17T15:12:50.462+0000] {logging_mixin.py:190} INFO - [2026-09-17T15:12:50.445+0000] {dagbag.py:588} INFO - Filling up the DagBag from /opt/airflow/dags/youtube_extract_pipeline.py
[2026-09-17T15:12:55.043+0000] {processor.py:925} INFO - DAG(s) 'youtube_pipeline_extraction' retrieved from /opt/airflow/dags/youtube_extract_pipeline.py
[2026-09-17T15:12:56.356+0000] {logging_mixin.py:190} INFO - [2026-09-17T15:12:56.355+0000] {dag.py:3239} INFO - Sync 1 DAGs
[2026-09-17T15:12:59.262+0000] {logging_mixin.py:190} INFO - [2026-09-17T15:12:59.226+0000] {dag.py:4180} INFO - Setting next_dagrun for youtube_pipeline_extraction to 2026-09-17 15:00:00+00:00, run_after=2026-09-17 16:00:00+00:00
[2026-09-17T15:12:59.338+0000] {processor.py:208} INFO - Processing /opt/airflow/dags/youtube_extract_pipeline.py took 9.655 seconds
[2026-09-17T15:13:31.235+0000] {processor.py:186} INFO - Started process (PID=82) to work on /opt/airflow/dags/youtube_extract_pipeline.py
[2026-09-17T15:13:31.251+0000] {processor.py:914} INFO - Processing file /opt/airflow/dags/youtube_extract_pipeline.py for tasks to queue
[2026-09-17T15:13:31.298+0000] {logging_mixin.py:190} INFO - [2026-09-17T15:13:31.297+0000] {dagbag.py:588} INFO - Filling up the DagBag from /opt/airflow/dags/youtube_extract_pipeline.py
[2026-09-17T15:13:32.326+0000] {processor.py:925} INFO - DAG(s) 'youtube_pipeline_extraction' retrieved from /opt/airflow/dags/youtube_extract_pipeline.py
[2026-09-17T15:13:32.820+0000] {logging_mixin.py:190} INFO - [2026-09-17T15:13:32.820+0000] {dag.py:3239} INFO - Sync 1 DAGs
[2026-09-17T15:13:33.022+0000] {logging_mixin.py:190} INFO - [2026-09-17T15:13:33.021+0000] {dag.py:4180} INFO - Setting next_dagrun for youtube_pipeline_extraction to 2026-09-17 15:00:00+00:00, run_after=2026-09-17 16:00:00+00:00
[2026-09-17T15:13:33.144+0000] {processor.py:208} INFO - Processing /opt/airflow/dags/youtube_extract_pipeline.py took 2.363 seconds
[2026-09-17T15:14:03.592+0000] {processor.py:186} INFO - Started process (PID=96) to work on /opt/airflow/dags/youtube_extract_pipeline.py
[2026-09-17T15:14:03.609+0000] {processor.py:914} INFO - Processing file /opt/airflow/dags/youtube_extract_pipeline.py for tasks to queue
[2026-09-17T15:14:03.679+0000] {logging_mixin.py:190} INFO - [2026-09-17T15:14:03.672+0000] {dagbag.py:588} INFO - Filling up the DagBag from /opt/airflow/dags/youtube_extract_pipeline.py
[2026-09-17T15:14:03.890+0000] {processor.py:925} INFO - DAG(s) 'youtube_pipeline_extraction' retrieved from /opt/airflow/dags/youtube_extract_pipeline.py
[2026-09-17T15:14:03.936+0000] {logging_mixin.py:190} INFO - [2026-09-17T15:14:03.936+0000] {dag.py:3239} INFO - Sync 1 DAGs
[2026-09-17T15:14:03.990+0000] {logging_mixin.py:190} INFO - [2026-09-17T15:14:03.990+0000] {dag.py:4180} INFO - Setting next_dagrun for youtube_pipeline_extraction to 2026-09-17 15:00:00+00:00, run_after=2026-09-17 16:00:00+00:00
[2026-09-17T15:14:04.028+0000] {processor.py:208} INFO - Processing /opt/airflow/dags/youtube_extract_pipeline.py took 0.461 seconds
[2026-09-17T15:14:34.560+0000] {processor.py:186} INFO - Started process (PID=104) to work on /opt/airflow/dags/youtube_extract_pipeline.py
[2026-09-17T15:14:34.563+0000] {processor.py:914} INFO - Processing file /opt/airflow/dags/youtube_extract_pipeline.py for tasks to queue
[2026-09-17T15:14:34.568+0000] {logging_mixin.py:190} INFO - [2026-09-17T15:14:34.567+0000] {dagbag.py:588} INFO - Filling up the DagBag from /opt/airflow/dags/youtube_extract_pipeline.py
[2026-09-17T15:14:34.748+0000] {processor.py:925} INFO - DAG(s) 'youtube_pipeline_extraction' retrieved from /opt/airflow/dags/youtube_extract_pipeline.py
[2026-09-17T15:14:34.784+0000] {logging_mixin.py:190} INFO - [2026-09-17T15:14:34.784+0000] {dag.py:3239} INFO - Sync 1 DAGs
[2026-09-17T15:14:34.822+0000] {logging_mixin.py:190} INFO - [2026-09-17T15:14:34.822+0000] {dag.py:4180} INFO - Setting next_dagrun for youtube_pipeline_extraction to 2026-09-17 15:00:00+00:00, run_after=2026-09-17 16:00:00+00:00
[2026-09-17T15:14:34.850+0000] {processor.py:208} INFO - Processing /opt/airflow/dags/youtube_extract_pipeline.py took 0.299 seconds
[2026-09-17T15:15:05.761+0000] {processor.py:186} INFO - Started process (PID=111) to work on /opt/airflow/dags/youtube_extract_pipeline.py
[2026-09-17T15:15:05.766+0000] {processor.py:914} INFO - Processing file /opt/airflow/dags/youtube_extract_pipeline.py for tasks to queue
[2026-09-17T15:15:05.781+0000] {logging_mixin.py:190} INFO - [2026-09-17T15:15:05.779+0000] {dagbag.py:588} INFO - Filling up the DagBag from /opt/airflow/dags/youtube_extract_pipeline.py
[2026-09-17T15:15:06.213+0000] {processor.py:925} INFO - DAG(s) 'youtube_pipeline_extraction' retrieved from /opt/airflow/dags/youtube_extract_pipeline.py
[2026-09-17T15:15:06.686+0000] {logging_mixin.py:190} INFO - [2026-09-17T15:15:06.684+0000] {dag.py:3239} INFO - Sync 1 DAGs
[2026-09-17T15:15:07.009+0000] {logging_mixin.py:190} INFO - [2026-09-17T15:15:07.008+0000] {dag.py:4180} INFO - Setting next_dagrun for youtube_pipeline_extraction to 2026-09-17 15:00:00+00:00, run_after=2026-09-17 16:00:00+00:00
[2026-09-17T15:15:07.046+0000] {processor.py:208} INFO - Processing /opt/airflow/dags/youtube_extract_pipeline.py took 1.432 seconds
[2026-09-17T15:15:37.429+0000] {processor.py:186} INFO - Started process (PID=119) to work on /opt/airflow/dags/youtube_extract_pipeline.py
[2026-09-17T15:15:37.431+0000] {processor.py:914} INFO - Processing file /opt/airflow/dags/youtube_extract_pipeline.py for tasks to queue
[2026-09-17T15:15:37.434+0000] {logging_mixin.py:190} INFO - [2026-09-17T15:15:37.434+0000] {dagbag.py:588} INFO - Filling up the DagBag from /opt/airflow/dags/youtube_extract_pipeline.py
[2026-09-17T15:15:37.504+0000] {processor.py:925} INFO - DAG(s) 'youtube_pipeline_extraction' retrieved from /opt/airflow/dags/youtube_extract_pipeline.py
[2026-09-17T15:15:37.532+0000] {logging_mixin.py:190} INFO - [2026-09-17T15:15:37.532+0000] {dag.py:3239} INFO - Sync 1 DAGs
[2026-09-17T15:15:37.562+0000] {logging_mixin.py:190} INFO - [2026-09-17T15:15:37.562+0000] {dag.py:4180} INFO - Setting next_dagrun for youtube_pipeline_extraction to 2026-09-17 15:00:00+00:00, run_after=2026-09-17 16:00:00+00:00
[2026-09-17T15:15:37.588+0000] {processor.py:208} INFO - Processing /opt/airflow/dags/youtube_extract_pipeline.py took 0.166 seconds
[2026-09-17T15:16:07.868+0000] {processor.py:186} INFO - Started process (PID=127) to work on /opt/airflow/dags/youtube_extract_pipeline.py
[2026-09-17T15:16:07.876+0000] {processor.py:914} INFO - Processing file /opt/airflow/dags/youtube_extract_pipeline.py for tasks to queue
[2026-09-17T15:16:07.883+0000] {logging_mixin.py:190} INFO - [2026-09-17T15:16:07.881+0000] {dagbag.py:588} INFO - Filling up the DagBag from /opt/airflow/dags/youtube_extract_pipeline.py
[2026-09-17T15:16:08.157+0000] {processor.py:925} INFO - DAG(s) 'youtube_pipeline_extraction' retrieved from /opt/airflow/dags/youtube_extract_pipeline.py
[2026-09-17T15:16:08.244+0000] {logging_mixin.py:190} INFO - [2026-09-17T15:16:08.242+0000] {dag.py:3239} INFO - Sync 1 DAGs
[2026-09-17T15:16:08.338+0000] {logging_mixin.py:190} INFO - [2026-09-17T15:16:08.337+0000] {dag.py:4180} INFO - Setting next_dagrun for youtube_pipeline_extraction to 2026-09-17 15:00:00+00:00, run_after=2026-09-17 16:00:00+00:00
[2026-09-17T15:16:08.385+0000] {processor.py:208} INFO - Processing /opt/airflow/dags/youtube_extract_pipeline.py took 0.585 seconds
[2026-09-17T15:16:39.439+0000] {processor.py:186} INFO - Started process (PID=135) to work on /opt/airflow/dags/youtube_extract_pipeline.py
[2026-09-17T15:16:39.441+0000] {processor.py:914} INFO - Processing file /opt/airflow/dags/youtube_extract_pipeline.py for tasks to queue
[2026-09-17T15:16:39.445+0000] {logging_mixin.py:190} INFO - [2026-09-17T15:16:39.445+0000] {dagbag.py:588} INFO - Filling up the DagBag from /opt/airflow/dags/youtube_extract_pipeline.py
[2026-09-17T15:16:39.549+0000] {processor.py:925} INFO - DAG(s) 'youtube_pipeline_extraction' retrieved from /opt/airflow/dags/youtube_extract_pipeline.py
[2026-09-17T15:16:39.598+0000] {logging_mixin.py:190} INFO - [2026-09-17T15:16:39.597+0000] {dag.py:3239} INFO - Sync 1 DAGs
[2026-09-17T15:16:39.635+0000] {logging_mixin.py:190} INFO - [2026-09-17T15:16:39.635+0000] {dag.py:4180} INFO - Setting next_dagrun for youtube_pipeline_extraction to 2026-09-17 15:00:00+00:00, run_after=2026-09-17 16:00:00+00:00
[2026-09-17T15:16:39.740+0000] {processor.py:208} INFO - Processing /opt/airflow/dags/youtube_extract_pipeline.py took 0.310 seconds
[2026-09-17T15:17:10.139+0000] {processor.py:186} INFO - Started process (PID=143) to work on /opt/airflow/dags/youtube_extract_pipeline.py
[2026-09-17T15:17:10.142+0000] {processor.py:914} INFO - Processing file /opt/airflow/dags/youtube_extract_pipeline.py for tasks to queue
[2026-09-17T15:17:10.146+0000] {logging_mixin.py:190} INFO - [2026-09-17T15:17:10.146+0000] {dagbag.py:588} INFO - Filling up the DagBag from /opt/airflow/dags/youtube_extract_pipeline.py
[2026-09-17T15:17:10.273+0000] {processor.py:925} INFO - DAG(s) 'youtube_pipeline_extraction' retrieved from /opt/airflow/dags/youtube_extract_pipeline.py
[2026-09-17T15:17:10.332+0000] {logging_mixin.py:190} INFO - [2026-09-17T15:17:10.332+0000] {dag.py:3239} INFO - Sync 1 DAGs
[2026-09-17T15:17:10.376+0000] {logging_mixin.py:190} INFO - [2026-09-17T15:17:10.376+0000] {dag.py:4180} INFO - Setting next_dagrun for youtube_pipeline_extraction to 2026-09-17 15:00:00+00:00, run_after=2026-09-17 16:00:00+00:00
[2026-09-17T15:17:10.408+0000] {processor.py:208} INFO - Processing /opt/airflow/dags/youtube_extract_pipeline.py took 0.286 seconds
[2026-09-17T15:17:40.635+0000] {processor.py:186} INFO - Started process (PID=151) to work on /opt/airflow/dags/youtube_extract_pipeline.py
[2026-09-17T15:17:40.639+0000] {processor.py:914} INFO - Processing file /opt/airflow/dags/youtube_extract_pipeline.py for tasks to queue
[2026-09-17T15:17:40.647+0000] {logging_mixin.py:190} INFO - [2026-09-17T15:17:40.646+0000] {dagbag.py:588} INFO - Filling up the DagBag from /opt/airflow/dags/youtube_extract_pipeline.py
[2026-09-17T15:17:40.825+0000] {processor.py:925} INFO - DAG(s) 'youtube_pipeline_extraction' retrieved from /opt/airflow/dags/youtube_extract_pipeline.py
[2026-09-17T15:17:40.948+0000] {logging_mixin.py:190} INFO - [2026-09-17T15:17:40.947+0000] {dag.py:3239} INFO - Sync 1 DAGs
[2026-09-17T15:17:41.044+0000] {logging_mixin.py:190} INFO - [2026-09-17T15:17:41.044+0000] {dag.py:4180} INFO - Setting next_dagrun for youtube_pipeline_extraction to 2026-09-17 15:00:00+00:00, run_after=2026-09-17 16:00:00+00:00
[2026-09-17T15:17:41.106+0000] {processor.py:208} INFO - Processing /opt/airflow/dags/youtube_extract_pipeline.py took 0.481 seconds
[2026-09-17T15:18:11.513+0000] {processor.py:186} INFO - Started process (PID=159) to work on /opt/airflow/dags/youtube_extract_pipeline.py
[2026-09-17T15:18:11.515+0000] {processor.py:914} INFO - Processing file /opt/airflow/dags/youtube_extract_pipeline.py for tasks to queue
[2026-09-17T15:18:11.520+0000] {logging_mixin.py:190} INFO - [2026-09-17T15:18:11.519+0000] {dagbag.py:588} INFO - Filling up the DagBag from /opt/airflow/dags/youtube_extract_pipeline.py
[2026-09-17T15:18:11.582+0000] {processor.py:925} INFO - DAG(s) 'youtube_pipeline_extraction' retrieved from /opt/airflow/dags/youtube_extract_pipeline.py
[2026-09-17T15:18:11.607+0000] {logging_mixin.py:190} INFO - [2026-09-17T15:18:11.607+0000] {dag.py:3239} INFO - Sync 1 DAGs
[2026-09-17T15:18:11.631+0000] {logging_mixin.py:190} INFO - [2026-09-17T15:18:11.631+0000] {dag.py:4180} INFO - Setting next_dagrun for youtube_pipeline_extraction to 2026-09-17 15:00:00+00:00, run_after=2026-09-17 16:00:00+00:00
[2026-09-17T15:18:11.655+0000] {processor.py:208} INFO - Processing /opt/airflow/dags/youtube_extract_pipeline.py took 0.149 seconds
[2026-09-17T15:18:41.848+0000] {processor.py:186} INFO - Started process (PID=167) to work on /opt/airflow/dags/youtube_extract_pipeline.py
[2026-09-17T15:18:41.849+0000] {processor.py:914} INFO - Processing file /opt/airflow/dags/youtube_extract_pipeline.py for tasks to queue
[2026-09-17T15:18:41.852+0000] {logging_mixin.py:190} INFO - [2026-09-17T15:18:41.852+0000] {dagbag.py:588} INFO - Filling up the DagBag from /opt/airflow/dags/youtube_extract_pipeline.py
[2026-09-17T15:18:41.918+0000] {processor.py:925} INFO - DAG(s) 'youtube_pipeline_extraction' retrieved from /opt/airflow/dags/youtube_extract_pipeline.py
[2026-09-17T15:18:41.957+0000] {logging_mixin.py:190} INFO - [2026-09-17T15:18:41.957+0000] {dag.py:3239} INFO - Sync 1 DAGs
[2026-09-17T15:18:41.982+0000] {logging_mixin.py:190} INFO - [2026-09-17T15:18:41.982+0000] {dag.py:4180} INFO - Setting next_dagrun for youtube_pipeline_extraction to 2026-09-17 15:00:00+00:00, run_after=2026-09-17 16:00:00+00:00
[2026-09-17T15:18:42.000+0000] {processor.py:208} INFO - Processing /opt/airflow/dags/youtube_extract_pipeline.py took 0.179 seconds
[2026-09-17T15:19:12.312+0000] {processor.py:186} INFO - Started process (PID=175) to work on /opt/airflow/dags/youtube_extract_pipeline.py
[2026-09-17T15:19:12.314+0000] {processor.py:914} INFO - Processing file /opt/airflow/dags/youtube_extract_pipeline.py for tasks to queue
[2026-09-17T15:19:12.318+0000] {logging_mixin.py:190} INFO - [2026-09-17T15:19:12.317+0000] {dagbag.py:588} INFO - Filling up the DagBag from /opt/airflow/dags/youtube_extract_pipeline.py
[2026-09-17T15:19:12.379+0000] {processor.py:925} INFO - DAG(s) 'youtube_pipeline_extraction' retrieved from /opt/airflow/dags/youtube_extract_pipeline.py
[2026-09-17T15:19:12.428+0000] {logging_mixin.py:190} INFO - [2026-09-17T15:19:12.428+0000] {dag.py:3239} INFO - Sync 1 DAGs
[2026-09-17T15:19:12.452+0000] {logging_mixin.py:190} INFO - [2026-09-17T15:19:12.452+0000] {dag.py:4180} INFO - Setting next_dagrun for youtube_pipeline_extraction to 2026-09-17 15:00:00+00:00, run_after=2026-09-17 16:00:00+00:00
[2026-09-17T15:19:12.474+0000] {processor.py:208} INFO - Processing /opt/airflow/dags/youtube_extract_pipeline.py took 0.169 seconds
[2026-09-17T15:19:42.838+0000] {processor.py:186} INFO - Started process (PID=183) to work on /opt/airflow/dags/youtube_extract_pipeline.py
[2026-09-17T15:19:42.840+0000] {processor.py:914} INFO - Processing file /opt/airflow/dags/youtube_extract_pipeline.py for tasks to queue
[2026-09-17T15:19:42.844+0000] {logging_mixin.py:190} INFO - [2026-09-17T15:19:42.843+0000] {dagbag.py:588} INFO - Filling up the DagBag from /opt/airflow/dags/youtube_extract_pipeline.py
[2026-09-17T15:19:42.922+0000] {processor.py:925} INFO - DAG(s) 'youtube_pipeline_extraction' retrieved from /opt/airflow/dags/youtube_extract_pipeline.py
[2026-09-17T15:19:42.948+0000] {logging_mixin.py:190} INFO - [2026-09-17T15:19:42.948+0000] {dag.py:3239} INFO - Sync 1 DAGs
[2026-09-17T15:19:42.972+0000] {logging_mixin.py:190} INFO - [2026-09-17T15:19:42.972+0000] {dag.py:4180} INFO - Setting next_dagrun for youtube_pipeline_extraction to 2026-09-17 15:00:00+00:00, run_after=2026-09-17 16:00:00+00:00
[2026-09-17T15:19:42.996+0000] {processor.py:208} INFO - Processing /opt/airflow/dags/youtube_extract_pipeline.py took 0.165 seconds
[2026-09-17T15:20:13.372+0000] {processor.py:186} INFO - Started process (PID=192) to work on /opt/airflow/dags/youtube_extract_pipeline.py
[2026-09-17T15:20:13.373+0000] {processor.py:914} INFO - Processing file /opt/airflow/dags/youtube_extract_pipeline.py for tasks to queue
[2026-09-17T15:20:13.377+0000] {logging_mixin.py:190} INFO - [2026-09-17T15:20:13.377+0000] {dagbag.py:588} INFO - Filling up the DagBag from /opt/airflow/dags/youtube_extract_pipeline.py
[2026-09-17T15:20:13.442+0000] {processor.py:925} INFO - DAG(s) 'youtube_pipeline_extraction' retrieved from /opt/airflow/dags/youtube_extract_pipeline.py
[2026-09-17T15:20:13.759+0000] {logging_mixin.py:190} INFO - [2026-09-17T15:20:13.758+0000] {dag.py:3239} INFO - Sync 1 DAGs
[2026-09-17T15:20:13.976+0000] {logging_mixin.py:190} INFO - [2026-09-17T15:20:13.976+0000] {dag.py:4180} INFO - Setting next_dagrun for youtube_pipeline_extraction to 2026-09-17 15:00:00+00:00, run_after=2026-09-17 16:00:00+00:00
[2026-09-17T15:20:14.017+0000] {processor.py:208} INFO - Processing /opt/airflow/dags/youtube_extract_pipeline.py took 0.652 seconds
[2026-09-17T15:20:44.352+0000] {processor.py:186} INFO - Started process (PID=201) to work on /opt/airflow/dags/youtube_extract_pipeline.py
[2026-09-17T15:20:44.354+0000] {processor.py:914} INFO - Processing file /opt/airflow/dags/youtube_extract_pipeline.py for tasks to queue
[2026-09-17T15:20:44.401+0000] {logging_mixin.py:190} INFO - [2026-09-17T15:20:44.396+0000] {dagbag.py:588} INFO - Filling up the DagBag from /opt/airflow/dags/youtube_extract_pipeline.py
[2026-09-17T15:20:44.538+0000] {processor.py:925} INFO - DAG(s) 'youtube_pipeline_extraction' retrieved from /opt/airflow/dags/youtube_extract_pipeline.py
[2026-09-17T15:20:44.566+0000] {logging_mixin.py:190} INFO - [2026-09-17T15:20:44.565+0000] {dag.py:3239} INFO - Sync 1 DAGs
[2026-09-17T15:20:44.593+0000] {logging_mixin.py:190} INFO - [2026-09-17T15:20:44.593+0000] {dag.py:4180} INFO - Setting next_dagrun for youtube_pipeline_extraction to 2026-09-17 15:00:00+00:00, run_after=2026-09-17 16:00:00+00:00
[2026-09-17T15:20:44.618+0000] {processor.py:208} INFO - Processing /opt/airflow/dags/youtube_extract_pipeline.py took 0.272 seconds
[2026-09-17T15:21:14.922+0000] {processor.py:186} INFO - Started process (PID=209) to work on /opt/airflow/dags/youtube_extract_pipeline.py
[2026-09-17T15:21:14.925+0000] {processor.py:914} INFO - Processing file /opt/airflow/dags/youtube_extract_pipeline.py for tasks to queue
[2026-09-17T15:21:14.931+0000] {logging_mixin.py:190} INFO - [2026-09-17T15:21:14.930+0000] {dagbag.py:588} INFO - Filling up the DagBag from /opt/airflow/dags/youtube_extract_pipeline.py
[2026-09-17T15:21:15.019+0000] {processor.py:925} INFO - DAG(s) 'youtube_pipeline_extraction' retrieved from /opt/airflow/dags/youtube_extract_pipeline.py
[2026-09-17T15:21:15.051+0000] {logging_mixin.py:190} INFO - [2026-09-17T15:21:15.051+0000] {dag.py:3239} INFO - Sync 1 DAGs
[2026-09-17T15:21:15.096+0000] {logging_mixin.py:190} INFO - [2026-09-17T15:21:15.096+0000] {dag.py:4180} INFO - Setting next_dagrun for youtube_pipeline_extraction to 2026-09-17 15:00:00+00:00, run_after=2026-09-17 16:00:00+00:00
[2026-09-17T15:21:15.127+0000] {processor.py:208} INFO - Processing /opt/airflow/dags/youtube_extract_pipeline.py took 0.212 seconds
[2026-09-17T15:21:45.380+0000] {processor.py:186} INFO - Started process (PID=217) to work on /opt/airflow/dags/youtube_extract_pipeline.py
[2026-09-17T15:21:45.383+0000] {processor.py:914} INFO - Processing file /opt/airflow/dags/youtube_extract_pipeline.py for tasks to queue
[2026-09-17T15:21:45.394+0000] {logging_mixin.py:190} INFO - [2026-09-17T15:21:45.393+0000] {dagbag.py:588} INFO - Filling up the DagBag from /opt/airflow/dags/youtube_extract_pipeline.py
[2026-09-17T15:21:45.525+0000] {processor.py:925} INFO - DAG(s) 'youtube_pipeline_extraction' retrieved from /opt/airflow/dags/youtube_extract_pipeline.py
[2026-09-17T15:21:45.636+0000] {logging_mixin.py:190} INFO - [2026-09-17T15:21:45.636+0000] {dag.py:3239} INFO - Sync 1 DAGs
[2026-09-17T15:21:45.708+0000] {logging_mixin.py:190} INFO - [2026-09-17T15:21:45.707+0000] {dag.py:4180} INFO - Setting next_dagrun for youtube_pipeline_extraction to 2026-09-17 15:00:00+00:00, run_after=2026-09-17 16:00:00+00:00
[2026-09-17T15:21:45.754+0000] {processor.py:208} INFO - Processing /opt/airflow/dags/youtube_extract_pipeline.py took 0.389 seconds
[2026-09-17T15:22:16.059+0000] {processor.py:186} INFO - Started process (PID=225) to work on /opt/airflow/dags/youtube_extract_pipeline.py
[2026-09-17T15:22:16.061+0000] {processor.py:914} INFO - Processing file /opt/airflow/dags/youtube_extract_pipeline.py for tasks to queue
[2026-09-17T15:22:16.065+0000] {logging_mixin.py:190} INFO - [2026-09-17T15:22:16.064+0000] {dagbag.py:588} INFO - Filling up the DagBag from /opt/airflow/dags/youtube_extract_pipeline.py
[2026-09-17T15:22:16.131+0000] {processor.py:925} INFO - DAG(s) 'youtube_pipeline_extraction' retrieved from /opt/airflow/dags/youtube_extract_pipeline.py
[2026-09-17T15:22:16.163+0000] {logging_mixin.py:190} INFO - [2026-09-17T15:22:16.163+0000] {dag.py:3239} INFO - Sync 1 DAGs
[2026-09-17T15:22:16.193+0000] {logging_mixin.py:190} INFO - [2026-09-17T15:22:16.193+0000] {dag.py:4180} INFO - Setting next_dagrun for youtube_pipeline_extraction to 2026-09-17 15:00:00+00:00, run_after=2026-09-17 16:00:00+00:00
[2026-09-17T15:22:16.219+0000] {processor.py:208} INFO - Processing /opt/airflow/dags/youtube_extract_pipeline.py took 0.166 seconds
[2026-09-17T15:22:46.650+0000] {processor.py:186} INFO - Started process (PID=232) to work on /opt/airflow/dags/youtube_extract_pipeline.py
[2026-09-17T15:22:46.655+0000] {processor.py:914} INFO - Processing file /opt/airflow/dags/youtube_extract_pipeline.py for tasks to queue
[2026-09-17T15:22:46.671+0000] {logging_mixin.py:190} INFO - [2026-09-17T15:22:46.669+0000] {dagbag.py:588} INFO - Filling up the DagBag from /opt/airflow/dags/youtube_extract_pipeline.py
[2026-09-17T15:22:46.874+0000] {processor.py:925} INFO - DAG(s) 'youtube_pipeline_extraction' retrieved from /opt/airflow/dags/youtube_extract_pipeline.py
[2026-09-17T15:22:46.949+0000] {logging_mixin.py:190} INFO - [2026-09-17T15:22:46.948+0000] {dag.py:3239} INFO - Sync 1 DAGs
[2026-09-17T15:22:47.027+0000] {logging_mixin.py:190} INFO - [2026-09-17T15:22:47.026+0000] {dag.py:4180} INFO - Setting next_dagrun for youtube_pipeline_extraction to 2026-09-17 15:00:00+00:00, run_after=2026-09-17 16:00:00+00:00
[2026-09-17T15:22:47.084+0000] {processor.py:208} INFO - Processing /opt/airflow/dags/youtube_extract_pipeline.py took 0.448 seconds
[2026-09-17T15:23:17.412+0000] {processor.py:186} INFO - Started process (PID=240) to work on /opt/airflow/dags/youtube_extract_pipeline.py
[2026-09-17T15:23:17.414+0000] {processor.py:914} INFO - Processing file /opt/airflow/dags/youtube_extract_pipeline.py for tasks to queue
[2026-09-17T15:23:17.417+0000] {logging_mixin.py:190} INFO - [2026-09-17T15:23:17.417+0000] {dagbag.py:588} INFO - Filling up the DagBag from /opt/airflow/dags/youtube_extract_pipeline.py
[2026-09-17T15:23:17.483+0000] {processor.py:925} INFO - DAG(s) 'youtube_pipeline_extraction' retrieved from /opt/airflow/dags/youtube_extract_pipeline.py
[2026-09-17T15:23:17.512+0000] {logging_mixin.py:190} INFO - [2026-09-17T15:23:17.512+0000] {dag.py:3239} INFO - Sync 1 DAGs
[2026-09-17T15:23:17.535+0000] {logging_mixin.py:190} INFO - [2026-09-17T15:23:17.535+0000] {dag.py:4180} INFO - Setting next_dagrun for youtube_pipeline_extraction to 2026-09-17 15:00:00+00:00, run_after=2026-09-17 16:00:00+00:00
[2026-09-17T15:23:17.555+0000] {processor.py:208} INFO - Processing /opt/airflow/dags/youtube_extract_pipeline.py took 0.151 seconds
[2026-09-17T15:23:47.780+0000] {processor.py:186} INFO - Started process (PID=248) to work on /opt/airflow/dags/youtube_extract_pipeline.py
[2026-09-17T15:23:47.783+0000] {processor.py:914} INFO - Processing file /opt/airflow/dags/youtube_extract_pipeline.py for tasks to queue
[2026-09-17T15:23:47.788+0000] {logging_mixin.py:190} INFO - [2026-09-17T15:23:47.788+0000] {dagbag.py:588} INFO - Filling up the DagBag from /opt/airflow/dags/youtube_extract_pipeline.py
[2026-09-17T15:23:47.874+0000] {processor.py:925} INFO - DAG(s) 'youtube_pipeline_extraction' retrieved from /opt/airflow/dags/youtube_extract_pipeline.py
[2026-09-17T15:23:47.908+0000] {logging_mixin.py:190} INFO - [2026-09-17T15:23:47.908+0000] {dag.py:3239} INFO - Sync 1 DAGs
[2026-09-17T15:23:47.938+0000] {logging_mixin.py:190} INFO - [2026-09-17T15:23:47.938+0000] {dag.py:4180} INFO - Setting next_dagrun for youtube_pipeline_extraction to 2026-09-17 15:00:00+00:00, run_after=2026-09-17 16:00:00+00:00
[2026-09-17T15:23:47.963+0000] {processor.py:208} INFO - Processing /opt/airflow/dags/youtube_extract_pipeline.py took 0.190 seconds
[2026-09-17T15:24:18.285+0000] {processor.py:186} INFO - Started process (PID=256) to work on /opt/airflow/dags/youtube_extract_pipeline.py
[2026-09-17T15:24:18.289+0000] {processor.py:914} INFO - Processing file /opt/airflow/dags/youtube_extract_pipeline.py for tasks to queue
[2026-09-17T15:24:18.294+0000] {logging_mixin.py:190} INFO - [2026-09-17T15:24:18.293+0000] {dagbag.py:588} INFO - Filling up the DagBag from /opt/airflow/dags/youtube_extract_pipeline.py
[2026-09-17T15:24:18.361+0000] {processor.py:925} INFO - DAG(s) 'youtube_pipeline_extraction' retrieved from /opt/airflow/dags/youtube_extract_pipeline.py
[2026-09-17T15:24:18.398+0000] {logging_mixin.py:190} INFO - [2026-09-17T15:24:18.397+0000] {dag.py:3239} INFO - Sync 1 DAGs
[2026-09-17T15:24:18.551+0000] {logging_mixin.py:190} INFO - [2026-09-17T15:24:18.550+0000] {dag.py:4180} INFO - Setting next_dagrun for youtube_pipeline_extraction to 2026-09-17 15:00:00+00:00, run_after=2026-09-17 16:00:00+00:00
[2026-09-17T15:24:18.602+0000] {processor.py:208} INFO - Processing /opt/airflow/dags/youtube_extract_pipeline.py took 0.323 seconds
[2026-09-17T15:24:48.824+0000] {processor.py:186} INFO - Started process (PID=264) to work on /opt/airflow/dags/youtube_extract_pipeline.py
[2026-09-17T15:24:48.826+0000] {processor.py:914} INFO - Processing file /opt/airflow/dags/youtube_extract_pipeline.py for tasks to queue
[2026-09-17T15:24:48.831+0000] {logging_mixin.py:190} INFO - [2026-09-17T15:24:48.831+0000] {dagbag.py:588} INFO - Filling up the DagBag from /opt/airflow/dags/youtube_extract_pipeline.py
[2026-09-17T15:24:48.901+0000] {processor.py:925} INFO - DAG(s) 'youtube_pipeline_extraction' retrieved from /opt/airflow/dags/youtube_extract_pipeline.py
[2026-09-17T15:24:48.921+0000] {logging_mixin.py:190} INFO - [2026-09-17T15:24:48.921+0000] {dag.py:3239} INFO - Sync 1 DAGs
[2026-09-17T15:24:48.941+0000] {logging_mixin.py:190} INFO - [2026-09-17T15:24:48.941+0000] {dag.py:4180} INFO - Setting next_dagrun for youtube_pipeline_extraction to 2026-09-17 15:00:00+00:00, run_after=2026-09-17 16:00:00+00:00
[2026-09-17T15:24:48.958+0000] {processor.py:208} INFO - Processing /opt/airflow/dags/youtube_extract_pipeline.py took 0.204 seconds
[2026-09-17T15:25:19.361+0000] {processor.py:186} INFO - Started process (PID=272) to work on /opt/airflow/dags/youtube_extract_pipeline.py
[2026-09-17T15:25:19.369+0000] {processor.py:914} INFO - Processing file /opt/airflow/dags/youtube_extract_pipeline.py for tasks to queue
[2026-09-17T15:25:19.388+0000] {logging_mixin.py:190} INFO - [2026-09-17T15:25:19.387+0000] {dagbag.py:588} INFO - Filling up the DagBag from /opt/airflow/dags/youtube_extract_pipeline.py
[2026-09-17T15:25:19.860+0000] {processor.py:925} INFO - DAG(s) 'youtube_pipeline_extraction' retrieved from /opt/airflow/dags/youtube_extract_pipeline.py
[2026-09-17T15:25:19.995+0000] {logging_mixin.py:190} INFO - [2026-09-17T15:25:19.994+0000] {dag.py:3239} INFO - Sync 1 DAGs
[2026-09-17T15:25:20.107+0000] {logging_mixin.py:190} INFO - [2026-09-17T15:25:20.106+0000] {dag.py:4180} INFO - Setting next_dagrun for youtube_pipeline_extraction to 2026-09-17 15:00:00+00:00, run_after=2026-09-17 16:00:00+00:00
[2026-09-17T15:25:20.155+0000] {processor.py:208} INFO - Processing /opt/airflow/dags/youtube_extract_pipeline.py took 0.819 seconds
[2026-09-17T15:25:50.478+0000] {processor.py:186} INFO - Started process (PID=280) to work on /opt/airflow/dags/youtube_extract_pipeline.py
[2026-09-17T15:25:50.480+0000] {processor.py:914} INFO - Processing file /opt/airflow/dags/youtube_extract_pipeline.py for tasks to queue
[2026-09-17T15:25:50.485+0000] {logging_mixin.py:190} INFO - [2026-09-17T15:25:50.484+0000] {dagbag.py:588} INFO - Filling up the DagBag from /opt/airflow/dags/youtube_extract_pipeline.py
[2026-09-17T15:25:50.565+0000] {processor.py:925} INFO - DAG(s) 'youtube_pipeline_extraction' retrieved from /opt/airflow/dags/youtube_extract_pipeline.py
[2026-09-17T15:25:50.601+0000] {logging_mixin.py:190} INFO - [2026-09-17T15:25:50.601+0000] {dag.py:3239} INFO - Sync 1 DAGs
[2026-09-17T15:25:50.644+0000] {logging_mixin.py:190} INFO - [2026-09-17T15:25:50.644+0000] {dag.py:4180} INFO - Setting next_dagrun for youtube_pipeline_extraction to 2026-09-17 15:00:00+00:00, run_after=2026-09-17 16:00:00+00:00
[2026-09-17T15:25:50.672+0000] {processor.py:208} INFO - Processing /opt/airflow/dags/youtube_extract_pipeline.py took 0.215 seconds
[2026-09-17T15:26:21.061+0000] {processor.py:186} INFO - Started process (PID=288) to work on /opt/airflow/dags/youtube_extract_pipeline.py
[2026-09-17T15:26:21.062+0000] {processor.py:914} INFO - Processing file /opt/airflow/dags/youtube_extract_pipeline.py for tasks to queue
[2026-09-17T15:26:21.066+0000] {logging_mixin.py:190} INFO - [2026-09-17T15:26:21.065+0000] {dagbag.py:588} INFO - Filling up the DagBag from /opt/airflow/dags/youtube_extract_pipeline.py
[2026-09-17T15:26:21.161+0000] {processor.py:925} INFO - DAG(s) 'youtube_pipeline_extraction' retrieved from /opt/airflow/dags/youtube_extract_pipeline.py
[2026-09-17T15:26:21.212+0000] {logging_mixin.py:190} INFO - [2026-09-17T15:26:21.212+0000] {dag.py:3239} INFO - Sync 1 DAGs
[2026-09-17T15:26:21.237+0000] {logging_mixin.py:190} INFO - [2026-09-17T15:26:21.237+0000] {dag.py:4180} INFO - Setting next_dagrun for youtube_pipeline_extraction to 2026-09-17 15:00:00+00:00, run_after=2026-09-17 16:00:00+00:00
[2026-09-17T15:26:21.255+0000] {processor.py:208} INFO - Processing /opt/airflow/dags/youtube_extract_pipeline.py took 0.201 seconds
[2026-09-17T15:26:51.669+0000] {processor.py:186} INFO - Started process (PID=296) to work on /opt/airflow/dags/youtube_extract_pipeline.py
[2026-09-17T15:26:51.671+0000] {processor.py:914} INFO - Processing file /opt/airflow/dags/youtube_extract_pipeline.py for tasks to queue
[2026-09-17T15:26:51.674+0000] {logging_mixin.py:190} INFO - [2026-09-17T15:26:51.674+0000] {dagbag.py:588} INFO - Filling up the DagBag from /opt/airflow/dags/youtube_extract_pipeline.py
[2026-09-17T15:26:51.753+0000] {processor.py:925} INFO - DAG(s) 'youtube_pipeline_extraction' retrieved from /opt/airflow/dags/youtube_extract_pipeline.py
[2026-09-17T15:26:51.778+0000] {logging_mixin.py:190} INFO - [2026-09-17T15:26:51.778+0000] {dag.py:3239} INFO - Sync 1 DAGs
[2026-09-17T15:26:51.812+0000] {logging_mixin.py:190} INFO - [2026-09-17T15:26:51.812+0000] {dag.py:4180} INFO - Setting next_dagrun for youtube_pipeline_extraction to 2026-09-17 15:00:00+00:00, run_after=2026-09-17 16:00:00+00:00
[2026-09-17T15:26:51.843+0000] {processor.py:208} INFO - Processing /opt/airflow/dags/youtube_extract_pipeline.py took 0.182 seconds
[2026-09-17T15:27:22.273+0000] {processor.py:186} INFO - Started process (PID=304) to work on /opt/airflow/dags/youtube_extract_pipeline.py
[2026-09-17T15:27:22.274+0000] {processor.py:914} INFO - Processing file /opt/airflow/dags/youtube_extract_pipeline.py for tasks to queue
[2026-09-17T15:27:22.278+0000] {logging_mixin.py:190} INFO - [2026-09-17T15:27:22.278+0000] {dagbag.py:588} INFO - Filling up the DagBag from /opt/airflow/dags/youtube_extract_pipeline.py
[2026-09-17T15:27:22.336+0000] {processor.py:925} INFO - DAG(s) 'youtube_pipeline_extraction' retrieved from /opt/airflow/dags/youtube_extract_pipeline.py
[2026-09-17T15:27:22.359+0000] {logging_mixin.py:190} INFO - [2026-09-17T15:27:22.358+0000] {dag.py:3239} INFO - Sync 1 DAGs
[2026-09-17T15:27:22.381+0000] {logging_mixin.py:190} INFO - [2026-09-17T15:27:22.381+0000] {dag.py:4180} INFO - Setting next_dagrun for youtube_pipeline_extraction to 2026-09-17 15:00:00+00:00, run_after=2026-09-17 16:00:00+00:00
[2026-09-17T15:27:22.400+0000] {processor.py:208} INFO - Processing /opt/airflow/dags/youtube_extract_pipeline.py took 0.133 seconds
[2026-09-17T15:27:52.753+0000] {processor.py:186} INFO - Started process (PID=312) to work on /opt/airflow/dags/youtube_extract_pipeline.py
[2026-09-17T15:27:52.754+0000] {processor.py:914} INFO - Processing file /opt/airflow/dags/youtube_extract_pipeline.py for tasks to queue
[2026-09-17T15:27:52.758+0000] {logging_mixin.py:190} INFO - [2026-09-17T15:27:52.757+0000] {dagbag.py:588} INFO - Filling up the DagBag from /opt/airflow/dags/youtube_extract_pipeline.py
[2026-09-17T15:27:52.827+0000] {processor.py:925} INFO - DAG(s) 'youtube_pipeline_extraction' retrieved from /opt/airflow/dags/youtube_extract_pipeline.py
[2026-09-17T15:27:52.914+0000] {logging_mixin.py:190} INFO - [2026-09-17T15:27:52.914+0000] {dag.py:3239} INFO - Sync 1 DAGs
[2026-09-17T15:27:52.938+0000] {logging_mixin.py:190} INFO - [2026-09-17T15:27:52.938+0000] {dag.py:4180} INFO - Setting next_dagrun for youtube_pipeline_extraction to 2026-09-17 15:00:00+00:00, run_after=2026-09-17 16:00:00+00:00
[2026-09-17T15:27:52.975+0000] {processor.py:208} INFO - Processing /opt/airflow/dags/youtube_extract_pipeline.py took 0.228 seconds
[2026-09-17T15:28:24.170+0000] {processor.py:186} INFO - Started process (PID=320) to work on /opt/airflow/dags/youtube_extract_pipeline.py
[2026-09-17T15:28:24.172+0000] {processor.py:914} INFO - Processing file /opt/airflow/dags/youtube_extract_pipeline.py for tasks to queue
[2026-09-17T15:28:24.176+0000] {logging_mixin.py:190} INFO - [2026-09-17T15:28:24.176+0000] {dagbag.py:588} INFO - Filling up the DagBag from /opt/airflow/dags/youtube_extract_pipeline.py
[2026-09-17T15:28:24.269+0000] {processor.py:925} INFO - DAG(s) 'youtube_pipeline_extraction' retrieved from /opt/airflow/dags/youtube_extract_pipeline.py
[2026-09-17T15:28:24.305+0000] {logging_mixin.py:190} INFO - [2026-09-17T15:28:24.304+0000] {dag.py:3239} INFO - Sync 1 DAGs
[2026-09-17T15:28:24.360+0000] {logging_mixin.py:190} INFO - [2026-09-17T15:28:24.360+0000] {dag.py:4180} INFO - Setting next_dagrun for youtube_pipeline_extraction to 2026-09-17 15:00:00+00:00, run_after=2026-09-17 16:00:00+00:00
[2026-09-17T15:28:24.392+0000] {processor.py:208} INFO - Processing /opt/airflow/dags/youtube_extract_pipeline.py took 0.231 seconds
[2026-09-17T15:28:54.674+0000] {processor.py:186} INFO - Started process (PID=328) to work on /opt/airflow/dags/youtube_extract_pipeline.py
[2026-09-17T15:28:54.676+0000] {processor.py:914} INFO - Processing file /opt/airflow/dags/youtube_extract_pipeline.py for tasks to queue
[2026-09-17T15:28:54.681+0000] {logging_mixin.py:190} INFO - [2026-09-17T15:28:54.680+0000] {dagbag.py:588} INFO - Filling up the DagBag from /opt/airflow/dags/youtube_extract_pipeline.py
[2026-09-17T15:28:54.754+0000] {processor.py:925} INFO - DAG(s) 'youtube_pipeline_extraction' retrieved from /opt/airflow/dags/youtube_extract_pipeline.py
[2026-09-17T15:28:54.786+0000] {logging_mixin.py:190} INFO - [2026-09-17T15:28:54.786+0000] {dag.py:3239} INFO - Sync 1 DAGs
[2026-09-17T15:28:54.830+0000] {logging_mixin.py:190} INFO - [2026-09-17T15:28:54.830+0000] {dag.py:4180} INFO - Setting next_dagrun for youtube_pipeline_extraction to 2026-09-17 15:00:00+00:00, run_after=2026-09-17 16:00:00+00:00
[2026-09-17T15:28:54.867+0000] {processor.py:208} INFO - Processing /opt/airflow/dags/youtube_extract_pipeline.py took 0.210 seconds
[2026-09-17T15:29:25.318+0000] {processor.py:186} INFO - Started process (PID=336) to work on /opt/airflow/dags/youtube_extract_pipeline.py
[2026-09-17T15:29:25.321+0000] {processor.py:914} INFO - Processing file /opt/airflow/dags/youtube_extract_pipeline.py for tasks to queue
[2026-09-17T15:29:25.325+0000] {logging_mixin.py:190} INFO - [2026-09-17T15:29:25.324+0000] {dagbag.py:588} INFO - Filling up the DagBag from /opt/airflow/dags/youtube_extract_pipeline.py
[2026-09-17T15:29:25.398+0000] {processor.py:925} INFO - DAG(s) 'youtube_pipeline_extraction' retrieved from /opt/airflow/dags/youtube_extract_pipeline.py
[2026-09-17T15:29:25.423+0000] {logging_mixin.py:190} INFO - [2026-09-17T15:29:25.422+0000] {dag.py:3239} INFO - Sync 1 DAGs
[2026-09-17T15:29:25.447+0000] {logging_mixin.py:190} INFO - [2026-09-17T15:29:25.446+0000] {dag.py:4180} INFO - Setting next_dagrun for youtube_pipeline_extraction to 2026-09-17 15:00:00+00:00, run_after=2026-09-17 16:00:00+00:00
[2026-09-17T15:29:25.472+0000] {processor.py:208} INFO - Processing /opt/airflow/dags/youtube_extract_pipeline.py took 0.170 seconds
[2026-09-17T15:29:55.821+0000] {processor.py:186} INFO - Started process (PID=344) to work on /opt/airflow/dags/youtube_extract_pipeline.py
[2026-09-17T15:29:55.823+0000] {processor.py:914} INFO - Processing file /opt/airflow/dags/youtube_extract_pipeline.py for tasks to queue
[2026-09-17T15:29:55.830+0000] {logging_mixin.py:190} INFO - [2026-09-17T15:29:55.829+0000] {dagbag.py:588} INFO - Filling up the DagBag from /opt/airflow/dags/youtube_extract_pipeline.py
[2026-09-17T15:29:55.919+0000] {processor.py:925} INFO - DAG(s) 'youtube_pipeline_extraction' retrieved from /opt/airflow/dags/youtube_extract_pipeline.py
[2026-09-17T15:29:55.971+0000] {logging_mixin.py:190} INFO - [2026-09-17T15:29:55.970+0000] {dag.py:3239} INFO - Sync 1 DAGs
[2026-09-17T15:29:56.061+0000] {logging_mixin.py:190} INFO - [2026-09-17T15:29:56.060+0000] {dag.py:4180} INFO - Setting next_dagrun for youtube_pipeline_extraction to 2026-09-17 15:00:00+00:00, run_after=2026-09-17 16:00:00+00:00
[2026-09-17T15:29:56.097+0000] {processor.py:208} INFO - Processing /opt/airflow/dags/youtube_extract_pipeline.py took 0.284 seconds
[2026-09-17T15:30:26.539+0000] {processor.py:186} INFO - Started process (PID=352) to work on /opt/airflow/dags/youtube_extract_pipeline.py
[2026-09-17T15:30:26.543+0000] {processor.py:914} INFO - Processing file /opt/airflow/dags/youtube_extract_pipeline.py for tasks to queue
[2026-09-17T15:30:26.570+0000] {logging_mixin.py:190} INFO - [2026-09-17T15:30:26.565+0000] {dagbag.py:588} INFO - Filling up the DagBag from /opt/airflow/dags/youtube_extract_pipeline.py
[2026-09-17T15:30:26.755+0000] {processor.py:925} INFO - DAG(s) 'youtube_pipeline_extraction' retrieved from /opt/airflow/dags/youtube_extract_pipeline.py
[2026-09-17T15:30:26.820+0000] {logging_mixin.py:190} INFO - [2026-09-17T15:30:26.820+0000] {dag.py:3239} INFO - Sync 1 DAGs
[2026-09-17T15:30:26.872+0000] {logging_mixin.py:190} INFO - [2026-09-17T15:30:26.871+0000] {dag.py:4180} INFO - Setting next_dagrun for youtube_pipeline_extraction to 2026-09-17 15:00:00+00:00, run_after=2026-09-17 16:00:00+00:00
[2026-09-17T15:30:26.961+0000] {processor.py:208} INFO - Processing /opt/airflow/dags/youtube_extract_pipeline.py took 0.470 seconds
[2026-09-17T15:30:57.276+0000] {processor.py:186} INFO - Started process (PID=360) to work on /opt/airflow/dags/youtube_extract_pipeline.py
[2026-09-17T15:30:57.278+0000] {processor.py:914} INFO - Processing file /opt/airflow/dags/youtube_extract_pipeline.py for tasks to queue
[2026-09-17T15:30:57.282+0000] {logging_mixin.py:190} INFO - [2026-09-17T15:30:57.282+0000] {dagbag.py:588} INFO - Filling up the DagBag from /opt/airflow/dags/youtube_extract_pipeline.py
[2026-09-17T15:30:57.373+0000] {processor.py:925} INFO - DAG(s) 'youtube_pipeline_extraction' retrieved from /opt/airflow/dags/youtube_extract_pipeline.py
[2026-09-17T15:30:57.400+0000] {logging_mixin.py:190} INFO - [2026-09-17T15:30:57.400+0000] {dag.py:3239} INFO - Sync 1 DAGs
[2026-09-17T15:30:57.430+0000] {logging_mixin.py:190} INFO - [2026-09-17T15:30:57.429+0000] {dag.py:4180} INFO - Setting next_dagrun for youtube_pipeline_extraction to 2026-09-17 15:00:00+00:00, run_after=2026-09-17 16:00:00+00:00
[2026-09-17T15:30:57.451+0000] {processor.py:208} INFO - Processing /opt/airflow/dags/youtube_extract_pipeline.py took 0.187 seconds
[2026-09-17T15:31:27.635+0000] {processor.py:186} INFO - Started process (PID=368) to work on /opt/airflow/dags/youtube_extract_pipeline.py
[2026-09-17T15:31:27.638+0000] {processor.py:914} INFO - Processing file /opt/airflow/dags/youtube_extract_pipeline.py for tasks to queue
[2026-09-17T15:31:27.644+0000] {logging_mixin.py:190} INFO - [2026-09-17T15:31:27.644+0000] {dagbag.py:588} INFO - Filling up the DagBag from /opt/airflow/dags/youtube_extract_pipeline.py
[2026-09-17T15:31:27.723+0000] {processor.py:925} INFO - DAG(s) 'youtube_pipeline_extraction' retrieved from /opt/airflow/dags/youtube_extract_pipeline.py
[2026-09-17T15:31:27.745+0000] {logging_mixin.py:190} INFO - [2026-09-17T15:31:27.745+0000] {dag.py:3239} INFO - Sync 1 DAGs
[2026-09-17T15:31:27.769+0000] {logging_mixin.py:190} INFO - [2026-09-17T15:31:27.769+0000] {dag.py:4180} INFO - Setting next_dagrun for youtube_pipeline_extraction to 2026-09-17 15:00:00+00:00, run_after=2026-09-17 16:00:00+00:00
[2026-09-17T15:31:27.790+0000] {processor.py:208} INFO - Processing /opt/airflow/dags/youtube_extract_pipeline.py took 0.163 seconds
[2026-09-17T15:31:58.149+0000] {processor.py:186} INFO - Started process (PID=376) to work on /opt/airflow/dags/youtube_extract_pipeline.py
[2026-09-17T15:31:58.150+0000] {processor.py:914} INFO - Processing file /opt/airflow/dags/youtube_extract_pipeline.py for tasks to queue
[2026-09-17T15:31:58.153+0000] {logging_mixin.py:190} INFO - [2026-09-17T15:31:58.153+0000] {dagbag.py:588} INFO - Filling up the DagBag from /opt/airflow/dags/youtube_extract_pipeline.py
[2026-09-17T15:31:58.263+0000] {processor.py:925} INFO - DAG(s) 'youtube_pipeline_extraction' retrieved from /opt/airflow/dags/youtube_extract_pipeline.py
[2026-09-17T15:31:58.331+0000] {logging_mixin.py:190} INFO - [2026-09-17T15:31:58.330+0000] {dag.py:3239} INFO - Sync 1 DAGs
[2026-09-17T15:31:58.367+0000] {logging_mixin.py:190} INFO - [2026-09-17T15:31:58.366+0000] {dag.py:4180} INFO - Setting next_dagrun for youtube_pipeline_extraction to 2026-09-17 15:00:00+00:00, run_after=2026-09-17 16:00:00+00:00
[2026-09-17T15:31:58.392+0000] {processor.py:208} INFO - Processing /opt/airflow/dags/youtube_extract_pipeline.py took 0.250 seconds
[2026-09-17T15:32:28.523+0000] {processor.py:186} INFO - Started process (PID=384) to work on /opt/airflow/dags/youtube_extract_pipeline.py
[2026-09-17T15:32:28.524+0000] {processor.py:914} INFO - Processing file /opt/airflow/dags/youtube_extract_pipeline.py for tasks to queue
[2026-09-17T15:32:28.528+0000] {logging_mixin.py:190} INFO - [2026-09-17T15:32:28.528+0000] {dagbag.py:588} INFO - Filling up the DagBag from /opt/airflow/dags/youtube_extract_pipeline.py
[2026-09-17T15:32:28.585+0000] {processor.py:925} INFO - DAG(s) 'youtube_pipeline_extraction' retrieved from /opt/airflow/dags/youtube_extract_pipeline.py
[2026-09-17T15:32:28.612+0000] {logging_mixin.py:190} INFO - [2026-09-17T15:32:28.612+0000] {dag.py:3239} INFO - Sync 1 DAGs
[2026-09-17T15:32:28.636+0000] {logging_mixin.py:190} INFO - [2026-09-17T15:32:28.636+0000] {dag.py:4180} INFO - Setting next_dagrun for youtube_pipeline_extraction to 2026-09-17 15:00:00+00:00, run_after=2026-09-17 16:00:00+00:00
[2026-09-17T15:32:28.660+0000] {processor.py:208} INFO - Processing /opt/airflow/dags/youtube_extract_pipeline.py took 0.147 seconds
[2026-09-17T15:32:59.004+0000] {processor.py:186} INFO - Started process (PID=392) to work on /opt/airflow/dags/youtube_extract_pipeline.py
[2026-09-17T15:32:59.005+0000] {processor.py:914} INFO - Processing file /opt/airflow/dags/youtube_extract_pipeline.py for tasks to queue
[2026-09-17T15:32:59.008+0000] {logging_mixin.py:190} INFO - [2026-09-17T15:32:59.008+0000] {dagbag.py:588} INFO - Filling up the DagBag from /opt/airflow/dags/youtube_extract_pipeline.py
[2026-09-17T15:32:59.064+0000] {processor.py:925} INFO - DAG(s) 'youtube_pipeline_extraction' retrieved from /opt/airflow/dags/youtube_extract_pipeline.py
[2026-09-17T15:32:59.087+0000] {logging_mixin.py:190} INFO - [2026-09-17T15:32:59.086+0000] {dag.py:3239} INFO - Sync 1 DAGs
[2026-09-17T15:32:59.110+0000] {logging_mixin.py:190} INFO - [2026-09-17T15:32:59.110+0000] {dag.py:4180} INFO - Setting next_dagrun for youtube_pipeline_extraction to 2026-09-17 15:00:00+00:00, run_after=2026-09-17 16:00:00+00:00
[2026-09-17T15:32:59.130+0000] {processor.py:208} INFO - Processing /opt/airflow/dags/youtube_extract_pipeline.py took 0.132 seconds
[2026-09-17T15:33:29.684+0000] {processor.py:186} INFO - Started process (PID=401) to work on /opt/airflow/dags/youtube_extract_pipeline.py
[2026-09-17T15:33:29.685+0000] {processor.py:914} INFO - Processing file /opt/airflow/dags/youtube_extract_pipeline.py for tasks to queue
[2026-09-17T15:33:29.689+0000] {logging_mixin.py:190} INFO - [2026-09-17T15:33:29.689+0000] {dagbag.py:588} INFO - Filling up the DagBag from /opt/airflow/dags/youtube_extract_pipeline.py
[2026-09-17T15:33:29.912+0000] {processor.py:925} INFO - DAG(s) 'youtube_pipeline_extraction' retrieved from /opt/airflow/dags/youtube_extract_pipeline.py
[2026-09-17T15:33:30.058+0000] {logging_mixin.py:190} INFO - [2026-09-17T15:33:30.058+0000] {dag.py:3239} INFO - Sync 1 DAGs
[2026-09-17T15:33:30.161+0000] {logging_mixin.py:190} INFO - [2026-09-17T15:33:30.161+0000] {dag.py:4180} INFO - Setting next_dagrun for youtube_pipeline_extraction to 2026-09-17 15:00:00+00:00, run_after=2026-09-17 16:00:00+00:00
[2026-09-17T15:33:30.208+0000] {processor.py:208} INFO - Processing /opt/airflow/dags/youtube_extract_pipeline.py took 0.627 seconds
[2026-09-17T15:34:00.436+0000] {processor.py:186} INFO - Started process (PID=409) to work on /opt/airflow/dags/youtube_extract_pipeline.py
[2026-09-17T15:34:00.438+0000] {processor.py:914} INFO - Processing file /opt/airflow/dags/youtube_extract_pipeline.py for tasks to queue
[2026-09-17T15:34:00.442+0000] {logging_mixin.py:190} INFO - [2026-09-17T15:34:00.441+0000] {dagbag.py:588} INFO - Filling up the DagBag from /opt/airflow/dags/youtube_extract_pipeline.py
[2026-09-17T15:34:00.504+0000] {processor.py:925} INFO - DAG(s) 'youtube_pipeline_extraction' retrieved from /opt/airflow/dags/youtube_extract_pipeline.py
[2026-09-17T15:34:00.529+0000] {logging_mixin.py:190} INFO - [2026-09-17T15:34:00.528+0000] {dag.py:3239} INFO - Sync 1 DAGs
[2026-09-17T15:34:00.551+0000] {logging_mixin.py:190} INFO - [2026-09-17T15:34:00.550+0000] {dag.py:4180} INFO - Setting next_dagrun for youtube_pipeline_extraction to 2026-09-17 15:00:00+00:00, run_after=2026-09-17 16:00:00+00:00
[2026-09-17T15:34:00.572+0000] {processor.py:208} INFO - Processing /opt/airflow/dags/youtube_extract_pipeline.py took 0.141 seconds
[2026-09-17T15:34:30.916+0000] {processor.py:186} INFO - Started process (PID=416) to work on /opt/airflow/dags/youtube_extract_pipeline.py
[2026-09-17T15:34:30.917+0000] {processor.py:914} INFO - Processing file /opt/airflow/dags/youtube_extract_pipeline.py for tasks to queue
[2026-09-17T15:34:30.921+0000] {logging_mixin.py:190} INFO - [2026-09-17T15:34:30.920+0000] {dagbag.py:588} INFO - Filling up the DagBag from /opt/airflow/dags/youtube_extract_pipeline.py
[2026-09-17T15:34:30.982+0000] {processor.py:925} INFO - DAG(s) 'youtube_pipeline_extraction' retrieved from /opt/airflow/dags/youtube_extract_pipeline.py
[2026-09-17T15:34:31.023+0000] {logging_mixin.py:190} INFO - [2026-09-17T15:34:31.023+0000] {dag.py:3239} INFO - Sync 1 DAGs
[2026-09-17T15:34:31.053+0000] {logging_mixin.py:190} INFO - [2026-09-17T15:34:31.053+0000] {dag.py:4180} INFO - Setting next_dagrun for youtube_pipeline_extraction to 2026-09-17 15:00:00+00:00, run_after=2026-09-17 16:00:00+00:00
[2026-09-17T15:34:31.076+0000] {processor.py:208} INFO - Processing /opt/airflow/dags/youtube_extract_pipeline.py took 0.166 seconds
[2026-09-17T15:35:01.323+0000] {processor.py:186} INFO - Started process (PID=424) to work on /opt/airflow/dags/youtube_extract_pipeline.py
[2026-09-17T15:35:01.326+0000] {processor.py:914} INFO - Processing file /opt/airflow/dags/youtube_extract_pipeline.py for tasks to queue
[2026-09-17T15:35:01.330+0000] {logging_mixin.py:190} INFO - [2026-09-17T15:35:01.330+0000] {dagbag.py:588} INFO - Filling up the DagBag from /opt/airflow/dags/youtube_extract_pipeline.py
[2026-09-17T15:35:01.392+0000] {processor.py:925} INFO - DAG(s) 'youtube_pipeline_extraction' retrieved from /opt/airflow/dags/youtube_extract_pipeline.py
[2026-09-17T15:35:01.415+0000] {logging_mixin.py:190} INFO - [2026-09-17T15:35:01.415+0000] {dag.py:3239} INFO - Sync 1 DAGs
[2026-09-17T15:35:01.439+0000] {logging_mixin.py:190} INFO - [2026-09-17T15:35:01.439+0000] {dag.py:4180} INFO - Setting next_dagrun for youtube_pipeline_extraction to 2026-09-17 15:00:00+00:00, run_after=2026-09-17 16:00:00+00:00
[2026-09-17T15:35:01.458+0000] {processor.py:208} INFO - Processing /opt/airflow/dags/youtube_extract_pipeline.py took 0.146 seconds
[2026-09-17T15:35:31.756+0000] {processor.py:186} INFO - Started process (PID=432) to work on /opt/airflow/dags/youtube_extract_pipeline.py
[2026-09-17T15:35:31.759+0000] {processor.py:914} INFO - Processing file /opt/airflow/dags/youtube_extract_pipeline.py for tasks to queue
[2026-09-17T15:35:31.763+0000] {logging_mixin.py:190} INFO - [2026-09-17T15:35:31.762+0000] {dagbag.py:588} INFO - Filling up the DagBag from /opt/airflow/dags/youtube_extract_pipeline.py
[2026-09-17T15:35:31.825+0000] {processor.py:925} INFO - DAG(s) 'youtube_pipeline_extraction' retrieved from /opt/airflow/dags/youtube_extract_pipeline.py
[2026-09-17T15:35:31.845+0000] {logging_mixin.py:190} INFO - [2026-09-17T15:35:31.845+0000] {dag.py:3239} INFO - Sync 1 DAGs
[2026-09-17T15:35:31.867+0000] {logging_mixin.py:190} INFO - [2026-09-17T15:35:31.867+0000] {dag.py:4180} INFO - Setting next_dagrun for youtube_pipeline_extraction to 2026-09-17 15:00:00+00:00, run_after=2026-09-17 16:00:00+00:00
[2026-09-17T15:35:31.893+0000] {processor.py:208} INFO - Processing /opt/airflow/dags/youtube_extract_pipeline.py took 0.143 seconds
[2026-09-17T15:36:02.253+0000] {processor.py:186} INFO - Started process (PID=440) to work on /opt/airflow/dags/youtube_extract_pipeline.py
[2026-09-17T15:36:02.255+0000] {processor.py:914} INFO - Processing file /opt/airflow/dags/youtube_extract_pipeline.py for tasks to queue
[2026-09-17T15:36:02.258+0000] {logging_mixin.py:190} INFO - [2026-09-17T15:36:02.258+0000] {dagbag.py:588} INFO - Filling up the DagBag from /opt/airflow/dags/youtube_extract_pipeline.py
[2026-09-17T15:36:02.313+0000] {processor.py:925} INFO - DAG(s) 'youtube_pipeline_extraction' retrieved from /opt/airflow/dags/youtube_extract_pipeline.py
[2026-09-17T15:36:02.334+0000] {logging_mixin.py:190} INFO - [2026-09-17T15:36:02.334+0000] {dag.py:3239} INFO - Sync 1 DAGs
[2026-09-17T15:36:02.355+0000] {logging_mixin.py:190} INFO - [2026-09-17T15:36:02.355+0000] {dag.py:4180} INFO - Setting next_dagrun for youtube_pipeline_extraction to 2026-09-17 15:00:00+00:00, run_after=2026-09-17 16:00:00+00:00
[2026-09-17T15:36:02.376+0000] {processor.py:208} INFO - Processing /opt/airflow/dags/youtube_extract_pipeline.py took 0.129 seconds
[2026-09-17T15:36:32.621+0000] {processor.py:186} INFO - Started process (PID=448) to work on /opt/airflow/dags/youtube_extract_pipeline.py
[2026-09-17T15:36:32.623+0000] {processor.py:914} INFO - Processing file /opt/airflow/dags/youtube_extract_pipeline.py for tasks to queue
[2026-09-17T15:36:32.628+0000] {logging_mixin.py:190} INFO - [2026-09-17T15:36:32.628+0000] {dagbag.py:588} INFO - Filling up the DagBag from /opt/airflow/dags/youtube_extract_pipeline.py
[2026-09-17T15:36:32.708+0000] {processor.py:925} INFO - DAG(s) 'youtube_pipeline_extraction' retrieved from /opt/airflow/dags/youtube_extract_pipeline.py
[2026-09-17T15:36:32.736+0000] {logging_mixin.py:190} INFO - [2026-09-17T15:36:32.736+0000] {dag.py:3239} INFO - Sync 1 DAGs
[2026-09-17T15:36:32.763+0000] {logging_mixin.py:190} INFO - [2026-09-17T15:36:32.762+0000] {dag.py:4180} INFO - Setting next_dagrun for youtube_pipeline_extraction to 2026-09-17 15:00:00+00:00, run_after=2026-09-17 16:00:00+00:00
[2026-09-17T15:36:32.787+0000] {processor.py:208} INFO - Processing /opt/airflow/dags/youtube_extract_pipeline.py took 0.174 seconds
[2026-09-17T15:37:03.047+0000] {processor.py:186} INFO - Started process (PID=456) to work on /opt/airflow/dags/youtube_extract_pipeline.py
[2026-09-17T15:37:03.049+0000] {processor.py:914} INFO - Processing file /opt/airflow/dags/youtube_extract_pipeline.py for tasks to queue
[2026-09-17T15:37:03.052+0000] {logging_mixin.py:190} INFO - [2026-09-17T15:37:03.052+0000] {dagbag.py:588} INFO - Filling up the DagBag from /opt/airflow/dags/youtube_extract_pipeline.py
[2026-09-17T15:37:03.114+0000] {processor.py:925} INFO - DAG(s) 'youtube_pipeline_extraction' retrieved from /opt/airflow/dags/youtube_extract_pipeline.py
[2026-09-17T15:37:03.149+0000] {logging_mixin.py:190} INFO - [2026-09-17T15:37:03.149+0000] {dag.py:3239} INFO - Sync 1 DAGs
[2026-09-17T15:37:03.181+0000] {logging_mixin.py:190} INFO - [2026-09-17T15:37:03.180+0000] {dag.py:4180} INFO - Setting next_dagrun for youtube_pipeline_extraction to 2026-09-17 15:00:00+00:00, run_after=2026-09-17 16:00:00+00:00
[2026-09-17T15:37:03.217+0000] {processor.py:208} INFO - Processing /opt/airflow/dags/youtube_extract_pipeline.py took 0.175 seconds
[2026-09-17T15:37:33.675+0000] {processor.py:186} INFO - Started process (PID=465) to work on /opt/airflow/dags/youtube_extract_pipeline.py
[2026-09-17T15:37:33.677+0000] {processor.py:914} INFO - Processing file /opt/airflow/dags/youtube_extract_pipeline.py for tasks to queue
[2026-09-17T15:37:33.681+0000] {logging_mixin.py:190} INFO - [2026-09-17T15:37:33.680+0000] {dagbag.py:588} INFO - Filling up the DagBag from /opt/airflow/dags/youtube_extract_pipeline.py
[2026-09-17T15:37:33.738+0000] {processor.py:925} INFO - DAG(s) 'youtube_pipeline_extraction' retrieved from /opt/airflow/dags/youtube_extract_pipeline.py
[2026-09-17T15:37:33.760+0000] {logging_mixin.py:190} INFO - [2026-09-17T15:37:33.760+0000] {dag.py:3239} INFO - Sync 1 DAGs
[2026-09-17T15:37:33.781+0000] {logging_mixin.py:190} INFO - [2026-09-17T15:37:33.781+0000] {dag.py:4180} INFO - Setting next_dagrun for youtube_pipeline_extraction to 2026-09-17 15:00:00+00:00, run_after=2026-09-17 16:00:00+00:00
[2026-09-17T15:37:33.801+0000] {processor.py:208} INFO - Processing /opt/airflow/dags/youtube_extract_pipeline.py took 0.132 seconds
[2026-09-17T15:38:04.040+0000] {processor.py:186} INFO - Started process (PID=473) to work on /opt/airflow/dags/youtube_extract_pipeline.py
[2026-09-17T15:38:04.042+0000] {processor.py:914} INFO - Processing file /opt/airflow/dags/youtube_extract_pipeline.py for tasks to queue
[2026-09-17T15:38:04.046+0000] {logging_mixin.py:190} INFO - [2026-09-17T15:38:04.045+0000] {dagbag.py:588} INFO - Filling up the DagBag from /opt/airflow/dags/youtube_extract_pipeline.py
[2026-09-17T15:38:04.112+0000] {processor.py:925} INFO - DAG(s) 'youtube_pipeline_extraction' retrieved from /opt/airflow/dags/youtube_extract_pipeline.py
[2026-09-17T15:38:04.138+0000] {logging_mixin.py:190} INFO - [2026-09-17T15:38:04.138+0000] {dag.py:3239} INFO - Sync 1 DAGs
[2026-09-17T15:38:04.162+0000] {logging_mixin.py:190} INFO - [2026-09-17T15:38:04.162+0000] {dag.py:4180} INFO - Setting next_dagrun for youtube_pipeline_extraction to 2026-09-17 15:00:00+00:00, run_after=2026-09-17 16:00:00+00:00
[2026-09-17T15:38:04.182+0000] {processor.py:208} INFO - Processing /opt/airflow/dags/youtube_extract_pipeline.py took 0.149 seconds
[2026-09-17T15:38:34.761+0000] {processor.py:186} INFO - Started process (PID=481) to work on /opt/airflow/dags/youtube_extract_pipeline.py
[2026-09-17T15:38:34.765+0000] {processor.py:914} INFO - Processing file /opt/airflow/dags/youtube_extract_pipeline.py for tasks to queue
[2026-09-17T15:38:34.774+0000] {logging_mixin.py:190} INFO - [2026-09-17T15:38:34.773+0000] {dagbag.py:588} INFO - Filling up the DagBag from /opt/airflow/dags/youtube_extract_pipeline.py
[2026-09-17T15:38:34.908+0000] {processor.py:925} INFO - DAG(s) 'youtube_pipeline_extraction' retrieved from /opt/airflow/dags/youtube_extract_pipeline.py
[2026-09-17T15:38:34.958+0000] {logging_mixin.py:190} INFO - [2026-09-17T15:38:34.957+0000] {dag.py:3239} INFO - Sync 1 DAGs
[2026-09-17T15:38:35.020+0000] {logging_mixin.py:190} INFO - [2026-09-17T15:38:35.020+0000] {dag.py:4180} INFO - Setting next_dagrun for youtube_pipeline_extraction to 2026-09-17 15:00:00+00:00, run_after=2026-09-17 16:00:00+00:00
[2026-09-17T15:38:35.066+0000] {processor.py:208} INFO - Processing /opt/airflow/dags/youtube_extract_pipeline.py took 0.318 seconds
[2026-09-17T15:39:05.526+0000] {processor.py:186} INFO - Started process (PID=489) to work on /opt/airflow/dags/youtube_extract_pipeline.py
[2026-09-17T15:39:05.529+0000] {processor.py:914} INFO - Processing file /opt/airflow/dags/youtube_extract_pipeline.py for tasks to queue
[2026-09-17T15:39:05.533+0000] {logging_mixin.py:190} INFO - [2026-09-17T15:39:05.533+0000] {dagbag.py:588} INFO - Filling up the DagBag from /opt/airflow/dags/youtube_extract_pipeline.py
[2026-09-17T15:39:05.598+0000] {processor.py:925} INFO - DAG(s) 'youtube_pipeline_extraction' retrieved from /opt/airflow/dags/youtube_extract_pipeline.py
[2026-09-17T15:39:05.678+0000] {logging_mixin.py:190} INFO - [2026-09-17T15:39:05.678+0000] {dag.py:3239} INFO - Sync 1 DAGs
[2026-09-17T15:39:05.714+0000] {logging_mixin.py:190} INFO - [2026-09-17T15:39:05.713+0000] {dag.py:4180} INFO - Setting next_dagrun for youtube_pipeline_extraction to 2026-09-17 15:00:00+00:00, run_after=2026-09-17 16:00:00+00:00
[2026-09-17T15:39:05.747+0000] {processor.py:208} INFO - Processing /opt/airflow/dags/youtube_extract_pipeline.py took 0.257 seconds
[2026-09-17T15:39:36.134+0000] {processor.py:186} INFO - Started process (PID=502) to work on /opt/airflow/dags/youtube_extract_pipeline.py
[2026-09-17T15:39:36.136+0000] {processor.py:914} INFO - Processing file /opt/airflow/dags/youtube_extract_pipeline.py for tasks to queue
[2026-09-17T15:39:36.140+0000] {logging_mixin.py:190} INFO - [2026-09-17T15:39:36.140+0000] {dagbag.py:588} INFO - Filling up the DagBag from /opt/airflow/dags/youtube_extract_pipeline.py
[2026-09-17T15:39:36.232+0000] {processor.py:925} INFO - DAG(s) 'youtube_pipeline_extraction' retrieved from /opt/airflow/dags/youtube_extract_pipeline.py
[2026-09-17T15:39:36.266+0000] {logging_mixin.py:190} INFO - [2026-09-17T15:39:36.265+0000] {dag.py:3239} INFO - Sync 1 DAGs
[2026-09-17T15:39:36.310+0000] {logging_mixin.py:190} INFO - [2026-09-17T15:39:36.310+0000] {dag.py:4180} INFO - Setting next_dagrun for youtube_pipeline_extraction to 2026-09-17 15:00:00+00:00, run_after=2026-09-17 16:00:00+00:00
[2026-09-17T15:39:36.343+0000] {processor.py:208} INFO - Processing /opt/airflow/dags/youtube_extract_pipeline.py took 0.216 seconds
