[2026-09-16T08:44:42.442+0000] {processor.py:186} INFO - Started process (PID=63) to work on /opt/airflow/dags/youtube_pipeline.py
[2026-09-16T08:44:42.455+0000] {processor.py:914} INFO - Processing file /opt/airflow/dags/youtube_pipeline.py for tasks to queue
[2026-09-16T08:44:42.476+0000] {logging_mixin.py:190} INFO - [2026-09-16T08:44:42.472+0000] {dagbag.py:588} INFO - Filling up the DagBag from /opt/airflow/dags/youtube_pipeline.py
[2026-09-16T08:44:42.563+0000] {logging_mixin.py:190} INFO - [2026-09-16T08:44:42.547+0000] {dagbag.py:387} ERROR - Failed to import: /opt/airflow/dags/youtube_pipeline.py
Traceback (most recent call last):
  File "/home/airflow/.local/lib/python3.10/site-packages/airflow/models/dagbag.py", line 383, in parse
    loader.exec_module(new_module)
  File "<frozen importlib._bootstrap_external>", line 883, in exec_module
  File "<frozen importlib._bootstrap>", line 241, in _call_with_frames_removed
  File "/opt/airflow/dags/youtube_pipeline.py", line 4, in <module>
    from airflow.providers.standard.operators.python import PythonOperator
ModuleNotFoundError: No module named 'airflow.providers.standard'
[2026-09-16T08:44:42.569+0000] {processor.py:927} WARNING - No viable dags retrieved from /opt/airflow/dags/youtube_pipeline.py
[2026-09-16T08:44:42.703+0000] {processor.py:208} INFO - Processing /opt/airflow/dags/youtube_pipeline.py took 0.326 seconds
[2026-09-16T08:45:13.637+0000] {processor.py:186} INFO - Started process (PID=70) to work on /opt/airflow/dags/youtube_pipeline.py
[2026-09-16T08:45:13.667+0000] {processor.py:914} INFO - Processing file /opt/airflow/dags/youtube_pipeline.py for tasks to queue
[2026-09-16T08:45:13.828+0000] {logging_mixin.py:190} INFO - [2026-09-16T08:45:13.811+0000] {dagbag.py:588} INFO - Filling up the DagBag from /opt/airflow/dags/youtube_pipeline.py
[2026-09-16T08:45:14.059+0000] {logging_mixin.py:190} INFO - [2026-09-16T08:45:14.040+0000] {dagbag.py:387} ERROR - Failed to import: /opt/airflow/dags/youtube_pipeline.py
Traceback (most recent call last):
  File "/home/airflow/.local/lib/python3.10/site-packages/airflow/models/dagbag.py", line 383, in parse
    loader.exec_module(new_module)
  File "<frozen importlib._bootstrap_external>", line 883, in exec_module
  File "<frozen importlib._bootstrap>", line 241, in _call_with_frames_removed
  File "/opt/airflow/dags/youtube_pipeline.py", line 4, in <module>
    from airflow.providers.standard.operators.python import PythonOperator
ModuleNotFoundError: No module named 'airflow.providers.standard'
[2026-09-16T08:45:14.066+0000] {processor.py:927} WARNING - No viable dags retrieved from /opt/airflow/dags/youtube_pipeline.py
[2026-09-16T08:45:15.227+0000] {processor.py:208} INFO - Processing /opt/airflow/dags/youtube_pipeline.py took 1.809 seconds
[2026-09-16T08:45:46.264+0000] {processor.py:186} INFO - Started process (PID=77) to work on /opt/airflow/dags/youtube_pipeline.py
[2026-09-16T08:45:46.269+0000] {processor.py:914} INFO - Processing file /opt/airflow/dags/youtube_pipeline.py for tasks to queue
[2026-09-16T08:45:46.288+0000] {logging_mixin.py:190} INFO - [2026-09-16T08:45:46.288+0000] {dagbag.py:588} INFO - Filling up the DagBag from /opt/airflow/dags/youtube_pipeline.py
[2026-09-16T08:45:46.324+0000] {logging_mixin.py:190} INFO - [2026-09-16T08:45:46.319+0000] {dagbag.py:387} ERROR - Failed to import: /opt/airflow/dags/youtube_pipeline.py
Traceback (most recent call last):
  File "/home/airflow/.local/lib/python3.10/site-packages/airflow/models/dagbag.py", line 383, in parse
    loader.exec_module(new_module)
  File "<frozen importlib._bootstrap_external>", line 883, in exec_module
  File "<frozen importlib._bootstrap>", line 241, in _call_with_frames_removed
  File "/opt/airflow/dags/youtube_pipeline.py", line 4, in <module>
    from airflow.providers.standard.operators.python import PythonOperator
ModuleNotFoundError: No module named 'airflow.providers.standard'
[2026-09-16T08:45:46.329+0000] {processor.py:927} WARNING - No viable dags retrieved from /opt/airflow/dags/youtube_pipeline.py
[2026-09-16T08:45:46.376+0000] {processor.py:208} INFO - Processing /opt/airflow/dags/youtube_pipeline.py took 0.122 seconds
[2026-09-16T08:46:16.533+0000] {processor.py:186} INFO - Started process (PID=84) to work on /opt/airflow/dags/youtube_pipeline.py
[2026-09-16T08:46:16.536+0000] {processor.py:914} INFO - Processing file /opt/airflow/dags/youtube_pipeline.py for tasks to queue
[2026-09-16T08:46:16.553+0000] {logging_mixin.py:190} INFO - [2026-09-16T08:46:16.552+0000] {dagbag.py:588} INFO - Filling up the DagBag from /opt/airflow/dags/youtube_pipeline.py
[2026-09-16T08:46:16.579+0000] {logging_mixin.py:190} INFO - [2026-09-16T08:46:16.574+0000] {dagbag.py:387} ERROR - Failed to import: /opt/airflow/dags/youtube_pipeline.py
Traceback (most recent call last):
  File "/home/airflow/.local/lib/python3.10/site-packages/airflow/models/dagbag.py", line 383, in parse
    loader.exec_module(new_module)
  File "<frozen importlib._bootstrap_external>", line 883, in exec_module
  File "<frozen importlib._bootstrap>", line 241, in _call_with_frames_removed
  File "/opt/airflow/dags/youtube_pipeline.py", line 4, in <module>
    from airflow.providers.standard.operators.python import PythonOperator
ModuleNotFoundError: No module named 'airflow.providers.standard'
[2026-09-16T08:46:16.581+0000] {processor.py:927} WARNING - No viable dags retrieved from /opt/airflow/dags/youtube_pipeline.py
[2026-09-16T08:46:16.610+0000] {processor.py:208} INFO - Processing /opt/airflow/dags/youtube_pipeline.py took 0.083 seconds
[2026-09-16T08:46:46.780+0000] {processor.py:186} INFO - Started process (PID=91) to work on /opt/airflow/dags/youtube_pipeline.py
[2026-09-16T08:46:46.783+0000] {processor.py:914} INFO - Processing file /opt/airflow/dags/youtube_pipeline.py for tasks to queue
[2026-09-16T08:46:46.789+0000] {logging_mixin.py:190} INFO - [2026-09-16T08:46:46.788+0000] {dagbag.py:588} INFO - Filling up the DagBag from /opt/airflow/dags/youtube_pipeline.py
[2026-09-16T08:46:46.814+0000] {logging_mixin.py:190} INFO - [2026-09-16T08:46:46.809+0000] {dagbag.py:387} ERROR - Failed to import: /opt/airflow/dags/youtube_pipeline.py
Traceback (most recent call last):
  File "/home/airflow/.local/lib/python3.10/site-packages/airflow/models/dagbag.py", line 383, in parse
    loader.exec_module(new_module)
  File "<frozen importlib._bootstrap_external>", line 883, in exec_module
  File "<frozen importlib._bootstrap>", line 241, in _call_with_frames_removed
  File "/opt/airflow/dags/youtube_pipeline.py", line 4, in <module>
    from airflow.providers.standard.operators.python import PythonOperator
ModuleNotFoundError: No module named 'airflow.providers.standard'
[2026-09-16T08:46:46.816+0000] {processor.py:927} WARNING - No viable dags retrieved from /opt/airflow/dags/youtube_pipeline.py
[2026-09-16T08:46:46.838+0000] {processor.py:208} INFO - Processing /opt/airflow/dags/youtube_pipeline.py took 0.063 seconds
[2026-09-16T08:47:17.093+0000] {processor.py:186} INFO - Started process (PID=98) to work on /opt/airflow/dags/youtube_pipeline.py
[2026-09-16T08:47:17.095+0000] {processor.py:914} INFO - Processing file /opt/airflow/dags/youtube_pipeline.py for tasks to queue
[2026-09-16T08:47:17.100+0000] {logging_mixin.py:190} INFO - [2026-09-16T08:47:17.100+0000] {dagbag.py:588} INFO - Filling up the DagBag from /opt/airflow/dags/youtube_pipeline.py
[2026-09-16T08:47:17.127+0000] {logging_mixin.py:190} INFO - [2026-09-16T08:47:17.122+0000] {dagbag.py:387} ERROR - Failed to import: /opt/airflow/dags/youtube_pipeline.py
Traceback (most recent call last):
  File "/home/airflow/.local/lib/python3.10/site-packages/airflow/models/dagbag.py", line 383, in parse
    loader.exec_module(new_module)
  File "<frozen importlib._bootstrap_external>", line 883, in exec_module
  File "<frozen importlib._bootstrap>", line 241, in _call_with_frames_removed
  File "/opt/airflow/dags/youtube_pipeline.py", line 4, in <module>
    from airflow.providers.standard.operators.python import PythonOperator
ModuleNotFoundError: No module named 'airflow.providers.standard'
[2026-09-16T08:47:17.129+0000] {processor.py:927} WARNING - No viable dags retrieved from /opt/airflow/dags/youtube_pipeline.py
[2026-09-16T08:47:17.152+0000] {processor.py:208} INFO - Processing /opt/airflow/dags/youtube_pipeline.py took 0.064 seconds
[2026-09-16T08:47:47.343+0000] {processor.py:186} INFO - Started process (PID=105) to work on /opt/airflow/dags/youtube_pipeline.py
[2026-09-16T08:47:47.351+0000] {processor.py:914} INFO - Processing file /opt/airflow/dags/youtube_pipeline.py for tasks to queue
[2026-09-16T08:47:47.359+0000] {logging_mixin.py:190} INFO - [2026-09-16T08:47:47.359+0000] {dagbag.py:588} INFO - Filling up the DagBag from /opt/airflow/dags/youtube_pipeline.py
[2026-09-16T08:47:47.385+0000] {logging_mixin.py:190} INFO - [2026-09-16T08:47:47.381+0000] {dagbag.py:387} ERROR - Failed to import: /opt/airflow/dags/youtube_pipeline.py
Traceback (most recent call last):
  File "/home/airflow/.local/lib/python3.10/site-packages/airflow/models/dagbag.py", line 383, in parse
    loader.exec_module(new_module)
  File "<frozen importlib._bootstrap_external>", line 883, in exec_module
  File "<frozen importlib._bootstrap>", line 241, in _call_with_frames_removed
  File "/opt/airflow/dags/youtube_pipeline.py", line 4, in <module>
    from airflow.providers.standard.operators.python import PythonOperator
ModuleNotFoundError: No module named 'airflow.providers.standard'
[2026-09-16T08:47:47.387+0000] {processor.py:927} WARNING - No viable dags retrieved from /opt/airflow/dags/youtube_pipeline.py
[2026-09-16T08:47:47.407+0000] {processor.py:208} INFO - Processing /opt/airflow/dags/youtube_pipeline.py took 0.069 seconds
[2026-09-16T08:48:17.638+0000] {processor.py:186} INFO - Started process (PID=112) to work on /opt/airflow/dags/youtube_pipeline.py
[2026-09-16T08:48:17.640+0000] {processor.py:914} INFO - Processing file /opt/airflow/dags/youtube_pipeline.py for tasks to queue
[2026-09-16T08:48:17.645+0000] {logging_mixin.py:190} INFO - [2026-09-16T08:48:17.645+0000] {dagbag.py:588} INFO - Filling up the DagBag from /opt/airflow/dags/youtube_pipeline.py
[2026-09-16T08:48:17.668+0000] {logging_mixin.py:190} INFO - [2026-09-16T08:48:17.664+0000] {dagbag.py:387} ERROR - Failed to import: /opt/airflow/dags/youtube_pipeline.py
Traceback (most recent call last):
  File "/home/airflow/.local/lib/python3.10/site-packages/airflow/models/dagbag.py", line 383, in parse
    loader.exec_module(new_module)
  File "<frozen importlib._bootstrap_external>", line 883, in exec_module
  File "<frozen importlib._bootstrap>", line 241, in _call_with_frames_removed
  File "/opt/airflow/dags/youtube_pipeline.py", line 4, in <module>
    from airflow.providers.standard.operators.python import PythonOperator
ModuleNotFoundError: No module named 'airflow.providers.standard'
[2026-09-16T08:48:17.670+0000] {processor.py:927} WARNING - No viable dags retrieved from /opt/airflow/dags/youtube_pipeline.py
[2026-09-16T08:48:17.690+0000] {processor.py:208} INFO - Processing /opt/airflow/dags/youtube_pipeline.py took 0.057 seconds
[2026-09-16T08:48:47.896+0000] {processor.py:186} INFO - Started process (PID=119) to work on /opt/airflow/dags/youtube_pipeline.py
[2026-09-16T08:48:47.898+0000] {processor.py:914} INFO - Processing file /opt/airflow/dags/youtube_pipeline.py for tasks to queue
[2026-09-16T08:48:47.903+0000] {logging_mixin.py:190} INFO - [2026-09-16T08:48:47.903+0000] {dagbag.py:588} INFO - Filling up the DagBag from /opt/airflow/dags/youtube_pipeline.py
[2026-09-16T08:48:47.926+0000] {logging_mixin.py:190} INFO - [2026-09-16T08:48:47.922+0000] {dagbag.py:387} ERROR - Failed to import: /opt/airflow/dags/youtube_pipeline.py
Traceback (most recent call last):
  File "/home/airflow/.local/lib/python3.10/site-packages/airflow/models/dagbag.py", line 383, in parse
    loader.exec_module(new_module)
  File "<frozen importlib._bootstrap_external>", line 883, in exec_module
  File "<frozen importlib._bootstrap>", line 241, in _call_with_frames_removed
  File "/opt/airflow/dags/youtube_pipeline.py", line 4, in <module>
    from airflow.providers.standard.operators.python import PythonOperator
ModuleNotFoundError: No module named 'airflow.providers.standard'
[2026-09-16T08:48:47.928+0000] {processor.py:927} WARNING - No viable dags retrieved from /opt/airflow/dags/youtube_pipeline.py
[2026-09-16T08:48:47.948+0000] {processor.py:208} INFO - Processing /opt/airflow/dags/youtube_pipeline.py took 0.061 seconds
[2026-09-16T08:49:18.170+0000] {processor.py:186} INFO - Started process (PID=126) to work on /opt/airflow/dags/youtube_pipeline.py
[2026-09-16T08:49:18.172+0000] {processor.py:914} INFO - Processing file /opt/airflow/dags/youtube_pipeline.py for tasks to queue
[2026-09-16T08:49:18.178+0000] {logging_mixin.py:190} INFO - [2026-09-16T08:49:18.178+0000] {dagbag.py:588} INFO - Filling up the DagBag from /opt/airflow/dags/youtube_pipeline.py
[2026-09-16T08:49:18.198+0000] {logging_mixin.py:190} INFO - [2026-09-16T08:49:18.195+0000] {dagbag.py:387} ERROR - Failed to import: /opt/airflow/dags/youtube_pipeline.py
Traceback (most recent call last):
  File "/home/airflow/.local/lib/python3.10/site-packages/airflow/models/dagbag.py", line 383, in parse
    loader.exec_module(new_module)
  File "<frozen importlib._bootstrap_external>", line 883, in exec_module
  File "<frozen importlib._bootstrap>", line 241, in _call_with_frames_removed
  File "/opt/airflow/dags/youtube_pipeline.py", line 4, in <module>
    from airflow.providers.standard.operators.python import PythonOperator
ModuleNotFoundError: No module named 'airflow.providers.standard'
[2026-09-16T08:49:18.201+0000] {processor.py:927} WARNING - No viable dags retrieved from /opt/airflow/dags/youtube_pipeline.py
[2026-09-16T08:49:18.219+0000] {processor.py:208} INFO - Processing /opt/airflow/dags/youtube_pipeline.py took 0.054 seconds
[2026-09-16T08:49:48.493+0000] {processor.py:186} INFO - Started process (PID=133) to work on /opt/airflow/dags/youtube_pipeline.py
[2026-09-16T08:49:48.495+0000] {processor.py:914} INFO - Processing file /opt/airflow/dags/youtube_pipeline.py for tasks to queue
[2026-09-16T08:49:48.500+0000] {logging_mixin.py:190} INFO - [2026-09-16T08:49:48.500+0000] {dagbag.py:588} INFO - Filling up the DagBag from /opt/airflow/dags/youtube_pipeline.py
[2026-09-16T08:49:48.525+0000] {logging_mixin.py:190} INFO - [2026-09-16T08:49:48.521+0000] {dagbag.py:387} ERROR - Failed to import: /opt/airflow/dags/youtube_pipeline.py
Traceback (most recent call last):
  File "/home/airflow/.local/lib/python3.10/site-packages/airflow/models/dagbag.py", line 383, in parse
    loader.exec_module(new_module)
  File "<frozen importlib._bootstrap_external>", line 883, in exec_module
  File "<frozen importlib._bootstrap>", line 241, in _call_with_frames_removed
  File "/opt/airflow/dags/youtube_pipeline.py", line 4, in <module>
    from airflow.providers.standard.operators.python import PythonOperator
ModuleNotFoundError: No module named 'airflow.providers.standard'
[2026-09-16T08:49:48.527+0000] {processor.py:927} WARNING - No viable dags retrieved from /opt/airflow/dags/youtube_pipeline.py
[2026-09-16T08:49:48.543+0000] {processor.py:208} INFO - Processing /opt/airflow/dags/youtube_pipeline.py took 0.055 seconds
[2026-09-16T08:50:18.758+0000] {processor.py:186} INFO - Started process (PID=140) to work on /opt/airflow/dags/youtube_pipeline.py
[2026-09-16T08:50:18.761+0000] {processor.py:914} INFO - Processing file /opt/airflow/dags/youtube_pipeline.py for tasks to queue
[2026-09-16T08:50:18.766+0000] {logging_mixin.py:190} INFO - [2026-09-16T08:50:18.765+0000] {dagbag.py:588} INFO - Filling up the DagBag from /opt/airflow/dags/youtube_pipeline.py
[2026-09-16T08:50:18.789+0000] {logging_mixin.py:190} INFO - [2026-09-16T08:50:18.784+0000] {dagbag.py:387} ERROR - Failed to import: /opt/airflow/dags/youtube_pipeline.py
Traceback (most recent call last):
  File "/home/airflow/.local/lib/python3.10/site-packages/airflow/models/dagbag.py", line 383, in parse
    loader.exec_module(new_module)
  File "<frozen importlib._bootstrap_external>", line 883, in exec_module
  File "<frozen importlib._bootstrap>", line 241, in _call_with_frames_removed
  File "/opt/airflow/dags/youtube_pipeline.py", line 4, in <module>
    from airflow.providers.standard.operators.python import PythonOperator
ModuleNotFoundError: No module named 'airflow.providers.standard'
[2026-09-16T08:50:18.791+0000] {processor.py:927} WARNING - No viable dags retrieved from /opt/airflow/dags/youtube_pipeline.py
[2026-09-16T08:50:18.810+0000] {processor.py:208} INFO - Processing /opt/airflow/dags/youtube_pipeline.py took 0.058 seconds
[2026-09-16T08:50:49.040+0000] {processor.py:186} INFO - Started process (PID=147) to work on /opt/airflow/dags/youtube_pipeline.py
[2026-09-16T08:50:49.042+0000] {processor.py:914} INFO - Processing file /opt/airflow/dags/youtube_pipeline.py for tasks to queue
[2026-09-16T08:50:49.045+0000] {logging_mixin.py:190} INFO - [2026-09-16T08:50:49.045+0000] {dagbag.py:588} INFO - Filling up the DagBag from /opt/airflow/dags/youtube_pipeline.py
[2026-09-16T08:50:49.073+0000] {logging_mixin.py:190} INFO - [2026-09-16T08:50:49.068+0000] {dagbag.py:387} ERROR - Failed to import: /opt/airflow/dags/youtube_pipeline.py
Traceback (most recent call last):
  File "/home/airflow/.local/lib/python3.10/site-packages/airflow/models/dagbag.py", line 383, in parse
    loader.exec_module(new_module)
  File "<frozen importlib._bootstrap_external>", line 883, in exec_module
  File "<frozen importlib._bootstrap>", line 241, in _call_with_frames_removed
  File "/opt/airflow/dags/youtube_pipeline.py", line 4, in <module>
    from airflow.providers.standard.operators.python import PythonOperator
ModuleNotFoundError: No module named 'airflow.providers.standard'
[2026-09-16T08:50:49.076+0000] {processor.py:927} WARNING - No viable dags retrieved from /opt/airflow/dags/youtube_pipeline.py
[2026-09-16T08:50:49.099+0000] {processor.py:208} INFO - Processing /opt/airflow/dags/youtube_pipeline.py took 0.064 seconds
[2026-09-16T08:51:19.285+0000] {processor.py:186} INFO - Started process (PID=154) to work on /opt/airflow/dags/youtube_pipeline.py
[2026-09-16T08:51:19.287+0000] {processor.py:914} INFO - Processing file /opt/airflow/dags/youtube_pipeline.py for tasks to queue
[2026-09-16T08:51:19.293+0000] {logging_mixin.py:190} INFO - [2026-09-16T08:51:19.293+0000] {dagbag.py:588} INFO - Filling up the DagBag from /opt/airflow/dags/youtube_pipeline.py
[2026-09-16T08:51:19.320+0000] {logging_mixin.py:190} INFO - [2026-09-16T08:51:19.313+0000] {dagbag.py:387} ERROR - Failed to import: /opt/airflow/dags/youtube_pipeline.py
Traceback (most recent call last):
  File "/home/airflow/.local/lib/python3.10/site-packages/airflow/models/dagbag.py", line 383, in parse
    loader.exec_module(new_module)
  File "<frozen importlib._bootstrap_external>", line 883, in exec_module
  File "<frozen importlib._bootstrap>", line 241, in _call_with_frames_removed
  File "/opt/airflow/dags/youtube_pipeline.py", line 4, in <module>
    from airflow.providers.standard.operators.python import PythonOperator
ModuleNotFoundError: No module named 'airflow.providers.standard'
[2026-09-16T08:51:19.323+0000] {processor.py:927} WARNING - No viable dags retrieved from /opt/airflow/dags/youtube_pipeline.py
[2026-09-16T08:51:19.348+0000] {processor.py:208} INFO - Processing /opt/airflow/dags/youtube_pipeline.py took 0.069 seconds
[2026-09-16T08:51:49.594+0000] {processor.py:186} INFO - Started process (PID=161) to work on /opt/airflow/dags/youtube_pipeline.py
[2026-09-16T08:51:49.596+0000] {processor.py:914} INFO - Processing file /opt/airflow/dags/youtube_pipeline.py for tasks to queue
[2026-09-16T08:51:49.615+0000] {logging_mixin.py:190} INFO - [2026-09-16T08:51:49.615+0000] {dagbag.py:588} INFO - Filling up the DagBag from /opt/airflow/dags/youtube_pipeline.py
[2026-09-16T08:51:49.644+0000] {logging_mixin.py:190} INFO - [2026-09-16T08:51:49.640+0000] {dagbag.py:387} ERROR - Failed to import: /opt/airflow/dags/youtube_pipeline.py
Traceback (most recent call last):
  File "/home/airflow/.local/lib/python3.10/site-packages/airflow/models/dagbag.py", line 383, in parse
    loader.exec_module(new_module)
  File "<frozen importlib._bootstrap_external>", line 883, in exec_module
  File "<frozen importlib._bootstrap>", line 241, in _call_with_frames_removed
  File "/opt/airflow/dags/youtube_pipeline.py", line 4, in <module>
    from airflow.providers.standard.operators.python import PythonOperator
ModuleNotFoundError: No module named 'airflow.providers.standard'
[2026-09-16T08:51:49.646+0000] {processor.py:927} WARNING - No viable dags retrieved from /opt/airflow/dags/youtube_pipeline.py
[2026-09-16T08:51:49.665+0000] {processor.py:208} INFO - Processing /opt/airflow/dags/youtube_pipeline.py took 0.077 seconds
[2026-09-16T08:52:19.850+0000] {processor.py:186} INFO - Started process (PID=168) to work on /opt/airflow/dags/youtube_pipeline.py
[2026-09-16T08:52:19.863+0000] {processor.py:914} INFO - Processing file /opt/airflow/dags/youtube_pipeline.py for tasks to queue
[2026-09-16T08:52:19.869+0000] {logging_mixin.py:190} INFO - [2026-09-16T08:52:19.868+0000] {dagbag.py:588} INFO - Filling up the DagBag from /opt/airflow/dags/youtube_pipeline.py
[2026-09-16T08:52:19.891+0000] {logging_mixin.py:190} INFO - [2026-09-16T08:52:19.888+0000] {dagbag.py:387} ERROR - Failed to import: /opt/airflow/dags/youtube_pipeline.py
Traceback (most recent call last):
  File "/home/airflow/.local/lib/python3.10/site-packages/airflow/models/dagbag.py", line 383, in parse
    loader.exec_module(new_module)
  File "<frozen importlib._bootstrap_external>", line 883, in exec_module
  File "<frozen importlib._bootstrap>", line 241, in _call_with_frames_removed
  File "/opt/airflow/dags/youtube_pipeline.py", line 4, in <module>
    from airflow.providers.standard.operators.python import PythonOperator
ModuleNotFoundError: No module named 'airflow.providers.standard'
[2026-09-16T08:52:19.893+0000] {processor.py:927} WARNING - No viable dags retrieved from /opt/airflow/dags/youtube_pipeline.py
[2026-09-16T08:52:19.909+0000] {processor.py:208} INFO - Processing /opt/airflow/dags/youtube_pipeline.py took 0.064 seconds
[2026-09-16T08:52:50.187+0000] {processor.py:186} INFO - Started process (PID=175) to work on /opt/airflow/dags/youtube_pipeline.py
[2026-09-16T08:52:50.203+0000] {processor.py:914} INFO - Processing file /opt/airflow/dags/youtube_pipeline.py for tasks to queue
[2026-09-16T08:52:50.207+0000] {logging_mixin.py:190} INFO - [2026-09-16T08:52:50.206+0000] {dagbag.py:588} INFO - Filling up the DagBag from /opt/airflow/dags/youtube_pipeline.py
[2026-09-16T08:52:50.234+0000] {logging_mixin.py:190} INFO - [2026-09-16T08:52:50.228+0000] {dagbag.py:387} ERROR - Failed to import: /opt/airflow/dags/youtube_pipeline.py
Traceback (most recent call last):
  File "/home/airflow/.local/lib/python3.10/site-packages/airflow/models/dagbag.py", line 383, in parse
    loader.exec_module(new_module)
  File "<frozen importlib._bootstrap_external>", line 883, in exec_module
  File "<frozen importlib._bootstrap>", line 241, in _call_with_frames_removed
  File "/opt/airflow/dags/youtube_pipeline.py", line 4, in <module>
    from airflow.providers.standard.operators.python import PythonOperator
ModuleNotFoundError: No module named 'airflow.providers.standard'
[2026-09-16T08:52:50.236+0000] {processor.py:927} WARNING - No viable dags retrieved from /opt/airflow/dags/youtube_pipeline.py
[2026-09-16T08:52:50.261+0000] {processor.py:208} INFO - Processing /opt/airflow/dags/youtube_pipeline.py took 0.080 seconds
[2026-09-16T08:53:20.455+0000] {processor.py:186} INFO - Started process (PID=182) to work on /opt/airflow/dags/youtube_pipeline.py
[2026-09-16T08:53:20.457+0000] {processor.py:914} INFO - Processing file /opt/airflow/dags/youtube_pipeline.py for tasks to queue
[2026-09-16T08:53:20.462+0000] {logging_mixin.py:190} INFO - [2026-09-16T08:53:20.461+0000] {dagbag.py:588} INFO - Filling up the DagBag from /opt/airflow/dags/youtube_pipeline.py
[2026-09-16T08:53:20.487+0000] {logging_mixin.py:190} INFO - [2026-09-16T08:53:20.481+0000] {dagbag.py:387} ERROR - Failed to import: /opt/airflow/dags/youtube_pipeline.py
Traceback (most recent call last):
  File "/home/airflow/.local/lib/python3.10/site-packages/airflow/models/dagbag.py", line 383, in parse
    loader.exec_module(new_module)
  File "<frozen importlib._bootstrap_external>", line 883, in exec_module
  File "<frozen importlib._bootstrap>", line 241, in _call_with_frames_removed
  File "/opt/airflow/dags/youtube_pipeline.py", line 4, in <module>
    from airflow.providers.standard.operators.python import PythonOperator
ModuleNotFoundError: No module named 'airflow.providers.standard'
[2026-09-16T08:53:20.489+0000] {processor.py:927} WARNING - No viable dags retrieved from /opt/airflow/dags/youtube_pipeline.py
[2026-09-16T08:53:20.518+0000] {processor.py:208} INFO - Processing /opt/airflow/dags/youtube_pipeline.py took 0.069 seconds
[2026-09-16T08:53:50.788+0000] {processor.py:186} INFO - Started process (PID=189) to work on /opt/airflow/dags/youtube_pipeline.py
[2026-09-16T08:53:50.790+0000] {processor.py:914} INFO - Processing file /opt/airflow/dags/youtube_pipeline.py for tasks to queue
[2026-09-16T08:53:50.795+0000] {logging_mixin.py:190} INFO - [2026-09-16T08:53:50.794+0000] {dagbag.py:588} INFO - Filling up the DagBag from /opt/airflow/dags/youtube_pipeline.py
[2026-09-16T08:53:50.817+0000] {logging_mixin.py:190} INFO - [2026-09-16T08:53:50.811+0000] {dagbag.py:387} ERROR - Failed to import: /opt/airflow/dags/youtube_pipeline.py
Traceback (most recent call last):
  File "/home/airflow/.local/lib/python3.10/site-packages/airflow/models/dagbag.py", line 383, in parse
    loader.exec_module(new_module)
  File "<frozen importlib._bootstrap_external>", line 883, in exec_module
  File "<frozen importlib._bootstrap>", line 241, in _call_with_frames_removed
  File "/opt/airflow/dags/youtube_pipeline.py", line 4, in <module>
    from airflow.providers.standard.operators.python import PythonOperator
ModuleNotFoundError: No module named 'airflow.providers.standard'
[2026-09-16T08:53:50.820+0000] {processor.py:927} WARNING - No viable dags retrieved from /opt/airflow/dags/youtube_pipeline.py
[2026-09-16T08:53:50.840+0000] {processor.py:208} INFO - Processing /opt/airflow/dags/youtube_pipeline.py took 0.057 seconds
[2026-09-16T08:54:21.067+0000] {processor.py:186} INFO - Started process (PID=202) to work on /opt/airflow/dags/youtube_pipeline.py
[2026-09-16T08:54:21.069+0000] {processor.py:914} INFO - Processing file /opt/airflow/dags/youtube_pipeline.py for tasks to queue
[2026-09-16T08:54:21.073+0000] {logging_mixin.py:190} INFO - [2026-09-16T08:54:21.073+0000] {dagbag.py:588} INFO - Filling up the DagBag from /opt/airflow/dags/youtube_pipeline.py
[2026-09-16T08:54:21.105+0000] {logging_mixin.py:190} INFO - [2026-09-16T08:54:21.099+0000] {dagbag.py:387} ERROR - Failed to import: /opt/airflow/dags/youtube_pipeline.py
Traceback (most recent call last):
  File "/home/airflow/.local/lib/python3.10/site-packages/airflow/models/dagbag.py", line 383, in parse
    loader.exec_module(new_module)
  File "<frozen importlib._bootstrap_external>", line 883, in exec_module
  File "<frozen importlib._bootstrap>", line 241, in _call_with_frames_removed
  File "/opt/airflow/dags/youtube_pipeline.py", line 4, in <module>
    from airflow.providers.standard.operators.python import PythonOperator
ModuleNotFoundError: No module named 'airflow.providers.standard'
[2026-09-16T08:54:21.108+0000] {processor.py:927} WARNING - No viable dags retrieved from /opt/airflow/dags/youtube_pipeline.py
[2026-09-16T08:54:21.127+0000] {processor.py:208} INFO - Processing /opt/airflow/dags/youtube_pipeline.py took 0.065 seconds
[2026-09-16T08:54:51.386+0000] {processor.py:186} INFO - Started process (PID=209) to work on /opt/airflow/dags/youtube_pipeline.py
[2026-09-16T08:54:51.389+0000] {processor.py:914} INFO - Processing file /opt/airflow/dags/youtube_pipeline.py for tasks to queue
[2026-09-16T08:54:51.396+0000] {logging_mixin.py:190} INFO - [2026-09-16T08:54:51.396+0000] {dagbag.py:588} INFO - Filling up the DagBag from /opt/airflow/dags/youtube_pipeline.py
[2026-09-16T08:54:51.423+0000] {logging_mixin.py:190} INFO - [2026-09-16T08:54:51.419+0000] {dagbag.py:387} ERROR - Failed to import: /opt/airflow/dags/youtube_pipeline.py
Traceback (most recent call last):
  File "/home/airflow/.local/lib/python3.10/site-packages/airflow/models/dagbag.py", line 383, in parse
    loader.exec_module(new_module)
  File "<frozen importlib._bootstrap_external>", line 883, in exec_module
  File "<frozen importlib._bootstrap>", line 241, in _call_with_frames_removed
  File "/opt/airflow/dags/youtube_pipeline.py", line 4, in <module>
    from airflow.providers.standard.operators.python import PythonOperator
ModuleNotFoundError: No module named 'airflow.providers.standard'
[2026-09-16T08:54:51.425+0000] {processor.py:927} WARNING - No viable dags retrieved from /opt/airflow/dags/youtube_pipeline.py
[2026-09-16T08:54:51.472+0000] {processor.py:208} INFO - Processing /opt/airflow/dags/youtube_pipeline.py took 0.092 seconds
[2026-09-16T08:55:21.686+0000] {processor.py:186} INFO - Started process (PID=216) to work on /opt/airflow/dags/youtube_pipeline.py
[2026-09-16T08:55:21.689+0000] {processor.py:914} INFO - Processing file /opt/airflow/dags/youtube_pipeline.py for tasks to queue
[2026-09-16T08:55:21.692+0000] {logging_mixin.py:190} INFO - [2026-09-16T08:55:21.692+0000] {dagbag.py:588} INFO - Filling up the DagBag from /opt/airflow/dags/youtube_pipeline.py
[2026-09-16T08:55:21.720+0000] {logging_mixin.py:190} INFO - [2026-09-16T08:55:21.714+0000] {dagbag.py:387} ERROR - Failed to import: /opt/airflow/dags/youtube_pipeline.py
Traceback (most recent call last):
  File "/home/airflow/.local/lib/python3.10/site-packages/airflow/models/dagbag.py", line 383, in parse
    loader.exec_module(new_module)
  File "<frozen importlib._bootstrap_external>", line 883, in exec_module
  File "<frozen importlib._bootstrap>", line 241, in _call_with_frames_removed
  File "/opt/airflow/dags/youtube_pipeline.py", line 4, in <module>
    from airflow.providers.standard.operators.python import PythonOperator
ModuleNotFoundError: No module named 'airflow.providers.standard'
[2026-09-16T08:55:21.723+0000] {processor.py:927} WARNING - No viable dags retrieved from /opt/airflow/dags/youtube_pipeline.py
[2026-09-16T08:55:21.742+0000] {processor.py:208} INFO - Processing /opt/airflow/dags/youtube_pipeline.py took 0.062 seconds
[2026-09-16T08:55:51.979+0000] {processor.py:186} INFO - Started process (PID=223) to work on /opt/airflow/dags/youtube_pipeline.py
[2026-09-16T08:55:51.981+0000] {processor.py:914} INFO - Processing file /opt/airflow/dags/youtube_pipeline.py for tasks to queue
[2026-09-16T08:55:51.986+0000] {logging_mixin.py:190} INFO - [2026-09-16T08:55:51.985+0000] {dagbag.py:588} INFO - Filling up the DagBag from /opt/airflow/dags/youtube_pipeline.py
[2026-09-16T08:55:52.009+0000] {logging_mixin.py:190} INFO - [2026-09-16T08:55:52.006+0000] {dagbag.py:387} ERROR - Failed to import: /opt/airflow/dags/youtube_pipeline.py
Traceback (most recent call last):
  File "/home/airflow/.local/lib/python3.10/site-packages/airflow/models/dagbag.py", line 383, in parse
    loader.exec_module(new_module)
  File "<frozen importlib._bootstrap_external>", line 883, in exec_module
  File "<frozen importlib._bootstrap>", line 241, in _call_with_frames_removed
  File "/opt/airflow/dags/youtube_pipeline.py", line 4, in <module>
    from airflow.providers.standard.operators.python import PythonOperator
ModuleNotFoundError: No module named 'airflow.providers.standard'
[2026-09-16T08:55:52.011+0000] {processor.py:927} WARNING - No viable dags retrieved from /opt/airflow/dags/youtube_pipeline.py
[2026-09-16T08:55:52.031+0000] {processor.py:208} INFO - Processing /opt/airflow/dags/youtube_pipeline.py took 0.057 seconds
[2026-09-16T08:56:22.234+0000] {processor.py:186} INFO - Started process (PID=230) to work on /opt/airflow/dags/youtube_pipeline.py
[2026-09-16T08:56:22.236+0000] {processor.py:914} INFO - Processing file /opt/airflow/dags/youtube_pipeline.py for tasks to queue
[2026-09-16T08:56:22.239+0000] {logging_mixin.py:190} INFO - [2026-09-16T08:56:22.239+0000] {dagbag.py:588} INFO - Filling up the DagBag from /opt/airflow/dags/youtube_pipeline.py
[2026-09-16T08:56:22.259+0000] {logging_mixin.py:190} INFO - [2026-09-16T08:56:22.256+0000] {dagbag.py:387} ERROR - Failed to import: /opt/airflow/dags/youtube_pipeline.py
Traceback (most recent call last):
  File "/home/airflow/.local/lib/python3.10/site-packages/airflow/models/dagbag.py", line 383, in parse
    loader.exec_module(new_module)
  File "<frozen importlib._bootstrap_external>", line 883, in exec_module
  File "<frozen importlib._bootstrap>", line 241, in _call_with_frames_removed
  File "/opt/airflow/dags/youtube_pipeline.py", line 4, in <module>
    from airflow.providers.standard.operators.python import PythonOperator
ModuleNotFoundError: No module named 'airflow.providers.standard'
[2026-09-16T08:56:22.262+0000] {processor.py:927} WARNING - No viable dags retrieved from /opt/airflow/dags/youtube_pipeline.py
[2026-09-16T08:56:22.277+0000] {processor.py:208} INFO - Processing /opt/airflow/dags/youtube_pipeline.py took 0.048 seconds
[2026-09-16T08:56:52.552+0000] {processor.py:186} INFO - Started process (PID=237) to work on /opt/airflow/dags/youtube_pipeline.py
[2026-09-16T08:56:52.556+0000] {processor.py:914} INFO - Processing file /opt/airflow/dags/youtube_pipeline.py for tasks to queue
[2026-09-16T08:56:52.581+0000] {logging_mixin.py:190} INFO - [2026-09-16T08:56:52.579+0000] {dagbag.py:588} INFO - Filling up the DagBag from /opt/airflow/dags/youtube_pipeline.py
[2026-09-16T08:56:52.629+0000] {logging_mixin.py:190} INFO - [2026-09-16T08:56:52.623+0000] {dagbag.py:387} ERROR - Failed to import: /opt/airflow/dags/youtube_pipeline.py
Traceback (most recent call last):
  File "/home/airflow/.local/lib/python3.10/site-packages/airflow/models/dagbag.py", line 383, in parse
    loader.exec_module(new_module)
  File "<frozen importlib._bootstrap_external>", line 883, in exec_module
  File "<frozen importlib._bootstrap>", line 241, in _call_with_frames_removed
  File "/opt/airflow/dags/youtube_pipeline.py", line 4, in <module>
    from airflow.providers.standard.operators.python import PythonOperator
ModuleNotFoundError: No module named 'airflow.providers.standard'
[2026-09-16T08:56:52.632+0000] {processor.py:927} WARNING - No viable dags retrieved from /opt/airflow/dags/youtube_pipeline.py
[2026-09-16T08:56:52.654+0000] {processor.py:208} INFO - Processing /opt/airflow/dags/youtube_pipeline.py took 0.110 seconds
[2026-09-16T08:57:22.819+0000] {processor.py:186} INFO - Started process (PID=244) to work on /opt/airflow/dags/youtube_pipeline.py
[2026-09-16T08:57:22.821+0000] {processor.py:914} INFO - Processing file /opt/airflow/dags/youtube_pipeline.py for tasks to queue
[2026-09-16T08:57:22.825+0000] {logging_mixin.py:190} INFO - [2026-09-16T08:57:22.824+0000] {dagbag.py:588} INFO - Filling up the DagBag from /opt/airflow/dags/youtube_pipeline.py
[2026-09-16T08:57:22.854+0000] {logging_mixin.py:190} INFO - [2026-09-16T08:57:22.849+0000] {dagbag.py:387} ERROR - Failed to import: /opt/airflow/dags/youtube_pipeline.py
Traceback (most recent call last):
  File "/home/airflow/.local/lib/python3.10/site-packages/airflow/models/dagbag.py", line 383, in parse
    loader.exec_module(new_module)
  File "<frozen importlib._bootstrap_external>", line 883, in exec_module
  File "<frozen importlib._bootstrap>", line 241, in _call_with_frames_removed
  File "/opt/airflow/dags/youtube_pipeline.py", line 4, in <module>
    from airflow.providers.standard.operators.python import PythonOperator
ModuleNotFoundError: No module named 'airflow.providers.standard'
[2026-09-16T08:57:22.856+0000] {processor.py:927} WARNING - No viable dags retrieved from /opt/airflow/dags/youtube_pipeline.py
[2026-09-16T08:57:22.883+0000] {processor.py:208} INFO - Processing /opt/airflow/dags/youtube_pipeline.py took 0.070 seconds
[2026-09-16T08:57:53.130+0000] {processor.py:186} INFO - Started process (PID=251) to work on /opt/airflow/dags/youtube_pipeline.py
[2026-09-16T08:57:53.133+0000] {processor.py:914} INFO - Processing file /opt/airflow/dags/youtube_pipeline.py for tasks to queue
[2026-09-16T08:57:53.137+0000] {logging_mixin.py:190} INFO - [2026-09-16T08:57:53.137+0000] {dagbag.py:588} INFO - Filling up the DagBag from /opt/airflow/dags/youtube_pipeline.py
[2026-09-16T08:57:53.163+0000] {logging_mixin.py:190} INFO - [2026-09-16T08:57:53.159+0000] {dagbag.py:387} ERROR - Failed to import: /opt/airflow/dags/youtube_pipeline.py
Traceback (most recent call last):
  File "/home/airflow/.local/lib/python3.10/site-packages/airflow/models/dagbag.py", line 383, in parse
    loader.exec_module(new_module)
  File "<frozen importlib._bootstrap_external>", line 883, in exec_module
  File "<frozen importlib._bootstrap>", line 241, in _call_with_frames_removed
  File "/opt/airflow/dags/youtube_pipeline.py", line 4, in <module>
    from airflow.providers.standard.operators.python import PythonOperator
ModuleNotFoundError: No module named 'airflow.providers.standard'
[2026-09-16T08:57:53.166+0000] {processor.py:927} WARNING - No viable dags retrieved from /opt/airflow/dags/youtube_pipeline.py
[2026-09-16T08:57:53.183+0000] {processor.py:208} INFO - Processing /opt/airflow/dags/youtube_pipeline.py took 0.058 seconds
[2026-09-16T08:58:23.422+0000] {processor.py:186} INFO - Started process (PID=258) to work on /opt/airflow/dags/youtube_pipeline.py
[2026-09-16T08:58:23.424+0000] {processor.py:914} INFO - Processing file /opt/airflow/dags/youtube_pipeline.py for tasks to queue
[2026-09-16T08:58:23.427+0000] {logging_mixin.py:190} INFO - [2026-09-16T08:58:23.427+0000] {dagbag.py:588} INFO - Filling up the DagBag from /opt/airflow/dags/youtube_pipeline.py
[2026-09-16T08:58:23.452+0000] {logging_mixin.py:190} INFO - [2026-09-16T08:58:23.447+0000] {dagbag.py:387} ERROR - Failed to import: /opt/airflow/dags/youtube_pipeline.py
Traceback (most recent call last):
  File "/home/airflow/.local/lib/python3.10/site-packages/airflow/models/dagbag.py", line 383, in parse
    loader.exec_module(new_module)
  File "<frozen importlib._bootstrap_external>", line 883, in exec_module
  File "<frozen importlib._bootstrap>", line 241, in _call_with_frames_removed
  File "/opt/airflow/dags/youtube_pipeline.py", line 4, in <module>
    from airflow.providers.standard.operators.python import PythonOperator
ModuleNotFoundError: No module named 'airflow.providers.standard'
[2026-09-16T08:58:23.453+0000] {processor.py:927} WARNING - No viable dags retrieved from /opt/airflow/dags/youtube_pipeline.py
[2026-09-16T08:58:23.469+0000] {processor.py:208} INFO - Processing /opt/airflow/dags/youtube_pipeline.py took 0.053 seconds
[2026-09-16T08:58:53.665+0000] {processor.py:186} INFO - Started process (PID=265) to work on /opt/airflow/dags/youtube_pipeline.py
[2026-09-16T08:58:53.667+0000] {processor.py:914} INFO - Processing file /opt/airflow/dags/youtube_pipeline.py for tasks to queue
[2026-09-16T08:58:53.672+0000] {logging_mixin.py:190} INFO - [2026-09-16T08:58:53.672+0000] {dagbag.py:588} INFO - Filling up the DagBag from /opt/airflow/dags/youtube_pipeline.py
[2026-09-16T08:58:53.693+0000] {logging_mixin.py:190} INFO - [2026-09-16T08:58:53.689+0000] {dagbag.py:387} ERROR - Failed to import: /opt/airflow/dags/youtube_pipeline.py
Traceback (most recent call last):
  File "/home/airflow/.local/lib/python3.10/site-packages/airflow/models/dagbag.py", line 383, in parse
    loader.exec_module(new_module)
  File "<frozen importlib._bootstrap_external>", line 883, in exec_module
  File "<frozen importlib._bootstrap>", line 241, in _call_with_frames_removed
  File "/opt/airflow/dags/youtube_pipeline.py", line 4, in <module>
    from airflow.providers.standard.operators.python import PythonOperator
ModuleNotFoundError: No module named 'airflow.providers.standard'
[2026-09-16T08:58:53.695+0000] {processor.py:927} WARNING - No viable dags retrieved from /opt/airflow/dags/youtube_pipeline.py
[2026-09-16T08:58:53.712+0000] {processor.py:208} INFO - Processing /opt/airflow/dags/youtube_pipeline.py took 0.052 seconds
[2026-09-16T08:59:23.941+0000] {processor.py:186} INFO - Started process (PID=272) to work on /opt/airflow/dags/youtube_pipeline.py
[2026-09-16T08:59:23.943+0000] {processor.py:914} INFO - Processing file /opt/airflow/dags/youtube_pipeline.py for tasks to queue
[2026-09-16T08:59:23.946+0000] {logging_mixin.py:190} INFO - [2026-09-16T08:59:23.946+0000] {dagbag.py:588} INFO - Filling up the DagBag from /opt/airflow/dags/youtube_pipeline.py
[2026-09-16T08:59:23.972+0000] {logging_mixin.py:190} INFO - [2026-09-16T08:59:23.968+0000] {dagbag.py:387} ERROR - Failed to import: /opt/airflow/dags/youtube_pipeline.py
Traceback (most recent call last):
  File "/home/airflow/.local/lib/python3.10/site-packages/airflow/models/dagbag.py", line 383, in parse
    loader.exec_module(new_module)
  File "<frozen importlib._bootstrap_external>", line 883, in exec_module
  File "<frozen importlib._bootstrap>", line 241, in _call_with_frames_removed
  File "/opt/airflow/dags/youtube_pipeline.py", line 4, in <module>
    from airflow.providers.standard.operators.python import PythonOperator
ModuleNotFoundError: No module named 'airflow.providers.standard'
[2026-09-16T08:59:23.975+0000] {processor.py:927} WARNING - No viable dags retrieved from /opt/airflow/dags/youtube_pipeline.py
[2026-09-16T08:59:23.992+0000] {processor.py:208} INFO - Processing /opt/airflow/dags/youtube_pipeline.py took 0.056 seconds
[2026-09-16T08:59:54.241+0000] {processor.py:186} INFO - Started process (PID=279) to work on /opt/airflow/dags/youtube_pipeline.py
[2026-09-16T08:59:54.242+0000] {processor.py:914} INFO - Processing file /opt/airflow/dags/youtube_pipeline.py for tasks to queue
[2026-09-16T08:59:54.246+0000] {logging_mixin.py:190} INFO - [2026-09-16T08:59:54.245+0000] {dagbag.py:588} INFO - Filling up the DagBag from /opt/airflow/dags/youtube_pipeline.py
[2026-09-16T08:59:54.267+0000] {logging_mixin.py:190} INFO - [2026-09-16T08:59:54.263+0000] {dagbag.py:387} ERROR - Failed to import: /opt/airflow/dags/youtube_pipeline.py
Traceback (most recent call last):
  File "/home/airflow/.local/lib/python3.10/site-packages/airflow/models/dagbag.py", line 383, in parse
    loader.exec_module(new_module)
  File "<frozen importlib._bootstrap_external>", line 883, in exec_module
  File "<frozen importlib._bootstrap>", line 241, in _call_with_frames_removed
  File "/opt/airflow/dags/youtube_pipeline.py", line 4, in <module>
    from airflow.providers.standard.operators.python import PythonOperator
ModuleNotFoundError: No module named 'airflow.providers.standard'
[2026-09-16T08:59:54.269+0000] {processor.py:927} WARNING - No viable dags retrieved from /opt/airflow/dags/youtube_pipeline.py
[2026-09-16T08:59:54.289+0000] {processor.py:208} INFO - Processing /opt/airflow/dags/youtube_pipeline.py took 0.053 seconds
[2026-09-16T09:00:24.495+0000] {processor.py:186} INFO - Started process (PID=286) to work on /opt/airflow/dags/youtube_pipeline.py
[2026-09-16T09:00:24.497+0000] {processor.py:914} INFO - Processing file /opt/airflow/dags/youtube_pipeline.py for tasks to queue
[2026-09-16T09:00:24.526+0000] {logging_mixin.py:190} INFO - [2026-09-16T09:00:24.525+0000] {dagbag.py:588} INFO - Filling up the DagBag from /opt/airflow/dags/youtube_pipeline.py
[2026-09-16T09:00:24.547+0000] {logging_mixin.py:190} INFO - [2026-09-16T09:00:24.542+0000] {dagbag.py:387} ERROR - Failed to import: /opt/airflow/dags/youtube_pipeline.py
Traceback (most recent call last):
  File "/home/airflow/.local/lib/python3.10/site-packages/airflow/models/dagbag.py", line 383, in parse
    loader.exec_module(new_module)
  File "<frozen importlib._bootstrap_external>", line 883, in exec_module
  File "<frozen importlib._bootstrap>", line 241, in _call_with_frames_removed
  File "/opt/airflow/dags/youtube_pipeline.py", line 4, in <module>
    from airflow.providers.standard.operators.python import PythonOperator
ModuleNotFoundError: No module named 'airflow.providers.standard'
[2026-09-16T09:00:24.549+0000] {processor.py:927} WARNING - No viable dags retrieved from /opt/airflow/dags/youtube_pipeline.py
[2026-09-16T09:00:24.570+0000] {processor.py:208} INFO - Processing /opt/airflow/dags/youtube_pipeline.py took 0.082 seconds
[2026-09-16T09:00:54.839+0000] {processor.py:186} INFO - Started process (PID=293) to work on /opt/airflow/dags/youtube_pipeline.py
[2026-09-16T09:00:54.842+0000] {processor.py:914} INFO - Processing file /opt/airflow/dags/youtube_pipeline.py for tasks to queue
[2026-09-16T09:00:54.847+0000] {logging_mixin.py:190} INFO - [2026-09-16T09:00:54.847+0000] {dagbag.py:588} INFO - Filling up the DagBag from /opt/airflow/dags/youtube_pipeline.py
[2026-09-16T09:00:54.867+0000] {logging_mixin.py:190} INFO - [2026-09-16T09:00:54.863+0000] {dagbag.py:387} ERROR - Failed to import: /opt/airflow/dags/youtube_pipeline.py
Traceback (most recent call last):
  File "/home/airflow/.local/lib/python3.10/site-packages/airflow/models/dagbag.py", line 383, in parse
    loader.exec_module(new_module)
  File "<frozen importlib._bootstrap_external>", line 883, in exec_module
  File "<frozen importlib._bootstrap>", line 241, in _call_with_frames_removed
  File "/opt/airflow/dags/youtube_pipeline.py", line 4, in <module>
    from airflow.providers.standard.operators.python import PythonOperator
ModuleNotFoundError: No module named 'airflow.providers.standard'
[2026-09-16T09:00:54.869+0000] {processor.py:927} WARNING - No viable dags retrieved from /opt/airflow/dags/youtube_pipeline.py
[2026-09-16T09:00:54.887+0000] {processor.py:208} INFO - Processing /opt/airflow/dags/youtube_pipeline.py took 0.054 seconds
[2026-09-16T09:01:25.115+0000] {processor.py:186} INFO - Started process (PID=300) to work on /opt/airflow/dags/youtube_pipeline.py
[2026-09-16T09:01:25.116+0000] {processor.py:914} INFO - Processing file /opt/airflow/dags/youtube_pipeline.py for tasks to queue
[2026-09-16T09:01:25.119+0000] {logging_mixin.py:190} INFO - [2026-09-16T09:01:25.119+0000] {dagbag.py:588} INFO - Filling up the DagBag from /opt/airflow/dags/youtube_pipeline.py
[2026-09-16T09:01:25.138+0000] {logging_mixin.py:190} INFO - [2026-09-16T09:01:25.134+0000] {dagbag.py:387} ERROR - Failed to import: /opt/airflow/dags/youtube_pipeline.py
Traceback (most recent call last):
  File "/home/airflow/.local/lib/python3.10/site-packages/airflow/models/dagbag.py", line 383, in parse
    loader.exec_module(new_module)
  File "<frozen importlib._bootstrap_external>", line 883, in exec_module
  File "<frozen importlib._bootstrap>", line 241, in _call_with_frames_removed
  File "/opt/airflow/dags/youtube_pipeline.py", line 4, in <module>
    from airflow.providers.standard.operators.python import PythonOperator
ModuleNotFoundError: No module named 'airflow.providers.standard'
[2026-09-16T09:01:25.140+0000] {processor.py:927} WARNING - No viable dags retrieved from /opt/airflow/dags/youtube_pipeline.py
[2026-09-16T09:01:25.158+0000] {processor.py:208} INFO - Processing /opt/airflow/dags/youtube_pipeline.py took 0.048 seconds
[2026-09-16T09:01:55.363+0000] {processor.py:186} INFO - Started process (PID=307) to work on /opt/airflow/dags/youtube_pipeline.py
[2026-09-16T09:01:55.365+0000] {processor.py:914} INFO - Processing file /opt/airflow/dags/youtube_pipeline.py for tasks to queue
[2026-09-16T09:01:55.370+0000] {logging_mixin.py:190} INFO - [2026-09-16T09:01:55.370+0000] {dagbag.py:588} INFO - Filling up the DagBag from /opt/airflow/dags/youtube_pipeline.py
[2026-09-16T09:01:55.393+0000] {logging_mixin.py:190} INFO - [2026-09-16T09:01:55.389+0000] {dagbag.py:387} ERROR - Failed to import: /opt/airflow/dags/youtube_pipeline.py
Traceback (most recent call last):
  File "/home/airflow/.local/lib/python3.10/site-packages/airflow/models/dagbag.py", line 383, in parse
    loader.exec_module(new_module)
  File "<frozen importlib._bootstrap_external>", line 883, in exec_module
  File "<frozen importlib._bootstrap>", line 241, in _call_with_frames_removed
  File "/opt/airflow/dags/youtube_pipeline.py", line 4, in <module>
    from airflow.providers.standard.operators.python import PythonOperator
ModuleNotFoundError: No module named 'airflow.providers.standard'
[2026-09-16T09:01:55.395+0000] {processor.py:927} WARNING - No viable dags retrieved from /opt/airflow/dags/youtube_pipeline.py
[2026-09-16T09:01:55.414+0000] {processor.py:208} INFO - Processing /opt/airflow/dags/youtube_pipeline.py took 0.056 seconds
[2026-09-16T09:02:25.639+0000] {processor.py:186} INFO - Started process (PID=314) to work on /opt/airflow/dags/youtube_pipeline.py
[2026-09-16T09:02:25.641+0000] {processor.py:914} INFO - Processing file /opt/airflow/dags/youtube_pipeline.py for tasks to queue
[2026-09-16T09:02:25.652+0000] {logging_mixin.py:190} INFO - [2026-09-16T09:02:25.651+0000] {dagbag.py:588} INFO - Filling up the DagBag from /opt/airflow/dags/youtube_pipeline.py
[2026-09-16T09:02:25.682+0000] {logging_mixin.py:190} INFO - [2026-09-16T09:02:25.675+0000] {dagbag.py:387} ERROR - Failed to import: /opt/airflow/dags/youtube_pipeline.py
Traceback (most recent call last):
  File "/home/airflow/.local/lib/python3.10/site-packages/airflow/models/dagbag.py", line 383, in parse
    loader.exec_module(new_module)
  File "<frozen importlib._bootstrap_external>", line 883, in exec_module
  File "<frozen importlib._bootstrap>", line 241, in _call_with_frames_removed
  File "/opt/airflow/dags/youtube_pipeline.py", line 4, in <module>
    from airflow.providers.standard.operators.python import PythonOperator
ModuleNotFoundError: No module named 'airflow.providers.standard'
[2026-09-16T09:02:25.687+0000] {processor.py:927} WARNING - No viable dags retrieved from /opt/airflow/dags/youtube_pipeline.py
[2026-09-16T09:02:25.716+0000] {processor.py:208} INFO - Processing /opt/airflow/dags/youtube_pipeline.py took 0.084 seconds
[2026-09-16T09:02:32.007+0000] {processor.py:186} INFO - Started process (PID=315) to work on /opt/airflow/dags/youtube_pipeline.py
[2026-09-16T09:02:32.010+0000] {processor.py:914} INFO - Processing file /opt/airflow/dags/youtube_pipeline.py for tasks to queue
[2026-09-16T09:02:32.019+0000] {logging_mixin.py:190} INFO - [2026-09-16T09:02:32.019+0000] {dagbag.py:588} INFO - Filling up the DagBag from /opt/airflow/dags/youtube_pipeline.py
[2026-09-16T09:02:32.089+0000] {logging_mixin.py:190} INFO - [2026-09-16T09:02:32.083+0000] {dagbag.py:387} ERROR - Failed to import: /opt/airflow/dags/youtube_pipeline.py
Traceback (most recent call last):
  File "/home/airflow/.local/lib/python3.10/site-packages/airflow/models/dagbag.py", line 383, in parse
    loader.exec_module(new_module)
  File "<frozen importlib._bootstrap_external>", line 883, in exec_module
  File "<frozen importlib._bootstrap>", line 241, in _call_with_frames_removed
  File "/opt/airflow/dags/youtube_pipeline.py", line 6, in <module>
    from include.extract import youtube_extract as extract_videos
ModuleNotFoundError: No module named 'include'
[2026-09-16T09:02:32.094+0000] {processor.py:927} WARNING - No viable dags retrieved from /opt/airflow/dags/youtube_pipeline.py
[2026-09-16T09:02:32.144+0000] {processor.py:208} INFO - Processing /opt/airflow/dags/youtube_pipeline.py took 0.146 seconds
[2026-09-16T09:03:02.244+0000] {processor.py:186} INFO - Started process (PID=322) to work on /opt/airflow/dags/youtube_pipeline.py
[2026-09-16T09:03:02.246+0000] {processor.py:914} INFO - Processing file /opt/airflow/dags/youtube_pipeline.py for tasks to queue
[2026-09-16T09:03:02.250+0000] {logging_mixin.py:190} INFO - [2026-09-16T09:03:02.249+0000] {dagbag.py:588} INFO - Filling up the DagBag from /opt/airflow/dags/youtube_pipeline.py
[2026-09-16T09:03:02.277+0000] {logging_mixin.py:190} INFO - [2026-09-16T09:03:02.272+0000] {dagbag.py:387} ERROR - Failed to import: /opt/airflow/dags/youtube_pipeline.py
Traceback (most recent call last):
  File "/home/airflow/.local/lib/python3.10/site-packages/airflow/models/dagbag.py", line 383, in parse
    loader.exec_module(new_module)
  File "<frozen importlib._bootstrap_external>", line 883, in exec_module
  File "<frozen importlib._bootstrap>", line 241, in _call_with_frames_removed
  File "/opt/airflow/dags/youtube_pipeline.py", line 6, in <module>
    from include.extract import youtube_extract as extract_videos
ModuleNotFoundError: No module named 'include'
[2026-09-16T09:03:02.281+0000] {processor.py:927} WARNING - No viable dags retrieved from /opt/airflow/dags/youtube_pipeline.py
[2026-09-16T09:03:02.306+0000] {processor.py:208} INFO - Processing /opt/airflow/dags/youtube_pipeline.py took 0.069 seconds
[2026-09-16T09:03:32.478+0000] {processor.py:186} INFO - Started process (PID=329) to work on /opt/airflow/dags/youtube_pipeline.py
[2026-09-16T09:03:32.479+0000] {processor.py:914} INFO - Processing file /opt/airflow/dags/youtube_pipeline.py for tasks to queue
[2026-09-16T09:03:32.486+0000] {logging_mixin.py:190} INFO - [2026-09-16T09:03:32.483+0000] {dagbag.py:588} INFO - Filling up the DagBag from /opt/airflow/dags/youtube_pipeline.py
[2026-09-16T09:03:32.508+0000] {logging_mixin.py:190} INFO - [2026-09-16T09:03:32.505+0000] {dagbag.py:387} ERROR - Failed to import: /opt/airflow/dags/youtube_pipeline.py
Traceback (most recent call last):
  File "/home/airflow/.local/lib/python3.10/site-packages/airflow/models/dagbag.py", line 383, in parse
    loader.exec_module(new_module)
  File "<frozen importlib._bootstrap_external>", line 883, in exec_module
  File "<frozen importlib._bootstrap>", line 241, in _call_with_frames_removed
  File "/opt/airflow/dags/youtube_pipeline.py", line 6, in <module>
    from include.extract import youtube_extract as extract_videos
ModuleNotFoundError: No module named 'include'
[2026-09-16T09:03:32.510+0000] {processor.py:927} WARNING - No viable dags retrieved from /opt/airflow/dags/youtube_pipeline.py
[2026-09-16T09:03:32.528+0000] {processor.py:208} INFO - Processing /opt/airflow/dags/youtube_pipeline.py took 0.055 seconds
[2026-09-16T09:04:03.026+0000] {processor.py:186} INFO - Started process (PID=336) to work on /opt/airflow/dags/youtube_pipeline.py
[2026-09-16T09:04:03.032+0000] {processor.py:914} INFO - Processing file /opt/airflow/dags/youtube_pipeline.py for tasks to queue
[2026-09-16T09:04:03.047+0000] {logging_mixin.py:190} INFO - [2026-09-16T09:04:03.046+0000] {dagbag.py:588} INFO - Filling up the DagBag from /opt/airflow/dags/youtube_pipeline.py
[2026-09-16T09:04:03.117+0000] {logging_mixin.py:190} INFO - [2026-09-16T09:04:03.104+0000] {dagbag.py:387} ERROR - Failed to import: /opt/airflow/dags/youtube_pipeline.py
Traceback (most recent call last):
  File "/home/airflow/.local/lib/python3.10/site-packages/airflow/models/dagbag.py", line 383, in parse
    loader.exec_module(new_module)
  File "<frozen importlib._bootstrap_external>", line 883, in exec_module
  File "<frozen importlib._bootstrap>", line 241, in _call_with_frames_removed
  File "/opt/airflow/dags/youtube_pipeline.py", line 6, in <module>
    from include.extract import youtube_extract as extract_videos
ModuleNotFoundError: No module named 'include'
[2026-09-16T09:04:03.122+0000] {processor.py:927} WARNING - No viable dags retrieved from /opt/airflow/dags/youtube_pipeline.py
[2026-09-16T09:04:03.227+0000] {processor.py:208} INFO - Processing /opt/airflow/dags/youtube_pipeline.py took 0.267 seconds
[2026-09-16T09:04:33.516+0000] {processor.py:186} INFO - Started process (PID=343) to work on /opt/airflow/dags/youtube_pipeline.py
[2026-09-16T09:04:33.517+0000] {processor.py:914} INFO - Processing file /opt/airflow/dags/youtube_pipeline.py for tasks to queue
[2026-09-16T09:04:33.521+0000] {logging_mixin.py:190} INFO - [2026-09-16T09:04:33.521+0000] {dagbag.py:588} INFO - Filling up the DagBag from /opt/airflow/dags/youtube_pipeline.py
[2026-09-16T09:04:33.547+0000] {logging_mixin.py:190} INFO - [2026-09-16T09:04:33.541+0000] {dagbag.py:387} ERROR - Failed to import: /opt/airflow/dags/youtube_pipeline.py
Traceback (most recent call last):
  File "/home/airflow/.local/lib/python3.10/site-packages/airflow/models/dagbag.py", line 383, in parse
    loader.exec_module(new_module)
  File "<frozen importlib._bootstrap_external>", line 883, in exec_module
  File "<frozen importlib._bootstrap>", line 241, in _call_with_frames_removed
  File "/opt/airflow/dags/youtube_pipeline.py", line 6, in <module>
    from include.extract import youtube_extract as extract_videos
ModuleNotFoundError: No module named 'include'
[2026-09-16T09:04:33.550+0000] {processor.py:927} WARNING - No viable dags retrieved from /opt/airflow/dags/youtube_pipeline.py
[2026-09-16T09:04:33.579+0000] {processor.py:208} INFO - Processing /opt/airflow/dags/youtube_pipeline.py took 0.070 seconds
[2026-09-16T09:05:03.877+0000] {processor.py:186} INFO - Started process (PID=350) to work on /opt/airflow/dags/youtube_pipeline.py
[2026-09-16T09:05:03.880+0000] {processor.py:914} INFO - Processing file /opt/airflow/dags/youtube_pipeline.py for tasks to queue
[2026-09-16T09:05:03.888+0000] {logging_mixin.py:190} INFO - [2026-09-16T09:05:03.887+0000] {dagbag.py:588} INFO - Filling up the DagBag from /opt/airflow/dags/youtube_pipeline.py
[2026-09-16T09:05:03.917+0000] {logging_mixin.py:190} INFO - [2026-09-16T09:05:03.911+0000] {dagbag.py:387} ERROR - Failed to import: /opt/airflow/dags/youtube_pipeline.py
Traceback (most recent call last):
  File "/home/airflow/.local/lib/python3.10/site-packages/airflow/models/dagbag.py", line 383, in parse
    loader.exec_module(new_module)
  File "<frozen importlib._bootstrap_external>", line 883, in exec_module
  File "<frozen importlib._bootstrap>", line 241, in _call_with_frames_removed
  File "/opt/airflow/dags/youtube_pipeline.py", line 6, in <module>
    from include.extract import youtube_extract as extract_videos
ModuleNotFoundError: No module named 'include'
[2026-09-16T09:05:03.920+0000] {processor.py:927} WARNING - No viable dags retrieved from /opt/airflow/dags/youtube_pipeline.py
[2026-09-16T09:05:03.946+0000] {processor.py:208} INFO - Processing /opt/airflow/dags/youtube_pipeline.py took 0.075 seconds
[2026-09-16T09:05:34.179+0000] {processor.py:186} INFO - Started process (PID=357) to work on /opt/airflow/dags/youtube_pipeline.py
[2026-09-16T09:05:34.182+0000] {processor.py:914} INFO - Processing file /opt/airflow/dags/youtube_pipeline.py for tasks to queue
[2026-09-16T09:05:34.191+0000] {logging_mixin.py:190} INFO - [2026-09-16T09:05:34.190+0000] {dagbag.py:588} INFO - Filling up the DagBag from /opt/airflow/dags/youtube_pipeline.py
[2026-09-16T09:05:34.221+0000] {logging_mixin.py:190} INFO - [2026-09-16T09:05:34.215+0000] {dagbag.py:387} ERROR - Failed to import: /opt/airflow/dags/youtube_pipeline.py
Traceback (most recent call last):
  File "/home/airflow/.local/lib/python3.10/site-packages/airflow/models/dagbag.py", line 383, in parse
    loader.exec_module(new_module)
  File "<frozen importlib._bootstrap_external>", line 883, in exec_module
  File "<frozen importlib._bootstrap>", line 241, in _call_with_frames_removed
  File "/opt/airflow/dags/youtube_pipeline.py", line 6, in <module>
    from include.extract import youtube_extract as extract_videos
ModuleNotFoundError: No module named 'include'
[2026-09-16T09:05:34.223+0000] {processor.py:927} WARNING - No viable dags retrieved from /opt/airflow/dags/youtube_pipeline.py
[2026-09-16T09:05:34.249+0000] {processor.py:208} INFO - Processing /opt/airflow/dags/youtube_pipeline.py took 0.077 seconds
[2026-09-16T09:06:04.721+0000] {processor.py:186} INFO - Started process (PID=365) to work on /opt/airflow/dags/youtube_pipeline.py
[2026-09-16T09:06:04.726+0000] {processor.py:914} INFO - Processing file /opt/airflow/dags/youtube_pipeline.py for tasks to queue
[2026-09-16T09:06:04.735+0000] {logging_mixin.py:190} INFO - [2026-09-16T09:06:04.734+0000] {dagbag.py:588} INFO - Filling up the DagBag from /opt/airflow/dags/youtube_pipeline.py
[2026-09-16T09:06:04.801+0000] {logging_mixin.py:190} INFO - [2026-09-16T09:06:04.790+0000] {dagbag.py:387} ERROR - Failed to import: /opt/airflow/dags/youtube_pipeline.py
Traceback (most recent call last):
  File "/home/airflow/.local/lib/python3.10/site-packages/airflow/models/dagbag.py", line 383, in parse
    loader.exec_module(new_module)
  File "<frozen importlib._bootstrap_external>", line 883, in exec_module
  File "<frozen importlib._bootstrap>", line 241, in _call_with_frames_removed
  File "/opt/airflow/dags/youtube_pipeline.py", line 6, in <module>
    from include.extract import youtube_extract as extract_videos
ModuleNotFoundError: No module named 'include'
[2026-09-16T09:06:04.807+0000] {processor.py:927} WARNING - No viable dags retrieved from /opt/airflow/dags/youtube_pipeline.py
[2026-09-16T09:06:04.889+0000] {processor.py:208} INFO - Processing /opt/airflow/dags/youtube_pipeline.py took 0.186 seconds
[2026-09-16T09:06:35.464+0000] {processor.py:186} INFO - Started process (PID=372) to work on /opt/airflow/dags/youtube_pipeline.py
[2026-09-16T09:06:35.467+0000] {processor.py:914} INFO - Processing file /opt/airflow/dags/youtube_pipeline.py for tasks to queue
[2026-09-16T09:06:35.472+0000] {logging_mixin.py:190} INFO - [2026-09-16T09:06:35.471+0000] {dagbag.py:588} INFO - Filling up the DagBag from /opt/airflow/dags/youtube_pipeline.py
[2026-09-16T09:06:35.495+0000] {logging_mixin.py:190} INFO - [2026-09-16T09:06:35.489+0000] {dagbag.py:387} ERROR - Failed to import: /opt/airflow/dags/youtube_pipeline.py
Traceback (most recent call last):
  File "/home/airflow/.local/lib/python3.10/site-packages/airflow/models/dagbag.py", line 383, in parse
    loader.exec_module(new_module)
  File "<frozen importlib._bootstrap_external>", line 883, in exec_module
  File "<frozen importlib._bootstrap>", line 241, in _call_with_frames_removed
  File "/opt/airflow/dags/youtube_pipeline.py", line 6, in <module>
    from include.extract import youtube_extract as extract_videos
ModuleNotFoundError: No module named 'include'
[2026-09-16T09:06:35.497+0000] {processor.py:927} WARNING - No viable dags retrieved from /opt/airflow/dags/youtube_pipeline.py
[2026-09-16T09:06:35.528+0000] {processor.py:208} INFO - Processing /opt/airflow/dags/youtube_pipeline.py took 0.069 seconds
[2026-09-16T09:07:05.724+0000] {processor.py:186} INFO - Started process (PID=380) to work on /opt/airflow/dags/youtube_pipeline.py
[2026-09-16T09:07:05.726+0000] {processor.py:914} INFO - Processing file /opt/airflow/dags/youtube_pipeline.py for tasks to queue
[2026-09-16T09:07:05.730+0000] {logging_mixin.py:190} INFO - [2026-09-16T09:07:05.730+0000] {dagbag.py:588} INFO - Filling up the DagBag from /opt/airflow/dags/youtube_pipeline.py
[2026-09-16T09:07:05.760+0000] {logging_mixin.py:190} INFO - [2026-09-16T09:07:05.754+0000] {dagbag.py:387} ERROR - Failed to import: /opt/airflow/dags/youtube_pipeline.py
Traceback (most recent call last):
  File "/home/airflow/.local/lib/python3.10/site-packages/airflow/models/dagbag.py", line 383, in parse
    loader.exec_module(new_module)
  File "<frozen importlib._bootstrap_external>", line 883, in exec_module
  File "<frozen importlib._bootstrap>", line 241, in _call_with_frames_removed
  File "/opt/airflow/dags/youtube_pipeline.py", line 6, in <module>
    from include.extract import youtube_extract as extract_videos
ModuleNotFoundError: No module named 'include'
[2026-09-16T09:07:05.762+0000] {processor.py:927} WARNING - No viable dags retrieved from /opt/airflow/dags/youtube_pipeline.py
[2026-09-16T09:07:05.785+0000] {processor.py:208} INFO - Processing /opt/airflow/dags/youtube_pipeline.py took 0.067 seconds
[2026-09-16T09:07:36.066+0000] {processor.py:186} INFO - Started process (PID=387) to work on /opt/airflow/dags/youtube_pipeline.py
[2026-09-16T09:07:36.078+0000] {processor.py:914} INFO - Processing file /opt/airflow/dags/youtube_pipeline.py for tasks to queue
[2026-09-16T09:07:36.084+0000] {logging_mixin.py:190} INFO - [2026-09-16T09:07:36.082+0000] {dagbag.py:588} INFO - Filling up the DagBag from /opt/airflow/dags/youtube_pipeline.py
[2026-09-16T09:07:36.103+0000] {logging_mixin.py:190} INFO - [2026-09-16T09:07:36.099+0000] {dagbag.py:387} ERROR - Failed to import: /opt/airflow/dags/youtube_pipeline.py
Traceback (most recent call last):
  File "/home/airflow/.local/lib/python3.10/site-packages/airflow/models/dagbag.py", line 383, in parse
    loader.exec_module(new_module)
  File "<frozen importlib._bootstrap_external>", line 883, in exec_module
  File "<frozen importlib._bootstrap>", line 241, in _call_with_frames_removed
  File "/opt/airflow/dags/youtube_pipeline.py", line 6, in <module>
    from include.extract import youtube_extract as extract_videos
ModuleNotFoundError: No module named 'include'
[2026-09-16T09:07:36.105+0000] {processor.py:927} WARNING - No viable dags retrieved from /opt/airflow/dags/youtube_pipeline.py
[2026-09-16T09:07:36.123+0000] {processor.py:208} INFO - Processing /opt/airflow/dags/youtube_pipeline.py took 0.110 seconds
[2026-09-16T09:08:06.270+0000] {processor.py:186} INFO - Started process (PID=394) to work on /opt/airflow/dags/youtube_pipeline.py
[2026-09-16T09:08:06.272+0000] {processor.py:914} INFO - Processing file /opt/airflow/dags/youtube_pipeline.py for tasks to queue
[2026-09-16T09:08:06.277+0000] {logging_mixin.py:190} INFO - [2026-09-16T09:08:06.276+0000] {dagbag.py:588} INFO - Filling up the DagBag from /opt/airflow/dags/youtube_pipeline.py
[2026-09-16T09:08:06.299+0000] {logging_mixin.py:190} INFO - [2026-09-16T09:08:06.295+0000] {dagbag.py:387} ERROR - Failed to import: /opt/airflow/dags/youtube_pipeline.py
Traceback (most recent call last):
  File "/home/airflow/.local/lib/python3.10/site-packages/airflow/models/dagbag.py", line 383, in parse
    loader.exec_module(new_module)
  File "<frozen importlib._bootstrap_external>", line 883, in exec_module
  File "<frozen importlib._bootstrap>", line 241, in _call_with_frames_removed
  File "/opt/airflow/dags/youtube_pipeline.py", line 6, in <module>
    from include.extract import youtube_extract as extract_videos
ModuleNotFoundError: No module named 'include'
[2026-09-16T09:08:06.301+0000] {processor.py:927} WARNING - No viable dags retrieved from /opt/airflow/dags/youtube_pipeline.py
[2026-09-16T09:08:06.321+0000] {processor.py:208} INFO - Processing /opt/airflow/dags/youtube_pipeline.py took 0.057 seconds
[2026-09-16T09:08:36.513+0000] {processor.py:186} INFO - Started process (PID=401) to work on /opt/airflow/dags/youtube_pipeline.py
[2026-09-16T09:08:36.516+0000] {processor.py:914} INFO - Processing file /opt/airflow/dags/youtube_pipeline.py for tasks to queue
[2026-09-16T09:08:36.521+0000] {logging_mixin.py:190} INFO - [2026-09-16T09:08:36.521+0000] {dagbag.py:588} INFO - Filling up the DagBag from /opt/airflow/dags/youtube_pipeline.py
[2026-09-16T09:08:36.563+0000] {logging_mixin.py:190} INFO - [2026-09-16T09:08:36.557+0000] {dagbag.py:387} ERROR - Failed to import: /opt/airflow/dags/youtube_pipeline.py
Traceback (most recent call last):
  File "/home/airflow/.local/lib/python3.10/site-packages/airflow/models/dagbag.py", line 383, in parse
    loader.exec_module(new_module)
  File "<frozen importlib._bootstrap_external>", line 883, in exec_module
  File "<frozen importlib._bootstrap>", line 241, in _call_with_frames_removed
  File "/opt/airflow/dags/youtube_pipeline.py", line 6, in <module>
    from include.extract import youtube_extract as extract_videos
ModuleNotFoundError: No module named 'include'
[2026-09-16T09:08:36.567+0000] {processor.py:927} WARNING - No viable dags retrieved from /opt/airflow/dags/youtube_pipeline.py
[2026-09-16T09:08:36.586+0000] {processor.py:208} INFO - Processing /opt/airflow/dags/youtube_pipeline.py took 0.079 seconds
[2026-09-16T09:09:06.802+0000] {processor.py:186} INFO - Started process (PID=408) to work on /opt/airflow/dags/youtube_pipeline.py
[2026-09-16T09:09:06.804+0000] {processor.py:914} INFO - Processing file /opt/airflow/dags/youtube_pipeline.py for tasks to queue
[2026-09-16T09:09:06.808+0000] {logging_mixin.py:190} INFO - [2026-09-16T09:09:06.808+0000] {dagbag.py:588} INFO - Filling up the DagBag from /opt/airflow/dags/youtube_pipeline.py
[2026-09-16T09:09:06.834+0000] {logging_mixin.py:190} INFO - [2026-09-16T09:09:06.829+0000] {dagbag.py:387} ERROR - Failed to import: /opt/airflow/dags/youtube_pipeline.py
Traceback (most recent call last):
  File "/home/airflow/.local/lib/python3.10/site-packages/airflow/models/dagbag.py", line 383, in parse
    loader.exec_module(new_module)
  File "<frozen importlib._bootstrap_external>", line 883, in exec_module
  File "<frozen importlib._bootstrap>", line 241, in _call_with_frames_removed
  File "/opt/airflow/dags/youtube_pipeline.py", line 6, in <module>
    from include.extract import youtube_extract as extract_videos
ModuleNotFoundError: No module named 'include'
[2026-09-16T09:09:06.836+0000] {processor.py:927} WARNING - No viable dags retrieved from /opt/airflow/dags/youtube_pipeline.py
[2026-09-16T09:09:06.863+0000] {processor.py:208} INFO - Processing /opt/airflow/dags/youtube_pipeline.py took 0.066 seconds
[2026-09-16T09:09:37.083+0000] {processor.py:186} INFO - Started process (PID=415) to work on /opt/airflow/dags/youtube_pipeline.py
[2026-09-16T09:09:37.085+0000] {processor.py:914} INFO - Processing file /opt/airflow/dags/youtube_pipeline.py for tasks to queue
[2026-09-16T09:09:37.089+0000] {logging_mixin.py:190} INFO - [2026-09-16T09:09:37.089+0000] {dagbag.py:588} INFO - Filling up the DagBag from /opt/airflow/dags/youtube_pipeline.py
[2026-09-16T09:09:37.110+0000] {logging_mixin.py:190} INFO - [2026-09-16T09:09:37.106+0000] {dagbag.py:387} ERROR - Failed to import: /opt/airflow/dags/youtube_pipeline.py
Traceback (most recent call last):
  File "/home/airflow/.local/lib/python3.10/site-packages/airflow/models/dagbag.py", line 383, in parse
    loader.exec_module(new_module)
  File "<frozen importlib._bootstrap_external>", line 883, in exec_module
  File "<frozen importlib._bootstrap>", line 241, in _call_with_frames_removed
  File "/opt/airflow/dags/youtube_pipeline.py", line 6, in <module>
    from include.extract import youtube_extract as extract_videos
ModuleNotFoundError: No module named 'include'
[2026-09-16T09:09:37.112+0000] {processor.py:927} WARNING - No viable dags retrieved from /opt/airflow/dags/youtube_pipeline.py
[2026-09-16T09:09:37.131+0000] {processor.py:208} INFO - Processing /opt/airflow/dags/youtube_pipeline.py took 0.053 seconds
[2026-09-16T09:09:42.202+0000] {processor.py:186} INFO - Started process (PID=416) to work on /opt/airflow/dags/youtube_pipeline.py
[2026-09-16T09:09:42.204+0000] {processor.py:914} INFO - Processing file /opt/airflow/dags/youtube_pipeline.py for tasks to queue
[2026-09-16T09:09:42.211+0000] {logging_mixin.py:190} INFO - [2026-09-16T09:09:42.210+0000] {dagbag.py:588} INFO - Filling up the DagBag from /opt/airflow/dags/youtube_pipeline.py
[2026-09-16T09:09:42.263+0000] {logging_mixin.py:190} INFO - [2026-09-16T09:09:42.257+0000] {dagbag.py:387} ERROR - Failed to import: /opt/airflow/dags/youtube_pipeline.py
Traceback (most recent call last):
  File "/home/airflow/.local/lib/python3.10/site-packages/airflow/models/dagbag.py", line 383, in parse
    loader.exec_module(new_module)
  File "<frozen importlib._bootstrap_external>", line 883, in exec_module
  File "<frozen importlib._bootstrap>", line 241, in _call_with_frames_removed
  File "/opt/airflow/dags/youtube_pipeline.py", line 4, in <module>
    from airflow.providers.standard.operators.python import PythonOperator
ModuleNotFoundError: No module named 'airflow.providers.standard'
[2026-09-16T09:09:42.266+0000] {processor.py:927} WARNING - No viable dags retrieved from /opt/airflow/dags/youtube_pipeline.py
[2026-09-16T09:09:42.294+0000] {processor.py:208} INFO - Processing /opt/airflow/dags/youtube_pipeline.py took 0.100 seconds
[2026-09-16T09:10:12.508+0000] {processor.py:186} INFO - Started process (PID=423) to work on /opt/airflow/dags/youtube_pipeline.py
[2026-09-16T09:10:12.509+0000] {processor.py:914} INFO - Processing file /opt/airflow/dags/youtube_pipeline.py for tasks to queue
[2026-09-16T09:10:12.512+0000] {logging_mixin.py:190} INFO - [2026-09-16T09:10:12.512+0000] {dagbag.py:588} INFO - Filling up the DagBag from /opt/airflow/dags/youtube_pipeline.py
[2026-09-16T09:10:12.534+0000] {logging_mixin.py:190} INFO - [2026-09-16T09:10:12.530+0000] {dagbag.py:387} ERROR - Failed to import: /opt/airflow/dags/youtube_pipeline.py
Traceback (most recent call last):
  File "/home/airflow/.local/lib/python3.10/site-packages/airflow/models/dagbag.py", line 383, in parse
    loader.exec_module(new_module)
  File "<frozen importlib._bootstrap_external>", line 883, in exec_module
  File "<frozen importlib._bootstrap>", line 241, in _call_with_frames_removed
  File "/opt/airflow/dags/youtube_pipeline.py", line 4, in <module>
    from airflow.providers.standard.operators.python import PythonOperator
ModuleNotFoundError: No module named 'airflow.providers.standard'
[2026-09-16T09:10:12.536+0000] {processor.py:927} WARNING - No viable dags retrieved from /opt/airflow/dags/youtube_pipeline.py
[2026-09-16T09:10:12.556+0000] {processor.py:208} INFO - Processing /opt/airflow/dags/youtube_pipeline.py took 0.053 seconds
[2026-09-16T09:10:42.885+0000] {processor.py:186} INFO - Started process (PID=430) to work on /opt/airflow/dags/youtube_pipeline.py
[2026-09-16T09:10:42.889+0000] {processor.py:914} INFO - Processing file /opt/airflow/dags/youtube_pipeline.py for tasks to queue
[2026-09-16T09:10:42.910+0000] {logging_mixin.py:190} INFO - [2026-09-16T09:10:42.904+0000] {dagbag.py:588} INFO - Filling up the DagBag from /opt/airflow/dags/youtube_pipeline.py
[2026-09-16T09:10:42.961+0000] {logging_mixin.py:190} INFO - [2026-09-16T09:10:42.951+0000] {dagbag.py:387} ERROR - Failed to import: /opt/airflow/dags/youtube_pipeline.py
Traceback (most recent call last):
  File "/home/airflow/.local/lib/python3.10/site-packages/airflow/models/dagbag.py", line 383, in parse
    loader.exec_module(new_module)
  File "<frozen importlib._bootstrap_external>", line 883, in exec_module
  File "<frozen importlib._bootstrap>", line 241, in _call_with_frames_removed
  File "/opt/airflow/dags/youtube_pipeline.py", line 4, in <module>
    from airflow.providers.standard.operators.python import PythonOperator
ModuleNotFoundError: No module named 'airflow.providers.standard'
[2026-09-16T09:10:42.964+0000] {processor.py:927} WARNING - No viable dags retrieved from /opt/airflow/dags/youtube_pipeline.py
[2026-09-16T09:10:43.021+0000] {processor.py:208} INFO - Processing /opt/airflow/dags/youtube_pipeline.py took 0.162 seconds
[2026-09-16T09:11:13.345+0000] {processor.py:186} INFO - Started process (PID=437) to work on /opt/airflow/dags/youtube_pipeline.py
[2026-09-16T09:11:13.349+0000] {processor.py:914} INFO - Processing file /opt/airflow/dags/youtube_pipeline.py for tasks to queue
[2026-09-16T09:11:13.358+0000] {logging_mixin.py:190} INFO - [2026-09-16T09:11:13.357+0000] {dagbag.py:588} INFO - Filling up the DagBag from /opt/airflow/dags/youtube_pipeline.py
[2026-09-16T09:11:13.410+0000] {logging_mixin.py:190} INFO - [2026-09-16T09:11:13.400+0000] {dagbag.py:387} ERROR - Failed to import: /opt/airflow/dags/youtube_pipeline.py
Traceback (most recent call last):
  File "/home/airflow/.local/lib/python3.10/site-packages/airflow/models/dagbag.py", line 383, in parse
    loader.exec_module(new_module)
  File "<frozen importlib._bootstrap_external>", line 883, in exec_module
  File "<frozen importlib._bootstrap>", line 241, in _call_with_frames_removed
  File "/opt/airflow/dags/youtube_pipeline.py", line 4, in <module>
    from airflow.providers.standard.operators.python import PythonOperator
ModuleNotFoundError: No module named 'airflow.providers.standard'
[2026-09-16T09:11:13.414+0000] {processor.py:927} WARNING - No viable dags retrieved from /opt/airflow/dags/youtube_pipeline.py
[2026-09-16T09:11:13.473+0000] {processor.py:208} INFO - Processing /opt/airflow/dags/youtube_pipeline.py took 0.157 seconds
[2026-09-16T09:11:43.806+0000] {processor.py:186} INFO - Started process (PID=444) to work on /opt/airflow/dags/youtube_pipeline.py
[2026-09-16T09:11:43.809+0000] {processor.py:914} INFO - Processing file /opt/airflow/dags/youtube_pipeline.py for tasks to queue
[2026-09-16T09:11:43.817+0000] {logging_mixin.py:190} INFO - [2026-09-16T09:11:43.816+0000] {dagbag.py:588} INFO - Filling up the DagBag from /opt/airflow/dags/youtube_pipeline.py
[2026-09-16T09:11:43.871+0000] {logging_mixin.py:190} INFO - [2026-09-16T09:11:43.862+0000] {dagbag.py:387} ERROR - Failed to import: /opt/airflow/dags/youtube_pipeline.py
Traceback (most recent call last):
  File "/home/airflow/.local/lib/python3.10/site-packages/airflow/models/dagbag.py", line 383, in parse
    loader.exec_module(new_module)
  File "<frozen importlib._bootstrap_external>", line 883, in exec_module
  File "<frozen importlib._bootstrap>", line 241, in _call_with_frames_removed
  File "/opt/airflow/dags/youtube_pipeline.py", line 4, in <module>
    from airflow.providers.standard.operators.python import PythonOperator
ModuleNotFoundError: No module named 'airflow.providers.standard'
[2026-09-16T09:11:43.875+0000] {processor.py:927} WARNING - No viable dags retrieved from /opt/airflow/dags/youtube_pipeline.py
[2026-09-16T09:11:43.929+0000] {processor.py:208} INFO - Processing /opt/airflow/dags/youtube_pipeline.py took 0.134 seconds
[2026-09-16T09:12:14.097+0000] {processor.py:186} INFO - Started process (PID=452) to work on /opt/airflow/dags/youtube_pipeline.py
[2026-09-16T09:12:14.100+0000] {processor.py:914} INFO - Processing file /opt/airflow/dags/youtube_pipeline.py for tasks to queue
[2026-09-16T09:12:14.104+0000] {logging_mixin.py:190} INFO - [2026-09-16T09:12:14.104+0000] {dagbag.py:588} INFO - Filling up the DagBag from /opt/airflow/dags/youtube_pipeline.py
[2026-09-16T09:12:14.134+0000] {logging_mixin.py:190} INFO - [2026-09-16T09:12:14.128+0000] {dagbag.py:387} ERROR - Failed to import: /opt/airflow/dags/youtube_pipeline.py
Traceback (most recent call last):
  File "/home/airflow/.local/lib/python3.10/site-packages/airflow/models/dagbag.py", line 383, in parse
    loader.exec_module(new_module)
  File "<frozen importlib._bootstrap_external>", line 883, in exec_module
  File "<frozen importlib._bootstrap>", line 241, in _call_with_frames_removed
  File "/opt/airflow/dags/youtube_pipeline.py", line 4, in <module>
    from airflow.providers.standard.operators.python import PythonOperator
ModuleNotFoundError: No module named 'airflow.providers.standard'
[2026-09-16T09:12:14.136+0000] {processor.py:927} WARNING - No viable dags retrieved from /opt/airflow/dags/youtube_pipeline.py
[2026-09-16T09:12:14.214+0000] {processor.py:208} INFO - Processing /opt/airflow/dags/youtube_pipeline.py took 0.157 seconds
[2026-09-16T09:12:44.591+0000] {processor.py:186} INFO - Started process (PID=459) to work on /opt/airflow/dags/youtube_pipeline.py
[2026-09-16T09:12:44.596+0000] {processor.py:914} INFO - Processing file /opt/airflow/dags/youtube_pipeline.py for tasks to queue
[2026-09-16T09:12:44.606+0000] {logging_mixin.py:190} INFO - [2026-09-16T09:12:44.605+0000] {dagbag.py:588} INFO - Filling up the DagBag from /opt/airflow/dags/youtube_pipeline.py
[2026-09-16T09:12:44.639+0000] {logging_mixin.py:190} INFO - [2026-09-16T09:12:44.633+0000] {dagbag.py:387} ERROR - Failed to import: /opt/airflow/dags/youtube_pipeline.py
Traceback (most recent call last):
  File "/home/airflow/.local/lib/python3.10/site-packages/airflow/models/dagbag.py", line 383, in parse
    loader.exec_module(new_module)
  File "<frozen importlib._bootstrap_external>", line 883, in exec_module
  File "<frozen importlib._bootstrap>", line 241, in _call_with_frames_removed
  File "/opt/airflow/dags/youtube_pipeline.py", line 4, in <module>
    from airflow.providers.standard.operators.python import PythonOperator
ModuleNotFoundError: No module named 'airflow.providers.standard'
[2026-09-16T09:12:44.642+0000] {processor.py:927} WARNING - No viable dags retrieved from /opt/airflow/dags/youtube_pipeline.py
[2026-09-16T09:12:44.671+0000] {processor.py:208} INFO - Processing /opt/airflow/dags/youtube_pipeline.py took 0.167 seconds
[2026-09-16T09:13:08.712+0000] {processor.py:186} INFO - Started process (PID=466) to work on /opt/airflow/dags/youtube_pipeline.py
[2026-09-16T09:13:08.717+0000] {processor.py:914} INFO - Processing file /opt/airflow/dags/youtube_pipeline.py for tasks to queue
[2026-09-16T09:13:08.733+0000] {logging_mixin.py:190} INFO - [2026-09-16T09:13:08.732+0000] {dagbag.py:588} INFO - Filling up the DagBag from /opt/airflow/dags/youtube_pipeline.py
[2026-09-16T09:13:08.806+0000] {logging_mixin.py:190} INFO - [2026-09-16T09:13:08.797+0000] {dagbag.py:387} ERROR - Failed to import: /opt/airflow/dags/youtube_pipeline.py
Traceback (most recent call last):
  File "/home/airflow/.local/lib/python3.10/site-packages/airflow/models/dagbag.py", line 383, in parse
    loader.exec_module(new_module)
  File "<frozen importlib._bootstrap_external>", line 883, in exec_module
  File "<frozen importlib._bootstrap>", line 241, in _call_with_frames_removed
  File "/opt/airflow/dags/youtube_pipeline.py", line 6, in <module>
    from include.extract import youtube_extract as extract_videos
ModuleNotFoundError: No module named 'include'
[2026-09-16T09:13:08.816+0000] {processor.py:927} WARNING - No viable dags retrieved from /opt/airflow/dags/youtube_pipeline.py
[2026-09-16T09:13:09.018+0000] {processor.py:208} INFO - Processing /opt/airflow/dags/youtube_pipeline.py took 0.318 seconds
[2026-09-16T09:13:24.029+0000] {processor.py:186} INFO - Started process (PID=467) to work on /opt/airflow/dags/youtube_pipeline.py
[2026-09-16T09:13:24.046+0000] {processor.py:914} INFO - Processing file /opt/airflow/dags/youtube_pipeline.py for tasks to queue
[2026-09-16T09:13:24.053+0000] {logging_mixin.py:190} INFO - [2026-09-16T09:13:24.053+0000] {dagbag.py:588} INFO - Filling up the DagBag from /opt/airflow/dags/youtube_pipeline.py
[2026-09-16T09:13:24.148+0000] {logging_mixin.py:190} INFO - [2026-09-16T09:13:24.134+0000] {dagbag.py:387} ERROR - Failed to import: /opt/airflow/dags/youtube_pipeline.py
Traceback (most recent call last):
  File "/home/airflow/.local/lib/python3.10/site-packages/airflow/models/dagbag.py", line 383, in parse
    loader.exec_module(new_module)
  File "<frozen importlib._bootstrap_external>", line 883, in exec_module
  File "<frozen importlib._bootstrap>", line 241, in _call_with_frames_removed
  File "/opt/airflow/dags/youtube_pipeline.py", line 6, in <module>
    from include.extract import youtube_extract as extract_videos
ModuleNotFoundError: No module named 'include'
[2026-09-16T09:13:24.154+0000] {processor.py:927} WARNING - No viable dags retrieved from /opt/airflow/dags/youtube_pipeline.py
[2026-09-16T09:13:24.206+0000] {processor.py:208} INFO - Processing /opt/airflow/dags/youtube_pipeline.py took 0.185 seconds
[2026-09-16T09:13:54.448+0000] {processor.py:186} INFO - Started process (PID=480) to work on /opt/airflow/dags/youtube_pipeline.py
[2026-09-16T09:13:54.450+0000] {processor.py:914} INFO - Processing file /opt/airflow/dags/youtube_pipeline.py for tasks to queue
[2026-09-16T09:13:54.455+0000] {logging_mixin.py:190} INFO - [2026-09-16T09:13:54.455+0000] {dagbag.py:588} INFO - Filling up the DagBag from /opt/airflow/dags/youtube_pipeline.py
[2026-09-16T09:13:54.490+0000] {logging_mixin.py:190} INFO - [2026-09-16T09:13:54.484+0000] {dagbag.py:387} ERROR - Failed to import: /opt/airflow/dags/youtube_pipeline.py
Traceback (most recent call last):
  File "/home/airflow/.local/lib/python3.10/site-packages/airflow/models/dagbag.py", line 383, in parse
    loader.exec_module(new_module)
  File "<frozen importlib._bootstrap_external>", line 883, in exec_module
  File "<frozen importlib._bootstrap>", line 241, in _call_with_frames_removed
  File "/opt/airflow/dags/youtube_pipeline.py", line 6, in <module>
    from include.extract import youtube_extract as extract_videos
ModuleNotFoundError: No module named 'include'
[2026-09-16T09:13:54.493+0000] {processor.py:927} WARNING - No viable dags retrieved from /opt/airflow/dags/youtube_pipeline.py
[2026-09-16T09:13:54.520+0000] {processor.py:208} INFO - Processing /opt/airflow/dags/youtube_pipeline.py took 0.082 seconds
[2026-09-16T09:14:24.701+0000] {processor.py:186} INFO - Started process (PID=487) to work on /opt/airflow/dags/youtube_pipeline.py
[2026-09-16T09:14:24.704+0000] {processor.py:914} INFO - Processing file /opt/airflow/dags/youtube_pipeline.py for tasks to queue
[2026-09-16T09:14:24.708+0000] {logging_mixin.py:190} INFO - [2026-09-16T09:14:24.708+0000] {dagbag.py:588} INFO - Filling up the DagBag from /opt/airflow/dags/youtube_pipeline.py
[2026-09-16T09:14:24.729+0000] {logging_mixin.py:190} INFO - [2026-09-16T09:14:24.725+0000] {dagbag.py:387} ERROR - Failed to import: /opt/airflow/dags/youtube_pipeline.py
Traceback (most recent call last):
  File "/home/airflow/.local/lib/python3.10/site-packages/airflow/models/dagbag.py", line 383, in parse
    loader.exec_module(new_module)
  File "<frozen importlib._bootstrap_external>", line 883, in exec_module
  File "<frozen importlib._bootstrap>", line 241, in _call_with_frames_removed
  File "/opt/airflow/dags/youtube_pipeline.py", line 6, in <module>
    from include.extract import youtube_extract as extract_videos
ModuleNotFoundError: No module named 'include'
[2026-09-16T09:14:24.730+0000] {processor.py:927} WARNING - No viable dags retrieved from /opt/airflow/dags/youtube_pipeline.py
[2026-09-16T09:14:24.756+0000] {processor.py:208} INFO - Processing /opt/airflow/dags/youtube_pipeline.py took 0.060 seconds
[2026-09-16T09:14:55.240+0000] {processor.py:186} INFO - Started process (PID=494) to work on /opt/airflow/dags/youtube_pipeline.py
[2026-09-16T09:14:55.242+0000] {processor.py:914} INFO - Processing file /opt/airflow/dags/youtube_pipeline.py for tasks to queue
[2026-09-16T09:14:55.247+0000] {logging_mixin.py:190} INFO - [2026-09-16T09:14:55.246+0000] {dagbag.py:588} INFO - Filling up the DagBag from /opt/airflow/dags/youtube_pipeline.py
[2026-09-16T09:14:55.948+0000] {logging_mixin.py:190} INFO - [2026-09-16T09:14:55.943+0000] {dagbag.py:387} ERROR - Failed to import: /opt/airflow/dags/youtube_pipeline.py
Traceback (most recent call last):
  File "/home/airflow/.local/lib/python3.10/site-packages/airflow/models/dagbag.py", line 383, in parse
    loader.exec_module(new_module)
  File "<frozen importlib._bootstrap_external>", line 883, in exec_module
  File "<frozen importlib._bootstrap>", line 241, in _call_with_frames_removed
  File "/opt/airflow/dags/youtube_pipeline.py", line 35, in <module>
    python_callable=load_videos.load,
AttributeError: module 'include.load.youtube_load' has no attribute 'load'
[2026-09-16T09:14:55.951+0000] {processor.py:927} WARNING - No viable dags retrieved from /opt/airflow/dags/youtube_pipeline.py
[2026-09-16T09:14:55.980+0000] {processor.py:208} INFO - Processing /opt/airflow/dags/youtube_pipeline.py took 0.745 seconds
[2026-09-16T09:15:22.450+0000] {processor.py:186} INFO - Started process (PID=495) to work on /opt/airflow/dags/youtube_pipeline.py
[2026-09-16T09:15:22.453+0000] {processor.py:914} INFO - Processing file /opt/airflow/dags/youtube_pipeline.py for tasks to queue
[2026-09-16T09:15:22.460+0000] {logging_mixin.py:190} INFO - [2026-09-16T09:15:22.459+0000] {dagbag.py:588} INFO - Filling up the DagBag from /opt/airflow/dags/youtube_pipeline.py
[2026-09-16T09:15:22.518+0000] {logging_mixin.py:190} INFO - [2026-09-16T09:15:22.511+0000] {dagbag.py:387} ERROR - Failed to import: /opt/airflow/dags/youtube_pipeline.py
Traceback (most recent call last):
  File "/home/airflow/.local/lib/python3.10/site-packages/airflow/models/dagbag.py", line 383, in parse
    loader.exec_module(new_module)
  File "<frozen importlib._bootstrap_external>", line 883, in exec_module
  File "<frozen importlib._bootstrap>", line 241, in _call_with_frames_removed
  File "/opt/airflow/dags/youtube_pipeline.py", line 6, in <module>
    from dags.include.extract import youtube_extract as extract_videos
ModuleNotFoundError: No module named 'dags'
[2026-09-16T09:15:22.520+0000] {processor.py:927} WARNING - No viable dags retrieved from /opt/airflow/dags/youtube_pipeline.py
[2026-09-16T09:15:22.546+0000] {processor.py:208} INFO - Processing /opt/airflow/dags/youtube_pipeline.py took 0.112 seconds
[2026-09-16T09:15:52.711+0000] {processor.py:186} INFO - Started process (PID=502) to work on /opt/airflow/dags/youtube_pipeline.py
[2026-09-16T09:15:52.715+0000] {processor.py:914} INFO - Processing file /opt/airflow/dags/youtube_pipeline.py for tasks to queue
[2026-09-16T09:15:52.721+0000] {logging_mixin.py:190} INFO - [2026-09-16T09:15:52.721+0000] {dagbag.py:588} INFO - Filling up the DagBag from /opt/airflow/dags/youtube_pipeline.py
[2026-09-16T09:15:52.757+0000] {logging_mixin.py:190} INFO - [2026-09-16T09:15:52.752+0000] {dagbag.py:387} ERROR - Failed to import: /opt/airflow/dags/youtube_pipeline.py
Traceback (most recent call last):
  File "/home/airflow/.local/lib/python3.10/site-packages/airflow/models/dagbag.py", line 383, in parse
    loader.exec_module(new_module)
  File "<frozen importlib._bootstrap_external>", line 883, in exec_module
  File "<frozen importlib._bootstrap>", line 241, in _call_with_frames_removed
  File "/opt/airflow/dags/youtube_pipeline.py", line 6, in <module>
    from dags.include.extract import youtube_extract as extract_videos
ModuleNotFoundError: No module named 'dags'
[2026-09-16T09:15:52.759+0000] {processor.py:927} WARNING - No viable dags retrieved from /opt/airflow/dags/youtube_pipeline.py
[2026-09-16T09:15:52.788+0000] {processor.py:208} INFO - Processing /opt/airflow/dags/youtube_pipeline.py took 0.089 seconds
[2026-09-16T09:16:07.911+0000] {processor.py:186} INFO - Started process (PID=510) to work on /opt/airflow/dags/youtube_pipeline.py
[2026-09-16T09:16:07.914+0000] {processor.py:914} INFO - Processing file /opt/airflow/dags/youtube_pipeline.py for tasks to queue
[2026-09-16T09:16:07.920+0000] {logging_mixin.py:190} INFO - [2026-09-16T09:16:07.920+0000] {dagbag.py:588} INFO - Filling up the DagBag from /opt/airflow/dags/youtube_pipeline.py
[2026-09-16T09:16:07.961+0000] {logging_mixin.py:190} INFO - [2026-09-16T09:16:07.956+0000] {dagbag.py:387} ERROR - Failed to import: /opt/airflow/dags/youtube_pipeline.py
Traceback (most recent call last):
  File "/home/airflow/.local/lib/python3.10/site-packages/airflow/models/dagbag.py", line 383, in parse
    loader.exec_module(new_module)
  File "<frozen importlib._bootstrap_external>", line 883, in exec_module
  File "<frozen importlib._bootstrap>", line 241, in _call_with_frames_removed
  File "/opt/airflow/dags/youtube_pipeline.py", line 6, in <module>
    from logs.include.extract import youtube_extract as extract_videos
ModuleNotFoundError: No module named 'logs'
[2026-09-16T09:16:07.963+0000] {processor.py:927} WARNING - No viable dags retrieved from /opt/airflow/dags/youtube_pipeline.py
[2026-09-16T09:16:07.982+0000] {processor.py:208} INFO - Processing /opt/airflow/dags/youtube_pipeline.py took 0.077 seconds
[2026-09-16T09:16:38.175+0000] {processor.py:186} INFO - Started process (PID=517) to work on /opt/airflow/dags/youtube_pipeline.py
[2026-09-16T09:16:38.178+0000] {processor.py:914} INFO - Processing file /opt/airflow/dags/youtube_pipeline.py for tasks to queue
[2026-09-16T09:16:38.184+0000] {logging_mixin.py:190} INFO - [2026-09-16T09:16:38.184+0000] {dagbag.py:588} INFO - Filling up the DagBag from /opt/airflow/dags/youtube_pipeline.py
[2026-09-16T09:16:38.214+0000] {logging_mixin.py:190} INFO - [2026-09-16T09:16:38.210+0000] {dagbag.py:387} ERROR - Failed to import: /opt/airflow/dags/youtube_pipeline.py
Traceback (most recent call last):
  File "/home/airflow/.local/lib/python3.10/site-packages/airflow/models/dagbag.py", line 383, in parse
    loader.exec_module(new_module)
  File "<frozen importlib._bootstrap_external>", line 883, in exec_module
  File "<frozen importlib._bootstrap>", line 241, in _call_with_frames_removed
  File "/opt/airflow/dags/youtube_pipeline.py", line 6, in <module>
    from logs.include.extract import youtube_extract as extract_videos
ModuleNotFoundError: No module named 'logs'
[2026-09-16T09:16:38.217+0000] {processor.py:927} WARNING - No viable dags retrieved from /opt/airflow/dags/youtube_pipeline.py
[2026-09-16T09:16:38.244+0000] {processor.py:208} INFO - Processing /opt/airflow/dags/youtube_pipeline.py took 0.076 seconds
[2026-09-16T09:17:08.486+0000] {processor.py:186} INFO - Started process (PID=524) to work on /opt/airflow/dags/youtube_pipeline.py
[2026-09-16T09:17:08.488+0000] {processor.py:914} INFO - Processing file /opt/airflow/dags/youtube_pipeline.py for tasks to queue
[2026-09-16T09:17:08.493+0000] {logging_mixin.py:190} INFO - [2026-09-16T09:17:08.492+0000] {dagbag.py:588} INFO - Filling up the DagBag from /opt/airflow/dags/youtube_pipeline.py
[2026-09-16T09:17:08.519+0000] {logging_mixin.py:190} INFO - [2026-09-16T09:17:08.514+0000] {dagbag.py:387} ERROR - Failed to import: /opt/airflow/dags/youtube_pipeline.py
Traceback (most recent call last):
  File "/home/airflow/.local/lib/python3.10/site-packages/airflow/models/dagbag.py", line 383, in parse
    loader.exec_module(new_module)
  File "<frozen importlib._bootstrap_external>", line 883, in exec_module
  File "<frozen importlib._bootstrap>", line 241, in _call_with_frames_removed
  File "/opt/airflow/dags/youtube_pipeline.py", line 6, in <module>
    from logs.include.extract import youtube_extract as extract_videos
ModuleNotFoundError: No module named 'logs'
[2026-09-16T09:17:08.521+0000] {processor.py:927} WARNING - No viable dags retrieved from /opt/airflow/dags/youtube_pipeline.py
[2026-09-16T09:17:08.541+0000] {processor.py:208} INFO - Processing /opt/airflow/dags/youtube_pipeline.py took 0.060 seconds
[2026-09-16T09:17:38.743+0000] {processor.py:186} INFO - Started process (PID=531) to work on /opt/airflow/dags/youtube_pipeline.py
[2026-09-16T09:17:38.745+0000] {processor.py:914} INFO - Processing file /opt/airflow/dags/youtube_pipeline.py for tasks to queue
[2026-09-16T09:17:38.748+0000] {logging_mixin.py:190} INFO - [2026-09-16T09:17:38.748+0000] {dagbag.py:588} INFO - Filling up the DagBag from /opt/airflow/dags/youtube_pipeline.py
[2026-09-16T09:17:38.773+0000] {logging_mixin.py:190} INFO - [2026-09-16T09:17:38.768+0000] {dagbag.py:387} ERROR - Failed to import: /opt/airflow/dags/youtube_pipeline.py
Traceback (most recent call last):
  File "/home/airflow/.local/lib/python3.10/site-packages/airflow/models/dagbag.py", line 383, in parse
    loader.exec_module(new_module)
  File "<frozen importlib._bootstrap_external>", line 883, in exec_module
  File "<frozen importlib._bootstrap>", line 241, in _call_with_frames_removed
  File "/opt/airflow/dags/youtube_pipeline.py", line 6, in <module>
    from logs.include.extract import youtube_extract as extract_videos
ModuleNotFoundError: No module named 'logs'
[2026-09-16T09:17:38.775+0000] {processor.py:927} WARNING - No viable dags retrieved from /opt/airflow/dags/youtube_pipeline.py
[2026-09-16T09:17:38.805+0000] {processor.py:208} INFO - Processing /opt/airflow/dags/youtube_pipeline.py took 0.069 seconds
[2026-09-16T09:18:09.038+0000] {processor.py:186} INFO - Started process (PID=538) to work on /opt/airflow/dags/youtube_pipeline.py
[2026-09-16T09:18:09.040+0000] {processor.py:914} INFO - Processing file /opt/airflow/dags/youtube_pipeline.py for tasks to queue
[2026-09-16T09:18:09.044+0000] {logging_mixin.py:190} INFO - [2026-09-16T09:18:09.044+0000] {dagbag.py:588} INFO - Filling up the DagBag from /opt/airflow/dags/youtube_pipeline.py
[2026-09-16T09:18:09.070+0000] {logging_mixin.py:190} INFO - [2026-09-16T09:18:09.065+0000] {dagbag.py:387} ERROR - Failed to import: /opt/airflow/dags/youtube_pipeline.py
Traceback (most recent call last):
  File "/home/airflow/.local/lib/python3.10/site-packages/airflow/models/dagbag.py", line 383, in parse
    loader.exec_module(new_module)
  File "<frozen importlib._bootstrap_external>", line 883, in exec_module
  File "<frozen importlib._bootstrap>", line 241, in _call_with_frames_removed
  File "/opt/airflow/dags/youtube_pipeline.py", line 6, in <module>
    from logs.include.extract import youtube_extract as extract_videos
ModuleNotFoundError: No module named 'logs'
[2026-09-16T09:18:09.071+0000] {processor.py:927} WARNING - No viable dags retrieved from /opt/airflow/dags/youtube_pipeline.py
[2026-09-16T09:18:09.090+0000] {processor.py:208} INFO - Processing /opt/airflow/dags/youtube_pipeline.py took 0.057 seconds
[2026-09-16T09:18:39.335+0000] {processor.py:186} INFO - Started process (PID=545) to work on /opt/airflow/dags/youtube_pipeline.py
[2026-09-16T09:18:39.338+0000] {processor.py:914} INFO - Processing file /opt/airflow/dags/youtube_pipeline.py for tasks to queue
[2026-09-16T09:18:39.343+0000] {logging_mixin.py:190} INFO - [2026-09-16T09:18:39.342+0000] {dagbag.py:588} INFO - Filling up the DagBag from /opt/airflow/dags/youtube_pipeline.py
[2026-09-16T09:18:39.366+0000] {logging_mixin.py:190} INFO - [2026-09-16T09:18:39.362+0000] {dagbag.py:387} ERROR - Failed to import: /opt/airflow/dags/youtube_pipeline.py
Traceback (most recent call last):
  File "/home/airflow/.local/lib/python3.10/site-packages/airflow/models/dagbag.py", line 383, in parse
    loader.exec_module(new_module)
  File "<frozen importlib._bootstrap_external>", line 883, in exec_module
  File "<frozen importlib._bootstrap>", line 241, in _call_with_frames_removed
  File "/opt/airflow/dags/youtube_pipeline.py", line 6, in <module>
    from logs.include.extract import youtube_extract as extract_videos
ModuleNotFoundError: No module named 'logs'
[2026-09-16T09:18:39.368+0000] {processor.py:927} WARNING - No viable dags retrieved from /opt/airflow/dags/youtube_pipeline.py
[2026-09-16T09:18:39.391+0000] {processor.py:208} INFO - Processing /opt/airflow/dags/youtube_pipeline.py took 0.061 seconds
[2026-09-16T09:19:05.594+0000] {processor.py:186} INFO - Started process (PID=552) to work on /opt/airflow/dags/youtube_pipeline.py
[2026-09-16T09:19:05.596+0000] {processor.py:914} INFO - Processing file /opt/airflow/dags/youtube_pipeline.py for tasks to queue
[2026-09-16T09:19:05.601+0000] {logging_mixin.py:190} INFO - [2026-09-16T09:19:05.600+0000] {dagbag.py:588} INFO - Filling up the DagBag from /opt/airflow/dags/youtube_pipeline.py
[2026-09-16T09:19:05.850+0000] {logging_mixin.py:190} INFO - [2026-09-16T09:19:05.845+0000] {dagbag.py:387} ERROR - Failed to import: /opt/airflow/dags/youtube_pipeline.py
Traceback (most recent call last):
  File "/home/airflow/.local/lib/python3.10/site-packages/airflow/models/dagbag.py", line 383, in parse
    loader.exec_module(new_module)
  File "<frozen importlib._bootstrap_external>", line 883, in exec_module
  File "<frozen importlib._bootstrap>", line 241, in _call_with_frames_removed
  File "/opt/airflow/dags/youtube_pipeline.py", line 40, in <module>
    python_callable=load_videos.load,
AttributeError: module 'logs.include.load.youtube_load' has no attribute 'load'
[2026-09-16T09:19:05.852+0000] {processor.py:927} WARNING - No viable dags retrieved from /opt/airflow/dags/youtube_pipeline.py
[2026-09-16T09:19:05.878+0000] {processor.py:208} INFO - Processing /opt/airflow/dags/youtube_pipeline.py took 0.296 seconds
[2026-09-16T09:19:07.677+0000] {processor.py:186} INFO - Started process (PID=553) to work on /opt/airflow/dags/youtube_pipeline.py
[2026-09-16T09:19:07.680+0000] {processor.py:914} INFO - Processing file /opt/airflow/dags/youtube_pipeline.py for tasks to queue
[2026-09-16T09:19:07.683+0000] {logging_mixin.py:190} INFO - [2026-09-16T09:19:07.683+0000] {dagbag.py:588} INFO - Filling up the DagBag from /opt/airflow/dags/youtube_pipeline.py
[2026-09-16T09:19:07.851+0000] {logging_mixin.py:190} INFO - [2026-09-16T09:19:07.846+0000] {dagbag.py:387} ERROR - Failed to import: /opt/airflow/dags/youtube_pipeline.py
Traceback (most recent call last):
  File "/home/airflow/.local/lib/python3.10/site-packages/airflow/models/dagbag.py", line 383, in parse
    loader.exec_module(new_module)
  File "<frozen importlib._bootstrap_external>", line 883, in exec_module
  File "<frozen importlib._bootstrap>", line 241, in _call_with_frames_removed
  File "/opt/airflow/dags/youtube_pipeline.py", line 40, in <module>
    python_callable=load_videos.load,
AttributeError: module 'logs.include.load.youtube_load' has no attribute 'load'
[2026-09-16T09:19:07.853+0000] {processor.py:927} WARNING - No viable dags retrieved from /opt/airflow/dags/youtube_pipeline.py
[2026-09-16T09:19:07.873+0000] {processor.py:208} INFO - Processing /opt/airflow/dags/youtube_pipeline.py took 0.201 seconds
[2026-09-16T09:19:37.941+0000] {processor.py:186} INFO - Started process (PID=560) to work on /opt/airflow/dags/youtube_pipeline.py
[2026-09-16T09:19:37.943+0000] {processor.py:914} INFO - Processing file /opt/airflow/dags/youtube_pipeline.py for tasks to queue
[2026-09-16T09:19:37.949+0000] {logging_mixin.py:190} INFO - [2026-09-16T09:19:37.949+0000] {dagbag.py:588} INFO - Filling up the DagBag from /opt/airflow/dags/youtube_pipeline.py
[2026-09-16T09:19:38.167+0000] {logging_mixin.py:190} INFO - [2026-09-16T09:19:38.157+0000] {dagbag.py:387} ERROR - Failed to import: /opt/airflow/dags/youtube_pipeline.py
Traceback (most recent call last):
  File "/home/airflow/.local/lib/python3.10/site-packages/airflow/models/dagbag.py", line 383, in parse
    loader.exec_module(new_module)
  File "<frozen importlib._bootstrap_external>", line 883, in exec_module
  File "<frozen importlib._bootstrap>", line 241, in _call_with_frames_removed
  File "/opt/airflow/dags/youtube_pipeline.py", line 40, in <module>
    python_callable=load_videos.load,
AttributeError: module 'logs.include.load.youtube_load' has no attribute 'load'
[2026-09-16T09:19:38.170+0000] {processor.py:927} WARNING - No viable dags retrieved from /opt/airflow/dags/youtube_pipeline.py
[2026-09-16T09:19:38.201+0000] {processor.py:208} INFO - Processing /opt/airflow/dags/youtube_pipeline.py took 0.268 seconds
[2026-09-16T09:20:08.505+0000] {processor.py:186} INFO - Started process (PID=567) to work on /opt/airflow/dags/youtube_pipeline.py
[2026-09-16T09:20:08.507+0000] {processor.py:914} INFO - Processing file /opt/airflow/dags/youtube_pipeline.py for tasks to queue
[2026-09-16T09:20:08.511+0000] {logging_mixin.py:190} INFO - [2026-09-16T09:20:08.511+0000] {dagbag.py:588} INFO - Filling up the DagBag from /opt/airflow/dags/youtube_pipeline.py
[2026-09-16T09:20:08.679+0000] {logging_mixin.py:190} INFO - [2026-09-16T09:20:08.674+0000] {dagbag.py:387} ERROR - Failed to import: /opt/airflow/dags/youtube_pipeline.py
Traceback (most recent call last):
  File "/home/airflow/.local/lib/python3.10/site-packages/airflow/models/dagbag.py", line 383, in parse
    loader.exec_module(new_module)
  File "<frozen importlib._bootstrap_external>", line 883, in exec_module
  File "<frozen importlib._bootstrap>", line 241, in _call_with_frames_removed
  File "/opt/airflow/dags/youtube_pipeline.py", line 40, in <module>
    python_callable=load_videos.load,
AttributeError: module 'logs.include.load.youtube_load' has no attribute 'load'
[2026-09-16T09:20:08.682+0000] {processor.py:927} WARNING - No viable dags retrieved from /opt/airflow/dags/youtube_pipeline.py
[2026-09-16T09:20:08.705+0000] {processor.py:208} INFO - Processing /opt/airflow/dags/youtube_pipeline.py took 0.205 seconds
[2026-09-16T09:20:38.772+0000] {processor.py:186} INFO - Started process (PID=574) to work on /opt/airflow/dags/youtube_pipeline.py
[2026-09-16T09:20:38.774+0000] {processor.py:914} INFO - Processing file /opt/airflow/dags/youtube_pipeline.py for tasks to queue
[2026-09-16T09:20:38.778+0000] {logging_mixin.py:190} INFO - [2026-09-16T09:20:38.778+0000] {dagbag.py:588} INFO - Filling up the DagBag from /opt/airflow/dags/youtube_pipeline.py
[2026-09-16T09:20:38.942+0000] {logging_mixin.py:190} INFO - [2026-09-16T09:20:38.936+0000] {dagbag.py:387} ERROR - Failed to import: /opt/airflow/dags/youtube_pipeline.py
Traceback (most recent call last):
  File "/home/airflow/.local/lib/python3.10/site-packages/airflow/models/dagbag.py", line 383, in parse
    loader.exec_module(new_module)
  File "<frozen importlib._bootstrap_external>", line 883, in exec_module
  File "<frozen importlib._bootstrap>", line 241, in _call_with_frames_removed
  File "/opt/airflow/dags/youtube_pipeline.py", line 40, in <module>
    python_callable=load_videos.load,
AttributeError: module 'logs.include.load.youtube_load' has no attribute 'load'
[2026-09-16T09:20:38.944+0000] {processor.py:927} WARNING - No viable dags retrieved from /opt/airflow/dags/youtube_pipeline.py
[2026-09-16T09:20:38.965+0000] {processor.py:208} INFO - Processing /opt/airflow/dags/youtube_pipeline.py took 0.199 seconds
[2026-09-16T09:21:09.173+0000] {processor.py:186} INFO - Started process (PID=581) to work on /opt/airflow/dags/youtube_pipeline.py
[2026-09-16T09:21:09.175+0000] {processor.py:914} INFO - Processing file /opt/airflow/dags/youtube_pipeline.py for tasks to queue
[2026-09-16T09:21:09.181+0000] {logging_mixin.py:190} INFO - [2026-09-16T09:21:09.180+0000] {dagbag.py:588} INFO - Filling up the DagBag from /opt/airflow/dags/youtube_pipeline.py
[2026-09-16T09:21:09.337+0000] {logging_mixin.py:190} INFO - [2026-09-16T09:21:09.333+0000] {dagbag.py:387} ERROR - Failed to import: /opt/airflow/dags/youtube_pipeline.py
Traceback (most recent call last):
  File "/home/airflow/.local/lib/python3.10/site-packages/airflow/models/dagbag.py", line 383, in parse
    loader.exec_module(new_module)
  File "<frozen importlib._bootstrap_external>", line 883, in exec_module
  File "<frozen importlib._bootstrap>", line 241, in _call_with_frames_removed
  File "/opt/airflow/dags/youtube_pipeline.py", line 40, in <module>
    python_callable=load_videos.load,
AttributeError: module 'logs.include.load.youtube_load' has no attribute 'load'
[2026-09-16T09:21:09.338+0000] {processor.py:927} WARNING - No viable dags retrieved from /opt/airflow/dags/youtube_pipeline.py
[2026-09-16T09:21:09.358+0000] {processor.py:208} INFO - Processing /opt/airflow/dags/youtube_pipeline.py took 0.191 seconds
[2026-09-16T09:21:24.357+0000] {processor.py:186} INFO - Started process (PID=582) to work on /opt/airflow/dags/youtube_pipeline.py
[2026-09-16T09:21:24.359+0000] {processor.py:914} INFO - Processing file /opt/airflow/dags/youtube_pipeline.py for tasks to queue
[2026-09-16T09:21:24.362+0000] {logging_mixin.py:190} INFO - [2026-09-16T09:21:24.362+0000] {dagbag.py:588} INFO - Filling up the DagBag from /opt/airflow/dags/youtube_pipeline.py
[2026-09-16T09:21:24.419+0000] {logging_mixin.py:190} INFO - [2026-09-16T09:21:24.413+0000] {dagbag.py:387} ERROR - Failed to import: /opt/airflow/dags/youtube_pipeline.py
Traceback (most recent call last):
  File "/home/airflow/.local/lib/python3.10/site-packages/airflow/models/dagbag.py", line 383, in parse
    loader.exec_module(new_module)
  File "<frozen importlib._bootstrap_external>", line 883, in exec_module
  File "<frozen importlib._bootstrap>", line 241, in _call_with_frames_removed
  File "/opt/airflow/dags/youtube_pipeline.py", line 6, in <module>
    from logs.include.extract import youtube_extract as extract_videos
ModuleNotFoundError: No module named 'logs'
[2026-09-16T09:21:24.423+0000] {processor.py:927} WARNING - No viable dags retrieved from /opt/airflow/dags/youtube_pipeline.py
[2026-09-16T09:21:24.458+0000] {processor.py:208} INFO - Processing /opt/airflow/dags/youtube_pipeline.py took 0.107 seconds
[2026-09-16T09:21:33.455+0000] {processor.py:186} INFO - Started process (PID=589) to work on /opt/airflow/dags/youtube_pipeline.py
[2026-09-16T09:21:33.457+0000] {processor.py:914} INFO - Processing file /opt/airflow/dags/youtube_pipeline.py for tasks to queue
[2026-09-16T09:21:33.460+0000] {logging_mixin.py:190} INFO - [2026-09-16T09:21:33.459+0000] {dagbag.py:588} INFO - Filling up the DagBag from /opt/airflow/dags/youtube_pipeline.py
[2026-09-16T09:21:33.509+0000] {logging_mixin.py:190} INFO - [2026-09-16T09:21:33.504+0000] {dagbag.py:387} ERROR - Failed to import: /opt/airflow/dags/youtube_pipeline.py
Traceback (most recent call last):
  File "/home/airflow/.local/lib/python3.10/site-packages/airflow/models/dagbag.py", line 383, in parse
    loader.exec_module(new_module)
  File "<frozen importlib._bootstrap_external>", line 883, in exec_module
  File "<frozen importlib._bootstrap>", line 241, in _call_with_frames_removed
  File "/opt/airflow/dags/youtube_pipeline.py", line 6, in <module>
    from logs.include.extract import youtube_extract as extract_videos
ModuleNotFoundError: No module named 'logs'
[2026-09-16T09:21:33.511+0000] {processor.py:927} WARNING - No viable dags retrieved from /opt/airflow/dags/youtube_pipeline.py
[2026-09-16T09:21:33.533+0000] {processor.py:208} INFO - Processing /opt/airflow/dags/youtube_pipeline.py took 0.085 seconds
[2026-09-16T09:22:03.741+0000] {processor.py:186} INFO - Started process (PID=596) to work on /opt/airflow/dags/youtube_pipeline.py
[2026-09-16T09:22:03.744+0000] {processor.py:914} INFO - Processing file /opt/airflow/dags/youtube_pipeline.py for tasks to queue
[2026-09-16T09:22:03.753+0000] {logging_mixin.py:190} INFO - [2026-09-16T09:22:03.752+0000] {dagbag.py:588} INFO - Filling up the DagBag from /opt/airflow/dags/youtube_pipeline.py
[2026-09-16T09:22:03.805+0000] {logging_mixin.py:190} INFO - [2026-09-16T09:22:03.796+0000] {dagbag.py:387} ERROR - Failed to import: /opt/airflow/dags/youtube_pipeline.py
Traceback (most recent call last):
  File "/home/airflow/.local/lib/python3.10/site-packages/airflow/models/dagbag.py", line 383, in parse
    loader.exec_module(new_module)
  File "<frozen importlib._bootstrap_external>", line 883, in exec_module
  File "<frozen importlib._bootstrap>", line 241, in _call_with_frames_removed
  File "/opt/airflow/dags/youtube_pipeline.py", line 6, in <module>
    from logs.include.extract import youtube_extract as extract_videos
ModuleNotFoundError: No module named 'logs'
[2026-09-16T09:22:03.809+0000] {processor.py:927} WARNING - No viable dags retrieved from /opt/airflow/dags/youtube_pipeline.py
[2026-09-16T09:22:03.841+0000] {processor.py:208} INFO - Processing /opt/airflow/dags/youtube_pipeline.py took 0.111 seconds
[2026-09-16T09:22:06.930+0000] {processor.py:186} INFO - Started process (PID=597) to work on /opt/airflow/dags/youtube_pipeline.py
[2026-09-16T09:22:06.932+0000] {processor.py:914} INFO - Processing file /opt/airflow/dags/youtube_pipeline.py for tasks to queue
[2026-09-16T09:22:06.937+0000] {logging_mixin.py:190} INFO - [2026-09-16T09:22:06.936+0000] {dagbag.py:588} INFO - Filling up the DagBag from /opt/airflow/dags/youtube_pipeline.py
[2026-09-16T09:22:06.993+0000] {logging_mixin.py:190} INFO - [2026-09-16T09:22:06.984+0000] {dagbag.py:387} ERROR - Failed to import: /opt/airflow/dags/youtube_pipeline.py
Traceback (most recent call last):
  File "/home/airflow/.local/lib/python3.10/site-packages/airflow/models/dagbag.py", line 383, in parse
    loader.exec_module(new_module)
  File "<frozen importlib._bootstrap_external>", line 883, in exec_module
  File "<frozen importlib._bootstrap>", line 241, in _call_with_frames_removed
  File "/opt/airflow/dags/youtube_pipeline.py", line 4, in <module>
    from airflow.providers.standard.operators.python import PythonOperator
ModuleNotFoundError: No module named 'airflow.providers.standard'
[2026-09-16T09:22:06.996+0000] {processor.py:927} WARNING - No viable dags retrieved from /opt/airflow/dags/youtube_pipeline.py
[2026-09-16T09:22:07.034+0000] {processor.py:208} INFO - Processing /opt/airflow/dags/youtube_pipeline.py took 0.115 seconds
[2026-09-16T09:22:31.194+0000] {processor.py:186} INFO - Started process (PID=604) to work on /opt/airflow/dags/youtube_pipeline.py
[2026-09-16T09:22:31.198+0000] {processor.py:914} INFO - Processing file /opt/airflow/dags/youtube_pipeline.py for tasks to queue
[2026-09-16T09:22:31.210+0000] {logging_mixin.py:190} INFO - [2026-09-16T09:22:31.209+0000] {dagbag.py:588} INFO - Filling up the DagBag from /opt/airflow/dags/youtube_pipeline.py
[2026-09-16T09:22:31.303+0000] {logging_mixin.py:190} INFO - [2026-09-16T09:22:31.291+0000] {dagbag.py:387} ERROR - Failed to import: /opt/airflow/dags/youtube_pipeline.py
Traceback (most recent call last):
  File "/home/airflow/.local/lib/python3.10/site-packages/airflow/models/dagbag.py", line 383, in parse
    loader.exec_module(new_module)
  File "<frozen importlib._bootstrap_external>", line 883, in exec_module
  File "<frozen importlib._bootstrap>", line 241, in _call_with_frames_removed
  File "/opt/airflow/dags/youtube_pipeline.py", line 4, in <module>
    from airflow.providers.standard.operators.python import PythonOperator
ModuleNotFoundError: No module named 'airflow.providers.standard'
[2026-09-16T09:22:31.308+0000] {processor.py:927} WARNING - No viable dags retrieved from /opt/airflow/dags/youtube_pipeline.py
[2026-09-16T09:22:31.375+0000] {processor.py:208} INFO - Processing /opt/airflow/dags/youtube_pipeline.py took 0.198 seconds
[2026-09-16T09:22:34.345+0000] {processor.py:186} INFO - Started process (PID=605) to work on /opt/airflow/dags/youtube_pipeline.py
[2026-09-16T09:22:34.348+0000] {processor.py:914} INFO - Processing file /opt/airflow/dags/youtube_pipeline.py for tasks to queue
[2026-09-16T09:22:34.358+0000] {logging_mixin.py:190} INFO - [2026-09-16T09:22:34.357+0000] {dagbag.py:588} INFO - Filling up the DagBag from /opt/airflow/dags/youtube_pipeline.py
[2026-09-16T09:22:34.411+0000] {logging_mixin.py:190} INFO - [2026-09-16T09:22:34.403+0000] {dagbag.py:387} ERROR - Failed to import: /opt/airflow/dags/youtube_pipeline.py
Traceback (most recent call last):
  File "/home/airflow/.local/lib/python3.10/site-packages/airflow/models/dagbag.py", line 383, in parse
    loader.exec_module(new_module)
  File "<frozen importlib._bootstrap_external>", line 883, in exec_module
  File "<frozen importlib._bootstrap>", line 241, in _call_with_frames_removed
  File "/opt/airflow/dags/youtube_pipeline.py", line 4, in <module>
    from airflow.providers.standard.operators.python import PythonOperator
ModuleNotFoundError: No module named 'airflow.providers.standard'
[2026-09-16T09:22:34.414+0000] {processor.py:927} WARNING - No viable dags retrieved from /opt/airflow/dags/youtube_pipeline.py
[2026-09-16T09:22:34.448+0000] {processor.py:208} INFO - Processing /opt/airflow/dags/youtube_pipeline.py took 0.111 seconds
[2026-09-16T09:22:43.560+0000] {processor.py:186} INFO - Started process (PID=606) to work on /opt/airflow/dags/youtube_pipeline.py
[2026-09-16T09:22:43.562+0000] {processor.py:914} INFO - Processing file /opt/airflow/dags/youtube_pipeline.py for tasks to queue
[2026-09-16T09:22:43.570+0000] {logging_mixin.py:190} INFO - [2026-09-16T09:22:43.569+0000] {dagbag.py:588} INFO - Filling up the DagBag from /opt/airflow/dags/youtube_pipeline.py
[2026-09-16T09:22:43.644+0000] {logging_mixin.py:190} INFO - [2026-09-16T09:22:43.633+0000] {dagbag.py:387} ERROR - Failed to import: /opt/airflow/dags/youtube_pipeline.py
Traceback (most recent call last):
  File "/home/airflow/.local/lib/python3.10/site-packages/airflow/models/dagbag.py", line 383, in parse
    loader.exec_module(new_module)
  File "<frozen importlib._bootstrap_external>", line 883, in exec_module
  File "<frozen importlib._bootstrap>", line 241, in _call_with_frames_removed
  File "/opt/airflow/dags/youtube_pipeline.py", line 4, in <module>
    from airflow.providers.standard.operators.python import PythonOperator
ModuleNotFoundError: No module named 'airflow.providers.standard'
[2026-09-16T09:22:43.648+0000] {processor.py:927} WARNING - No viable dags retrieved from /opt/airflow/dags/youtube_pipeline.py
[2026-09-16T09:22:43.690+0000] {processor.py:208} INFO - Processing /opt/airflow/dags/youtube_pipeline.py took 0.138 seconds
[2026-09-16T09:22:45.623+0000] {processor.py:186} INFO - Started process (PID=607) to work on /opt/airflow/dags/youtube_pipeline.py
[2026-09-16T09:22:45.625+0000] {processor.py:914} INFO - Processing file /opt/airflow/dags/youtube_pipeline.py for tasks to queue
[2026-09-16T09:22:45.634+0000] {logging_mixin.py:190} INFO - [2026-09-16T09:22:45.634+0000] {dagbag.py:588} INFO - Filling up the DagBag from /opt/airflow/dags/youtube_pipeline.py
[2026-09-16T09:22:45.675+0000] {logging_mixin.py:190} INFO - [2026-09-16T09:22:45.668+0000] {dagbag.py:387} ERROR - Failed to import: /opt/airflow/dags/youtube_pipeline.py
Traceback (most recent call last):
  File "/home/airflow/.local/lib/python3.10/site-packages/airflow/models/dagbag.py", line 383, in parse
    loader.exec_module(new_module)
  File "<frozen importlib._bootstrap_external>", line 883, in exec_module
  File "<frozen importlib._bootstrap>", line 241, in _call_with_frames_removed
  File "/opt/airflow/dags/youtube_pipeline.py", line 4, in <module>
    from airflow.providers.standard.operators.python import PythonOperator
ModuleNotFoundError: No module named 'airflow.providers.standard'
[2026-09-16T09:22:45.679+0000] {processor.py:927} WARNING - No viable dags retrieved from /opt/airflow/dags/youtube_pipeline.py
[2026-09-16T09:22:45.722+0000] {processor.py:208} INFO - Processing /opt/airflow/dags/youtube_pipeline.py took 0.105 seconds
[2026-09-16T09:23:14.880+0000] {processor.py:186} INFO - Started process (PID=614) to work on /opt/airflow/dags/youtube_pipeline.py
[2026-09-16T09:23:14.885+0000] {processor.py:914} INFO - Processing file /opt/airflow/dags/youtube_pipeline.py for tasks to queue
[2026-09-16T09:23:14.893+0000] {logging_mixin.py:190} INFO - [2026-09-16T09:23:14.892+0000] {dagbag.py:588} INFO - Filling up the DagBag from /opt/airflow/dags/youtube_pipeline.py
[2026-09-16T09:23:14.960+0000] {logging_mixin.py:190} INFO - [2026-09-16T09:23:14.953+0000] {dagbag.py:387} ERROR - Failed to import: /opt/airflow/dags/youtube_pipeline.py
Traceback (most recent call last):
  File "/home/airflow/.local/lib/python3.10/site-packages/airflow/models/dagbag.py", line 383, in parse
    loader.exec_module(new_module)
  File "<frozen importlib._bootstrap_external>", line 883, in exec_module
  File "<frozen importlib._bootstrap>", line 241, in _call_with_frames_removed
  File "/opt/airflow/dags/youtube_pipeline.py", line 6, in <module>
    from logs.include.extract import youtube_extract as extract_videos
ModuleNotFoundError: No module named 'logs'
[2026-09-16T09:23:14.964+0000] {processor.py:927} WARNING - No viable dags retrieved from /opt/airflow/dags/youtube_pipeline.py
[2026-09-16T09:23:14.991+0000] {processor.py:208} INFO - Processing /opt/airflow/dags/youtube_pipeline.py took 0.119 seconds
[2026-09-16T09:23:39.220+0000] {processor.py:186} INFO - Started process (PID=621) to work on /opt/airflow/dags/youtube_pipeline.py
[2026-09-16T09:23:39.223+0000] {processor.py:914} INFO - Processing file /opt/airflow/dags/youtube_pipeline.py for tasks to queue
[2026-09-16T09:23:39.244+0000] {logging_mixin.py:190} INFO - [2026-09-16T09:23:39.242+0000] {dagbag.py:588} INFO - Filling up the DagBag from /opt/airflow/dags/youtube_pipeline.py
[2026-09-16T09:23:39.310+0000] {logging_mixin.py:190} INFO - [2026-09-16T09:23:39.304+0000] {dagbag.py:387} ERROR - Failed to import: /opt/airflow/dags/youtube_pipeline.py
Traceback (most recent call last):
  File "/home/airflow/.local/lib/python3.10/site-packages/airflow/models/dagbag.py", line 383, in parse
    loader.exec_module(new_module)
  File "<frozen importlib._bootstrap_external>", line 883, in exec_module
  File "<frozen importlib._bootstrap>", line 241, in _call_with_frames_removed
  File "/opt/airflow/dags/youtube_pipeline.py", line 6, in <module>
    from logs.include.extract import youtube_extract
ModuleNotFoundError: No module named 'logs'
[2026-09-16T09:23:39.312+0000] {processor.py:927} WARNING - No viable dags retrieved from /opt/airflow/dags/youtube_pipeline.py
[2026-09-16T09:23:39.340+0000] {processor.py:208} INFO - Processing /opt/airflow/dags/youtube_pipeline.py took 0.130 seconds
[2026-09-16T09:23:42.265+0000] {processor.py:186} INFO - Started process (PID=622) to work on /opt/airflow/dags/youtube_pipeline.py
[2026-09-16T09:23:42.267+0000] {processor.py:914} INFO - Processing file /opt/airflow/dags/youtube_pipeline.py for tasks to queue
[2026-09-16T09:23:42.271+0000] {logging_mixin.py:190} INFO - [2026-09-16T09:23:42.271+0000] {dagbag.py:588} INFO - Filling up the DagBag from /opt/airflow/dags/youtube_pipeline.py
[2026-09-16T09:23:42.312+0000] {logging_mixin.py:190} INFO - [2026-09-16T09:23:42.307+0000] {dagbag.py:387} ERROR - Failed to import: /opt/airflow/dags/youtube_pipeline.py
Traceback (most recent call last):
  File "/home/airflow/.local/lib/python3.10/site-packages/airflow/models/dagbag.py", line 383, in parse
    loader.exec_module(new_module)
  File "<frozen importlib._bootstrap_external>", line 883, in exec_module
  File "<frozen importlib._bootstrap>", line 241, in _call_with_frames_removed
  File "/opt/airflow/dags/youtube_pipeline.py", line 6, in <module>
    from logs.include.extract import youtube_extract
ModuleNotFoundError: No module named 'logs'
[2026-09-16T09:23:42.314+0000] {processor.py:927} WARNING - No viable dags retrieved from /opt/airflow/dags/youtube_pipeline.py
[2026-09-16T09:23:42.334+0000] {processor.py:208} INFO - Processing /opt/airflow/dags/youtube_pipeline.py took 0.075 seconds
[2026-09-16T09:23:48.321+0000] {processor.py:186} INFO - Started process (PID=623) to work on /opt/airflow/dags/youtube_pipeline.py
[2026-09-16T09:23:48.323+0000] {processor.py:914} INFO - Processing file /opt/airflow/dags/youtube_pipeline.py for tasks to queue
[2026-09-16T09:23:48.327+0000] {logging_mixin.py:190} INFO - [2026-09-16T09:23:48.326+0000] {dagbag.py:588} INFO - Filling up the DagBag from /opt/airflow/dags/youtube_pipeline.py
[2026-09-16T09:23:48.382+0000] {logging_mixin.py:190} INFO - [2026-09-16T09:23:48.374+0000] {dagbag.py:387} ERROR - Failed to import: /opt/airflow/dags/youtube_pipeline.py
Traceback (most recent call last):
  File "/home/airflow/.local/lib/python3.10/site-packages/airflow/models/dagbag.py", line 383, in parse
    loader.exec_module(new_module)
  File "<frozen importlib._bootstrap_external>", line 883, in exec_module
  File "<frozen importlib._bootstrap>", line 241, in _call_with_frames_removed
  File "/opt/airflow/dags/youtube_pipeline.py", line 6, in <module>
    from logs.include.extract import youtube_extract
ModuleNotFoundError: No module named 'logs'
[2026-09-16T09:23:48.387+0000] {processor.py:927} WARNING - No viable dags retrieved from /opt/airflow/dags/youtube_pipeline.py
[2026-09-16T09:23:48.434+0000] {processor.py:208} INFO - Processing /opt/airflow/dags/youtube_pipeline.py took 0.118 seconds
[2026-09-16T09:23:57.506+0000] {processor.py:186} INFO - Started process (PID=631) to work on /opt/airflow/dags/youtube_pipeline.py
[2026-09-16T09:23:57.508+0000] {processor.py:914} INFO - Processing file /opt/airflow/dags/youtube_pipeline.py for tasks to queue
[2026-09-16T09:23:57.512+0000] {logging_mixin.py:190} INFO - [2026-09-16T09:23:57.511+0000] {dagbag.py:588} INFO - Filling up the DagBag from /opt/airflow/dags/youtube_pipeline.py
[2026-09-16T09:23:57.553+0000] {logging_mixin.py:190} INFO - [2026-09-16T09:23:57.549+0000] {dagbag.py:387} ERROR - Failed to import: /opt/airflow/dags/youtube_pipeline.py
Traceback (most recent call last):
  File "/home/airflow/.local/lib/python3.10/site-packages/airflow/models/dagbag.py", line 383, in parse
    loader.exec_module(new_module)
  File "<frozen importlib._bootstrap_external>", line 883, in exec_module
  File "<frozen importlib._bootstrap>", line 241, in _call_with_frames_removed
  File "/opt/airflow/dags/youtube_pipeline.py", line 6, in <module>
    from logs.include.extract import youtube_extract
ModuleNotFoundError: No module named 'logs'
[2026-09-16T09:23:57.556+0000] {processor.py:927} WARNING - No viable dags retrieved from /opt/airflow/dags/youtube_pipeline.py
[2026-09-16T09:23:57.577+0000] {processor.py:208} INFO - Processing /opt/airflow/dags/youtube_pipeline.py took 0.078 seconds
[2026-09-16T09:24:02.595+0000] {processor.py:186} INFO - Started process (PID=632) to work on /opt/airflow/dags/youtube_pipeline.py
[2026-09-16T09:24:02.597+0000] {processor.py:914} INFO - Processing file /opt/airflow/dags/youtube_pipeline.py for tasks to queue
[2026-09-16T09:24:02.601+0000] {logging_mixin.py:190} INFO - [2026-09-16T09:24:02.601+0000] {dagbag.py:588} INFO - Filling up the DagBag from /opt/airflow/dags/youtube_pipeline.py
[2026-09-16T09:24:02.648+0000] {logging_mixin.py:190} INFO - [2026-09-16T09:24:02.643+0000] {dagbag.py:387} ERROR - Failed to import: /opt/airflow/dags/youtube_pipeline.py
Traceback (most recent call last):
  File "/home/airflow/.local/lib/python3.10/site-packages/airflow/models/dagbag.py", line 383, in parse
    loader.exec_module(new_module)
  File "<frozen importlib._bootstrap_external>", line 883, in exec_module
  File "<frozen importlib._bootstrap>", line 241, in _call_with_frames_removed
  File "/opt/airflow/dags/youtube_pipeline.py", line 6, in <module>
    from logs.include.extract import youtube_extract
ModuleNotFoundError: No module named 'logs'
[2026-09-16T09:24:02.650+0000] {processor.py:927} WARNING - No viable dags retrieved from /opt/airflow/dags/youtube_pipeline.py
[2026-09-16T09:24:02.669+0000] {processor.py:208} INFO - Processing /opt/airflow/dags/youtube_pipeline.py took 0.080 seconds
[2026-09-16T09:24:32.899+0000] {processor.py:186} INFO - Started process (PID=639) to work on /opt/airflow/dags/youtube_pipeline.py
[2026-09-16T09:24:32.901+0000] {processor.py:914} INFO - Processing file /opt/airflow/dags/youtube_pipeline.py for tasks to queue
[2026-09-16T09:24:32.905+0000] {logging_mixin.py:190} INFO - [2026-09-16T09:24:32.905+0000] {dagbag.py:588} INFO - Filling up the DagBag from /opt/airflow/dags/youtube_pipeline.py
[2026-09-16T09:24:32.932+0000] {logging_mixin.py:190} INFO - [2026-09-16T09:24:32.927+0000] {dagbag.py:387} ERROR - Failed to import: /opt/airflow/dags/youtube_pipeline.py
Traceback (most recent call last):
  File "/home/airflow/.local/lib/python3.10/site-packages/airflow/models/dagbag.py", line 383, in parse
    loader.exec_module(new_module)
  File "<frozen importlib._bootstrap_external>", line 883, in exec_module
  File "<frozen importlib._bootstrap>", line 241, in _call_with_frames_removed
  File "/opt/airflow/dags/youtube_pipeline.py", line 6, in <module>
    from logs.include.extract import youtube_extract
ModuleNotFoundError: No module named 'logs'
[2026-09-16T09:24:32.934+0000] {processor.py:927} WARNING - No viable dags retrieved from /opt/airflow/dags/youtube_pipeline.py
[2026-09-16T09:24:32.957+0000] {processor.py:208} INFO - Processing /opt/airflow/dags/youtube_pipeline.py took 0.063 seconds
[2026-09-16T09:25:03.201+0000] {processor.py:186} INFO - Started process (PID=646) to work on /opt/airflow/dags/youtube_pipeline.py
[2026-09-16T09:25:03.203+0000] {processor.py:914} INFO - Processing file /opt/airflow/dags/youtube_pipeline.py for tasks to queue
[2026-09-16T09:25:03.209+0000] {logging_mixin.py:190} INFO - [2026-09-16T09:25:03.209+0000] {dagbag.py:588} INFO - Filling up the DagBag from /opt/airflow/dags/youtube_pipeline.py
[2026-09-16T09:25:03.234+0000] {logging_mixin.py:190} INFO - [2026-09-16T09:25:03.230+0000] {dagbag.py:387} ERROR - Failed to import: /opt/airflow/dags/youtube_pipeline.py
Traceback (most recent call last):
  File "/home/airflow/.local/lib/python3.10/site-packages/airflow/models/dagbag.py", line 383, in parse
    loader.exec_module(new_module)
  File "<frozen importlib._bootstrap_external>", line 883, in exec_module
  File "<frozen importlib._bootstrap>", line 241, in _call_with_frames_removed
  File "/opt/airflow/dags/youtube_pipeline.py", line 6, in <module>
    from logs.include.extract import youtube_extract
ModuleNotFoundError: No module named 'logs'
[2026-09-16T09:25:03.236+0000] {processor.py:927} WARNING - No viable dags retrieved from /opt/airflow/dags/youtube_pipeline.py
[2026-09-16T09:25:03.256+0000] {processor.py:208} INFO - Processing /opt/airflow/dags/youtube_pipeline.py took 0.060 seconds
[2026-09-16T09:25:33.491+0000] {processor.py:186} INFO - Started process (PID=653) to work on /opt/airflow/dags/youtube_pipeline.py
[2026-09-16T09:25:33.494+0000] {processor.py:914} INFO - Processing file /opt/airflow/dags/youtube_pipeline.py for tasks to queue
[2026-09-16T09:25:33.498+0000] {logging_mixin.py:190} INFO - [2026-09-16T09:25:33.498+0000] {dagbag.py:588} INFO - Filling up the DagBag from /opt/airflow/dags/youtube_pipeline.py
[2026-09-16T09:25:33.529+0000] {logging_mixin.py:190} INFO - [2026-09-16T09:25:33.524+0000] {dagbag.py:387} ERROR - Failed to import: /opt/airflow/dags/youtube_pipeline.py
Traceback (most recent call last):
  File "/home/airflow/.local/lib/python3.10/site-packages/airflow/models/dagbag.py", line 383, in parse
    loader.exec_module(new_module)
  File "<frozen importlib._bootstrap_external>", line 883, in exec_module
  File "<frozen importlib._bootstrap>", line 241, in _call_with_frames_removed
  File "/opt/airflow/dags/youtube_pipeline.py", line 6, in <module>
    from logs.include.extract import youtube_extract
ModuleNotFoundError: No module named 'logs'
[2026-09-16T09:25:33.531+0000] {processor.py:927} WARNING - No viable dags retrieved from /opt/airflow/dags/youtube_pipeline.py
[2026-09-16T09:25:33.547+0000] {processor.py:208} INFO - Processing /opt/airflow/dags/youtube_pipeline.py took 0.061 seconds
[2026-09-16T09:26:03.854+0000] {processor.py:186} INFO - Started process (PID=660) to work on /opt/airflow/dags/youtube_pipeline.py
[2026-09-16T09:26:03.861+0000] {processor.py:914} INFO - Processing file /opt/airflow/dags/youtube_pipeline.py for tasks to queue
[2026-09-16T09:26:03.871+0000] {logging_mixin.py:190} INFO - [2026-09-16T09:26:03.871+0000] {dagbag.py:588} INFO - Filling up the DagBag from /opt/airflow/dags/youtube_pipeline.py
[2026-09-16T09:26:03.925+0000] {logging_mixin.py:190} INFO - [2026-09-16T09:26:03.916+0000] {dagbag.py:387} ERROR - Failed to import: /opt/airflow/dags/youtube_pipeline.py
Traceback (most recent call last):
  File "/home/airflow/.local/lib/python3.10/site-packages/airflow/models/dagbag.py", line 383, in parse
    loader.exec_module(new_module)
  File "<frozen importlib._bootstrap_external>", line 883, in exec_module
  File "<frozen importlib._bootstrap>", line 241, in _call_with_frames_removed
  File "/opt/airflow/dags/youtube_pipeline.py", line 6, in <module>
    from logs.include.extract import youtube_extract
ModuleNotFoundError: No module named 'logs'
[2026-09-16T09:26:03.929+0000] {processor.py:927} WARNING - No viable dags retrieved from /opt/airflow/dags/youtube_pipeline.py
[2026-09-16T09:26:03.966+0000] {processor.py:208} INFO - Processing /opt/airflow/dags/youtube_pipeline.py took 0.126 seconds
[2026-09-16T09:26:34.122+0000] {processor.py:186} INFO - Started process (PID=667) to work on /opt/airflow/dags/youtube_pipeline.py
[2026-09-16T09:26:34.124+0000] {processor.py:914} INFO - Processing file /opt/airflow/dags/youtube_pipeline.py for tasks to queue
[2026-09-16T09:26:34.129+0000] {logging_mixin.py:190} INFO - [2026-09-16T09:26:34.129+0000] {dagbag.py:588} INFO - Filling up the DagBag from /opt/airflow/dags/youtube_pipeline.py
[2026-09-16T09:26:34.160+0000] {logging_mixin.py:190} INFO - [2026-09-16T09:26:34.155+0000] {dagbag.py:387} ERROR - Failed to import: /opt/airflow/dags/youtube_pipeline.py
Traceback (most recent call last):
  File "/home/airflow/.local/lib/python3.10/site-packages/airflow/models/dagbag.py", line 383, in parse
    loader.exec_module(new_module)
  File "<frozen importlib._bootstrap_external>", line 883, in exec_module
  File "<frozen importlib._bootstrap>", line 241, in _call_with_frames_removed
  File "/opt/airflow/dags/youtube_pipeline.py", line 6, in <module>
    from logs.include.extract import youtube_extract
ModuleNotFoundError: No module named 'logs'
[2026-09-16T09:26:34.162+0000] {processor.py:927} WARNING - No viable dags retrieved from /opt/airflow/dags/youtube_pipeline.py
[2026-09-16T09:26:34.186+0000] {processor.py:208} INFO - Processing /opt/airflow/dags/youtube_pipeline.py took 0.070 seconds
[2026-09-16T09:27:04.415+0000] {processor.py:186} INFO - Started process (PID=674) to work on /opt/airflow/dags/youtube_pipeline.py
[2026-09-16T09:27:04.418+0000] {processor.py:914} INFO - Processing file /opt/airflow/dags/youtube_pipeline.py for tasks to queue
[2026-09-16T09:27:04.422+0000] {logging_mixin.py:190} INFO - [2026-09-16T09:27:04.421+0000] {dagbag.py:588} INFO - Filling up the DagBag from /opt/airflow/dags/youtube_pipeline.py
[2026-09-16T09:27:04.461+0000] {logging_mixin.py:190} INFO - [2026-09-16T09:27:04.455+0000] {dagbag.py:387} ERROR - Failed to import: /opt/airflow/dags/youtube_pipeline.py
Traceback (most recent call last):
  File "/home/airflow/.local/lib/python3.10/site-packages/airflow/models/dagbag.py", line 383, in parse
    loader.exec_module(new_module)
  File "<frozen importlib._bootstrap_external>", line 883, in exec_module
  File "<frozen importlib._bootstrap>", line 241, in _call_with_frames_removed
  File "/opt/airflow/dags/youtube_pipeline.py", line 6, in <module>
    from logs.include.extract import youtube_extract
ModuleNotFoundError: No module named 'logs'
[2026-09-16T09:27:04.464+0000] {processor.py:927} WARNING - No viable dags retrieved from /opt/airflow/dags/youtube_pipeline.py
[2026-09-16T09:27:04.483+0000] {processor.py:208} INFO - Processing /opt/airflow/dags/youtube_pipeline.py took 0.073 seconds
[2026-09-16T09:27:34.746+0000] {processor.py:186} INFO - Started process (PID=681) to work on /opt/airflow/dags/youtube_pipeline.py
[2026-09-16T09:27:34.748+0000] {processor.py:914} INFO - Processing file /opt/airflow/dags/youtube_pipeline.py for tasks to queue
[2026-09-16T09:27:34.752+0000] {logging_mixin.py:190} INFO - [2026-09-16T09:27:34.751+0000] {dagbag.py:588} INFO - Filling up the DagBag from /opt/airflow/dags/youtube_pipeline.py
[2026-09-16T09:27:34.768+0000] {logging_mixin.py:190} INFO - [2026-09-16T09:27:34.764+0000] {dagbag.py:387} ERROR - Failed to import: /opt/airflow/dags/youtube_pipeline.py
Traceback (most recent call last):
  File "/home/airflow/.local/lib/python3.10/site-packages/airflow/models/dagbag.py", line 383, in parse
    loader.exec_module(new_module)
  File "<frozen importlib._bootstrap_external>", line 883, in exec_module
  File "<frozen importlib._bootstrap>", line 241, in _call_with_frames_removed
  File "/opt/airflow/dags/youtube_pipeline.py", line 6, in <module>
    from logs.include.extract import youtube_extract
ModuleNotFoundError: No module named 'logs'
[2026-09-16T09:27:34.770+0000] {processor.py:927} WARNING - No viable dags retrieved from /opt/airflow/dags/youtube_pipeline.py
[2026-09-16T09:27:34.788+0000] {processor.py:208} INFO - Processing /opt/airflow/dags/youtube_pipeline.py took 0.048 seconds
[2026-09-16T09:28:05.021+0000] {processor.py:186} INFO - Started process (PID=688) to work on /opt/airflow/dags/youtube_pipeline.py
[2026-09-16T09:28:05.023+0000] {processor.py:914} INFO - Processing file /opt/airflow/dags/youtube_pipeline.py for tasks to queue
[2026-09-16T09:28:05.027+0000] {logging_mixin.py:190} INFO - [2026-09-16T09:28:05.027+0000] {dagbag.py:588} INFO - Filling up the DagBag from /opt/airflow/dags/youtube_pipeline.py
[2026-09-16T09:28:05.055+0000] {logging_mixin.py:190} INFO - [2026-09-16T09:28:05.050+0000] {dagbag.py:387} ERROR - Failed to import: /opt/airflow/dags/youtube_pipeline.py
Traceback (most recent call last):
  File "/home/airflow/.local/lib/python3.10/site-packages/airflow/models/dagbag.py", line 383, in parse
    loader.exec_module(new_module)
  File "<frozen importlib._bootstrap_external>", line 883, in exec_module
  File "<frozen importlib._bootstrap>", line 241, in _call_with_frames_removed
  File "/opt/airflow/dags/youtube_pipeline.py", line 6, in <module>
    from logs.include.extract import youtube_extract
ModuleNotFoundError: No module named 'logs'
[2026-09-16T09:28:05.057+0000] {processor.py:927} WARNING - No viable dags retrieved from /opt/airflow/dags/youtube_pipeline.py
[2026-09-16T09:28:05.077+0000] {processor.py:208} INFO - Processing /opt/airflow/dags/youtube_pipeline.py took 0.060 seconds
[2026-09-16T09:28:35.312+0000] {processor.py:186} INFO - Started process (PID=695) to work on /opt/airflow/dags/youtube_pipeline.py
[2026-09-16T09:28:35.314+0000] {processor.py:914} INFO - Processing file /opt/airflow/dags/youtube_pipeline.py for tasks to queue
[2026-09-16T09:28:35.318+0000] {logging_mixin.py:190} INFO - [2026-09-16T09:28:35.318+0000] {dagbag.py:588} INFO - Filling up the DagBag from /opt/airflow/dags/youtube_pipeline.py
[2026-09-16T09:28:35.342+0000] {logging_mixin.py:190} INFO - [2026-09-16T09:28:35.338+0000] {dagbag.py:387} ERROR - Failed to import: /opt/airflow/dags/youtube_pipeline.py
Traceback (most recent call last):
  File "/home/airflow/.local/lib/python3.10/site-packages/airflow/models/dagbag.py", line 383, in parse
    loader.exec_module(new_module)
  File "<frozen importlib._bootstrap_external>", line 883, in exec_module
  File "<frozen importlib._bootstrap>", line 241, in _call_with_frames_removed
  File "/opt/airflow/dags/youtube_pipeline.py", line 6, in <module>
    from logs.include.extract import youtube_extract
ModuleNotFoundError: No module named 'logs'
[2026-09-16T09:28:35.344+0000] {processor.py:927} WARNING - No viable dags retrieved from /opt/airflow/dags/youtube_pipeline.py
[2026-09-16T09:28:35.365+0000] {processor.py:208} INFO - Processing /opt/airflow/dags/youtube_pipeline.py took 0.058 seconds
[2026-09-16T09:29:05.684+0000] {processor.py:186} INFO - Started process (PID=703) to work on /opt/airflow/dags/youtube_pipeline.py
[2026-09-16T09:29:05.686+0000] {processor.py:914} INFO - Processing file /opt/airflow/dags/youtube_pipeline.py for tasks to queue
[2026-09-16T09:29:05.693+0000] {logging_mixin.py:190} INFO - [2026-09-16T09:29:05.693+0000] {dagbag.py:588} INFO - Filling up the DagBag from /opt/airflow/dags/youtube_pipeline.py
[2026-09-16T09:29:05.724+0000] {logging_mixin.py:190} INFO - [2026-09-16T09:29:05.719+0000] {dagbag.py:387} ERROR - Failed to import: /opt/airflow/dags/youtube_pipeline.py
Traceback (most recent call last):
  File "/home/airflow/.local/lib/python3.10/site-packages/airflow/models/dagbag.py", line 383, in parse
    loader.exec_module(new_module)
  File "<frozen importlib._bootstrap_external>", line 883, in exec_module
  File "<frozen importlib._bootstrap>", line 241, in _call_with_frames_removed
  File "/opt/airflow/dags/youtube_pipeline.py", line 6, in <module>
    from logs.include.extract import youtube_extract
ModuleNotFoundError: No module named 'logs'
[2026-09-16T09:29:05.726+0000] {processor.py:927} WARNING - No viable dags retrieved from /opt/airflow/dags/youtube_pipeline.py
[2026-09-16T09:29:05.747+0000] {processor.py:208} INFO - Processing /opt/airflow/dags/youtube_pipeline.py took 0.073 seconds
[2026-09-16T09:29:35.961+0000] {processor.py:186} INFO - Started process (PID=710) to work on /opt/airflow/dags/youtube_pipeline.py
[2026-09-16T09:29:35.964+0000] {processor.py:914} INFO - Processing file /opt/airflow/dags/youtube_pipeline.py for tasks to queue
[2026-09-16T09:29:35.968+0000] {logging_mixin.py:190} INFO - [2026-09-16T09:29:35.968+0000] {dagbag.py:588} INFO - Filling up the DagBag from /opt/airflow/dags/youtube_pipeline.py
[2026-09-16T09:29:36.001+0000] {logging_mixin.py:190} INFO - [2026-09-16T09:29:35.996+0000] {dagbag.py:387} ERROR - Failed to import: /opt/airflow/dags/youtube_pipeline.py
Traceback (most recent call last):
  File "/home/airflow/.local/lib/python3.10/site-packages/airflow/models/dagbag.py", line 383, in parse
    loader.exec_module(new_module)
  File "<frozen importlib._bootstrap_external>", line 883, in exec_module
  File "<frozen importlib._bootstrap>", line 241, in _call_with_frames_removed
  File "/opt/airflow/dags/youtube_pipeline.py", line 6, in <module>
    from logs.include.extract import youtube_extract
ModuleNotFoundError: No module named 'logs'
[2026-09-16T09:29:36.003+0000] {processor.py:927} WARNING - No viable dags retrieved from /opt/airflow/dags/youtube_pipeline.py
[2026-09-16T09:29:36.022+0000] {processor.py:208} INFO - Processing /opt/airflow/dags/youtube_pipeline.py took 0.065 seconds
[2026-09-16T09:30:06.300+0000] {processor.py:186} INFO - Started process (PID=717) to work on /opt/airflow/dags/youtube_pipeline.py
[2026-09-16T09:30:06.302+0000] {processor.py:914} INFO - Processing file /opt/airflow/dags/youtube_pipeline.py for tasks to queue
[2026-09-16T09:30:06.305+0000] {logging_mixin.py:190} INFO - [2026-09-16T09:30:06.305+0000] {dagbag.py:588} INFO - Filling up the DagBag from /opt/airflow/dags/youtube_pipeline.py
[2026-09-16T09:30:06.332+0000] {logging_mixin.py:190} INFO - [2026-09-16T09:30:06.327+0000] {dagbag.py:387} ERROR - Failed to import: /opt/airflow/dags/youtube_pipeline.py
Traceback (most recent call last):
  File "/home/airflow/.local/lib/python3.10/site-packages/airflow/models/dagbag.py", line 383, in parse
    loader.exec_module(new_module)
  File "<frozen importlib._bootstrap_external>", line 883, in exec_module
  File "<frozen importlib._bootstrap>", line 241, in _call_with_frames_removed
  File "/opt/airflow/dags/youtube_pipeline.py", line 6, in <module>
    from logs.include.extract import youtube_extract
ModuleNotFoundError: No module named 'logs'
[2026-09-16T09:30:06.334+0000] {processor.py:927} WARNING - No viable dags retrieved from /opt/airflow/dags/youtube_pipeline.py
[2026-09-16T09:30:06.354+0000] {processor.py:208} INFO - Processing /opt/airflow/dags/youtube_pipeline.py took 0.059 seconds
[2026-09-16T09:30:36.588+0000] {processor.py:186} INFO - Started process (PID=724) to work on /opt/airflow/dags/youtube_pipeline.py
[2026-09-16T09:30:36.589+0000] {processor.py:914} INFO - Processing file /opt/airflow/dags/youtube_pipeline.py for tasks to queue
[2026-09-16T09:30:36.593+0000] {logging_mixin.py:190} INFO - [2026-09-16T09:30:36.592+0000] {dagbag.py:588} INFO - Filling up the DagBag from /opt/airflow/dags/youtube_pipeline.py
[2026-09-16T09:30:36.609+0000] {logging_mixin.py:190} INFO - [2026-09-16T09:30:36.606+0000] {dagbag.py:387} ERROR - Failed to import: /opt/airflow/dags/youtube_pipeline.py
Traceback (most recent call last):
  File "/home/airflow/.local/lib/python3.10/site-packages/airflow/models/dagbag.py", line 383, in parse
    loader.exec_module(new_module)
  File "<frozen importlib._bootstrap_external>", line 883, in exec_module
  File "<frozen importlib._bootstrap>", line 241, in _call_with_frames_removed
  File "/opt/airflow/dags/youtube_pipeline.py", line 6, in <module>
    from logs.include.extract import youtube_extract
ModuleNotFoundError: No module named 'logs'
[2026-09-16T09:30:36.610+0000] {processor.py:927} WARNING - No viable dags retrieved from /opt/airflow/dags/youtube_pipeline.py
[2026-09-16T09:30:36.628+0000] {processor.py:208} INFO - Processing /opt/airflow/dags/youtube_pipeline.py took 0.045 seconds
[2026-09-16T09:31:06.899+0000] {processor.py:186} INFO - Started process (PID=731) to work on /opt/airflow/dags/youtube_pipeline.py
[2026-09-16T09:31:06.902+0000] {processor.py:914} INFO - Processing file /opt/airflow/dags/youtube_pipeline.py for tasks to queue
[2026-09-16T09:31:06.907+0000] {logging_mixin.py:190} INFO - [2026-09-16T09:31:06.907+0000] {dagbag.py:588} INFO - Filling up the DagBag from /opt/airflow/dags/youtube_pipeline.py
[2026-09-16T09:31:06.932+0000] {logging_mixin.py:190} INFO - [2026-09-16T09:31:06.928+0000] {dagbag.py:387} ERROR - Failed to import: /opt/airflow/dags/youtube_pipeline.py
Traceback (most recent call last):
  File "/home/airflow/.local/lib/python3.10/site-packages/airflow/models/dagbag.py", line 383, in parse
    loader.exec_module(new_module)
  File "<frozen importlib._bootstrap_external>", line 883, in exec_module
  File "<frozen importlib._bootstrap>", line 241, in _call_with_frames_removed
  File "/opt/airflow/dags/youtube_pipeline.py", line 6, in <module>
    from logs.include.extract import youtube_extract
ModuleNotFoundError: No module named 'logs'
[2026-09-16T09:31:06.933+0000] {processor.py:927} WARNING - No viable dags retrieved from /opt/airflow/dags/youtube_pipeline.py
[2026-09-16T09:31:06.951+0000] {processor.py:208} INFO - Processing /opt/airflow/dags/youtube_pipeline.py took 0.056 seconds
[2026-09-16T09:31:37.197+0000] {processor.py:186} INFO - Started process (PID=737) to work on /opt/airflow/dags/youtube_pipeline.py
[2026-09-16T09:31:37.199+0000] {processor.py:914} INFO - Processing file /opt/airflow/dags/youtube_pipeline.py for tasks to queue
[2026-09-16T09:31:37.202+0000] {logging_mixin.py:190} INFO - [2026-09-16T09:31:37.202+0000] {dagbag.py:588} INFO - Filling up the DagBag from /opt/airflow/dags/youtube_pipeline.py
[2026-09-16T09:31:37.231+0000] {logging_mixin.py:190} INFO - [2026-09-16T09:31:37.228+0000] {dagbag.py:387} ERROR - Failed to import: /opt/airflow/dags/youtube_pipeline.py
Traceback (most recent call last):
  File "/home/airflow/.local/lib/python3.10/site-packages/airflow/models/dagbag.py", line 383, in parse
    loader.exec_module(new_module)
  File "<frozen importlib._bootstrap_external>", line 883, in exec_module
  File "<frozen importlib._bootstrap>", line 241, in _call_with_frames_removed
  File "/opt/airflow/dags/youtube_pipeline.py", line 6, in <module>
    from logs.include.extract import youtube_extract
ModuleNotFoundError: No module named 'logs'
[2026-09-16T09:31:37.233+0000] {processor.py:927} WARNING - No viable dags retrieved from /opt/airflow/dags/youtube_pipeline.py
[2026-09-16T09:31:37.251+0000] {processor.py:208} INFO - Processing /opt/airflow/dags/youtube_pipeline.py took 0.061 seconds
[2026-09-16T09:32:07.525+0000] {processor.py:186} INFO - Started process (PID=744) to work on /opt/airflow/dags/youtube_pipeline.py
[2026-09-16T09:32:07.527+0000] {processor.py:914} INFO - Processing file /opt/airflow/dags/youtube_pipeline.py for tasks to queue
[2026-09-16T09:32:07.532+0000] {logging_mixin.py:190} INFO - [2026-09-16T09:32:07.531+0000] {dagbag.py:588} INFO - Filling up the DagBag from /opt/airflow/dags/youtube_pipeline.py
[2026-09-16T09:32:07.561+0000] {logging_mixin.py:190} INFO - [2026-09-16T09:32:07.557+0000] {dagbag.py:387} ERROR - Failed to import: /opt/airflow/dags/youtube_pipeline.py
Traceback (most recent call last):
  File "/home/airflow/.local/lib/python3.10/site-packages/airflow/models/dagbag.py", line 383, in parse
    loader.exec_module(new_module)
  File "<frozen importlib._bootstrap_external>", line 883, in exec_module
  File "<frozen importlib._bootstrap>", line 241, in _call_with_frames_removed
  File "/opt/airflow/dags/youtube_pipeline.py", line 6, in <module>
    from logs.include.extract import youtube_extract
ModuleNotFoundError: No module named 'logs'
[2026-09-16T09:32:07.563+0000] {processor.py:927} WARNING - No viable dags retrieved from /opt/airflow/dags/youtube_pipeline.py
[2026-09-16T09:32:07.582+0000] {processor.py:208} INFO - Processing /opt/airflow/dags/youtube_pipeline.py took 0.061 seconds
[2026-09-16T09:32:37.846+0000] {processor.py:186} INFO - Started process (PID=751) to work on /opt/airflow/dags/youtube_pipeline.py
[2026-09-16T09:32:37.848+0000] {processor.py:914} INFO - Processing file /opt/airflow/dags/youtube_pipeline.py for tasks to queue
[2026-09-16T09:32:37.852+0000] {logging_mixin.py:190} INFO - [2026-09-16T09:32:37.851+0000] {dagbag.py:588} INFO - Filling up the DagBag from /opt/airflow/dags/youtube_pipeline.py
[2026-09-16T09:32:37.873+0000] {logging_mixin.py:190} INFO - [2026-09-16T09:32:37.869+0000] {dagbag.py:387} ERROR - Failed to import: /opt/airflow/dags/youtube_pipeline.py
Traceback (most recent call last):
  File "/home/airflow/.local/lib/python3.10/site-packages/airflow/models/dagbag.py", line 383, in parse
    loader.exec_module(new_module)
  File "<frozen importlib._bootstrap_external>", line 883, in exec_module
  File "<frozen importlib._bootstrap>", line 241, in _call_with_frames_removed
  File "/opt/airflow/dags/youtube_pipeline.py", line 6, in <module>
    from logs.include.extract import youtube_extract
ModuleNotFoundError: No module named 'logs'
[2026-09-16T09:32:37.875+0000] {processor.py:927} WARNING - No viable dags retrieved from /opt/airflow/dags/youtube_pipeline.py
[2026-09-16T09:32:37.893+0000] {processor.py:208} INFO - Processing /opt/airflow/dags/youtube_pipeline.py took 0.051 seconds
[2026-09-16T09:33:08.153+0000] {processor.py:186} INFO - Started process (PID=758) to work on /opt/airflow/dags/youtube_pipeline.py
[2026-09-16T09:33:08.154+0000] {processor.py:914} INFO - Processing file /opt/airflow/dags/youtube_pipeline.py for tasks to queue
[2026-09-16T09:33:08.158+0000] {logging_mixin.py:190} INFO - [2026-09-16T09:33:08.158+0000] {dagbag.py:588} INFO - Filling up the DagBag from /opt/airflow/dags/youtube_pipeline.py
[2026-09-16T09:33:08.182+0000] {logging_mixin.py:190} INFO - [2026-09-16T09:33:08.179+0000] {dagbag.py:387} ERROR - Failed to import: /opt/airflow/dags/youtube_pipeline.py
Traceback (most recent call last):
  File "/home/airflow/.local/lib/python3.10/site-packages/airflow/models/dagbag.py", line 383, in parse
    loader.exec_module(new_module)
  File "<frozen importlib._bootstrap_external>", line 883, in exec_module
  File "<frozen importlib._bootstrap>", line 241, in _call_with_frames_removed
  File "/opt/airflow/dags/youtube_pipeline.py", line 6, in <module>
    from logs.include.extract import youtube_extract
ModuleNotFoundError: No module named 'logs'
[2026-09-16T09:33:08.184+0000] {processor.py:927} WARNING - No viable dags retrieved from /opt/airflow/dags/youtube_pipeline.py
[2026-09-16T09:33:08.200+0000] {processor.py:208} INFO - Processing /opt/airflow/dags/youtube_pipeline.py took 0.052 seconds
[2026-09-16T09:33:38.443+0000] {processor.py:186} INFO - Started process (PID=765) to work on /opt/airflow/dags/youtube_pipeline.py
[2026-09-16T09:33:38.445+0000] {processor.py:914} INFO - Processing file /opt/airflow/dags/youtube_pipeline.py for tasks to queue
[2026-09-16T09:33:38.449+0000] {logging_mixin.py:190} INFO - [2026-09-16T09:33:38.449+0000] {dagbag.py:588} INFO - Filling up the DagBag from /opt/airflow/dags/youtube_pipeline.py
[2026-09-16T09:33:38.469+0000] {logging_mixin.py:190} INFO - [2026-09-16T09:33:38.466+0000] {dagbag.py:387} ERROR - Failed to import: /opt/airflow/dags/youtube_pipeline.py
Traceback (most recent call last):
  File "/home/airflow/.local/lib/python3.10/site-packages/airflow/models/dagbag.py", line 383, in parse
    loader.exec_module(new_module)
  File "<frozen importlib._bootstrap_external>", line 883, in exec_module
  File "<frozen importlib._bootstrap>", line 241, in _call_with_frames_removed
  File "/opt/airflow/dags/youtube_pipeline.py", line 6, in <module>
    from logs.include.extract import youtube_extract
ModuleNotFoundError: No module named 'logs'
[2026-09-16T09:33:38.471+0000] {processor.py:927} WARNING - No viable dags retrieved from /opt/airflow/dags/youtube_pipeline.py
[2026-09-16T09:33:38.488+0000] {processor.py:208} INFO - Processing /opt/airflow/dags/youtube_pipeline.py took 0.050 seconds
[2026-09-16T09:34:08.770+0000] {processor.py:186} INFO - Started process (PID=772) to work on /opt/airflow/dags/youtube_pipeline.py
[2026-09-16T09:34:08.772+0000] {processor.py:914} INFO - Processing file /opt/airflow/dags/youtube_pipeline.py for tasks to queue
[2026-09-16T09:34:08.776+0000] {logging_mixin.py:190} INFO - [2026-09-16T09:34:08.776+0000] {dagbag.py:588} INFO - Filling up the DagBag from /opt/airflow/dags/youtube_pipeline.py
[2026-09-16T09:34:08.804+0000] {logging_mixin.py:190} INFO - [2026-09-16T09:34:08.800+0000] {dagbag.py:387} ERROR - Failed to import: /opt/airflow/dags/youtube_pipeline.py
Traceback (most recent call last):
  File "/home/airflow/.local/lib/python3.10/site-packages/airflow/models/dagbag.py", line 383, in parse
    loader.exec_module(new_module)
  File "<frozen importlib._bootstrap_external>", line 883, in exec_module
  File "<frozen importlib._bootstrap>", line 241, in _call_with_frames_removed
  File "/opt/airflow/dags/youtube_pipeline.py", line 6, in <module>
    from logs.include.extract import youtube_extract
ModuleNotFoundError: No module named 'logs'
[2026-09-16T09:34:08.806+0000] {processor.py:927} WARNING - No viable dags retrieved from /opt/airflow/dags/youtube_pipeline.py
[2026-09-16T09:34:08.824+0000] {processor.py:208} INFO - Processing /opt/airflow/dags/youtube_pipeline.py took 0.060 seconds
[2026-09-16T09:34:39.063+0000] {processor.py:186} INFO - Started process (PID=779) to work on /opt/airflow/dags/youtube_pipeline.py
[2026-09-16T09:34:39.065+0000] {processor.py:914} INFO - Processing file /opt/airflow/dags/youtube_pipeline.py for tasks to queue
[2026-09-16T09:34:39.070+0000] {logging_mixin.py:190} INFO - [2026-09-16T09:34:39.069+0000] {dagbag.py:588} INFO - Filling up the DagBag from /opt/airflow/dags/youtube_pipeline.py
[2026-09-16T09:34:39.097+0000] {logging_mixin.py:190} INFO - [2026-09-16T09:34:39.094+0000] {dagbag.py:387} ERROR - Failed to import: /opt/airflow/dags/youtube_pipeline.py
Traceback (most recent call last):
  File "/home/airflow/.local/lib/python3.10/site-packages/airflow/models/dagbag.py", line 383, in parse
    loader.exec_module(new_module)
  File "<frozen importlib._bootstrap_external>", line 883, in exec_module
  File "<frozen importlib._bootstrap>", line 241, in _call_with_frames_removed
  File "/opt/airflow/dags/youtube_pipeline.py", line 6, in <module>
    from logs.include.extract import youtube_extract
ModuleNotFoundError: No module named 'logs'
[2026-09-16T09:34:39.099+0000] {processor.py:927} WARNING - No viable dags retrieved from /opt/airflow/dags/youtube_pipeline.py
[2026-09-16T09:34:39.116+0000] {processor.py:208} INFO - Processing /opt/airflow/dags/youtube_pipeline.py took 0.057 seconds
[2026-09-16T09:35:09.435+0000] {processor.py:186} INFO - Started process (PID=786) to work on /opt/airflow/dags/youtube_pipeline.py
[2026-09-16T09:35:09.436+0000] {processor.py:914} INFO - Processing file /opt/airflow/dags/youtube_pipeline.py for tasks to queue
[2026-09-16T09:35:09.440+0000] {logging_mixin.py:190} INFO - [2026-09-16T09:35:09.439+0000] {dagbag.py:588} INFO - Filling up the DagBag from /opt/airflow/dags/youtube_pipeline.py
[2026-09-16T09:35:09.456+0000] {logging_mixin.py:190} INFO - [2026-09-16T09:35:09.452+0000] {dagbag.py:387} ERROR - Failed to import: /opt/airflow/dags/youtube_pipeline.py
Traceback (most recent call last):
  File "/home/airflow/.local/lib/python3.10/site-packages/airflow/models/dagbag.py", line 383, in parse
    loader.exec_module(new_module)
  File "<frozen importlib._bootstrap_external>", line 883, in exec_module
  File "<frozen importlib._bootstrap>", line 241, in _call_with_frames_removed
  File "/opt/airflow/dags/youtube_pipeline.py", line 6, in <module>
    from logs.include.extract import youtube_extract
ModuleNotFoundError: No module named 'logs'
[2026-09-16T09:35:09.457+0000] {processor.py:927} WARNING - No viable dags retrieved from /opt/airflow/dags/youtube_pipeline.py
[2026-09-16T09:35:09.474+0000] {processor.py:208} INFO - Processing /opt/airflow/dags/youtube_pipeline.py took 0.044 seconds
[2026-09-16T09:35:39.733+0000] {processor.py:186} INFO - Started process (PID=793) to work on /opt/airflow/dags/youtube_pipeline.py
[2026-09-16T09:35:39.736+0000] {processor.py:914} INFO - Processing file /opt/airflow/dags/youtube_pipeline.py for tasks to queue
[2026-09-16T09:35:39.739+0000] {logging_mixin.py:190} INFO - [2026-09-16T09:35:39.739+0000] {dagbag.py:588} INFO - Filling up the DagBag from /opt/airflow/dags/youtube_pipeline.py
[2026-09-16T09:35:39.765+0000] {logging_mixin.py:190} INFO - [2026-09-16T09:35:39.761+0000] {dagbag.py:387} ERROR - Failed to import: /opt/airflow/dags/youtube_pipeline.py
Traceback (most recent call last):
  File "/home/airflow/.local/lib/python3.10/site-packages/airflow/models/dagbag.py", line 383, in parse
    loader.exec_module(new_module)
  File "<frozen importlib._bootstrap_external>", line 883, in exec_module
  File "<frozen importlib._bootstrap>", line 241, in _call_with_frames_removed
  File "/opt/airflow/dags/youtube_pipeline.py", line 6, in <module>
    from logs.include.extract import youtube_extract
ModuleNotFoundError: No module named 'logs'
[2026-09-16T09:35:39.766+0000] {processor.py:927} WARNING - No viable dags retrieved from /opt/airflow/dags/youtube_pipeline.py
[2026-09-16T09:35:39.799+0000] {processor.py:208} INFO - Processing /opt/airflow/dags/youtube_pipeline.py took 0.070 seconds
[2026-09-16T09:36:10.081+0000] {processor.py:186} INFO - Started process (PID=800) to work on /opt/airflow/dags/youtube_pipeline.py
[2026-09-16T09:36:10.083+0000] {processor.py:914} INFO - Processing file /opt/airflow/dags/youtube_pipeline.py for tasks to queue
[2026-09-16T09:36:10.086+0000] {logging_mixin.py:190} INFO - [2026-09-16T09:36:10.086+0000] {dagbag.py:588} INFO - Filling up the DagBag from /opt/airflow/dags/youtube_pipeline.py
[2026-09-16T09:36:10.102+0000] {logging_mixin.py:190} INFO - [2026-09-16T09:36:10.100+0000] {dagbag.py:387} ERROR - Failed to import: /opt/airflow/dags/youtube_pipeline.py
Traceback (most recent call last):
  File "/home/airflow/.local/lib/python3.10/site-packages/airflow/models/dagbag.py", line 383, in parse
    loader.exec_module(new_module)
  File "<frozen importlib._bootstrap_external>", line 883, in exec_module
  File "<frozen importlib._bootstrap>", line 241, in _call_with_frames_removed
  File "/opt/airflow/dags/youtube_pipeline.py", line 6, in <module>
    from logs.include.extract import youtube_extract
ModuleNotFoundError: No module named 'logs'
[2026-09-16T09:36:10.104+0000] {processor.py:927} WARNING - No viable dags retrieved from /opt/airflow/dags/youtube_pipeline.py
[2026-09-16T09:36:10.119+0000] {processor.py:208} INFO - Processing /opt/airflow/dags/youtube_pipeline.py took 0.043 seconds
[2026-09-16T09:36:40.373+0000] {processor.py:186} INFO - Started process (PID=807) to work on /opt/airflow/dags/youtube_pipeline.py
[2026-09-16T09:36:40.374+0000] {processor.py:914} INFO - Processing file /opt/airflow/dags/youtube_pipeline.py for tasks to queue
[2026-09-16T09:36:40.377+0000] {logging_mixin.py:190} INFO - [2026-09-16T09:36:40.377+0000] {dagbag.py:588} INFO - Filling up the DagBag from /opt/airflow/dags/youtube_pipeline.py
[2026-09-16T09:36:40.394+0000] {logging_mixin.py:190} INFO - [2026-09-16T09:36:40.391+0000] {dagbag.py:387} ERROR - Failed to import: /opt/airflow/dags/youtube_pipeline.py
Traceback (most recent call last):
  File "/home/airflow/.local/lib/python3.10/site-packages/airflow/models/dagbag.py", line 383, in parse
    loader.exec_module(new_module)
  File "<frozen importlib._bootstrap_external>", line 883, in exec_module
  File "<frozen importlib._bootstrap>", line 241, in _call_with_frames_removed
  File "/opt/airflow/dags/youtube_pipeline.py", line 6, in <module>
    from logs.include.extract import youtube_extract
ModuleNotFoundError: No module named 'logs'
[2026-09-16T09:36:40.396+0000] {processor.py:927} WARNING - No viable dags retrieved from /opt/airflow/dags/youtube_pipeline.py
[2026-09-16T09:36:40.427+0000] {processor.py:208} INFO - Processing /opt/airflow/dags/youtube_pipeline.py took 0.058 seconds
[2026-09-16T09:37:10.667+0000] {processor.py:186} INFO - Started process (PID=814) to work on /opt/airflow/dags/youtube_pipeline.py
[2026-09-16T09:37:10.669+0000] {processor.py:914} INFO - Processing file /opt/airflow/dags/youtube_pipeline.py for tasks to queue
[2026-09-16T09:37:10.674+0000] {logging_mixin.py:190} INFO - [2026-09-16T09:37:10.673+0000] {dagbag.py:588} INFO - Filling up the DagBag from /opt/airflow/dags/youtube_pipeline.py
[2026-09-16T09:37:10.714+0000] {logging_mixin.py:190} INFO - [2026-09-16T09:37:10.709+0000] {dagbag.py:387} ERROR - Failed to import: /opt/airflow/dags/youtube_pipeline.py
Traceback (most recent call last):
  File "/home/airflow/.local/lib/python3.10/site-packages/airflow/models/dagbag.py", line 383, in parse
    loader.exec_module(new_module)
  File "<frozen importlib._bootstrap_external>", line 883, in exec_module
  File "<frozen importlib._bootstrap>", line 241, in _call_with_frames_removed
  File "/opt/airflow/dags/youtube_pipeline.py", line 6, in <module>
    from logs.include.extract import youtube_extract
ModuleNotFoundError: No module named 'logs'
[2026-09-16T09:37:10.716+0000] {processor.py:927} WARNING - No viable dags retrieved from /opt/airflow/dags/youtube_pipeline.py
[2026-09-16T09:37:10.738+0000] {processor.py:208} INFO - Processing /opt/airflow/dags/youtube_pipeline.py took 0.076 seconds
[2026-09-16T09:37:41.033+0000] {processor.py:186} INFO - Started process (PID=821) to work on /opt/airflow/dags/youtube_pipeline.py
[2026-09-16T09:37:41.036+0000] {processor.py:914} INFO - Processing file /opt/airflow/dags/youtube_pipeline.py for tasks to queue
[2026-09-16T09:37:41.040+0000] {logging_mixin.py:190} INFO - [2026-09-16T09:37:41.040+0000] {dagbag.py:588} INFO - Filling up the DagBag from /opt/airflow/dags/youtube_pipeline.py
[2026-09-16T09:37:41.075+0000] {logging_mixin.py:190} INFO - [2026-09-16T09:37:41.069+0000] {dagbag.py:387} ERROR - Failed to import: /opt/airflow/dags/youtube_pipeline.py
Traceback (most recent call last):
  File "/home/airflow/.local/lib/python3.10/site-packages/airflow/models/dagbag.py", line 383, in parse
    loader.exec_module(new_module)
  File "<frozen importlib._bootstrap_external>", line 883, in exec_module
  File "<frozen importlib._bootstrap>", line 241, in _call_with_frames_removed
  File "/opt/airflow/dags/youtube_pipeline.py", line 6, in <module>
    from logs.include.extract import youtube_extract
ModuleNotFoundError: No module named 'logs'
[2026-09-16T09:37:41.077+0000] {processor.py:927} WARNING - No viable dags retrieved from /opt/airflow/dags/youtube_pipeline.py
[2026-09-16T09:37:41.110+0000] {processor.py:208} INFO - Processing /opt/airflow/dags/youtube_pipeline.py took 0.084 seconds
[2026-09-16T09:38:11.344+0000] {processor.py:186} INFO - Started process (PID=829) to work on /opt/airflow/dags/youtube_pipeline.py
[2026-09-16T09:38:11.346+0000] {processor.py:914} INFO - Processing file /opt/airflow/dags/youtube_pipeline.py for tasks to queue
[2026-09-16T09:38:11.351+0000] {logging_mixin.py:190} INFO - [2026-09-16T09:38:11.350+0000] {dagbag.py:588} INFO - Filling up the DagBag from /opt/airflow/dags/youtube_pipeline.py
[2026-09-16T09:38:11.377+0000] {logging_mixin.py:190} INFO - [2026-09-16T09:38:11.373+0000] {dagbag.py:387} ERROR - Failed to import: /opt/airflow/dags/youtube_pipeline.py
Traceback (most recent call last):
  File "/home/airflow/.local/lib/python3.10/site-packages/airflow/models/dagbag.py", line 383, in parse
    loader.exec_module(new_module)
  File "<frozen importlib._bootstrap_external>", line 883, in exec_module
  File "<frozen importlib._bootstrap>", line 241, in _call_with_frames_removed
  File "/opt/airflow/dags/youtube_pipeline.py", line 6, in <module>
    from logs.include.extract import youtube_extract
ModuleNotFoundError: No module named 'logs'
[2026-09-16T09:38:11.380+0000] {processor.py:927} WARNING - No viable dags retrieved from /opt/airflow/dags/youtube_pipeline.py
[2026-09-16T09:38:11.400+0000] {processor.py:208} INFO - Processing /opt/airflow/dags/youtube_pipeline.py took 0.064 seconds
[2026-09-16T09:38:41.720+0000] {processor.py:186} INFO - Started process (PID=836) to work on /opt/airflow/dags/youtube_pipeline.py
[2026-09-16T09:38:41.721+0000] {processor.py:914} INFO - Processing file /opt/airflow/dags/youtube_pipeline.py for tasks to queue
[2026-09-16T09:38:41.724+0000] {logging_mixin.py:190} INFO - [2026-09-16T09:38:41.724+0000] {dagbag.py:588} INFO - Filling up the DagBag from /opt/airflow/dags/youtube_pipeline.py
[2026-09-16T09:38:41.740+0000] {logging_mixin.py:190} INFO - [2026-09-16T09:38:41.737+0000] {dagbag.py:387} ERROR - Failed to import: /opt/airflow/dags/youtube_pipeline.py
Traceback (most recent call last):
  File "/home/airflow/.local/lib/python3.10/site-packages/airflow/models/dagbag.py", line 383, in parse
    loader.exec_module(new_module)
  File "<frozen importlib._bootstrap_external>", line 883, in exec_module
  File "<frozen importlib._bootstrap>", line 241, in _call_with_frames_removed
  File "/opt/airflow/dags/youtube_pipeline.py", line 6, in <module>
    from logs.include.extract import youtube_extract
ModuleNotFoundError: No module named 'logs'
[2026-09-16T09:38:41.741+0000] {processor.py:927} WARNING - No viable dags retrieved from /opt/airflow/dags/youtube_pipeline.py
[2026-09-16T09:38:41.757+0000] {processor.py:208} INFO - Processing /opt/airflow/dags/youtube_pipeline.py took 0.042 seconds
[2026-09-16T09:39:12.027+0000] {processor.py:186} INFO - Started process (PID=843) to work on /opt/airflow/dags/youtube_pipeline.py
[2026-09-16T09:39:12.029+0000] {processor.py:914} INFO - Processing file /opt/airflow/dags/youtube_pipeline.py for tasks to queue
[2026-09-16T09:39:12.032+0000] {logging_mixin.py:190} INFO - [2026-09-16T09:39:12.032+0000] {dagbag.py:588} INFO - Filling up the DagBag from /opt/airflow/dags/youtube_pipeline.py
[2026-09-16T09:39:12.048+0000] {logging_mixin.py:190} INFO - [2026-09-16T09:39:12.045+0000] {dagbag.py:387} ERROR - Failed to import: /opt/airflow/dags/youtube_pipeline.py
Traceback (most recent call last):
  File "/home/airflow/.local/lib/python3.10/site-packages/airflow/models/dagbag.py", line 383, in parse
    loader.exec_module(new_module)
  File "<frozen importlib._bootstrap_external>", line 883, in exec_module
  File "<frozen importlib._bootstrap>", line 241, in _call_with_frames_removed
  File "/opt/airflow/dags/youtube_pipeline.py", line 6, in <module>
    from logs.include.extract import youtube_extract
ModuleNotFoundError: No module named 'logs'
[2026-09-16T09:39:12.049+0000] {processor.py:927} WARNING - No viable dags retrieved from /opt/airflow/dags/youtube_pipeline.py
[2026-09-16T09:39:12.065+0000] {processor.py:208} INFO - Processing /opt/airflow/dags/youtube_pipeline.py took 0.042 seconds
[2026-09-16T09:39:42.339+0000] {processor.py:186} INFO - Started process (PID=850) to work on /opt/airflow/dags/youtube_pipeline.py
[2026-09-16T09:39:42.341+0000] {processor.py:914} INFO - Processing file /opt/airflow/dags/youtube_pipeline.py for tasks to queue
[2026-09-16T09:39:42.346+0000] {logging_mixin.py:190} INFO - [2026-09-16T09:39:42.346+0000] {dagbag.py:588} INFO - Filling up the DagBag from /opt/airflow/dags/youtube_pipeline.py
[2026-09-16T09:39:42.376+0000] {logging_mixin.py:190} INFO - [2026-09-16T09:39:42.370+0000] {dagbag.py:387} ERROR - Failed to import: /opt/airflow/dags/youtube_pipeline.py
Traceback (most recent call last):
  File "/home/airflow/.local/lib/python3.10/site-packages/airflow/models/dagbag.py", line 383, in parse
    loader.exec_module(new_module)
  File "<frozen importlib._bootstrap_external>", line 883, in exec_module
  File "<frozen importlib._bootstrap>", line 241, in _call_with_frames_removed
  File "/opt/airflow/dags/youtube_pipeline.py", line 6, in <module>
    from logs.include.extract import youtube_extract
ModuleNotFoundError: No module named 'logs'
[2026-09-16T09:39:42.378+0000] {processor.py:927} WARNING - No viable dags retrieved from /opt/airflow/dags/youtube_pipeline.py
[2026-09-16T09:39:42.403+0000] {processor.py:208} INFO - Processing /opt/airflow/dags/youtube_pipeline.py took 0.071 seconds
[2026-09-16T09:40:12.636+0000] {processor.py:186} INFO - Started process (PID=857) to work on /opt/airflow/dags/youtube_pipeline.py
[2026-09-16T09:40:12.638+0000] {processor.py:914} INFO - Processing file /opt/airflow/dags/youtube_pipeline.py for tasks to queue
[2026-09-16T09:40:12.642+0000] {logging_mixin.py:190} INFO - [2026-09-16T09:40:12.642+0000] {dagbag.py:588} INFO - Filling up the DagBag from /opt/airflow/dags/youtube_pipeline.py
[2026-09-16T09:40:12.664+0000] {logging_mixin.py:190} INFO - [2026-09-16T09:40:12.659+0000] {dagbag.py:387} ERROR - Failed to import: /opt/airflow/dags/youtube_pipeline.py
Traceback (most recent call last):
  File "/home/airflow/.local/lib/python3.10/site-packages/airflow/models/dagbag.py", line 383, in parse
    loader.exec_module(new_module)
  File "<frozen importlib._bootstrap_external>", line 883, in exec_module
  File "<frozen importlib._bootstrap>", line 241, in _call_with_frames_removed
  File "/opt/airflow/dags/youtube_pipeline.py", line 6, in <module>
    from logs.include.extract import youtube_extract
ModuleNotFoundError: No module named 'logs'
[2026-09-16T09:40:12.666+0000] {processor.py:927} WARNING - No viable dags retrieved from /opt/airflow/dags/youtube_pipeline.py
[2026-09-16T09:40:12.687+0000] {processor.py:208} INFO - Processing /opt/airflow/dags/youtube_pipeline.py took 0.058 seconds
[2026-09-16T09:40:42.943+0000] {processor.py:186} INFO - Started process (PID=864) to work on /opt/airflow/dags/youtube_pipeline.py
[2026-09-16T09:40:42.945+0000] {processor.py:914} INFO - Processing file /opt/airflow/dags/youtube_pipeline.py for tasks to queue
[2026-09-16T09:40:42.948+0000] {logging_mixin.py:190} INFO - [2026-09-16T09:40:42.948+0000] {dagbag.py:588} INFO - Filling up the DagBag from /opt/airflow/dags/youtube_pipeline.py
[2026-09-16T09:40:42.975+0000] {logging_mixin.py:190} INFO - [2026-09-16T09:40:42.972+0000] {dagbag.py:387} ERROR - Failed to import: /opt/airflow/dags/youtube_pipeline.py
Traceback (most recent call last):
  File "/home/airflow/.local/lib/python3.10/site-packages/airflow/models/dagbag.py", line 383, in parse
    loader.exec_module(new_module)
  File "<frozen importlib._bootstrap_external>", line 883, in exec_module
  File "<frozen importlib._bootstrap>", line 241, in _call_with_frames_removed
  File "/opt/airflow/dags/youtube_pipeline.py", line 6, in <module>
    from logs.include.extract import youtube_extract
ModuleNotFoundError: No module named 'logs'
[2026-09-16T09:40:42.977+0000] {processor.py:927} WARNING - No viable dags retrieved from /opt/airflow/dags/youtube_pipeline.py
[2026-09-16T09:40:42.993+0000] {processor.py:208} INFO - Processing /opt/airflow/dags/youtube_pipeline.py took 0.055 seconds
[2026-09-16T09:41:13.212+0000] {processor.py:186} INFO - Started process (PID=871) to work on /opt/airflow/dags/youtube_pipeline.py
[2026-09-16T09:41:13.213+0000] {processor.py:914} INFO - Processing file /opt/airflow/dags/youtube_pipeline.py for tasks to queue
[2026-09-16T09:41:13.216+0000] {logging_mixin.py:190} INFO - [2026-09-16T09:41:13.216+0000] {dagbag.py:588} INFO - Filling up the DagBag from /opt/airflow/dags/youtube_pipeline.py
[2026-09-16T09:41:13.231+0000] {logging_mixin.py:190} INFO - [2026-09-16T09:41:13.229+0000] {dagbag.py:387} ERROR - Failed to import: /opt/airflow/dags/youtube_pipeline.py
Traceback (most recent call last):
  File "/home/airflow/.local/lib/python3.10/site-packages/airflow/models/dagbag.py", line 383, in parse
    loader.exec_module(new_module)
  File "<frozen importlib._bootstrap_external>", line 883, in exec_module
  File "<frozen importlib._bootstrap>", line 241, in _call_with_frames_removed
  File "/opt/airflow/dags/youtube_pipeline.py", line 6, in <module>
    from logs.include.extract import youtube_extract
ModuleNotFoundError: No module named 'logs'
[2026-09-16T09:41:13.233+0000] {processor.py:927} WARNING - No viable dags retrieved from /opt/airflow/dags/youtube_pipeline.py
[2026-09-16T09:41:13.251+0000] {processor.py:208} INFO - Processing /opt/airflow/dags/youtube_pipeline.py took 0.044 seconds
[2026-09-16T09:41:43.469+0000] {processor.py:186} INFO - Started process (PID=879) to work on /opt/airflow/dags/youtube_pipeline.py
[2026-09-16T09:41:43.471+0000] {processor.py:914} INFO - Processing file /opt/airflow/dags/youtube_pipeline.py for tasks to queue
[2026-09-16T09:41:43.475+0000] {logging_mixin.py:190} INFO - [2026-09-16T09:41:43.475+0000] {dagbag.py:588} INFO - Filling up the DagBag from /opt/airflow/dags/youtube_pipeline.py
[2026-09-16T09:41:43.503+0000] {logging_mixin.py:190} INFO - [2026-09-16T09:41:43.499+0000] {dagbag.py:387} ERROR - Failed to import: /opt/airflow/dags/youtube_pipeline.py
Traceback (most recent call last):
  File "/home/airflow/.local/lib/python3.10/site-packages/airflow/models/dagbag.py", line 383, in parse
    loader.exec_module(new_module)
  File "<frozen importlib._bootstrap_external>", line 883, in exec_module
  File "<frozen importlib._bootstrap>", line 241, in _call_with_frames_removed
  File "/opt/airflow/dags/youtube_pipeline.py", line 6, in <module>
    from logs.include.extract import youtube_extract
ModuleNotFoundError: No module named 'logs'
[2026-09-16T09:41:43.505+0000] {processor.py:927} WARNING - No viable dags retrieved from /opt/airflow/dags/youtube_pipeline.py
[2026-09-16T09:41:43.524+0000] {processor.py:208} INFO - Processing /opt/airflow/dags/youtube_pipeline.py took 0.061 seconds
[2026-09-16T09:42:13.773+0000] {processor.py:186} INFO - Started process (PID=886) to work on /opt/airflow/dags/youtube_pipeline.py
[2026-09-16T09:42:13.775+0000] {processor.py:914} INFO - Processing file /opt/airflow/dags/youtube_pipeline.py for tasks to queue
[2026-09-16T09:42:13.778+0000] {logging_mixin.py:190} INFO - [2026-09-16T09:42:13.778+0000] {dagbag.py:588} INFO - Filling up the DagBag from /opt/airflow/dags/youtube_pipeline.py
[2026-09-16T09:42:13.808+0000] {logging_mixin.py:190} INFO - [2026-09-16T09:42:13.804+0000] {dagbag.py:387} ERROR - Failed to import: /opt/airflow/dags/youtube_pipeline.py
Traceback (most recent call last):
  File "/home/airflow/.local/lib/python3.10/site-packages/airflow/models/dagbag.py", line 383, in parse
    loader.exec_module(new_module)
  File "<frozen importlib._bootstrap_external>", line 883, in exec_module
  File "<frozen importlib._bootstrap>", line 241, in _call_with_frames_removed
  File "/opt/airflow/dags/youtube_pipeline.py", line 6, in <module>
    from logs.include.extract import youtube_extract
ModuleNotFoundError: No module named 'logs'
[2026-09-16T09:42:13.810+0000] {processor.py:927} WARNING - No viable dags retrieved from /opt/airflow/dags/youtube_pipeline.py
[2026-09-16T09:42:13.827+0000] {processor.py:208} INFO - Processing /opt/airflow/dags/youtube_pipeline.py took 0.059 seconds
[2026-09-16T09:42:44.059+0000] {processor.py:186} INFO - Started process (PID=893) to work on /opt/airflow/dags/youtube_pipeline.py
[2026-09-16T09:42:44.060+0000] {processor.py:914} INFO - Processing file /opt/airflow/dags/youtube_pipeline.py for tasks to queue
[2026-09-16T09:42:44.064+0000] {logging_mixin.py:190} INFO - [2026-09-16T09:42:44.063+0000] {dagbag.py:588} INFO - Filling up the DagBag from /opt/airflow/dags/youtube_pipeline.py
[2026-09-16T09:42:44.084+0000] {logging_mixin.py:190} INFO - [2026-09-16T09:42:44.079+0000] {dagbag.py:387} ERROR - Failed to import: /opt/airflow/dags/youtube_pipeline.py
Traceback (most recent call last):
  File "/home/airflow/.local/lib/python3.10/site-packages/airflow/models/dagbag.py", line 383, in parse
    loader.exec_module(new_module)
  File "<frozen importlib._bootstrap_external>", line 883, in exec_module
  File "<frozen importlib._bootstrap>", line 241, in _call_with_frames_removed
  File "/opt/airflow/dags/youtube_pipeline.py", line 6, in <module>
    from logs.include.extract import youtube_extract
ModuleNotFoundError: No module named 'logs'
[2026-09-16T09:42:44.087+0000] {processor.py:927} WARNING - No viable dags retrieved from /opt/airflow/dags/youtube_pipeline.py
[2026-09-16T09:42:44.105+0000] {processor.py:208} INFO - Processing /opt/airflow/dags/youtube_pipeline.py took 0.052 seconds
[2026-09-16T09:43:14.376+0000] {processor.py:186} INFO - Started process (PID=900) to work on /opt/airflow/dags/youtube_pipeline.py
[2026-09-16T09:43:14.377+0000] {processor.py:914} INFO - Processing file /opt/airflow/dags/youtube_pipeline.py for tasks to queue
[2026-09-16T09:43:14.380+0000] {logging_mixin.py:190} INFO - [2026-09-16T09:43:14.380+0000] {dagbag.py:588} INFO - Filling up the DagBag from /opt/airflow/dags/youtube_pipeline.py
[2026-09-16T09:43:14.398+0000] {logging_mixin.py:190} INFO - [2026-09-16T09:43:14.396+0000] {dagbag.py:387} ERROR - Failed to import: /opt/airflow/dags/youtube_pipeline.py
Traceback (most recent call last):
  File "/home/airflow/.local/lib/python3.10/site-packages/airflow/models/dagbag.py", line 383, in parse
    loader.exec_module(new_module)
  File "<frozen importlib._bootstrap_external>", line 883, in exec_module
  File "<frozen importlib._bootstrap>", line 241, in _call_with_frames_removed
  File "/opt/airflow/dags/youtube_pipeline.py", line 6, in <module>
    from logs.include.extract import youtube_extract
ModuleNotFoundError: No module named 'logs'
[2026-09-16T09:43:14.400+0000] {processor.py:927} WARNING - No viable dags retrieved from /opt/airflow/dags/youtube_pipeline.py
[2026-09-16T09:43:14.417+0000] {processor.py:208} INFO - Processing /opt/airflow/dags/youtube_pipeline.py took 0.046 seconds
[2026-09-16T09:43:44.665+0000] {processor.py:186} INFO - Started process (PID=907) to work on /opt/airflow/dags/youtube_pipeline.py
[2026-09-16T09:43:44.666+0000] {processor.py:914} INFO - Processing file /opt/airflow/dags/youtube_pipeline.py for tasks to queue
[2026-09-16T09:43:44.675+0000] {logging_mixin.py:190} INFO - [2026-09-16T09:43:44.673+0000] {dagbag.py:588} INFO - Filling up the DagBag from /opt/airflow/dags/youtube_pipeline.py
[2026-09-16T09:43:44.706+0000] {logging_mixin.py:190} INFO - [2026-09-16T09:43:44.701+0000] {dagbag.py:387} ERROR - Failed to import: /opt/airflow/dags/youtube_pipeline.py
Traceback (most recent call last):
  File "/home/airflow/.local/lib/python3.10/site-packages/airflow/models/dagbag.py", line 383, in parse
    loader.exec_module(new_module)
  File "<frozen importlib._bootstrap_external>", line 883, in exec_module
  File "<frozen importlib._bootstrap>", line 241, in _call_with_frames_removed
  File "/opt/airflow/dags/youtube_pipeline.py", line 6, in <module>
    from logs.include.extract import youtube_extract
ModuleNotFoundError: No module named 'logs'
[2026-09-16T09:43:44.709+0000] {processor.py:927} WARNING - No viable dags retrieved from /opt/airflow/dags/youtube_pipeline.py
[2026-09-16T09:43:44.726+0000] {processor.py:208} INFO - Processing /opt/airflow/dags/youtube_pipeline.py took 0.067 seconds
[2026-09-16T09:44:15.011+0000] {processor.py:186} INFO - Started process (PID=914) to work on /opt/airflow/dags/youtube_pipeline.py
[2026-09-16T09:44:15.013+0000] {processor.py:914} INFO - Processing file /opt/airflow/dags/youtube_pipeline.py for tasks to queue
[2026-09-16T09:44:15.017+0000] {logging_mixin.py:190} INFO - [2026-09-16T09:44:15.016+0000] {dagbag.py:588} INFO - Filling up the DagBag from /opt/airflow/dags/youtube_pipeline.py
[2026-09-16T09:44:15.042+0000] {logging_mixin.py:190} INFO - [2026-09-16T09:44:15.038+0000] {dagbag.py:387} ERROR - Failed to import: /opt/airflow/dags/youtube_pipeline.py
Traceback (most recent call last):
  File "/home/airflow/.local/lib/python3.10/site-packages/airflow/models/dagbag.py", line 383, in parse
    loader.exec_module(new_module)
  File "<frozen importlib._bootstrap_external>", line 883, in exec_module
  File "<frozen importlib._bootstrap>", line 241, in _call_with_frames_removed
  File "/opt/airflow/dags/youtube_pipeline.py", line 6, in <module>
    from logs.include.extract import youtube_extract
ModuleNotFoundError: No module named 'logs'
[2026-09-16T09:44:15.043+0000] {processor.py:927} WARNING - No viable dags retrieved from /opt/airflow/dags/youtube_pipeline.py
[2026-09-16T09:44:15.076+0000] {processor.py:208} INFO - Processing /opt/airflow/dags/youtube_pipeline.py took 0.070 seconds
[2026-09-16T09:44:45.344+0000] {processor.py:186} INFO - Started process (PID=921) to work on /opt/airflow/dags/youtube_pipeline.py
[2026-09-16T09:44:45.345+0000] {processor.py:914} INFO - Processing file /opt/airflow/dags/youtube_pipeline.py for tasks to queue
[2026-09-16T09:44:45.349+0000] {logging_mixin.py:190} INFO - [2026-09-16T09:44:45.349+0000] {dagbag.py:588} INFO - Filling up the DagBag from /opt/airflow/dags/youtube_pipeline.py
[2026-09-16T09:44:45.370+0000] {logging_mixin.py:190} INFO - [2026-09-16T09:44:45.367+0000] {dagbag.py:387} ERROR - Failed to import: /opt/airflow/dags/youtube_pipeline.py
Traceback (most recent call last):
  File "/home/airflow/.local/lib/python3.10/site-packages/airflow/models/dagbag.py", line 383, in parse
    loader.exec_module(new_module)
  File "<frozen importlib._bootstrap_external>", line 883, in exec_module
  File "<frozen importlib._bootstrap>", line 241, in _call_with_frames_removed
  File "/opt/airflow/dags/youtube_pipeline.py", line 6, in <module>
    from logs.include.extract import youtube_extract
ModuleNotFoundError: No module named 'logs'
[2026-09-16T09:44:45.372+0000] {processor.py:927} WARNING - No viable dags retrieved from /opt/airflow/dags/youtube_pipeline.py
[2026-09-16T09:44:45.403+0000] {processor.py:208} INFO - Processing /opt/airflow/dags/youtube_pipeline.py took 0.064 seconds
[2026-09-16T09:45:15.667+0000] {processor.py:186} INFO - Started process (PID=928) to work on /opt/airflow/dags/youtube_pipeline.py
[2026-09-16T09:45:15.669+0000] {processor.py:914} INFO - Processing file /opt/airflow/dags/youtube_pipeline.py for tasks to queue
[2026-09-16T09:45:15.671+0000] {logging_mixin.py:190} INFO - [2026-09-16T09:45:15.671+0000] {dagbag.py:588} INFO - Filling up the DagBag from /opt/airflow/dags/youtube_pipeline.py
[2026-09-16T09:45:15.695+0000] {logging_mixin.py:190} INFO - [2026-09-16T09:45:15.690+0000] {dagbag.py:387} ERROR - Failed to import: /opt/airflow/dags/youtube_pipeline.py
Traceback (most recent call last):
  File "/home/airflow/.local/lib/python3.10/site-packages/airflow/models/dagbag.py", line 383, in parse
    loader.exec_module(new_module)
  File "<frozen importlib._bootstrap_external>", line 883, in exec_module
  File "<frozen importlib._bootstrap>", line 241, in _call_with_frames_removed
  File "/opt/airflow/dags/youtube_pipeline.py", line 6, in <module>
    from logs.include.extract import youtube_extract
ModuleNotFoundError: No module named 'logs'
[2026-09-16T09:45:15.697+0000] {processor.py:927} WARNING - No viable dags retrieved from /opt/airflow/dags/youtube_pipeline.py
[2026-09-16T09:45:15.728+0000] {processor.py:208} INFO - Processing /opt/airflow/dags/youtube_pipeline.py took 0.066 seconds
[2026-09-16T09:45:46.011+0000] {processor.py:186} INFO - Started process (PID=935) to work on /opt/airflow/dags/youtube_pipeline.py
[2026-09-16T09:45:46.013+0000] {processor.py:914} INFO - Processing file /opt/airflow/dags/youtube_pipeline.py for tasks to queue
[2026-09-16T09:45:46.016+0000] {logging_mixin.py:190} INFO - [2026-09-16T09:45:46.016+0000] {dagbag.py:588} INFO - Filling up the DagBag from /opt/airflow/dags/youtube_pipeline.py
[2026-09-16T09:45:46.032+0000] {logging_mixin.py:190} INFO - [2026-09-16T09:45:46.029+0000] {dagbag.py:387} ERROR - Failed to import: /opt/airflow/dags/youtube_pipeline.py
Traceback (most recent call last):
  File "/home/airflow/.local/lib/python3.10/site-packages/airflow/models/dagbag.py", line 383, in parse
    loader.exec_module(new_module)
  File "<frozen importlib._bootstrap_external>", line 883, in exec_module
  File "<frozen importlib._bootstrap>", line 241, in _call_with_frames_removed
  File "/opt/airflow/dags/youtube_pipeline.py", line 6, in <module>
    from logs.include.extract import youtube_extract
ModuleNotFoundError: No module named 'logs'
[2026-09-16T09:45:46.034+0000] {processor.py:927} WARNING - No viable dags retrieved from /opt/airflow/dags/youtube_pipeline.py
[2026-09-16T09:45:46.063+0000] {processor.py:208} INFO - Processing /opt/airflow/dags/youtube_pipeline.py took 0.057 seconds
[2026-09-16T09:46:16.311+0000] {processor.py:186} INFO - Started process (PID=942) to work on /opt/airflow/dags/youtube_pipeline.py
[2026-09-16T09:46:16.313+0000] {processor.py:914} INFO - Processing file /opt/airflow/dags/youtube_pipeline.py for tasks to queue
[2026-09-16T09:46:16.316+0000] {logging_mixin.py:190} INFO - [2026-09-16T09:46:16.316+0000] {dagbag.py:588} INFO - Filling up the DagBag from /opt/airflow/dags/youtube_pipeline.py
[2026-09-16T09:46:16.336+0000] {logging_mixin.py:190} INFO - [2026-09-16T09:46:16.331+0000] {dagbag.py:387} ERROR - Failed to import: /opt/airflow/dags/youtube_pipeline.py
Traceback (most recent call last):
  File "/home/airflow/.local/lib/python3.10/site-packages/airflow/models/dagbag.py", line 383, in parse
    loader.exec_module(new_module)
  File "<frozen importlib._bootstrap_external>", line 883, in exec_module
  File "<frozen importlib._bootstrap>", line 241, in _call_with_frames_removed
  File "/opt/airflow/dags/youtube_pipeline.py", line 6, in <module>
    from logs.include.extract import youtube_extract
ModuleNotFoundError: No module named 'logs'
[2026-09-16T09:46:16.338+0000] {processor.py:927} WARNING - No viable dags retrieved from /opt/airflow/dags/youtube_pipeline.py
[2026-09-16T09:46:16.366+0000] {processor.py:208} INFO - Processing /opt/airflow/dags/youtube_pipeline.py took 0.060 seconds
[2026-09-16T09:46:46.637+0000] {processor.py:186} INFO - Started process (PID=949) to work on /opt/airflow/dags/youtube_pipeline.py
[2026-09-16T09:46:46.639+0000] {processor.py:914} INFO - Processing file /opt/airflow/dags/youtube_pipeline.py for tasks to queue
[2026-09-16T09:46:46.642+0000] {logging_mixin.py:190} INFO - [2026-09-16T09:46:46.642+0000] {dagbag.py:588} INFO - Filling up the DagBag from /opt/airflow/dags/youtube_pipeline.py
[2026-09-16T09:46:46.666+0000] {logging_mixin.py:190} INFO - [2026-09-16T09:46:46.663+0000] {dagbag.py:387} ERROR - Failed to import: /opt/airflow/dags/youtube_pipeline.py
Traceback (most recent call last):
  File "/home/airflow/.local/lib/python3.10/site-packages/airflow/models/dagbag.py", line 383, in parse
    loader.exec_module(new_module)
  File "<frozen importlib._bootstrap_external>", line 883, in exec_module
  File "<frozen importlib._bootstrap>", line 241, in _call_with_frames_removed
  File "/opt/airflow/dags/youtube_pipeline.py", line 6, in <module>
    from logs.include.extract import youtube_extract
ModuleNotFoundError: No module named 'logs'
[2026-09-16T09:46:46.668+0000] {processor.py:927} WARNING - No viable dags retrieved from /opt/airflow/dags/youtube_pipeline.py
[2026-09-16T09:46:46.688+0000] {processor.py:208} INFO - Processing /opt/airflow/dags/youtube_pipeline.py took 0.056 seconds
[2026-09-16T09:47:16.935+0000] {processor.py:186} INFO - Started process (PID=956) to work on /opt/airflow/dags/youtube_pipeline.py
[2026-09-16T09:47:16.937+0000] {processor.py:914} INFO - Processing file /opt/airflow/dags/youtube_pipeline.py for tasks to queue
[2026-09-16T09:47:16.941+0000] {logging_mixin.py:190} INFO - [2026-09-16T09:47:16.940+0000] {dagbag.py:588} INFO - Filling up the DagBag from /opt/airflow/dags/youtube_pipeline.py
[2026-09-16T09:47:16.966+0000] {logging_mixin.py:190} INFO - [2026-09-16T09:47:16.961+0000] {dagbag.py:387} ERROR - Failed to import: /opt/airflow/dags/youtube_pipeline.py
Traceback (most recent call last):
  File "/home/airflow/.local/lib/python3.10/site-packages/airflow/models/dagbag.py", line 383, in parse
    loader.exec_module(new_module)
  File "<frozen importlib._bootstrap_external>", line 883, in exec_module
  File "<frozen importlib._bootstrap>", line 241, in _call_with_frames_removed
  File "/opt/airflow/dags/youtube_pipeline.py", line 6, in <module>
    from logs.include.extract import youtube_extract
ModuleNotFoundError: No module named 'logs'
[2026-09-16T09:47:16.968+0000] {processor.py:927} WARNING - No viable dags retrieved from /opt/airflow/dags/youtube_pipeline.py
[2026-09-16T09:47:16.985+0000] {processor.py:208} INFO - Processing /opt/airflow/dags/youtube_pipeline.py took 0.056 seconds
[2026-09-16T09:47:47.237+0000] {processor.py:186} INFO - Started process (PID=963) to work on /opt/airflow/dags/youtube_pipeline.py
[2026-09-16T09:47:47.240+0000] {processor.py:914} INFO - Processing file /opt/airflow/dags/youtube_pipeline.py for tasks to queue
[2026-09-16T09:47:47.244+0000] {logging_mixin.py:190} INFO - [2026-09-16T09:47:47.244+0000] {dagbag.py:588} INFO - Filling up the DagBag from /opt/airflow/dags/youtube_pipeline.py
[2026-09-16T09:47:47.268+0000] {logging_mixin.py:190} INFO - [2026-09-16T09:47:47.265+0000] {dagbag.py:387} ERROR - Failed to import: /opt/airflow/dags/youtube_pipeline.py
Traceback (most recent call last):
  File "/home/airflow/.local/lib/python3.10/site-packages/airflow/models/dagbag.py", line 383, in parse
    loader.exec_module(new_module)
  File "<frozen importlib._bootstrap_external>", line 883, in exec_module
  File "<frozen importlib._bootstrap>", line 241, in _call_with_frames_removed
  File "/opt/airflow/dags/youtube_pipeline.py", line 6, in <module>
    from logs.include.extract import youtube_extract
ModuleNotFoundError: No module named 'logs'
[2026-09-16T09:47:47.271+0000] {processor.py:927} WARNING - No viable dags retrieved from /opt/airflow/dags/youtube_pipeline.py
[2026-09-16T09:47:47.292+0000] {processor.py:208} INFO - Processing /opt/airflow/dags/youtube_pipeline.py took 0.061 seconds
[2026-09-16T09:48:17.493+0000] {processor.py:186} INFO - Started process (PID=971) to work on /opt/airflow/dags/youtube_pipeline.py
[2026-09-16T09:48:17.495+0000] {processor.py:914} INFO - Processing file /opt/airflow/dags/youtube_pipeline.py for tasks to queue
[2026-09-16T09:48:17.499+0000] {logging_mixin.py:190} INFO - [2026-09-16T09:48:17.499+0000] {dagbag.py:588} INFO - Filling up the DagBag from /opt/airflow/dags/youtube_pipeline.py
[2026-09-16T09:48:17.527+0000] {logging_mixin.py:190} INFO - [2026-09-16T09:48:17.520+0000] {dagbag.py:387} ERROR - Failed to import: /opt/airflow/dags/youtube_pipeline.py
Traceback (most recent call last):
  File "/home/airflow/.local/lib/python3.10/site-packages/airflow/models/dagbag.py", line 383, in parse
    loader.exec_module(new_module)
  File "<frozen importlib._bootstrap_external>", line 883, in exec_module
  File "<frozen importlib._bootstrap>", line 241, in _call_with_frames_removed
  File "/opt/airflow/dags/youtube_pipeline.py", line 6, in <module>
    from logs.include.extract import youtube_extract
ModuleNotFoundError: No module named 'logs'
[2026-09-16T09:48:17.529+0000] {processor.py:927} WARNING - No viable dags retrieved from /opt/airflow/dags/youtube_pipeline.py
[2026-09-16T09:48:17.547+0000] {processor.py:208} INFO - Processing /opt/airflow/dags/youtube_pipeline.py took 0.060 seconds
[2026-09-16T09:48:47.808+0000] {processor.py:186} INFO - Started process (PID=978) to work on /opt/airflow/dags/youtube_pipeline.py
[2026-09-16T09:48:47.810+0000] {processor.py:914} INFO - Processing file /opt/airflow/dags/youtube_pipeline.py for tasks to queue
[2026-09-16T09:48:47.814+0000] {logging_mixin.py:190} INFO - [2026-09-16T09:48:47.814+0000] {dagbag.py:588} INFO - Filling up the DagBag from /opt/airflow/dags/youtube_pipeline.py
[2026-09-16T09:48:48.007+0000] {logging_mixin.py:190} INFO - [2026-09-16T09:48:48.002+0000] {dagbag.py:387} ERROR - Failed to import: /opt/airflow/dags/youtube_pipeline.py
Traceback (most recent call last):
  File "/home/airflow/.local/lib/python3.10/site-packages/airflow/models/dagbag.py", line 383, in parse
    loader.exec_module(new_module)
  File "<frozen importlib._bootstrap_external>", line 883, in exec_module
  File "<frozen importlib._bootstrap>", line 241, in _call_with_frames_removed
  File "/opt/airflow/dags/youtube_pipeline.py", line 12, in <module>
    from logs.include.extract import youtube_extract as extract_videos
ModuleNotFoundError: No module named 'logs.include'
[2026-09-16T09:48:48.012+0000] {processor.py:927} WARNING - No viable dags retrieved from /opt/airflow/dags/youtube_pipeline.py
[2026-09-16T09:48:48.039+0000] {processor.py:208} INFO - Processing /opt/airflow/dags/youtube_pipeline.py took 0.237 seconds
[2026-09-16T09:48:54.880+0000] {processor.py:186} INFO - Started process (PID=979) to work on /opt/airflow/dags/youtube_pipeline.py
[2026-09-16T09:48:54.882+0000] {processor.py:914} INFO - Processing file /opt/airflow/dags/youtube_pipeline.py for tasks to queue
[2026-09-16T09:48:54.885+0000] {logging_mixin.py:190} INFO - [2026-09-16T09:48:54.885+0000] {dagbag.py:588} INFO - Filling up the DagBag from /opt/airflow/dags/youtube_pipeline.py
[2026-09-16T09:48:54.940+0000] {logging_mixin.py:190} INFO - [2026-09-16T09:48:54.933+0000] {dagbag.py:387} ERROR - Failed to import: /opt/airflow/dags/youtube_pipeline.py
Traceback (most recent call last):
  File "/home/airflow/.local/lib/python3.10/site-packages/airflow/models/dagbag.py", line 383, in parse
    loader.exec_module(new_module)
  File "<frozen importlib._bootstrap_external>", line 883, in exec_module
  File "<frozen importlib._bootstrap>", line 241, in _call_with_frames_removed
  File "/opt/airflow/dags/youtube_pipeline.py", line 12, in <module>
    from logs.include.extract import youtube_extract as extract_videos
ModuleNotFoundError: No module named 'logs.include'
[2026-09-16T09:48:54.943+0000] {processor.py:927} WARNING - No viable dags retrieved from /opt/airflow/dags/youtube_pipeline.py
[2026-09-16T09:48:54.965+0000] {processor.py:208} INFO - Processing /opt/airflow/dags/youtube_pipeline.py took 0.090 seconds
[2026-09-16T09:48:56.932+0000] {processor.py:186} INFO - Started process (PID=980) to work on /opt/airflow/dags/youtube_pipeline.py
[2026-09-16T09:48:56.934+0000] {processor.py:914} INFO - Processing file /opt/airflow/dags/youtube_pipeline.py for tasks to queue
[2026-09-16T09:48:56.940+0000] {logging_mixin.py:190} INFO - [2026-09-16T09:48:56.939+0000] {dagbag.py:588} INFO - Filling up the DagBag from /opt/airflow/dags/youtube_pipeline.py
[2026-09-16T09:48:57.003+0000] {logging_mixin.py:190} INFO - [2026-09-16T09:48:56.998+0000] {dagbag.py:387} ERROR - Failed to import: /opt/airflow/dags/youtube_pipeline.py
Traceback (most recent call last):
  File "/home/airflow/.local/lib/python3.10/site-packages/airflow/models/dagbag.py", line 383, in parse
    loader.exec_module(new_module)
  File "<frozen importlib._bootstrap_external>", line 883, in exec_module
  File "<frozen importlib._bootstrap>", line 241, in _call_with_frames_removed
  File "/opt/airflow/dags/youtube_pipeline.py", line 12, in <module>
    from logs.include.extract import youtube_extract as extract_videos
ModuleNotFoundError: No module named 'logs.include'
[2026-09-16T09:48:57.007+0000] {processor.py:927} WARNING - No viable dags retrieved from /opt/airflow/dags/youtube_pipeline.py
[2026-09-16T09:48:57.025+0000] {processor.py:208} INFO - Processing /opt/airflow/dags/youtube_pipeline.py took 0.113 seconds
[2026-09-16T09:49:27.415+0000] {processor.py:186} INFO - Started process (PID=987) to work on /opt/airflow/dags/youtube_pipeline.py
[2026-09-16T09:49:27.421+0000] {processor.py:914} INFO - Processing file /opt/airflow/dags/youtube_pipeline.py for tasks to queue
[2026-09-16T09:49:27.441+0000] {logging_mixin.py:190} INFO - [2026-09-16T09:49:27.439+0000] {dagbag.py:588} INFO - Filling up the DagBag from /opt/airflow/dags/youtube_pipeline.py
[2026-09-16T09:49:27.558+0000] {logging_mixin.py:190} INFO - [2026-09-16T09:49:27.543+0000] {dagbag.py:387} ERROR - Failed to import: /opt/airflow/dags/youtube_pipeline.py
Traceback (most recent call last):
  File "/home/airflow/.local/lib/python3.10/site-packages/airflow/models/dagbag.py", line 383, in parse
    loader.exec_module(new_module)
  File "<frozen importlib._bootstrap_external>", line 883, in exec_module
  File "<frozen importlib._bootstrap>", line 241, in _call_with_frames_removed
  File "/opt/airflow/dags/youtube_pipeline.py", line 12, in <module>
    from logs.include.extract import youtube_extract as extract_videos
ModuleNotFoundError: No module named 'logs.include'
[2026-09-16T09:49:27.565+0000] {processor.py:927} WARNING - No viable dags retrieved from /opt/airflow/dags/youtube_pipeline.py
[2026-09-16T09:49:27.634+0000] {processor.py:208} INFO - Processing /opt/airflow/dags/youtube_pipeline.py took 0.244 seconds
[2026-09-16T09:49:57.740+0000] {processor.py:186} INFO - Started process (PID=995) to work on /opt/airflow/dags/youtube_pipeline.py
[2026-09-16T09:49:57.743+0000] {processor.py:914} INFO - Processing file /opt/airflow/dags/youtube_pipeline.py for tasks to queue
[2026-09-16T09:49:57.747+0000] {logging_mixin.py:190} INFO - [2026-09-16T09:49:57.747+0000] {dagbag.py:588} INFO - Filling up the DagBag from /opt/airflow/dags/youtube_pipeline.py
[2026-09-16T09:49:57.794+0000] {logging_mixin.py:190} INFO - [2026-09-16T09:49:57.790+0000] {dagbag.py:387} ERROR - Failed to import: /opt/airflow/dags/youtube_pipeline.py
Traceback (most recent call last):
  File "/home/airflow/.local/lib/python3.10/site-packages/airflow/models/dagbag.py", line 383, in parse
    loader.exec_module(new_module)
  File "<frozen importlib._bootstrap_external>", line 883, in exec_module
  File "<frozen importlib._bootstrap>", line 241, in _call_with_frames_removed
  File "/opt/airflow/dags/youtube_pipeline.py", line 12, in <module>
    from logs.include.extract import youtube_extract as extract_videos
ModuleNotFoundError: No module named 'logs.include'
[2026-09-16T09:49:57.797+0000] {processor.py:927} WARNING - No viable dags retrieved from /opt/airflow/dags/youtube_pipeline.py
[2026-09-16T09:49:57.828+0000] {processor.py:208} INFO - Processing /opt/airflow/dags/youtube_pipeline.py took 0.093 seconds
[2026-09-16T09:50:27.988+0000] {processor.py:186} INFO - Started process (PID=1002) to work on /opt/airflow/dags/youtube_pipeline.py
[2026-09-16T09:50:27.991+0000] {processor.py:914} INFO - Processing file /opt/airflow/dags/youtube_pipeline.py for tasks to queue
[2026-09-16T09:50:27.995+0000] {logging_mixin.py:190} INFO - [2026-09-16T09:50:27.995+0000] {dagbag.py:588} INFO - Filling up the DagBag from /opt/airflow/dags/youtube_pipeline.py
[2026-09-16T09:50:28.026+0000] {logging_mixin.py:190} INFO - [2026-09-16T09:50:28.020+0000] {dagbag.py:387} ERROR - Failed to import: /opt/airflow/dags/youtube_pipeline.py
Traceback (most recent call last):
  File "/home/airflow/.local/lib/python3.10/site-packages/airflow/models/dagbag.py", line 383, in parse
    loader.exec_module(new_module)
  File "<frozen importlib._bootstrap_external>", line 883, in exec_module
  File "<frozen importlib._bootstrap>", line 241, in _call_with_frames_removed
  File "/opt/airflow/dags/youtube_pipeline.py", line 12, in <module>
    from logs.include.extract import youtube_extract as extract_videos
ModuleNotFoundError: No module named 'logs.include'
[2026-09-16T09:50:28.028+0000] {processor.py:927} WARNING - No viable dags retrieved from /opt/airflow/dags/youtube_pipeline.py
[2026-09-16T09:50:28.056+0000] {processor.py:208} INFO - Processing /opt/airflow/dags/youtube_pipeline.py took 0.074 seconds
[2026-09-16T09:50:40.117+0000] {processor.py:186} INFO - Started process (PID=1009) to work on /opt/airflow/dags/youtube_pipeline.py
[2026-09-16T09:50:40.120+0000] {processor.py:914} INFO - Processing file /opt/airflow/dags/youtube_pipeline.py for tasks to queue
[2026-09-16T09:50:40.124+0000] {logging_mixin.py:190} INFO - [2026-09-16T09:50:40.124+0000] {dagbag.py:588} INFO - Filling up the DagBag from /opt/airflow/dags/youtube_pipeline.py
[2026-09-16T09:50:40.624+0000] {logging_mixin.py:190} INFO - [2026-09-16T09:50:40.612+0000] {dagbag.py:387} ERROR - Failed to import: /opt/airflow/dags/youtube_pipeline.py
Traceback (most recent call last):
  File "/home/airflow/.local/lib/python3.10/site-packages/airflow/models/dagbag.py", line 383, in parse
    loader.exec_module(new_module)
  File "<frozen importlib._bootstrap_external>", line 883, in exec_module
  File "<frozen importlib._bootstrap>", line 241, in _call_with_frames_removed
  File "/opt/airflow/dags/youtube_pipeline.py", line 39, in <module>
    python_callable=load_videos.load,
AttributeError: module 'include.load.youtube_load' has no attribute 'load'
[2026-09-16T09:50:40.628+0000] {processor.py:927} WARNING - No viable dags retrieved from /opt/airflow/dags/youtube_pipeline.py
[2026-09-16T09:50:40.690+0000] {processor.py:208} INFO - Processing /opt/airflow/dags/youtube_pipeline.py took 0.582 seconds
[2026-09-16T09:50:42.785+0000] {processor.py:186} INFO - Started process (PID=1010) to work on /opt/airflow/dags/youtube_pipeline.py
[2026-09-16T09:50:42.788+0000] {processor.py:914} INFO - Processing file /opt/airflow/dags/youtube_pipeline.py for tasks to queue
[2026-09-16T09:50:42.796+0000] {logging_mixin.py:190} INFO - [2026-09-16T09:50:42.796+0000] {dagbag.py:588} INFO - Filling up the DagBag from /opt/airflow/dags/youtube_pipeline.py
[2026-09-16T09:50:43.021+0000] {logging_mixin.py:190} INFO - [2026-09-16T09:50:43.013+0000] {dagbag.py:387} ERROR - Failed to import: /opt/airflow/dags/youtube_pipeline.py
Traceback (most recent call last):
  File "/home/airflow/.local/lib/python3.10/site-packages/airflow/models/dagbag.py", line 383, in parse
    loader.exec_module(new_module)
  File "<frozen importlib._bootstrap_external>", line 883, in exec_module
  File "<frozen importlib._bootstrap>", line 241, in _call_with_frames_removed
  File "/opt/airflow/dags/youtube_pipeline.py", line 38, in <module>
    create_table >> extract_task >> transform_task >> load_task
NameError: name 'load_task' is not defined
[2026-09-16T09:50:43.024+0000] {processor.py:927} WARNING - No viable dags retrieved from /opt/airflow/dags/youtube_pipeline.py
[2026-09-16T09:50:43.061+0000] {processor.py:208} INFO - Processing /opt/airflow/dags/youtube_pipeline.py took 0.285 seconds
[2026-09-16T09:50:45.822+0000] {processor.py:186} INFO - Started process (PID=1011) to work on /opt/airflow/dags/youtube_pipeline.py
[2026-09-16T09:50:45.824+0000] {processor.py:914} INFO - Processing file /opt/airflow/dags/youtube_pipeline.py for tasks to queue
[2026-09-16T09:50:45.829+0000] {logging_mixin.py:190} INFO - [2026-09-16T09:50:45.828+0000] {dagbag.py:588} INFO - Filling up the DagBag from /opt/airflow/dags/youtube_pipeline.py
[2026-09-16T09:50:46.200+0000] {processor.py:925} INFO - DAG(s) 'youtube_pipeline' retrieved from /opt/airflow/dags/youtube_pipeline.py
[2026-09-16T09:50:47.397+0000] {logging_mixin.py:190} INFO - [2026-09-16T09:50:47.396+0000] {override.py:1932} INFO - Created Permission View: can delete on DAG:youtube_pipeline
[2026-09-16T09:50:47.435+0000] {logging_mixin.py:190} INFO - [2026-09-16T09:50:47.434+0000] {override.py:1932} INFO - Created Permission View: can edit on DAG:youtube_pipeline
[2026-09-16T09:50:47.451+0000] {logging_mixin.py:190} INFO - [2026-09-16T09:50:47.449+0000] {override.py:1932} INFO - Created Permission View: can read on DAG:youtube_pipeline
[2026-09-16T09:50:47.477+0000] {logging_mixin.py:190} INFO - [2026-09-16T09:50:47.476+0000] {override.py:1932} INFO - Created Permission View: can delete on DAG Run:youtube_pipeline
[2026-09-16T09:50:47.494+0000] {logging_mixin.py:190} INFO - [2026-09-16T09:50:47.494+0000] {override.py:1932} INFO - Created Permission View: menu access on DAG Run:youtube_pipeline
[2026-09-16T09:50:47.512+0000] {logging_mixin.py:190} INFO - [2026-09-16T09:50:47.512+0000] {override.py:1932} INFO - Created Permission View: can create on DAG Run:youtube_pipeline
[2026-09-16T09:50:47.531+0000] {logging_mixin.py:190} INFO - [2026-09-16T09:50:47.530+0000] {override.py:1932} INFO - Created Permission View: can read on DAG Run:youtube_pipeline
[2026-09-16T09:50:47.538+0000] {logging_mixin.py:190} INFO - [2026-09-16T09:50:47.537+0000] {dag.py:3239} INFO - Sync 1 DAGs
[2026-09-16T09:50:47.655+0000] {logging_mixin.py:190} INFO - [2026-09-16T09:50:47.655+0000] {dag.py:3262} INFO - Creating ORM DAG for youtube_pipeline
[2026-09-16T09:50:47.747+0000] {logging_mixin.py:190} INFO - [2026-09-16T09:50:47.746+0000] {dag.py:4180} INFO - Setting next_dagrun for youtube_pipeline to 2026-09-16 00:00:00+00:00, run_after=2026-09-17 00:00:00+00:00
[2026-09-16T09:50:47.826+0000] {processor.py:208} INFO - Processing /opt/airflow/dags/youtube_pipeline.py took 2.012 seconds
[2026-09-16T09:51:18.082+0000] {processor.py:186} INFO - Started process (PID=1019) to work on /opt/airflow/dags/youtube_pipeline.py
[2026-09-16T09:51:18.084+0000] {processor.py:914} INFO - Processing file /opt/airflow/dags/youtube_pipeline.py for tasks to queue
[2026-09-16T09:51:18.086+0000] {logging_mixin.py:190} INFO - [2026-09-16T09:51:18.086+0000] {dagbag.py:588} INFO - Filling up the DagBag from /opt/airflow/dags/youtube_pipeline.py
[2026-09-16T09:51:18.215+0000] {processor.py:925} INFO - DAG(s) 'youtube_pipeline' retrieved from /opt/airflow/dags/youtube_pipeline.py
[2026-09-16T09:51:18.246+0000] {logging_mixin.py:190} INFO - [2026-09-16T09:51:18.246+0000] {dag.py:3239} INFO - Sync 1 DAGs
[2026-09-16T09:51:18.278+0000] {logging_mixin.py:190} INFO - [2026-09-16T09:51:18.278+0000] {dag.py:4180} INFO - Setting next_dagrun for youtube_pipeline to 2026-09-16 00:00:00+00:00, run_after=2026-09-17 00:00:00+00:00
[2026-09-16T09:51:18.312+0000] {processor.py:208} INFO - Processing /opt/airflow/dags/youtube_pipeline.py took 0.235 seconds
[2026-09-16T09:51:48.562+0000] {processor.py:186} INFO - Started process (PID=1026) to work on /opt/airflow/dags/youtube_pipeline.py
[2026-09-16T09:51:48.563+0000] {processor.py:914} INFO - Processing file /opt/airflow/dags/youtube_pipeline.py for tasks to queue
[2026-09-16T09:51:48.567+0000] {logging_mixin.py:190} INFO - [2026-09-16T09:51:48.567+0000] {dagbag.py:588} INFO - Filling up the DagBag from /opt/airflow/dags/youtube_pipeline.py
[2026-09-16T09:51:48.663+0000] {processor.py:925} INFO - DAG(s) 'youtube_pipeline' retrieved from /opt/airflow/dags/youtube_pipeline.py
[2026-09-16T09:51:48.684+0000] {logging_mixin.py:190} INFO - [2026-09-16T09:51:48.684+0000] {dag.py:3239} INFO - Sync 1 DAGs
[2026-09-16T09:51:48.703+0000] {logging_mixin.py:190} INFO - [2026-09-16T09:51:48.703+0000] {dag.py:4180} INFO - Setting next_dagrun for youtube_pipeline to 2026-09-16 00:00:00+00:00, run_after=2026-09-17 00:00:00+00:00
[2026-09-16T09:51:48.723+0000] {processor.py:208} INFO - Processing /opt/airflow/dags/youtube_pipeline.py took 0.169 seconds
[2026-09-16T09:51:55.651+0000] {processor.py:186} INFO - Started process (PID=1027) to work on /opt/airflow/dags/youtube_pipeline.py
[2026-09-16T09:51:55.655+0000] {processor.py:914} INFO - Processing file /opt/airflow/dags/youtube_pipeline.py for tasks to queue
[2026-09-16T09:51:55.661+0000] {logging_mixin.py:190} INFO - [2026-09-16T09:51:55.661+0000] {dagbag.py:588} INFO - Filling up the DagBag from /opt/airflow/dags/youtube_pipeline.py
[2026-09-16T09:51:55.818+0000] {processor.py:925} INFO - DAG(s) 'youtube_pipeline' retrieved from /opt/airflow/dags/youtube_pipeline.py
[2026-09-16T09:51:55.846+0000] {logging_mixin.py:190} INFO - [2026-09-16T09:51:55.846+0000] {dag.py:3239} INFO - Sync 1 DAGs
[2026-09-16T09:51:55.870+0000] {logging_mixin.py:190} INFO - [2026-09-16T09:51:55.870+0000] {dag.py:4180} INFO - Setting next_dagrun for youtube_pipeline to 2026-09-16 00:00:00+00:00, run_after=2026-09-17 00:00:00+00:00
[2026-09-16T09:51:55.894+0000] {processor.py:208} INFO - Processing /opt/airflow/dags/youtube_pipeline.py took 0.248 seconds
[2026-09-16T09:52:26.061+0000] {processor.py:186} INFO - Started process (PID=1034) to work on /opt/airflow/dags/youtube_pipeline.py
[2026-09-16T09:52:26.063+0000] {processor.py:914} INFO - Processing file /opt/airflow/dags/youtube_pipeline.py for tasks to queue
[2026-09-16T09:52:26.066+0000] {logging_mixin.py:190} INFO - [2026-09-16T09:52:26.065+0000] {dagbag.py:588} INFO - Filling up the DagBag from /opt/airflow/dags/youtube_pipeline.py
[2026-09-16T09:52:26.168+0000] {processor.py:925} INFO - DAG(s) 'youtube_pipeline' retrieved from /opt/airflow/dags/youtube_pipeline.py
[2026-09-16T09:52:26.189+0000] {logging_mixin.py:190} INFO - [2026-09-16T09:52:26.189+0000] {dag.py:3239} INFO - Sync 1 DAGs
[2026-09-16T09:52:26.209+0000] {logging_mixin.py:190} INFO - [2026-09-16T09:52:26.208+0000] {dag.py:4180} INFO - Setting next_dagrun for youtube_pipeline to 2026-09-16 00:00:00+00:00, run_after=2026-09-17 00:00:00+00:00
[2026-09-16T09:52:26.228+0000] {processor.py:208} INFO - Processing /opt/airflow/dags/youtube_pipeline.py took 0.172 seconds
[2026-09-16T09:52:56.408+0000] {processor.py:186} INFO - Started process (PID=1041) to work on /opt/airflow/dags/youtube_pipeline.py
[2026-09-16T09:52:56.410+0000] {processor.py:914} INFO - Processing file /opt/airflow/dags/youtube_pipeline.py for tasks to queue
[2026-09-16T09:52:56.414+0000] {logging_mixin.py:190} INFO - [2026-09-16T09:52:56.413+0000] {dagbag.py:588} INFO - Filling up the DagBag from /opt/airflow/dags/youtube_pipeline.py
[2026-09-16T09:52:56.517+0000] {processor.py:925} INFO - DAG(s) 'youtube_pipeline' retrieved from /opt/airflow/dags/youtube_pipeline.py
[2026-09-16T09:52:56.542+0000] {logging_mixin.py:190} INFO - [2026-09-16T09:52:56.541+0000] {dag.py:3239} INFO - Sync 1 DAGs
[2026-09-16T09:52:56.565+0000] {logging_mixin.py:190} INFO - [2026-09-16T09:52:56.565+0000] {dag.py:4180} INFO - Setting next_dagrun for youtube_pipeline to 2026-09-16 00:00:00+00:00, run_after=2026-09-17 00:00:00+00:00
[2026-09-16T09:52:56.587+0000] {processor.py:208} INFO - Processing /opt/airflow/dags/youtube_pipeline.py took 0.185 seconds
[2026-09-16T09:53:26.757+0000] {processor.py:186} INFO - Started process (PID=1048) to work on /opt/airflow/dags/youtube_pipeline.py
[2026-09-16T09:53:26.759+0000] {processor.py:914} INFO - Processing file /opt/airflow/dags/youtube_pipeline.py for tasks to queue
[2026-09-16T09:53:26.763+0000] {logging_mixin.py:190} INFO - [2026-09-16T09:53:26.763+0000] {dagbag.py:588} INFO - Filling up the DagBag from /opt/airflow/dags/youtube_pipeline.py
[2026-09-16T09:53:26.890+0000] {processor.py:925} INFO - DAG(s) 'youtube_pipeline' retrieved from /opt/airflow/dags/youtube_pipeline.py
[2026-09-16T09:53:26.919+0000] {logging_mixin.py:190} INFO - [2026-09-16T09:53:26.919+0000] {dag.py:3239} INFO - Sync 1 DAGs
[2026-09-16T09:53:26.944+0000] {logging_mixin.py:190} INFO - [2026-09-16T09:53:26.944+0000] {dag.py:4180} INFO - Setting next_dagrun for youtube_pipeline to 2026-09-16 00:00:00+00:00, run_after=2026-09-17 00:00:00+00:00
[2026-09-16T09:53:26.967+0000] {processor.py:208} INFO - Processing /opt/airflow/dags/youtube_pipeline.py took 0.216 seconds
[2026-09-16T09:53:57.100+0000] {processor.py:186} INFO - Started process (PID=1055) to work on /opt/airflow/dags/youtube_pipeline.py
[2026-09-16T09:53:57.102+0000] {processor.py:914} INFO - Processing file /opt/airflow/dags/youtube_pipeline.py for tasks to queue
[2026-09-16T09:53:57.107+0000] {logging_mixin.py:190} INFO - [2026-09-16T09:53:57.107+0000] {dagbag.py:588} INFO - Filling up the DagBag from /opt/airflow/dags/youtube_pipeline.py
[2026-09-16T09:53:57.217+0000] {processor.py:925} INFO - DAG(s) 'youtube_pipeline' retrieved from /opt/airflow/dags/youtube_pipeline.py
[2026-09-16T09:53:57.242+0000] {logging_mixin.py:190} INFO - [2026-09-16T09:53:57.242+0000] {dag.py:3239} INFO - Sync 1 DAGs
[2026-09-16T09:53:57.261+0000] {logging_mixin.py:190} INFO - [2026-09-16T09:53:57.261+0000] {dag.py:4180} INFO - Setting next_dagrun for youtube_pipeline to 2026-09-16 00:00:00+00:00, run_after=2026-09-17 00:00:00+00:00
[2026-09-16T09:53:57.285+0000] {processor.py:208} INFO - Processing /opt/airflow/dags/youtube_pipeline.py took 0.191 seconds
[2026-09-16T09:54:27.463+0000] {processor.py:186} INFO - Started process (PID=1062) to work on /opt/airflow/dags/youtube_pipeline.py
[2026-09-16T09:54:27.465+0000] {processor.py:914} INFO - Processing file /opt/airflow/dags/youtube_pipeline.py for tasks to queue
[2026-09-16T09:54:27.468+0000] {logging_mixin.py:190} INFO - [2026-09-16T09:54:27.468+0000] {dagbag.py:588} INFO - Filling up the DagBag from /opt/airflow/dags/youtube_pipeline.py
[2026-09-16T09:54:27.617+0000] {processor.py:925} INFO - DAG(s) 'youtube_pipeline' retrieved from /opt/airflow/dags/youtube_pipeline.py
[2026-09-16T09:54:27.638+0000] {logging_mixin.py:190} INFO - [2026-09-16T09:54:27.638+0000] {dag.py:3239} INFO - Sync 1 DAGs
[2026-09-16T09:54:27.657+0000] {logging_mixin.py:190} INFO - [2026-09-16T09:54:27.657+0000] {dag.py:4180} INFO - Setting next_dagrun for youtube_pipeline to 2026-09-16 00:00:00+00:00, run_after=2026-09-17 00:00:00+00:00
[2026-09-16T09:54:27.674+0000] {processor.py:208} INFO - Processing /opt/airflow/dags/youtube_pipeline.py took 0.218 seconds
[2026-09-16T09:54:28.573+0000] {processor.py:186} INFO - Started process (PID=1068) to work on /opt/airflow/dags/youtube_pipeline.py
[2026-09-16T09:54:28.574+0000] {processor.py:914} INFO - Processing file /opt/airflow/dags/youtube_pipeline.py for tasks to queue
[2026-09-16T09:54:28.577+0000] {logging_mixin.py:190} INFO - [2026-09-16T09:54:28.577+0000] {dagbag.py:588} INFO - Filling up the DagBag from /opt/airflow/dags/youtube_pipeline.py
[2026-09-16T09:54:28.704+0000] {processor.py:925} INFO - DAG(s) 'youtube_pipeline' retrieved from /opt/airflow/dags/youtube_pipeline.py
[2026-09-16T09:54:28.733+0000] {logging_mixin.py:190} INFO - [2026-09-16T09:54:28.732+0000] {dag.py:3239} INFO - Sync 1 DAGs
[2026-09-16T09:54:28.756+0000] {logging_mixin.py:190} INFO - [2026-09-16T09:54:28.756+0000] {dag.py:4180} INFO - Setting next_dagrun for youtube_pipeline to 2026-09-16 00:00:00+00:00, run_after=2026-09-17 00:00:00+00:00
[2026-09-16T09:54:28.786+0000] {processor.py:208} INFO - Processing /opt/airflow/dags/youtube_pipeline.py took 0.218 seconds
[2026-09-16T09:54:59.011+0000] {processor.py:186} INFO - Started process (PID=1075) to work on /opt/airflow/dags/youtube_pipeline.py
[2026-09-16T09:54:59.012+0000] {processor.py:914} INFO - Processing file /opt/airflow/dags/youtube_pipeline.py for tasks to queue
[2026-09-16T09:54:59.016+0000] {logging_mixin.py:190} INFO - [2026-09-16T09:54:59.015+0000] {dagbag.py:588} INFO - Filling up the DagBag from /opt/airflow/dags/youtube_pipeline.py
[2026-09-16T09:54:59.103+0000] {processor.py:925} INFO - DAG(s) 'youtube_pipeline' retrieved from /opt/airflow/dags/youtube_pipeline.py
[2026-09-16T09:54:59.146+0000] {logging_mixin.py:190} INFO - [2026-09-16T09:54:59.144+0000] {dag.py:3239} INFO - Sync 1 DAGs
[2026-09-16T09:54:59.232+0000] {logging_mixin.py:190} INFO - [2026-09-16T09:54:59.231+0000] {dag.py:4180} INFO - Setting next_dagrun for youtube_pipeline to 2026-09-16 00:00:00+00:00, run_after=2026-09-17 00:00:00+00:00
[2026-09-16T09:54:59.260+0000] {processor.py:208} INFO - Processing /opt/airflow/dags/youtube_pipeline.py took 0.254 seconds
[2026-09-16T09:55:29.573+0000] {processor.py:186} INFO - Started process (PID=1082) to work on /opt/airflow/dags/youtube_pipeline.py
[2026-09-16T09:55:29.576+0000] {processor.py:914} INFO - Processing file /opt/airflow/dags/youtube_pipeline.py for tasks to queue
[2026-09-16T09:55:29.581+0000] {logging_mixin.py:190} INFO - [2026-09-16T09:55:29.581+0000] {dagbag.py:588} INFO - Filling up the DagBag from /opt/airflow/dags/youtube_pipeline.py
[2026-09-16T09:55:29.752+0000] {processor.py:925} INFO - DAG(s) 'youtube_pipeline' retrieved from /opt/airflow/dags/youtube_pipeline.py
[2026-09-16T09:55:29.866+0000] {logging_mixin.py:190} INFO - [2026-09-16T09:55:29.866+0000] {dag.py:3239} INFO - Sync 1 DAGs
[2026-09-16T09:55:29.928+0000] {logging_mixin.py:190} INFO - [2026-09-16T09:55:29.928+0000] {dag.py:4180} INFO - Setting next_dagrun for youtube_pipeline to 2026-09-16 00:00:00+00:00, run_after=2026-09-17 00:00:00+00:00
[2026-09-16T09:55:29.973+0000] {processor.py:208} INFO - Processing /opt/airflow/dags/youtube_pipeline.py took 0.408 seconds
[2026-09-16T09:56:00.273+0000] {processor.py:186} INFO - Started process (PID=1090) to work on /opt/airflow/dags/youtube_pipeline.py
[2026-09-16T09:56:00.275+0000] {processor.py:914} INFO - Processing file /opt/airflow/dags/youtube_pipeline.py for tasks to queue
[2026-09-16T09:56:00.279+0000] {logging_mixin.py:190} INFO - [2026-09-16T09:56:00.279+0000] {dagbag.py:588} INFO - Filling up the DagBag from /opt/airflow/dags/youtube_pipeline.py
[2026-09-16T09:56:00.384+0000] {processor.py:925} INFO - DAG(s) 'youtube_pipeline' retrieved from /opt/airflow/dags/youtube_pipeline.py
[2026-09-16T09:56:00.407+0000] {logging_mixin.py:190} INFO - [2026-09-16T09:56:00.407+0000] {dag.py:3239} INFO - Sync 1 DAGs
[2026-09-16T09:56:00.427+0000] {logging_mixin.py:190} INFO - [2026-09-16T09:56:00.427+0000] {dag.py:4180} INFO - Setting next_dagrun for youtube_pipeline to 2026-09-16 00:00:00+00:00, run_after=2026-09-17 00:00:00+00:00
[2026-09-16T09:56:00.448+0000] {processor.py:208} INFO - Processing /opt/airflow/dags/youtube_pipeline.py took 0.181 seconds
[2026-09-16T09:56:30.528+0000] {processor.py:186} INFO - Started process (PID=1096) to work on /opt/airflow/dags/youtube_pipeline.py
[2026-09-16T09:56:30.530+0000] {processor.py:914} INFO - Processing file /opt/airflow/dags/youtube_pipeline.py for tasks to queue
[2026-09-16T09:56:30.534+0000] {logging_mixin.py:190} INFO - [2026-09-16T09:56:30.534+0000] {dagbag.py:588} INFO - Filling up the DagBag from /opt/airflow/dags/youtube_pipeline.py
[2026-09-16T09:56:30.633+0000] {processor.py:925} INFO - DAG(s) 'youtube_pipeline' retrieved from /opt/airflow/dags/youtube_pipeline.py
[2026-09-16T09:56:30.662+0000] {logging_mixin.py:190} INFO - [2026-09-16T09:56:30.662+0000] {dag.py:3239} INFO - Sync 1 DAGs
[2026-09-16T09:56:30.684+0000] {logging_mixin.py:190} INFO - [2026-09-16T09:56:30.684+0000] {dag.py:4180} INFO - Setting next_dagrun for youtube_pipeline to 2026-09-16 00:00:00+00:00, run_after=2026-09-17 00:00:00+00:00
[2026-09-16T09:56:30.705+0000] {processor.py:208} INFO - Processing /opt/airflow/dags/youtube_pipeline.py took 0.182 seconds
[2026-09-16T09:57:00.937+0000] {processor.py:186} INFO - Started process (PID=1103) to work on /opt/airflow/dags/youtube_pipeline.py
[2026-09-16T09:57:00.939+0000] {processor.py:914} INFO - Processing file /opt/airflow/dags/youtube_pipeline.py for tasks to queue
[2026-09-16T09:57:00.942+0000] {logging_mixin.py:190} INFO - [2026-09-16T09:57:00.942+0000] {dagbag.py:588} INFO - Filling up the DagBag from /opt/airflow/dags/youtube_pipeline.py
[2026-09-16T09:57:01.035+0000] {processor.py:925} INFO - DAG(s) 'youtube_pipeline' retrieved from /opt/airflow/dags/youtube_pipeline.py
[2026-09-16T09:57:01.055+0000] {logging_mixin.py:190} INFO - [2026-09-16T09:57:01.055+0000] {dag.py:3239} INFO - Sync 1 DAGs
[2026-09-16T09:57:01.073+0000] {logging_mixin.py:190} INFO - [2026-09-16T09:57:01.073+0000] {dag.py:4180} INFO - Setting next_dagrun for youtube_pipeline to 2026-09-16 00:00:00+00:00, run_after=2026-09-17 00:00:00+00:00
[2026-09-16T09:57:01.091+0000] {processor.py:208} INFO - Processing /opt/airflow/dags/youtube_pipeline.py took 0.158 seconds
[2026-09-16T09:57:31.191+0000] {processor.py:186} INFO - Started process (PID=1110) to work on /opt/airflow/dags/youtube_pipeline.py
[2026-09-16T09:57:31.192+0000] {processor.py:914} INFO - Processing file /opt/airflow/dags/youtube_pipeline.py for tasks to queue
[2026-09-16T09:57:31.195+0000] {logging_mixin.py:190} INFO - [2026-09-16T09:57:31.195+0000] {dagbag.py:588} INFO - Filling up the DagBag from /opt/airflow/dags/youtube_pipeline.py
[2026-09-16T09:57:31.365+0000] {processor.py:925} INFO - DAG(s) 'youtube_pipeline' retrieved from /opt/airflow/dags/youtube_pipeline.py
[2026-09-16T09:57:31.390+0000] {logging_mixin.py:190} INFO - [2026-09-16T09:57:31.389+0000] {dag.py:3239} INFO - Sync 1 DAGs
[2026-09-16T09:57:31.419+0000] {logging_mixin.py:190} INFO - [2026-09-16T09:57:31.418+0000] {dag.py:4180} INFO - Setting next_dagrun for youtube_pipeline to 2026-09-16 00:00:00+00:00, run_after=2026-09-17 00:00:00+00:00
[2026-09-16T09:57:31.454+0000] {processor.py:208} INFO - Processing /opt/airflow/dags/youtube_pipeline.py took 0.269 seconds
[2026-09-16T09:57:38.438+0000] {processor.py:186} INFO - Started process (PID=1111) to work on /opt/airflow/dags/youtube_pipeline.py
[2026-09-16T09:57:38.440+0000] {processor.py:914} INFO - Processing file /opt/airflow/dags/youtube_pipeline.py for tasks to queue
[2026-09-16T09:57:38.445+0000] {logging_mixin.py:190} INFO - [2026-09-16T09:57:38.445+0000] {dagbag.py:588} INFO - Filling up the DagBag from /opt/airflow/dags/youtube_pipeline.py
[2026-09-16T09:57:38.574+0000] {processor.py:925} INFO - DAG(s) 'youtube_pipeline' retrieved from /opt/airflow/dags/youtube_pipeline.py
[2026-09-16T09:57:38.740+0000] {logging_mixin.py:190} INFO - [2026-09-16T09:57:38.740+0000] {dag.py:3239} INFO - Sync 1 DAGs
[2026-09-16T09:57:38.770+0000] {logging_mixin.py:190} INFO - [2026-09-16T09:57:38.770+0000] {dag.py:4180} INFO - Setting next_dagrun for youtube_pipeline to 2026-09-16 08:00:00+00:00, run_after=2026-09-16 09:00:00+00:00
[2026-09-16T09:57:38.799+0000] {processor.py:208} INFO - Processing /opt/airflow/dags/youtube_pipeline.py took 0.366 seconds
[2026-09-16T09:58:09.051+0000] {processor.py:186} INFO - Started process (PID=1118) to work on /opt/airflow/dags/youtube_pipeline.py
[2026-09-16T09:58:09.053+0000] {processor.py:914} INFO - Processing file /opt/airflow/dags/youtube_pipeline.py for tasks to queue
[2026-09-16T09:58:09.057+0000] {logging_mixin.py:190} INFO - [2026-09-16T09:58:09.056+0000] {dagbag.py:588} INFO - Filling up the DagBag from /opt/airflow/dags/youtube_pipeline.py
[2026-09-16T09:58:09.151+0000] {processor.py:925} INFO - DAG(s) 'youtube_pipeline' retrieved from /opt/airflow/dags/youtube_pipeline.py
[2026-09-16T09:58:09.175+0000] {logging_mixin.py:190} INFO - [2026-09-16T09:58:09.175+0000] {dag.py:3239} INFO - Sync 1 DAGs
[2026-09-16T09:58:09.197+0000] {logging_mixin.py:190} INFO - [2026-09-16T09:58:09.197+0000] {dag.py:4180} INFO - Setting next_dagrun for youtube_pipeline to 2026-09-16 08:00:00+00:00, run_after=2026-09-16 09:00:00+00:00
[2026-09-16T09:58:09.217+0000] {processor.py:208} INFO - Processing /opt/airflow/dags/youtube_pipeline.py took 0.172 seconds
[2026-09-16T09:58:23.177+0000] {processor.py:186} INFO - Started process (PID=1119) to work on /opt/airflow/dags/youtube_pipeline.py
[2026-09-16T09:58:23.179+0000] {processor.py:914} INFO - Processing file /opt/airflow/dags/youtube_pipeline.py for tasks to queue
[2026-09-16T09:58:23.182+0000] {logging_mixin.py:190} INFO - [2026-09-16T09:58:23.182+0000] {dagbag.py:588} INFO - Filling up the DagBag from /opt/airflow/dags/youtube_pipeline.py
[2026-09-16T09:58:23.323+0000] {processor.py:925} INFO - DAG(s) 'youtube_pipeline' retrieved from /opt/airflow/dags/youtube_pipeline.py
[2026-09-16T09:58:23.349+0000] {logging_mixin.py:190} INFO - [2026-09-16T09:58:23.349+0000] {dag.py:3239} INFO - Sync 1 DAGs
[2026-09-16T09:58:23.370+0000] {logging_mixin.py:190} INFO - [2026-09-16T09:58:23.370+0000] {dag.py:4180} INFO - Setting next_dagrun for youtube_pipeline to 2026-09-16 08:00:00+00:00, run_after=2026-09-16 09:00:00+00:00
[2026-09-16T09:58:23.393+0000] {processor.py:208} INFO - Processing /opt/airflow/dags/youtube_pipeline.py took 0.221 seconds
[2026-09-16T09:58:53.619+0000] {processor.py:186} INFO - Started process (PID=1126) to work on /opt/airflow/dags/youtube_pipeline.py
[2026-09-16T09:58:53.621+0000] {processor.py:914} INFO - Processing file /opt/airflow/dags/youtube_pipeline.py for tasks to queue
[2026-09-16T09:58:53.626+0000] {logging_mixin.py:190} INFO - [2026-09-16T09:58:53.625+0000] {dagbag.py:588} INFO - Filling up the DagBag from /opt/airflow/dags/youtube_pipeline.py
[2026-09-16T09:58:53.746+0000] {processor.py:925} INFO - DAG(s) 'youtube_pipeline' retrieved from /opt/airflow/dags/youtube_pipeline.py
[2026-09-16T09:58:53.773+0000] {logging_mixin.py:190} INFO - [2026-09-16T09:58:53.773+0000] {dag.py:3239} INFO - Sync 1 DAGs
[2026-09-16T09:58:53.794+0000] {logging_mixin.py:190} INFO - [2026-09-16T09:58:53.794+0000] {dag.py:4180} INFO - Setting next_dagrun for youtube_pipeline to 2026-09-16 08:00:00+00:00, run_after=2026-09-16 09:00:00+00:00
[2026-09-16T09:58:53.815+0000] {processor.py:208} INFO - Processing /opt/airflow/dags/youtube_pipeline.py took 0.204 seconds
[2026-09-16T09:59:23.874+0000] {processor.py:186} INFO - Started process (PID=1133) to work on /opt/airflow/dags/youtube_pipeline.py
[2026-09-16T09:59:23.875+0000] {processor.py:914} INFO - Processing file /opt/airflow/dags/youtube_pipeline.py for tasks to queue
[2026-09-16T09:59:23.879+0000] {logging_mixin.py:190} INFO - [2026-09-16T09:59:23.878+0000] {dagbag.py:588} INFO - Filling up the DagBag from /opt/airflow/dags/youtube_pipeline.py
[2026-09-16T09:59:23.995+0000] {processor.py:925} INFO - DAG(s) 'youtube_pipeline' retrieved from /opt/airflow/dags/youtube_pipeline.py
[2026-09-16T09:59:24.021+0000] {logging_mixin.py:190} INFO - [2026-09-16T09:59:24.021+0000] {dag.py:3239} INFO - Sync 1 DAGs
[2026-09-16T09:59:24.043+0000] {logging_mixin.py:190} INFO - [2026-09-16T09:59:24.043+0000] {dag.py:4180} INFO - Setting next_dagrun for youtube_pipeline to 2026-09-16 08:00:00+00:00, run_after=2026-09-16 09:00:00+00:00
[2026-09-16T09:59:24.064+0000] {processor.py:208} INFO - Processing /opt/airflow/dags/youtube_pipeline.py took 0.198 seconds
[2026-09-16T09:59:54.348+0000] {processor.py:186} INFO - Started process (PID=1140) to work on /opt/airflow/dags/youtube_pipeline.py
[2026-09-16T09:59:54.350+0000] {processor.py:914} INFO - Processing file /opt/airflow/dags/youtube_pipeline.py for tasks to queue
[2026-09-16T09:59:54.353+0000] {logging_mixin.py:190} INFO - [2026-09-16T09:59:54.353+0000] {dagbag.py:588} INFO - Filling up the DagBag from /opt/airflow/dags/youtube_pipeline.py
[2026-09-16T09:59:54.467+0000] {processor.py:925} INFO - DAG(s) 'youtube_pipeline' retrieved from /opt/airflow/dags/youtube_pipeline.py
[2026-09-16T09:59:54.489+0000] {logging_mixin.py:190} INFO - [2026-09-16T09:59:54.488+0000] {dag.py:3239} INFO - Sync 1 DAGs
[2026-09-16T09:59:54.509+0000] {logging_mixin.py:190} INFO - [2026-09-16T09:59:54.508+0000] {dag.py:4180} INFO - Setting next_dagrun for youtube_pipeline to 2026-09-16 08:00:00+00:00, run_after=2026-09-16 09:00:00+00:00
[2026-09-16T09:59:54.528+0000] {processor.py:208} INFO - Processing /opt/airflow/dags/youtube_pipeline.py took 0.184 seconds
[2026-09-16T10:00:24.613+0000] {processor.py:186} INFO - Started process (PID=1147) to work on /opt/airflow/dags/youtube_pipeline.py
[2026-09-16T10:00:24.615+0000] {processor.py:914} INFO - Processing file /opt/airflow/dags/youtube_pipeline.py for tasks to queue
[2026-09-16T10:00:24.618+0000] {logging_mixin.py:190} INFO - [2026-09-16T10:00:24.618+0000] {dagbag.py:588} INFO - Filling up the DagBag from /opt/airflow/dags/youtube_pipeline.py
[2026-09-16T10:00:24.705+0000] {processor.py:925} INFO - DAG(s) 'youtube_pipeline' retrieved from /opt/airflow/dags/youtube_pipeline.py
[2026-09-16T10:00:24.727+0000] {logging_mixin.py:190} INFO - [2026-09-16T10:00:24.727+0000] {dag.py:3239} INFO - Sync 1 DAGs
[2026-09-16T10:00:24.746+0000] {logging_mixin.py:190} INFO - [2026-09-16T10:00:24.746+0000] {dag.py:4180} INFO - Setting next_dagrun for youtube_pipeline to 2026-09-16 09:00:00+00:00, run_after=2026-09-16 10:00:00+00:00
[2026-09-16T10:00:24.765+0000] {processor.py:208} INFO - Processing /opt/airflow/dags/youtube_pipeline.py took 0.157 seconds
[2026-09-16T10:00:55.025+0000] {processor.py:186} INFO - Started process (PID=1154) to work on /opt/airflow/dags/youtube_pipeline.py
[2026-09-16T10:00:55.027+0000] {processor.py:914} INFO - Processing file /opt/airflow/dags/youtube_pipeline.py for tasks to queue
[2026-09-16T10:00:55.030+0000] {logging_mixin.py:190} INFO - [2026-09-16T10:00:55.030+0000] {dagbag.py:588} INFO - Filling up the DagBag from /opt/airflow/dags/youtube_pipeline.py
[2026-09-16T10:00:55.124+0000] {processor.py:925} INFO - DAG(s) 'youtube_pipeline' retrieved from /opt/airflow/dags/youtube_pipeline.py
[2026-09-16T10:00:55.146+0000] {logging_mixin.py:190} INFO - [2026-09-16T10:00:55.146+0000] {dag.py:3239} INFO - Sync 1 DAGs
[2026-09-16T10:00:55.165+0000] {logging_mixin.py:190} INFO - [2026-09-16T10:00:55.165+0000] {dag.py:4180} INFO - Setting next_dagrun for youtube_pipeline to 2026-09-16 09:00:00+00:00, run_after=2026-09-16 10:00:00+00:00
[2026-09-16T10:00:55.185+0000] {processor.py:208} INFO - Processing /opt/airflow/dags/youtube_pipeline.py took 0.165 seconds
[2026-09-16T10:01:25.265+0000] {processor.py:186} INFO - Started process (PID=1161) to work on /opt/airflow/dags/youtube_pipeline.py
[2026-09-16T10:01:25.266+0000] {processor.py:914} INFO - Processing file /opt/airflow/dags/youtube_pipeline.py for tasks to queue
[2026-09-16T10:01:25.270+0000] {logging_mixin.py:190} INFO - [2026-09-16T10:01:25.270+0000] {dagbag.py:588} INFO - Filling up the DagBag from /opt/airflow/dags/youtube_pipeline.py
[2026-09-16T10:01:25.345+0000] {processor.py:925} INFO - DAG(s) 'youtube_pipeline' retrieved from /opt/airflow/dags/youtube_pipeline.py
[2026-09-16T10:01:25.369+0000] {logging_mixin.py:190} INFO - [2026-09-16T10:01:25.369+0000] {dag.py:3239} INFO - Sync 1 DAGs
[2026-09-16T10:01:25.389+0000] {logging_mixin.py:190} INFO - [2026-09-16T10:01:25.389+0000] {dag.py:4180} INFO - Setting next_dagrun for youtube_pipeline to 2026-09-16 09:00:00+00:00, run_after=2026-09-16 10:00:00+00:00
[2026-09-16T10:01:25.408+0000] {processor.py:208} INFO - Processing /opt/airflow/dags/youtube_pipeline.py took 0.148 seconds
[2026-09-16T10:01:55.684+0000] {processor.py:186} INFO - Started process (PID=1168) to work on /opt/airflow/dags/youtube_pipeline.py
[2026-09-16T10:01:55.686+0000] {processor.py:914} INFO - Processing file /opt/airflow/dags/youtube_pipeline.py for tasks to queue
[2026-09-16T10:01:55.690+0000] {logging_mixin.py:190} INFO - [2026-09-16T10:01:55.690+0000] {dagbag.py:588} INFO - Filling up the DagBag from /opt/airflow/dags/youtube_pipeline.py
[2026-09-16T10:01:55.814+0000] {processor.py:925} INFO - DAG(s) 'youtube_pipeline' retrieved from /opt/airflow/dags/youtube_pipeline.py
[2026-09-16T10:01:55.837+0000] {logging_mixin.py:190} INFO - [2026-09-16T10:01:55.837+0000] {dag.py:3239} INFO - Sync 1 DAGs
[2026-09-16T10:01:55.859+0000] {logging_mixin.py:190} INFO - [2026-09-16T10:01:55.858+0000] {dag.py:4180} INFO - Setting next_dagrun for youtube_pipeline to 2026-09-16 09:00:00+00:00, run_after=2026-09-16 10:00:00+00:00
[2026-09-16T10:01:55.881+0000] {processor.py:208} INFO - Processing /opt/airflow/dags/youtube_pipeline.py took 0.202 seconds
[2026-09-16T10:02:26.137+0000] {processor.py:186} INFO - Started process (PID=1175) to work on /opt/airflow/dags/youtube_pipeline.py
[2026-09-16T10:02:26.139+0000] {processor.py:914} INFO - Processing file /opt/airflow/dags/youtube_pipeline.py for tasks to queue
[2026-09-16T10:02:26.143+0000] {logging_mixin.py:190} INFO - [2026-09-16T10:02:26.143+0000] {dagbag.py:588} INFO - Filling up the DagBag from /opt/airflow/dags/youtube_pipeline.py
[2026-09-16T10:02:26.270+0000] {processor.py:925} INFO - DAG(s) 'youtube_pipeline' retrieved from /opt/airflow/dags/youtube_pipeline.py
[2026-09-16T10:02:26.293+0000] {logging_mixin.py:190} INFO - [2026-09-16T10:02:26.293+0000] {dag.py:3239} INFO - Sync 1 DAGs
[2026-09-16T10:02:26.315+0000] {logging_mixin.py:190} INFO - [2026-09-16T10:02:26.315+0000] {dag.py:4180} INFO - Setting next_dagrun for youtube_pipeline to 2026-09-16 09:00:00+00:00, run_after=2026-09-16 10:00:00+00:00
[2026-09-16T10:02:26.333+0000] {processor.py:208} INFO - Processing /opt/airflow/dags/youtube_pipeline.py took 0.202 seconds
[2026-09-16T10:02:56.580+0000] {processor.py:186} INFO - Started process (PID=1181) to work on /opt/airflow/dags/youtube_pipeline.py
[2026-09-16T10:02:56.581+0000] {processor.py:914} INFO - Processing file /opt/airflow/dags/youtube_pipeline.py for tasks to queue
[2026-09-16T10:02:56.586+0000] {logging_mixin.py:190} INFO - [2026-09-16T10:02:56.586+0000] {dagbag.py:588} INFO - Filling up the DagBag from /opt/airflow/dags/youtube_pipeline.py
[2026-09-16T10:02:56.671+0000] {processor.py:925} INFO - DAG(s) 'youtube_pipeline' retrieved from /opt/airflow/dags/youtube_pipeline.py
[2026-09-16T10:02:56.693+0000] {logging_mixin.py:190} INFO - [2026-09-16T10:02:56.693+0000] {dag.py:3239} INFO - Sync 1 DAGs
[2026-09-16T10:02:56.712+0000] {logging_mixin.py:190} INFO - [2026-09-16T10:02:56.712+0000] {dag.py:4180} INFO - Setting next_dagrun for youtube_pipeline to 2026-09-16 09:00:00+00:00, run_after=2026-09-16 10:00:00+00:00
[2026-09-16T10:02:56.731+0000] {processor.py:208} INFO - Processing /opt/airflow/dags/youtube_pipeline.py took 0.156 seconds
[2026-09-16T10:03:26.813+0000] {processor.py:186} INFO - Started process (PID=1188) to work on /opt/airflow/dags/youtube_pipeline.py
[2026-09-16T10:03:26.815+0000] {processor.py:914} INFO - Processing file /opt/airflow/dags/youtube_pipeline.py for tasks to queue
[2026-09-16T10:03:26.818+0000] {logging_mixin.py:190} INFO - [2026-09-16T10:03:26.818+0000] {dagbag.py:588} INFO - Filling up the DagBag from /opt/airflow/dags/youtube_pipeline.py
[2026-09-16T10:03:26.926+0000] {processor.py:925} INFO - DAG(s) 'youtube_pipeline' retrieved from /opt/airflow/dags/youtube_pipeline.py
[2026-09-16T10:03:26.948+0000] {logging_mixin.py:190} INFO - [2026-09-16T10:03:26.948+0000] {dag.py:3239} INFO - Sync 1 DAGs
[2026-09-16T10:03:26.969+0000] {logging_mixin.py:190} INFO - [2026-09-16T10:03:26.969+0000] {dag.py:4180} INFO - Setting next_dagrun for youtube_pipeline to 2026-09-16 09:00:00+00:00, run_after=2026-09-16 10:00:00+00:00
[2026-09-16T10:03:26.992+0000] {processor.py:208} INFO - Processing /opt/airflow/dags/youtube_pipeline.py took 0.186 seconds
[2026-09-16T10:03:57.246+0000] {processor.py:186} INFO - Started process (PID=1195) to work on /opt/airflow/dags/youtube_pipeline.py
[2026-09-16T10:03:57.248+0000] {processor.py:914} INFO - Processing file /opt/airflow/dags/youtube_pipeline.py for tasks to queue
[2026-09-16T10:03:57.252+0000] {logging_mixin.py:190} INFO - [2026-09-16T10:03:57.251+0000] {dagbag.py:588} INFO - Filling up the DagBag from /opt/airflow/dags/youtube_pipeline.py
[2026-09-16T10:03:57.346+0000] {processor.py:925} INFO - DAG(s) 'youtube_pipeline' retrieved from /opt/airflow/dags/youtube_pipeline.py
[2026-09-16T10:03:57.371+0000] {logging_mixin.py:190} INFO - [2026-09-16T10:03:57.371+0000] {dag.py:3239} INFO - Sync 1 DAGs
[2026-09-16T10:03:57.394+0000] {logging_mixin.py:190} INFO - [2026-09-16T10:03:57.394+0000] {dag.py:4180} INFO - Setting next_dagrun for youtube_pipeline to 2026-09-16 09:00:00+00:00, run_after=2026-09-16 10:00:00+00:00
[2026-09-16T10:03:57.419+0000] {processor.py:208} INFO - Processing /opt/airflow/dags/youtube_pipeline.py took 0.177 seconds
[2026-09-16T10:04:27.492+0000] {processor.py:186} INFO - Started process (PID=1202) to work on /opt/airflow/dags/youtube_pipeline.py
[2026-09-16T10:04:27.493+0000] {processor.py:914} INFO - Processing file /opt/airflow/dags/youtube_pipeline.py for tasks to queue
[2026-09-16T10:04:27.496+0000] {logging_mixin.py:190} INFO - [2026-09-16T10:04:27.496+0000] {dagbag.py:588} INFO - Filling up the DagBag from /opt/airflow/dags/youtube_pipeline.py
[2026-09-16T10:04:27.592+0000] {processor.py:925} INFO - DAG(s) 'youtube_pipeline' retrieved from /opt/airflow/dags/youtube_pipeline.py
[2026-09-16T10:04:27.614+0000] {logging_mixin.py:190} INFO - [2026-09-16T10:04:27.614+0000] {dag.py:3239} INFO - Sync 1 DAGs
[2026-09-16T10:04:27.633+0000] {logging_mixin.py:190} INFO - [2026-09-16T10:04:27.633+0000] {dag.py:4180} INFO - Setting next_dagrun for youtube_pipeline to 2026-09-16 09:00:00+00:00, run_after=2026-09-16 10:00:00+00:00
[2026-09-16T10:04:27.653+0000] {processor.py:208} INFO - Processing /opt/airflow/dags/youtube_pipeline.py took 0.166 seconds
[2026-09-16T10:04:57.952+0000] {processor.py:186} INFO - Started process (PID=1209) to work on /opt/airflow/dags/youtube_pipeline.py
[2026-09-16T10:04:57.954+0000] {processor.py:914} INFO - Processing file /opt/airflow/dags/youtube_pipeline.py for tasks to queue
[2026-09-16T10:04:57.962+0000] {logging_mixin.py:190} INFO - [2026-09-16T10:04:57.961+0000] {dagbag.py:588} INFO - Filling up the DagBag from /opt/airflow/dags/youtube_pipeline.py
[2026-09-16T10:04:58.063+0000] {processor.py:925} INFO - DAG(s) 'youtube_pipeline' retrieved from /opt/airflow/dags/youtube_pipeline.py
[2026-09-16T10:04:58.084+0000] {logging_mixin.py:190} INFO - [2026-09-16T10:04:58.083+0000] {dag.py:3239} INFO - Sync 1 DAGs
[2026-09-16T10:04:58.103+0000] {logging_mixin.py:190} INFO - [2026-09-16T10:04:58.103+0000] {dag.py:4180} INFO - Setting next_dagrun for youtube_pipeline to 2026-09-16 09:00:00+00:00, run_after=2026-09-16 10:00:00+00:00
[2026-09-16T10:04:58.122+0000] {processor.py:208} INFO - Processing /opt/airflow/dags/youtube_pipeline.py took 0.175 seconds
[2026-09-16T10:05:28.213+0000] {processor.py:186} INFO - Started process (PID=1216) to work on /opt/airflow/dags/youtube_pipeline.py
[2026-09-16T10:05:28.214+0000] {processor.py:914} INFO - Processing file /opt/airflow/dags/youtube_pipeline.py for tasks to queue
[2026-09-16T10:05:28.218+0000] {logging_mixin.py:190} INFO - [2026-09-16T10:05:28.218+0000] {dagbag.py:588} INFO - Filling up the DagBag from /opt/airflow/dags/youtube_pipeline.py
[2026-09-16T10:05:28.284+0000] {processor.py:925} INFO - DAG(s) 'youtube_pipeline' retrieved from /opt/airflow/dags/youtube_pipeline.py
[2026-09-16T10:05:28.308+0000] {logging_mixin.py:190} INFO - [2026-09-16T10:05:28.308+0000] {dag.py:3239} INFO - Sync 1 DAGs
[2026-09-16T10:05:28.328+0000] {logging_mixin.py:190} INFO - [2026-09-16T10:05:28.328+0000] {dag.py:4180} INFO - Setting next_dagrun for youtube_pipeline to 2026-09-16 09:00:00+00:00, run_after=2026-09-16 10:00:00+00:00
[2026-09-16T10:05:28.345+0000] {processor.py:208} INFO - Processing /opt/airflow/dags/youtube_pipeline.py took 0.138 seconds
[2026-09-16T10:05:58.478+0000] {processor.py:186} INFO - Started process (PID=1223) to work on /opt/airflow/dags/youtube_pipeline.py
[2026-09-16T10:05:58.480+0000] {processor.py:914} INFO - Processing file /opt/airflow/dags/youtube_pipeline.py for tasks to queue
[2026-09-16T10:05:58.485+0000] {logging_mixin.py:190} INFO - [2026-09-16T10:05:58.484+0000] {dagbag.py:588} INFO - Filling up the DagBag from /opt/airflow/dags/youtube_pipeline.py
[2026-09-16T10:05:58.640+0000] {processor.py:925} INFO - DAG(s) 'youtube_pipeline' retrieved from /opt/airflow/dags/youtube_pipeline.py
[2026-09-16T10:05:58.667+0000] {logging_mixin.py:190} INFO - [2026-09-16T10:05:58.666+0000] {dag.py:3239} INFO - Sync 1 DAGs
[2026-09-16T10:05:58.691+0000] {logging_mixin.py:190} INFO - [2026-09-16T10:05:58.691+0000] {dag.py:4180} INFO - Setting next_dagrun for youtube_pipeline to 2026-09-16 09:00:00+00:00, run_after=2026-09-16 10:00:00+00:00
[2026-09-16T10:05:58.715+0000] {processor.py:208} INFO - Processing /opt/airflow/dags/youtube_pipeline.py took 0.243 seconds
[2026-09-16T10:06:28.856+0000] {processor.py:186} INFO - Started process (PID=1230) to work on /opt/airflow/dags/youtube_pipeline.py
[2026-09-16T10:06:28.858+0000] {processor.py:914} INFO - Processing file /opt/airflow/dags/youtube_pipeline.py for tasks to queue
[2026-09-16T10:06:28.862+0000] {logging_mixin.py:190} INFO - [2026-09-16T10:06:28.861+0000] {dagbag.py:588} INFO - Filling up the DagBag from /opt/airflow/dags/youtube_pipeline.py
[2026-09-16T10:06:28.965+0000] {processor.py:925} INFO - DAG(s) 'youtube_pipeline' retrieved from /opt/airflow/dags/youtube_pipeline.py
[2026-09-16T10:06:28.991+0000] {logging_mixin.py:190} INFO - [2026-09-16T10:06:28.991+0000] {dag.py:3239} INFO - Sync 1 DAGs
[2026-09-16T10:06:29.012+0000] {logging_mixin.py:190} INFO - [2026-09-16T10:06:29.012+0000] {dag.py:4180} INFO - Setting next_dagrun for youtube_pipeline to 2026-09-16 09:00:00+00:00, run_after=2026-09-16 10:00:00+00:00
[2026-09-16T10:06:29.047+0000] {processor.py:208} INFO - Processing /opt/airflow/dags/youtube_pipeline.py took 0.196 seconds
[2026-09-16T10:06:59.188+0000] {processor.py:186} INFO - Started process (PID=1237) to work on /opt/airflow/dags/youtube_pipeline.py
[2026-09-16T10:06:59.190+0000] {processor.py:914} INFO - Processing file /opt/airflow/dags/youtube_pipeline.py for tasks to queue
[2026-09-16T10:06:59.195+0000] {logging_mixin.py:190} INFO - [2026-09-16T10:06:59.194+0000] {dagbag.py:588} INFO - Filling up the DagBag from /opt/airflow/dags/youtube_pipeline.py
[2026-09-16T10:06:59.313+0000] {processor.py:925} INFO - DAG(s) 'youtube_pipeline' retrieved from /opt/airflow/dags/youtube_pipeline.py
[2026-09-16T10:06:59.335+0000] {logging_mixin.py:190} INFO - [2026-09-16T10:06:59.335+0000] {dag.py:3239} INFO - Sync 1 DAGs
[2026-09-16T10:06:59.356+0000] {logging_mixin.py:190} INFO - [2026-09-16T10:06:59.355+0000] {dag.py:4180} INFO - Setting next_dagrun for youtube_pipeline to 2026-09-16 09:00:00+00:00, run_after=2026-09-16 10:00:00+00:00
[2026-09-16T10:06:59.377+0000] {processor.py:208} INFO - Processing /opt/airflow/dags/youtube_pipeline.py took 0.194 seconds
[2026-09-16T10:07:29.553+0000] {processor.py:186} INFO - Started process (PID=1244) to work on /opt/airflow/dags/youtube_pipeline.py
[2026-09-16T10:07:29.555+0000] {processor.py:914} INFO - Processing file /opt/airflow/dags/youtube_pipeline.py for tasks to queue
[2026-09-16T10:07:29.559+0000] {logging_mixin.py:190} INFO - [2026-09-16T10:07:29.559+0000] {dagbag.py:588} INFO - Filling up the DagBag from /opt/airflow/dags/youtube_pipeline.py
[2026-09-16T10:07:29.681+0000] {processor.py:925} INFO - DAG(s) 'youtube_pipeline' retrieved from /opt/airflow/dags/youtube_pipeline.py
[2026-09-16T10:07:29.703+0000] {logging_mixin.py:190} INFO - [2026-09-16T10:07:29.703+0000] {dag.py:3239} INFO - Sync 1 DAGs
[2026-09-16T10:07:29.723+0000] {logging_mixin.py:190} INFO - [2026-09-16T10:07:29.723+0000] {dag.py:4180} INFO - Setting next_dagrun for youtube_pipeline to 2026-09-16 09:00:00+00:00, run_after=2026-09-16 10:00:00+00:00
[2026-09-16T10:07:29.743+0000] {processor.py:208} INFO - Processing /opt/airflow/dags/youtube_pipeline.py took 0.199 seconds
[2026-09-16T10:07:59.903+0000] {processor.py:186} INFO - Started process (PID=1257) to work on /opt/airflow/dags/youtube_pipeline.py
[2026-09-16T10:07:59.904+0000] {processor.py:914} INFO - Processing file /opt/airflow/dags/youtube_pipeline.py for tasks to queue
[2026-09-16T10:07:59.908+0000] {logging_mixin.py:190} INFO - [2026-09-16T10:07:59.907+0000] {dagbag.py:588} INFO - Filling up the DagBag from /opt/airflow/dags/youtube_pipeline.py
[2026-09-16T10:08:00.003+0000] {processor.py:925} INFO - DAG(s) 'youtube_pipeline' retrieved from /opt/airflow/dags/youtube_pipeline.py
[2026-09-16T10:08:00.031+0000] {logging_mixin.py:190} INFO - [2026-09-16T10:08:00.031+0000] {dag.py:3239} INFO - Sync 1 DAGs
[2026-09-16T10:08:00.049+0000] {logging_mixin.py:190} INFO - [2026-09-16T10:08:00.049+0000] {dag.py:4180} INFO - Setting next_dagrun for youtube_pipeline to 2026-09-16 09:00:00+00:00, run_after=2026-09-16 10:00:00+00:00
[2026-09-16T10:08:00.069+0000] {processor.py:208} INFO - Processing /opt/airflow/dags/youtube_pipeline.py took 0.171 seconds
[2026-09-16T10:08:30.242+0000] {processor.py:186} INFO - Started process (PID=1264) to work on /opt/airflow/dags/youtube_pipeline.py
[2026-09-16T10:08:30.243+0000] {processor.py:914} INFO - Processing file /opt/airflow/dags/youtube_pipeline.py for tasks to queue
[2026-09-16T10:08:30.247+0000] {logging_mixin.py:190} INFO - [2026-09-16T10:08:30.246+0000] {dagbag.py:588} INFO - Filling up the DagBag from /opt/airflow/dags/youtube_pipeline.py
[2026-09-16T10:08:30.328+0000] {processor.py:925} INFO - DAG(s) 'youtube_pipeline' retrieved from /opt/airflow/dags/youtube_pipeline.py
[2026-09-16T10:08:30.350+0000] {logging_mixin.py:190} INFO - [2026-09-16T10:08:30.350+0000] {dag.py:3239} INFO - Sync 1 DAGs
[2026-09-16T10:08:30.370+0000] {logging_mixin.py:190} INFO - [2026-09-16T10:08:30.370+0000] {dag.py:4180} INFO - Setting next_dagrun for youtube_pipeline to 2026-09-16 09:00:00+00:00, run_after=2026-09-16 10:00:00+00:00
[2026-09-16T10:08:30.390+0000] {processor.py:208} INFO - Processing /opt/airflow/dags/youtube_pipeline.py took 0.154 seconds
[2026-09-16T10:09:00.608+0000] {processor.py:186} INFO - Started process (PID=1271) to work on /opt/airflow/dags/youtube_pipeline.py
[2026-09-16T10:09:00.610+0000] {processor.py:914} INFO - Processing file /opt/airflow/dags/youtube_pipeline.py for tasks to queue
[2026-09-16T10:09:00.614+0000] {logging_mixin.py:190} INFO - [2026-09-16T10:09:00.614+0000] {dagbag.py:588} INFO - Filling up the DagBag from /opt/airflow/dags/youtube_pipeline.py
[2026-09-16T10:09:00.711+0000] {processor.py:925} INFO - DAG(s) 'youtube_pipeline' retrieved from /opt/airflow/dags/youtube_pipeline.py
[2026-09-16T10:09:00.732+0000] {logging_mixin.py:190} INFO - [2026-09-16T10:09:00.732+0000] {dag.py:3239} INFO - Sync 1 DAGs
[2026-09-16T10:09:00.753+0000] {logging_mixin.py:190} INFO - [2026-09-16T10:09:00.752+0000] {dag.py:4180} INFO - Setting next_dagrun for youtube_pipeline to 2026-09-16 09:00:00+00:00, run_after=2026-09-16 10:00:00+00:00
[2026-09-16T10:09:00.771+0000] {processor.py:208} INFO - Processing /opt/airflow/dags/youtube_pipeline.py took 0.169 seconds
[2026-09-16T10:09:30.908+0000] {processor.py:186} INFO - Started process (PID=1278) to work on /opt/airflow/dags/youtube_pipeline.py
[2026-09-16T10:09:30.909+0000] {processor.py:914} INFO - Processing file /opt/airflow/dags/youtube_pipeline.py for tasks to queue
[2026-09-16T10:09:30.912+0000] {logging_mixin.py:190} INFO - [2026-09-16T10:09:30.912+0000] {dagbag.py:588} INFO - Filling up the DagBag from /opt/airflow/dags/youtube_pipeline.py
[2026-09-16T10:09:31.014+0000] {processor.py:925} INFO - DAG(s) 'youtube_pipeline' retrieved from /opt/airflow/dags/youtube_pipeline.py
[2026-09-16T10:09:31.036+0000] {logging_mixin.py:190} INFO - [2026-09-16T10:09:31.036+0000] {dag.py:3239} INFO - Sync 1 DAGs
[2026-09-16T10:09:31.057+0000] {logging_mixin.py:190} INFO - [2026-09-16T10:09:31.056+0000] {dag.py:4180} INFO - Setting next_dagrun for youtube_pipeline to 2026-09-16 09:00:00+00:00, run_after=2026-09-16 10:00:00+00:00
[2026-09-16T10:09:31.079+0000] {processor.py:208} INFO - Processing /opt/airflow/dags/youtube_pipeline.py took 0.177 seconds
[2026-09-16T10:10:01.295+0000] {processor.py:186} INFO - Started process (PID=1285) to work on /opt/airflow/dags/youtube_pipeline.py
[2026-09-16T10:10:01.296+0000] {processor.py:914} INFO - Processing file /opt/airflow/dags/youtube_pipeline.py for tasks to queue
[2026-09-16T10:10:01.300+0000] {logging_mixin.py:190} INFO - [2026-09-16T10:10:01.300+0000] {dagbag.py:588} INFO - Filling up the DagBag from /opt/airflow/dags/youtube_pipeline.py
[2026-09-16T10:10:01.398+0000] {processor.py:925} INFO - DAG(s) 'youtube_pipeline' retrieved from /opt/airflow/dags/youtube_pipeline.py
[2026-09-16T10:10:01.422+0000] {logging_mixin.py:190} INFO - [2026-09-16T10:10:01.422+0000] {dag.py:3239} INFO - Sync 1 DAGs
[2026-09-16T10:10:01.445+0000] {logging_mixin.py:190} INFO - [2026-09-16T10:10:01.444+0000] {dag.py:4180} INFO - Setting next_dagrun for youtube_pipeline to 2026-09-16 09:00:00+00:00, run_after=2026-09-16 10:00:00+00:00
[2026-09-16T10:10:01.469+0000] {processor.py:208} INFO - Processing /opt/airflow/dags/youtube_pipeline.py took 0.179 seconds
[2026-09-16T10:10:31.537+0000] {processor.py:186} INFO - Started process (PID=1292) to work on /opt/airflow/dags/youtube_pipeline.py
[2026-09-16T10:10:31.539+0000] {processor.py:914} INFO - Processing file /opt/airflow/dags/youtube_pipeline.py for tasks to queue
[2026-09-16T10:10:31.543+0000] {logging_mixin.py:190} INFO - [2026-09-16T10:10:31.543+0000] {dagbag.py:588} INFO - Filling up the DagBag from /opt/airflow/dags/youtube_pipeline.py
[2026-09-16T10:10:31.645+0000] {processor.py:925} INFO - DAG(s) 'youtube_pipeline' retrieved from /opt/airflow/dags/youtube_pipeline.py
[2026-09-16T10:10:31.668+0000] {logging_mixin.py:190} INFO - [2026-09-16T10:10:31.667+0000] {dag.py:3239} INFO - Sync 1 DAGs
[2026-09-16T10:10:31.687+0000] {logging_mixin.py:190} INFO - [2026-09-16T10:10:31.687+0000] {dag.py:4180} INFO - Setting next_dagrun for youtube_pipeline to 2026-09-16 09:00:00+00:00, run_after=2026-09-16 10:00:00+00:00
[2026-09-16T10:10:31.707+0000] {processor.py:208} INFO - Processing /opt/airflow/dags/youtube_pipeline.py took 0.175 seconds
[2026-09-16T10:11:01.935+0000] {processor.py:186} INFO - Started process (PID=1299) to work on /opt/airflow/dags/youtube_pipeline.py
[2026-09-16T10:11:01.937+0000] {processor.py:914} INFO - Processing file /opt/airflow/dags/youtube_pipeline.py for tasks to queue
[2026-09-16T10:11:01.941+0000] {logging_mixin.py:190} INFO - [2026-09-16T10:11:01.940+0000] {dagbag.py:588} INFO - Filling up the DagBag from /opt/airflow/dags/youtube_pipeline.py
[2026-09-16T10:11:02.044+0000] {processor.py:925} INFO - DAG(s) 'youtube_pipeline' retrieved from /opt/airflow/dags/youtube_pipeline.py
[2026-09-16T10:11:02.067+0000] {logging_mixin.py:190} INFO - [2026-09-16T10:11:02.067+0000] {dag.py:3239} INFO - Sync 1 DAGs
[2026-09-16T10:11:02.088+0000] {logging_mixin.py:190} INFO - [2026-09-16T10:11:02.088+0000] {dag.py:4180} INFO - Setting next_dagrun for youtube_pipeline to 2026-09-16 09:00:00+00:00, run_after=2026-09-16 10:00:00+00:00
[2026-09-16T10:11:02.109+0000] {processor.py:208} INFO - Processing /opt/airflow/dags/youtube_pipeline.py took 0.179 seconds
[2026-09-16T10:11:32.228+0000] {processor.py:186} INFO - Started process (PID=1306) to work on /opt/airflow/dags/youtube_pipeline.py
[2026-09-16T10:11:32.252+0000] {processor.py:914} INFO - Processing file /opt/airflow/dags/youtube_pipeline.py for tasks to queue
[2026-09-16T10:11:32.268+0000] {logging_mixin.py:190} INFO - [2026-09-16T10:11:32.267+0000] {dagbag.py:588} INFO - Filling up the DagBag from /opt/airflow/dags/youtube_pipeline.py
[2026-09-16T10:11:32.379+0000] {processor.py:925} INFO - DAG(s) 'youtube_pipeline' retrieved from /opt/airflow/dags/youtube_pipeline.py
[2026-09-16T10:11:32.401+0000] {logging_mixin.py:190} INFO - [2026-09-16T10:11:32.400+0000] {dag.py:3239} INFO - Sync 1 DAGs
[2026-09-16T10:11:32.428+0000] {logging_mixin.py:190} INFO - [2026-09-16T10:11:32.428+0000] {dag.py:4180} INFO - Setting next_dagrun for youtube_pipeline to 2026-09-16 09:00:00+00:00, run_after=2026-09-16 10:00:00+00:00
[2026-09-16T10:11:32.447+0000] {processor.py:208} INFO - Processing /opt/airflow/dags/youtube_pipeline.py took 0.260 seconds
[2026-09-16T10:12:02.612+0000] {processor.py:186} INFO - Started process (PID=1313) to work on /opt/airflow/dags/youtube_pipeline.py
[2026-09-16T10:12:02.613+0000] {processor.py:914} INFO - Processing file /opt/airflow/dags/youtube_pipeline.py for tasks to queue
[2026-09-16T10:12:02.617+0000] {logging_mixin.py:190} INFO - [2026-09-16T10:12:02.617+0000] {dagbag.py:588} INFO - Filling up the DagBag from /opt/airflow/dags/youtube_pipeline.py
[2026-09-16T10:12:02.724+0000] {processor.py:925} INFO - DAG(s) 'youtube_pipeline' retrieved from /opt/airflow/dags/youtube_pipeline.py
[2026-09-16T10:12:02.746+0000] {logging_mixin.py:190} INFO - [2026-09-16T10:12:02.745+0000] {dag.py:3239} INFO - Sync 1 DAGs
[2026-09-16T10:12:02.765+0000] {logging_mixin.py:190} INFO - [2026-09-16T10:12:02.765+0000] {dag.py:4180} INFO - Setting next_dagrun for youtube_pipeline to 2026-09-16 09:00:00+00:00, run_after=2026-09-16 10:00:00+00:00
[2026-09-16T10:12:02.787+0000] {processor.py:208} INFO - Processing /opt/airflow/dags/youtube_pipeline.py took 0.183 seconds
[2026-09-16T10:12:32.937+0000] {processor.py:186} INFO - Started process (PID=1320) to work on /opt/airflow/dags/youtube_pipeline.py
[2026-09-16T10:12:32.939+0000] {processor.py:914} INFO - Processing file /opt/airflow/dags/youtube_pipeline.py for tasks to queue
[2026-09-16T10:12:32.944+0000] {logging_mixin.py:190} INFO - [2026-09-16T10:12:32.944+0000] {dagbag.py:588} INFO - Filling up the DagBag from /opt/airflow/dags/youtube_pipeline.py
[2026-09-16T10:12:33.058+0000] {processor.py:925} INFO - DAG(s) 'youtube_pipeline' retrieved from /opt/airflow/dags/youtube_pipeline.py
[2026-09-16T10:12:33.082+0000] {logging_mixin.py:190} INFO - [2026-09-16T10:12:33.082+0000] {dag.py:3239} INFO - Sync 1 DAGs
[2026-09-16T10:12:33.104+0000] {logging_mixin.py:190} INFO - [2026-09-16T10:12:33.104+0000] {dag.py:4180} INFO - Setting next_dagrun for youtube_pipeline to 2026-09-16 09:00:00+00:00, run_after=2026-09-16 10:00:00+00:00
[2026-09-16T10:12:33.125+0000] {processor.py:208} INFO - Processing /opt/airflow/dags/youtube_pipeline.py took 0.197 seconds
[2026-09-16T10:13:03.280+0000] {processor.py:186} INFO - Started process (PID=1327) to work on /opt/airflow/dags/youtube_pipeline.py
[2026-09-16T10:13:03.282+0000] {processor.py:914} INFO - Processing file /opt/airflow/dags/youtube_pipeline.py for tasks to queue
[2026-09-16T10:13:03.286+0000] {logging_mixin.py:190} INFO - [2026-09-16T10:13:03.286+0000] {dagbag.py:588} INFO - Filling up the DagBag from /opt/airflow/dags/youtube_pipeline.py
[2026-09-16T10:13:03.384+0000] {processor.py:925} INFO - DAG(s) 'youtube_pipeline' retrieved from /opt/airflow/dags/youtube_pipeline.py
[2026-09-16T10:13:03.405+0000] {logging_mixin.py:190} INFO - [2026-09-16T10:13:03.405+0000] {dag.py:3239} INFO - Sync 1 DAGs
[2026-09-16T10:13:03.427+0000] {logging_mixin.py:190} INFO - [2026-09-16T10:13:03.427+0000] {dag.py:4180} INFO - Setting next_dagrun for youtube_pipeline to 2026-09-16 09:00:00+00:00, run_after=2026-09-16 10:00:00+00:00
[2026-09-16T10:13:03.449+0000] {processor.py:208} INFO - Processing /opt/airflow/dags/youtube_pipeline.py took 0.174 seconds
[2026-09-16T10:13:33.601+0000] {processor.py:186} INFO - Started process (PID=1334) to work on /opt/airflow/dags/youtube_pipeline.py
[2026-09-16T10:13:33.603+0000] {processor.py:914} INFO - Processing file /opt/airflow/dags/youtube_pipeline.py for tasks to queue
[2026-09-16T10:13:33.607+0000] {logging_mixin.py:190} INFO - [2026-09-16T10:13:33.606+0000] {dagbag.py:588} INFO - Filling up the DagBag from /opt/airflow/dags/youtube_pipeline.py
[2026-09-16T10:13:33.719+0000] {processor.py:925} INFO - DAG(s) 'youtube_pipeline' retrieved from /opt/airflow/dags/youtube_pipeline.py
[2026-09-16T10:13:33.744+0000] {logging_mixin.py:190} INFO - [2026-09-16T10:13:33.744+0000] {dag.py:3239} INFO - Sync 1 DAGs
[2026-09-16T10:13:33.765+0000] {logging_mixin.py:190} INFO - [2026-09-16T10:13:33.764+0000] {dag.py:4180} INFO - Setting next_dagrun for youtube_pipeline to 2026-09-16 09:00:00+00:00, run_after=2026-09-16 10:00:00+00:00
[2026-09-16T10:13:33.785+0000] {processor.py:208} INFO - Processing /opt/airflow/dags/youtube_pipeline.py took 0.189 seconds
[2026-09-16T10:14:03.924+0000] {processor.py:186} INFO - Started process (PID=1341) to work on /opt/airflow/dags/youtube_pipeline.py
[2026-09-16T10:14:03.926+0000] {processor.py:914} INFO - Processing file /opt/airflow/dags/youtube_pipeline.py for tasks to queue
[2026-09-16T10:14:03.932+0000] {logging_mixin.py:190} INFO - [2026-09-16T10:14:03.932+0000] {dagbag.py:588} INFO - Filling up the DagBag from /opt/airflow/dags/youtube_pipeline.py
[2026-09-16T10:14:04.048+0000] {processor.py:925} INFO - DAG(s) 'youtube_pipeline' retrieved from /opt/airflow/dags/youtube_pipeline.py
[2026-09-16T10:14:04.073+0000] {logging_mixin.py:190} INFO - [2026-09-16T10:14:04.072+0000] {dag.py:3239} INFO - Sync 1 DAGs
[2026-09-16T10:14:04.094+0000] {logging_mixin.py:190} INFO - [2026-09-16T10:14:04.094+0000] {dag.py:4180} INFO - Setting next_dagrun for youtube_pipeline to 2026-09-16 09:00:00+00:00, run_after=2026-09-16 10:00:00+00:00
[2026-09-16T10:14:04.116+0000] {processor.py:208} INFO - Processing /opt/airflow/dags/youtube_pipeline.py took 0.201 seconds
[2026-09-16T10:14:34.327+0000] {processor.py:186} INFO - Started process (PID=1348) to work on /opt/airflow/dags/youtube_pipeline.py
[2026-09-16T10:14:34.329+0000] {processor.py:914} INFO - Processing file /opt/airflow/dags/youtube_pipeline.py for tasks to queue
[2026-09-16T10:14:34.343+0000] {logging_mixin.py:190} INFO - [2026-09-16T10:14:34.342+0000] {dagbag.py:588} INFO - Filling up the DagBag from /opt/airflow/dags/youtube_pipeline.py
[2026-09-16T10:14:34.468+0000] {processor.py:925} INFO - DAG(s) 'youtube_pipeline' retrieved from /opt/airflow/dags/youtube_pipeline.py
[2026-09-16T10:14:34.489+0000] {logging_mixin.py:190} INFO - [2026-09-16T10:14:34.489+0000] {dag.py:3239} INFO - Sync 1 DAGs
[2026-09-16T10:14:34.509+0000] {logging_mixin.py:190} INFO - [2026-09-16T10:14:34.509+0000] {dag.py:4180} INFO - Setting next_dagrun for youtube_pipeline to 2026-09-16 09:00:00+00:00, run_after=2026-09-16 10:00:00+00:00
[2026-09-16T10:14:34.529+0000] {processor.py:208} INFO - Processing /opt/airflow/dags/youtube_pipeline.py took 0.209 seconds
[2026-09-16T10:15:04.675+0000] {processor.py:186} INFO - Started process (PID=1355) to work on /opt/airflow/dags/youtube_pipeline.py
[2026-09-16T10:15:04.679+0000] {processor.py:914} INFO - Processing file /opt/airflow/dags/youtube_pipeline.py for tasks to queue
[2026-09-16T10:15:04.688+0000] {logging_mixin.py:190} INFO - [2026-09-16T10:15:04.687+0000] {dagbag.py:588} INFO - Filling up the DagBag from /opt/airflow/dags/youtube_pipeline.py
[2026-09-16T10:15:04.830+0000] {processor.py:925} INFO - DAG(s) 'youtube_pipeline' retrieved from /opt/airflow/dags/youtube_pipeline.py
[2026-09-16T10:15:04.858+0000] {logging_mixin.py:190} INFO - [2026-09-16T10:15:04.857+0000] {dag.py:3239} INFO - Sync 1 DAGs
[2026-09-16T10:15:04.880+0000] {logging_mixin.py:190} INFO - [2026-09-16T10:15:04.880+0000] {dag.py:4180} INFO - Setting next_dagrun for youtube_pipeline to 2026-09-16 09:00:00+00:00, run_after=2026-09-16 10:00:00+00:00
[2026-09-16T10:15:04.901+0000] {processor.py:208} INFO - Processing /opt/airflow/dags/youtube_pipeline.py took 0.236 seconds
[2026-09-16T10:15:35.019+0000] {processor.py:186} INFO - Started process (PID=1362) to work on /opt/airflow/dags/youtube_pipeline.py
[2026-09-16T10:15:35.021+0000] {processor.py:914} INFO - Processing file /opt/airflow/dags/youtube_pipeline.py for tasks to queue
[2026-09-16T10:15:35.025+0000] {logging_mixin.py:190} INFO - [2026-09-16T10:15:35.025+0000] {dagbag.py:588} INFO - Filling up the DagBag from /opt/airflow/dags/youtube_pipeline.py
[2026-09-16T10:15:35.148+0000] {processor.py:925} INFO - DAG(s) 'youtube_pipeline' retrieved from /opt/airflow/dags/youtube_pipeline.py
[2026-09-16T10:15:35.174+0000] {logging_mixin.py:190} INFO - [2026-09-16T10:15:35.174+0000] {dag.py:3239} INFO - Sync 1 DAGs
[2026-09-16T10:15:35.196+0000] {logging_mixin.py:190} INFO - [2026-09-16T10:15:35.195+0000] {dag.py:4180} INFO - Setting next_dagrun for youtube_pipeline to 2026-09-16 09:00:00+00:00, run_after=2026-09-16 10:00:00+00:00
[2026-09-16T10:15:35.217+0000] {processor.py:208} INFO - Processing /opt/airflow/dags/youtube_pipeline.py took 0.203 seconds
[2026-09-16T10:16:05.404+0000] {processor.py:186} INFO - Started process (PID=1369) to work on /opt/airflow/dags/youtube_pipeline.py
[2026-09-16T10:16:05.407+0000] {processor.py:914} INFO - Processing file /opt/airflow/dags/youtube_pipeline.py for tasks to queue
[2026-09-16T10:16:05.411+0000] {logging_mixin.py:190} INFO - [2026-09-16T10:16:05.411+0000] {dagbag.py:588} INFO - Filling up the DagBag from /opt/airflow/dags/youtube_pipeline.py
[2026-09-16T10:16:05.555+0000] {processor.py:925} INFO - DAG(s) 'youtube_pipeline' retrieved from /opt/airflow/dags/youtube_pipeline.py
[2026-09-16T10:16:05.580+0000] {logging_mixin.py:190} INFO - [2026-09-16T10:16:05.580+0000] {dag.py:3239} INFO - Sync 1 DAGs
[2026-09-16T10:16:05.604+0000] {logging_mixin.py:190} INFO - [2026-09-16T10:16:05.603+0000] {dag.py:4180} INFO - Setting next_dagrun for youtube_pipeline to 2026-09-16 09:00:00+00:00, run_after=2026-09-16 10:00:00+00:00
[2026-09-16T10:16:05.623+0000] {processor.py:208} INFO - Processing /opt/airflow/dags/youtube_pipeline.py took 0.227 seconds
[2026-09-16T10:16:35.774+0000] {processor.py:186} INFO - Started process (PID=1376) to work on /opt/airflow/dags/youtube_pipeline.py
[2026-09-16T10:16:35.776+0000] {processor.py:914} INFO - Processing file /opt/airflow/dags/youtube_pipeline.py for tasks to queue
[2026-09-16T10:16:35.780+0000] {logging_mixin.py:190} INFO - [2026-09-16T10:16:35.780+0000] {dagbag.py:588} INFO - Filling up the DagBag from /opt/airflow/dags/youtube_pipeline.py
[2026-09-16T10:16:35.890+0000] {processor.py:925} INFO - DAG(s) 'youtube_pipeline' retrieved from /opt/airflow/dags/youtube_pipeline.py
[2026-09-16T10:16:35.910+0000] {logging_mixin.py:190} INFO - [2026-09-16T10:16:35.910+0000] {dag.py:3239} INFO - Sync 1 DAGs
[2026-09-16T10:16:35.926+0000] {logging_mixin.py:190} INFO - [2026-09-16T10:16:35.926+0000] {dag.py:4180} INFO - Setting next_dagrun for youtube_pipeline to 2026-09-16 09:00:00+00:00, run_after=2026-09-16 10:00:00+00:00
[2026-09-16T10:16:35.946+0000] {processor.py:208} INFO - Processing /opt/airflow/dags/youtube_pipeline.py took 0.181 seconds
[2026-09-16T10:17:06.499+0000] {processor.py:186} INFO - Started process (PID=1391) to work on /opt/airflow/dags/youtube_pipeline.py
[2026-09-16T10:17:06.520+0000] {processor.py:914} INFO - Processing file /opt/airflow/dags/youtube_pipeline.py for tasks to queue
[2026-09-16T10:17:06.530+0000] {logging_mixin.py:190} INFO - [2026-09-16T10:17:06.529+0000] {dagbag.py:588} INFO - Filling up the DagBag from /opt/airflow/dags/youtube_pipeline.py
[2026-09-16T10:17:06.934+0000] {processor.py:925} INFO - DAG(s) 'youtube_pipeline' retrieved from /opt/airflow/dags/youtube_pipeline.py
[2026-09-16T10:17:07.043+0000] {logging_mixin.py:190} INFO - [2026-09-16T10:17:07.042+0000] {dag.py:3239} INFO - Sync 1 DAGs
[2026-09-16T10:17:07.096+0000] {logging_mixin.py:190} INFO - [2026-09-16T10:17:07.096+0000] {dag.py:4180} INFO - Setting next_dagrun for youtube_pipeline to 2026-09-16 10:00:00+00:00, run_after=2026-09-16 11:00:00+00:00
[2026-09-16T10:17:07.133+0000] {processor.py:208} INFO - Processing /opt/airflow/dags/youtube_pipeline.py took 0.917 seconds
[2026-09-16T10:17:37.545+0000] {processor.py:186} INFO - Started process (PID=1398) to work on /opt/airflow/dags/youtube_pipeline.py
[2026-09-16T10:17:37.548+0000] {processor.py:914} INFO - Processing file /opt/airflow/dags/youtube_pipeline.py for tasks to queue
[2026-09-16T10:17:37.551+0000] {logging_mixin.py:190} INFO - [2026-09-16T10:17:37.551+0000] {dagbag.py:588} INFO - Filling up the DagBag from /opt/airflow/dags/youtube_pipeline.py
[2026-09-16T10:17:37.698+0000] {processor.py:925} INFO - DAG(s) 'youtube_pipeline' retrieved from /opt/airflow/dags/youtube_pipeline.py
[2026-09-16T10:17:37.724+0000] {logging_mixin.py:190} INFO - [2026-09-16T10:17:37.724+0000] {dag.py:3239} INFO - Sync 1 DAGs
[2026-09-16T10:17:37.781+0000] {logging_mixin.py:190} INFO - [2026-09-16T10:17:37.780+0000] {dag.py:4180} INFO - Setting next_dagrun for youtube_pipeline to 2026-09-16 10:00:00+00:00, run_after=2026-09-16 11:00:00+00:00
[2026-09-16T10:17:37.802+0000] {processor.py:208} INFO - Processing /opt/airflow/dags/youtube_pipeline.py took 0.262 seconds
[2026-09-16T10:18:08.064+0000] {processor.py:186} INFO - Started process (PID=1405) to work on /opt/airflow/dags/youtube_pipeline.py
[2026-09-16T10:18:08.066+0000] {processor.py:914} INFO - Processing file /opt/airflow/dags/youtube_pipeline.py for tasks to queue
[2026-09-16T10:18:08.070+0000] {logging_mixin.py:190} INFO - [2026-09-16T10:18:08.070+0000] {dagbag.py:588} INFO - Filling up the DagBag from /opt/airflow/dags/youtube_pipeline.py
[2026-09-16T10:18:08.248+0000] {processor.py:925} INFO - DAG(s) 'youtube_pipeline' retrieved from /opt/airflow/dags/youtube_pipeline.py
[2026-09-16T10:18:08.273+0000] {logging_mixin.py:190} INFO - [2026-09-16T10:18:08.273+0000] {dag.py:3239} INFO - Sync 1 DAGs
[2026-09-16T10:18:08.294+0000] {logging_mixin.py:190} INFO - [2026-09-16T10:18:08.294+0000] {dag.py:4180} INFO - Setting next_dagrun for youtube_pipeline to 2026-09-16 10:00:00+00:00, run_after=2026-09-16 11:00:00+00:00
[2026-09-16T10:18:08.316+0000] {processor.py:208} INFO - Processing /opt/airflow/dags/youtube_pipeline.py took 0.257 seconds
[2026-09-16T10:18:38.576+0000] {processor.py:186} INFO - Started process (PID=1412) to work on /opt/airflow/dags/youtube_pipeline.py
[2026-09-16T10:18:38.578+0000] {processor.py:914} INFO - Processing file /opt/airflow/dags/youtube_pipeline.py for tasks to queue
[2026-09-16T10:18:38.618+0000] {logging_mixin.py:190} INFO - [2026-09-16T10:18:38.608+0000] {dagbag.py:588} INFO - Filling up the DagBag from /opt/airflow/dags/youtube_pipeline.py
[2026-09-16T10:18:38.746+0000] {processor.py:925} INFO - DAG(s) 'youtube_pipeline' retrieved from /opt/airflow/dags/youtube_pipeline.py
[2026-09-16T10:18:38.773+0000] {logging_mixin.py:190} INFO - [2026-09-16T10:18:38.772+0000] {dag.py:3239} INFO - Sync 1 DAGs
[2026-09-16T10:18:38.795+0000] {logging_mixin.py:190} INFO - [2026-09-16T10:18:38.795+0000] {dag.py:4180} INFO - Setting next_dagrun for youtube_pipeline to 2026-09-16 10:00:00+00:00, run_after=2026-09-16 11:00:00+00:00
[2026-09-16T10:18:38.837+0000] {processor.py:208} INFO - Processing /opt/airflow/dags/youtube_pipeline.py took 0.266 seconds
[2026-09-16T10:19:09.300+0000] {processor.py:186} INFO - Started process (PID=1419) to work on /opt/airflow/dags/youtube_pipeline.py
[2026-09-16T10:19:09.327+0000] {processor.py:914} INFO - Processing file /opt/airflow/dags/youtube_pipeline.py for tasks to queue
[2026-09-16T10:19:09.369+0000] {logging_mixin.py:190} INFO - [2026-09-16T10:19:09.368+0000] {dagbag.py:588} INFO - Filling up the DagBag from /opt/airflow/dags/youtube_pipeline.py
[2026-09-16T10:19:09.484+0000] {processor.py:925} INFO - DAG(s) 'youtube_pipeline' retrieved from /opt/airflow/dags/youtube_pipeline.py
[2026-09-16T10:19:09.516+0000] {logging_mixin.py:190} INFO - [2026-09-16T10:19:09.516+0000] {dag.py:3239} INFO - Sync 1 DAGs
[2026-09-16T10:19:09.565+0000] {logging_mixin.py:190} INFO - [2026-09-16T10:19:09.565+0000] {dag.py:4180} INFO - Setting next_dagrun for youtube_pipeline to 2026-09-16 10:00:00+00:00, run_after=2026-09-16 11:00:00+00:00
[2026-09-16T10:19:09.584+0000] {processor.py:208} INFO - Processing /opt/airflow/dags/youtube_pipeline.py took 0.436 seconds
[2026-09-16T10:19:39.914+0000] {processor.py:186} INFO - Started process (PID=1426) to work on /opt/airflow/dags/youtube_pipeline.py
[2026-09-16T10:19:39.916+0000] {processor.py:914} INFO - Processing file /opt/airflow/dags/youtube_pipeline.py for tasks to queue
[2026-09-16T10:19:39.920+0000] {logging_mixin.py:190} INFO - [2026-09-16T10:19:39.920+0000] {dagbag.py:588} INFO - Filling up the DagBag from /opt/airflow/dags/youtube_pipeline.py
[2026-09-16T10:19:40.014+0000] {processor.py:925} INFO - DAG(s) 'youtube_pipeline' retrieved from /opt/airflow/dags/youtube_pipeline.py
[2026-09-16T10:19:40.039+0000] {logging_mixin.py:190} INFO - [2026-09-16T10:19:40.039+0000] {dag.py:3239} INFO - Sync 1 DAGs
[2026-09-16T10:19:40.061+0000] {logging_mixin.py:190} INFO - [2026-09-16T10:19:40.060+0000] {dag.py:4180} INFO - Setting next_dagrun for youtube_pipeline to 2026-09-16 10:00:00+00:00, run_after=2026-09-16 11:00:00+00:00
[2026-09-16T10:19:40.156+0000] {processor.py:208} INFO - Processing /opt/airflow/dags/youtube_pipeline.py took 0.246 seconds
[2026-09-16T10:20:10.254+0000] {processor.py:186} INFO - Started process (PID=1433) to work on /opt/airflow/dags/youtube_pipeline.py
[2026-09-16T10:20:10.257+0000] {processor.py:914} INFO - Processing file /opt/airflow/dags/youtube_pipeline.py for tasks to queue
[2026-09-16T10:20:10.260+0000] {logging_mixin.py:190} INFO - [2026-09-16T10:20:10.260+0000] {dagbag.py:588} INFO - Filling up the DagBag from /opt/airflow/dags/youtube_pipeline.py
[2026-09-16T10:20:10.345+0000] {processor.py:925} INFO - DAG(s) 'youtube_pipeline' retrieved from /opt/airflow/dags/youtube_pipeline.py
[2026-09-16T10:20:10.372+0000] {logging_mixin.py:190} INFO - [2026-09-16T10:20:10.372+0000] {dag.py:3239} INFO - Sync 1 DAGs
[2026-09-16T10:20:10.392+0000] {logging_mixin.py:190} INFO - [2026-09-16T10:20:10.392+0000] {dag.py:4180} INFO - Setting next_dagrun for youtube_pipeline to 2026-09-16 10:00:00+00:00, run_after=2026-09-16 11:00:00+00:00
[2026-09-16T10:20:10.412+0000] {processor.py:208} INFO - Processing /opt/airflow/dags/youtube_pipeline.py took 0.163 seconds
[2026-09-16T10:20:40.731+0000] {processor.py:186} INFO - Started process (PID=1440) to work on /opt/airflow/dags/youtube_pipeline.py
[2026-09-16T10:20:40.733+0000] {processor.py:914} INFO - Processing file /opt/airflow/dags/youtube_pipeline.py for tasks to queue
[2026-09-16T10:20:40.736+0000] {logging_mixin.py:190} INFO - [2026-09-16T10:20:40.736+0000] {dagbag.py:588} INFO - Filling up the DagBag from /opt/airflow/dags/youtube_pipeline.py
[2026-09-16T10:20:40.837+0000] {processor.py:925} INFO - DAG(s) 'youtube_pipeline' retrieved from /opt/airflow/dags/youtube_pipeline.py
[2026-09-16T10:20:40.860+0000] {logging_mixin.py:190} INFO - [2026-09-16T10:20:40.860+0000] {dag.py:3239} INFO - Sync 1 DAGs
[2026-09-16T10:20:40.900+0000] {logging_mixin.py:190} INFO - [2026-09-16T10:20:40.900+0000] {dag.py:4180} INFO - Setting next_dagrun for youtube_pipeline to 2026-09-16 10:00:00+00:00, run_after=2026-09-16 11:00:00+00:00
[2026-09-16T10:20:40.919+0000] {processor.py:208} INFO - Processing /opt/airflow/dags/youtube_pipeline.py took 0.192 seconds
[2026-09-16T10:21:11.023+0000] {processor.py:186} INFO - Started process (PID=1447) to work on /opt/airflow/dags/youtube_pipeline.py
[2026-09-16T10:21:11.025+0000] {processor.py:914} INFO - Processing file /opt/airflow/dags/youtube_pipeline.py for tasks to queue
[2026-09-16T10:21:11.068+0000] {logging_mixin.py:190} INFO - [2026-09-16T10:21:11.063+0000] {dagbag.py:588} INFO - Filling up the DagBag from /opt/airflow/dags/youtube_pipeline.py
[2026-09-16T10:21:11.391+0000] {processor.py:925} INFO - DAG(s) 'youtube_pipeline' retrieved from /opt/airflow/dags/youtube_pipeline.py
[2026-09-16T10:21:11.601+0000] {logging_mixin.py:190} INFO - [2026-09-16T10:21:11.600+0000] {dag.py:3239} INFO - Sync 1 DAGs
[2026-09-16T10:21:11.779+0000] {logging_mixin.py:190} INFO - [2026-09-16T10:21:11.779+0000] {dag.py:4180} INFO - Setting next_dagrun for youtube_pipeline to 2026-09-16 10:00:00+00:00, run_after=2026-09-16 11:00:00+00:00
[2026-09-16T10:21:11.816+0000] {processor.py:208} INFO - Processing /opt/airflow/dags/youtube_pipeline.py took 0.799 seconds
[2026-09-16T10:21:42.226+0000] {processor.py:186} INFO - Started process (PID=1454) to work on /opt/airflow/dags/youtube_pipeline.py
[2026-09-16T10:21:42.228+0000] {processor.py:914} INFO - Processing file /opt/airflow/dags/youtube_pipeline.py for tasks to queue
[2026-09-16T10:21:42.232+0000] {logging_mixin.py:190} INFO - [2026-09-16T10:21:42.232+0000] {dagbag.py:588} INFO - Filling up the DagBag from /opt/airflow/dags/youtube_pipeline.py
[2026-09-16T10:21:42.400+0000] {processor.py:925} INFO - DAG(s) 'youtube_pipeline' retrieved from /opt/airflow/dags/youtube_pipeline.py
[2026-09-16T10:21:42.425+0000] {logging_mixin.py:190} INFO - [2026-09-16T10:21:42.425+0000] {dag.py:3239} INFO - Sync 1 DAGs
[2026-09-16T10:21:42.447+0000] {logging_mixin.py:190} INFO - [2026-09-16T10:21:42.447+0000] {dag.py:4180} INFO - Setting next_dagrun for youtube_pipeline to 2026-09-16 10:00:00+00:00, run_after=2026-09-16 11:00:00+00:00
[2026-09-16T10:21:42.467+0000] {processor.py:208} INFO - Processing /opt/airflow/dags/youtube_pipeline.py took 0.339 seconds
[2026-09-16T10:22:12.705+0000] {processor.py:186} INFO - Started process (PID=1461) to work on /opt/airflow/dags/youtube_pipeline.py
[2026-09-16T10:22:12.707+0000] {processor.py:914} INFO - Processing file /opt/airflow/dags/youtube_pipeline.py for tasks to queue
[2026-09-16T10:22:12.711+0000] {logging_mixin.py:190} INFO - [2026-09-16T10:22:12.711+0000] {dagbag.py:588} INFO - Filling up the DagBag from /opt/airflow/dags/youtube_pipeline.py
[2026-09-16T10:22:12.806+0000] {processor.py:925} INFO - DAG(s) 'youtube_pipeline' retrieved from /opt/airflow/dags/youtube_pipeline.py
[2026-09-16T10:22:12.830+0000] {logging_mixin.py:190} INFO - [2026-09-16T10:22:12.830+0000] {dag.py:3239} INFO - Sync 1 DAGs
[2026-09-16T10:22:12.854+0000] {logging_mixin.py:190} INFO - [2026-09-16T10:22:12.853+0000] {dag.py:4180} INFO - Setting next_dagrun for youtube_pipeline to 2026-09-16 10:00:00+00:00, run_after=2026-09-16 11:00:00+00:00
[2026-09-16T10:22:12.874+0000] {processor.py:208} INFO - Processing /opt/airflow/dags/youtube_pipeline.py took 0.174 seconds
[2026-09-16T10:22:43.130+0000] {processor.py:186} INFO - Started process (PID=1468) to work on /opt/airflow/dags/youtube_pipeline.py
[2026-09-16T10:22:43.132+0000] {processor.py:914} INFO - Processing file /opt/airflow/dags/youtube_pipeline.py for tasks to queue
[2026-09-16T10:22:43.183+0000] {logging_mixin.py:190} INFO - [2026-09-16T10:22:43.182+0000] {dagbag.py:588} INFO - Filling up the DagBag from /opt/airflow/dags/youtube_pipeline.py
[2026-09-16T10:22:43.325+0000] {processor.py:925} INFO - DAG(s) 'youtube_pipeline' retrieved from /opt/airflow/dags/youtube_pipeline.py
[2026-09-16T10:22:43.381+0000] {logging_mixin.py:190} INFO - [2026-09-16T10:22:43.381+0000] {dag.py:3239} INFO - Sync 1 DAGs
[2026-09-16T10:22:43.405+0000] {logging_mixin.py:190} INFO - [2026-09-16T10:22:43.405+0000] {dag.py:4180} INFO - Setting next_dagrun for youtube_pipeline to 2026-09-16 10:00:00+00:00, run_after=2026-09-16 11:00:00+00:00
[2026-09-16T10:22:43.433+0000] {processor.py:208} INFO - Processing /opt/airflow/dags/youtube_pipeline.py took 0.310 seconds
[2026-09-16T10:23:13.685+0000] {processor.py:186} INFO - Started process (PID=1476) to work on /opt/airflow/dags/youtube_pipeline.py
[2026-09-16T10:23:13.687+0000] {processor.py:914} INFO - Processing file /opt/airflow/dags/youtube_pipeline.py for tasks to queue
[2026-09-16T10:23:13.691+0000] {logging_mixin.py:190} INFO - [2026-09-16T10:23:13.690+0000] {dagbag.py:588} INFO - Filling up the DagBag from /opt/airflow/dags/youtube_pipeline.py
[2026-09-16T10:23:13.787+0000] {processor.py:925} INFO - DAG(s) 'youtube_pipeline' retrieved from /opt/airflow/dags/youtube_pipeline.py
[2026-09-16T10:23:13.809+0000] {logging_mixin.py:190} INFO - [2026-09-16T10:23:13.809+0000] {dag.py:3239} INFO - Sync 1 DAGs
[2026-09-16T10:23:13.830+0000] {logging_mixin.py:190} INFO - [2026-09-16T10:23:13.829+0000] {dag.py:4180} INFO - Setting next_dagrun for youtube_pipeline to 2026-09-16 10:00:00+00:00, run_after=2026-09-16 11:00:00+00:00
[2026-09-16T10:23:13.848+0000] {processor.py:208} INFO - Processing /opt/airflow/dags/youtube_pipeline.py took 0.169 seconds
[2026-09-16T10:23:43.947+0000] {processor.py:186} INFO - Started process (PID=1483) to work on /opt/airflow/dags/youtube_pipeline.py
[2026-09-16T10:23:43.949+0000] {processor.py:914} INFO - Processing file /opt/airflow/dags/youtube_pipeline.py for tasks to queue
[2026-09-16T10:23:43.953+0000] {logging_mixin.py:190} INFO - [2026-09-16T10:23:43.953+0000] {dagbag.py:588} INFO - Filling up the DagBag from /opt/airflow/dags/youtube_pipeline.py
[2026-09-16T10:23:44.054+0000] {processor.py:925} INFO - DAG(s) 'youtube_pipeline' retrieved from /opt/airflow/dags/youtube_pipeline.py
[2026-09-16T10:23:44.078+0000] {logging_mixin.py:190} INFO - [2026-09-16T10:23:44.078+0000] {dag.py:3239} INFO - Sync 1 DAGs
[2026-09-16T10:23:44.100+0000] {logging_mixin.py:190} INFO - [2026-09-16T10:23:44.100+0000] {dag.py:4180} INFO - Setting next_dagrun for youtube_pipeline to 2026-09-16 10:00:00+00:00, run_after=2026-09-16 11:00:00+00:00
[2026-09-16T10:23:44.119+0000] {processor.py:208} INFO - Processing /opt/airflow/dags/youtube_pipeline.py took 0.178 seconds
[2026-09-16T10:24:14.381+0000] {processor.py:186} INFO - Started process (PID=1490) to work on /opt/airflow/dags/youtube_pipeline.py
[2026-09-16T10:24:14.383+0000] {processor.py:914} INFO - Processing file /opt/airflow/dags/youtube_pipeline.py for tasks to queue
[2026-09-16T10:24:14.386+0000] {logging_mixin.py:190} INFO - [2026-09-16T10:24:14.386+0000] {dagbag.py:588} INFO - Filling up the DagBag from /opt/airflow/dags/youtube_pipeline.py
[2026-09-16T10:24:14.489+0000] {processor.py:925} INFO - DAG(s) 'youtube_pipeline' retrieved from /opt/airflow/dags/youtube_pipeline.py
[2026-09-16T10:24:14.511+0000] {logging_mixin.py:190} INFO - [2026-09-16T10:24:14.511+0000] {dag.py:3239} INFO - Sync 1 DAGs
[2026-09-16T10:24:14.531+0000] {logging_mixin.py:190} INFO - [2026-09-16T10:24:14.531+0000] {dag.py:4180} INFO - Setting next_dagrun for youtube_pipeline to 2026-09-16 10:00:00+00:00, run_after=2026-09-16 11:00:00+00:00
[2026-09-16T10:24:14.552+0000] {processor.py:208} INFO - Processing /opt/airflow/dags/youtube_pipeline.py took 0.176 seconds
[2026-09-16T10:24:44.815+0000] {processor.py:186} INFO - Started process (PID=1497) to work on /opt/airflow/dags/youtube_pipeline.py
[2026-09-16T10:24:44.837+0000] {processor.py:914} INFO - Processing file /opt/airflow/dags/youtube_pipeline.py for tasks to queue
[2026-09-16T10:24:44.908+0000] {logging_mixin.py:190} INFO - [2026-09-16T10:24:44.904+0000] {dagbag.py:588} INFO - Filling up the DagBag from /opt/airflow/dags/youtube_pipeline.py
[2026-09-16T10:24:45.160+0000] {processor.py:925} INFO - DAG(s) 'youtube_pipeline' retrieved from /opt/airflow/dags/youtube_pipeline.py
[2026-09-16T10:24:45.287+0000] {logging_mixin.py:190} INFO - [2026-09-16T10:24:45.287+0000] {dag.py:3239} INFO - Sync 1 DAGs
[2026-09-16T10:24:45.384+0000] {logging_mixin.py:190} INFO - [2026-09-16T10:24:45.384+0000] {dag.py:4180} INFO - Setting next_dagrun for youtube_pipeline to 2026-09-16 10:00:00+00:00, run_after=2026-09-16 11:00:00+00:00
[2026-09-16T10:24:45.409+0000] {processor.py:208} INFO - Processing /opt/airflow/dags/youtube_pipeline.py took 0.651 seconds
[2026-09-16T10:25:15.696+0000] {processor.py:186} INFO - Started process (PID=1504) to work on /opt/airflow/dags/youtube_pipeline.py
[2026-09-16T10:25:15.698+0000] {processor.py:914} INFO - Processing file /opt/airflow/dags/youtube_pipeline.py for tasks to queue
[2026-09-16T10:25:15.702+0000] {logging_mixin.py:190} INFO - [2026-09-16T10:25:15.702+0000] {dagbag.py:588} INFO - Filling up the DagBag from /opt/airflow/dags/youtube_pipeline.py
[2026-09-16T10:25:15.802+0000] {processor.py:925} INFO - DAG(s) 'youtube_pipeline' retrieved from /opt/airflow/dags/youtube_pipeline.py
[2026-09-16T10:25:15.825+0000] {logging_mixin.py:190} INFO - [2026-09-16T10:25:15.825+0000] {dag.py:3239} INFO - Sync 1 DAGs
[2026-09-16T10:25:15.847+0000] {logging_mixin.py:190} INFO - [2026-09-16T10:25:15.846+0000] {dag.py:4180} INFO - Setting next_dagrun for youtube_pipeline to 2026-09-16 10:00:00+00:00, run_after=2026-09-16 11:00:00+00:00
[2026-09-16T10:25:15.865+0000] {processor.py:208} INFO - Processing /opt/airflow/dags/youtube_pipeline.py took 0.175 seconds
[2026-09-16T10:25:45.985+0000] {processor.py:186} INFO - Started process (PID=1511) to work on /opt/airflow/dags/youtube_pipeline.py
[2026-09-16T10:25:45.991+0000] {processor.py:914} INFO - Processing file /opt/airflow/dags/youtube_pipeline.py for tasks to queue
[2026-09-16T10:25:45.999+0000] {logging_mixin.py:190} INFO - [2026-09-16T10:25:45.998+0000] {dagbag.py:588} INFO - Filling up the DagBag from /opt/airflow/dags/youtube_pipeline.py
[2026-09-16T10:25:46.065+0000] {processor.py:925} INFO - DAG(s) 'youtube_pipeline' retrieved from /opt/airflow/dags/youtube_pipeline.py
[2026-09-16T10:25:46.088+0000] {logging_mixin.py:190} INFO - [2026-09-16T10:25:46.088+0000] {dag.py:3239} INFO - Sync 1 DAGs
[2026-09-16T10:25:46.120+0000] {logging_mixin.py:190} INFO - [2026-09-16T10:25:46.120+0000] {dag.py:4180} INFO - Setting next_dagrun for youtube_pipeline to 2026-09-16 10:00:00+00:00, run_after=2026-09-16 11:00:00+00:00
[2026-09-16T10:25:46.138+0000] {processor.py:208} INFO - Processing /opt/airflow/dags/youtube_pipeline.py took 0.158 seconds
[2026-09-16T10:26:16.450+0000] {processor.py:186} INFO - Started process (PID=1518) to work on /opt/airflow/dags/youtube_pipeline.py
[2026-09-16T10:26:16.452+0000] {processor.py:914} INFO - Processing file /opt/airflow/dags/youtube_pipeline.py for tasks to queue
[2026-09-16T10:26:16.456+0000] {logging_mixin.py:190} INFO - [2026-09-16T10:26:16.455+0000] {dagbag.py:588} INFO - Filling up the DagBag from /opt/airflow/dags/youtube_pipeline.py
[2026-09-16T10:26:16.554+0000] {processor.py:925} INFO - DAG(s) 'youtube_pipeline' retrieved from /opt/airflow/dags/youtube_pipeline.py
[2026-09-16T10:26:16.578+0000] {logging_mixin.py:190} INFO - [2026-09-16T10:26:16.577+0000] {dag.py:3239} INFO - Sync 1 DAGs
[2026-09-16T10:26:16.598+0000] {logging_mixin.py:190} INFO - [2026-09-16T10:26:16.598+0000] {dag.py:4180} INFO - Setting next_dagrun for youtube_pipeline to 2026-09-16 10:00:00+00:00, run_after=2026-09-16 11:00:00+00:00
[2026-09-16T10:26:16.617+0000] {processor.py:208} INFO - Processing /opt/airflow/dags/youtube_pipeline.py took 0.172 seconds
[2026-09-16T10:26:46.783+0000] {processor.py:186} INFO - Started process (PID=1525) to work on /opt/airflow/dags/youtube_pipeline.py
[2026-09-16T10:26:46.785+0000] {processor.py:914} INFO - Processing file /opt/airflow/dags/youtube_pipeline.py for tasks to queue
[2026-09-16T10:26:46.788+0000] {logging_mixin.py:190} INFO - [2026-09-16T10:26:46.788+0000] {dagbag.py:588} INFO - Filling up the DagBag from /opt/airflow/dags/youtube_pipeline.py
[2026-09-16T10:26:46.898+0000] {processor.py:925} INFO - DAG(s) 'youtube_pipeline' retrieved from /opt/airflow/dags/youtube_pipeline.py
[2026-09-16T10:26:46.919+0000] {logging_mixin.py:190} INFO - [2026-09-16T10:26:46.919+0000] {dag.py:3239} INFO - Sync 1 DAGs
[2026-09-16T10:26:46.941+0000] {logging_mixin.py:190} INFO - [2026-09-16T10:26:46.941+0000] {dag.py:4180} INFO - Setting next_dagrun for youtube_pipeline to 2026-09-16 10:00:00+00:00, run_after=2026-09-16 11:00:00+00:00
[2026-09-16T10:26:46.965+0000] {processor.py:208} INFO - Processing /opt/airflow/dags/youtube_pipeline.py took 0.188 seconds
[2026-09-16T10:27:17.170+0000] {processor.py:186} INFO - Started process (PID=1532) to work on /opt/airflow/dags/youtube_pipeline.py
[2026-09-16T10:27:17.172+0000] {processor.py:914} INFO - Processing file /opt/airflow/dags/youtube_pipeline.py for tasks to queue
[2026-09-16T10:27:17.175+0000] {logging_mixin.py:190} INFO - [2026-09-16T10:27:17.175+0000] {dagbag.py:588} INFO - Filling up the DagBag from /opt/airflow/dags/youtube_pipeline.py
[2026-09-16T10:27:17.282+0000] {processor.py:925} INFO - DAG(s) 'youtube_pipeline' retrieved from /opt/airflow/dags/youtube_pipeline.py
[2026-09-16T10:27:17.307+0000] {logging_mixin.py:190} INFO - [2026-09-16T10:27:17.306+0000] {dag.py:3239} INFO - Sync 1 DAGs
[2026-09-16T10:27:17.354+0000] {logging_mixin.py:190} INFO - [2026-09-16T10:27:17.354+0000] {dag.py:4180} INFO - Setting next_dagrun for youtube_pipeline to 2026-09-16 10:00:00+00:00, run_after=2026-09-16 11:00:00+00:00
[2026-09-16T10:27:17.460+0000] {processor.py:208} INFO - Processing /opt/airflow/dags/youtube_pipeline.py took 0.295 seconds
[2026-09-16T10:27:47.706+0000] {processor.py:186} INFO - Started process (PID=1539) to work on /opt/airflow/dags/youtube_pipeline.py
[2026-09-16T10:27:47.708+0000] {processor.py:914} INFO - Processing file /opt/airflow/dags/youtube_pipeline.py for tasks to queue
[2026-09-16T10:27:47.715+0000] {logging_mixin.py:190} INFO - [2026-09-16T10:27:47.715+0000] {dagbag.py:588} INFO - Filling up the DagBag from /opt/airflow/dags/youtube_pipeline.py
[2026-09-16T10:27:47.831+0000] {processor.py:925} INFO - DAG(s) 'youtube_pipeline' retrieved from /opt/airflow/dags/youtube_pipeline.py
[2026-09-16T10:27:47.868+0000] {logging_mixin.py:190} INFO - [2026-09-16T10:27:47.868+0000] {dag.py:3239} INFO - Sync 1 DAGs
[2026-09-16T10:27:47.893+0000] {logging_mixin.py:190} INFO - [2026-09-16T10:27:47.892+0000] {dag.py:4180} INFO - Setting next_dagrun for youtube_pipeline to 2026-09-16 10:00:00+00:00, run_after=2026-09-16 11:00:00+00:00
[2026-09-16T10:27:47.914+0000] {processor.py:208} INFO - Processing /opt/airflow/dags/youtube_pipeline.py took 0.214 seconds
[2026-09-16T10:28:17.977+0000] {processor.py:186} INFO - Started process (PID=1546) to work on /opt/airflow/dags/youtube_pipeline.py
[2026-09-16T10:28:17.980+0000] {processor.py:914} INFO - Processing file /opt/airflow/dags/youtube_pipeline.py for tasks to queue
[2026-09-16T10:28:17.988+0000] {logging_mixin.py:190} INFO - [2026-09-16T10:28:17.988+0000] {dagbag.py:588} INFO - Filling up the DagBag from /opt/airflow/dags/youtube_pipeline.py
[2026-09-16T10:28:18.124+0000] {processor.py:925} INFO - DAG(s) 'youtube_pipeline' retrieved from /opt/airflow/dags/youtube_pipeline.py
[2026-09-16T10:28:18.145+0000] {logging_mixin.py:190} INFO - [2026-09-16T10:28:18.145+0000] {dag.py:3239} INFO - Sync 1 DAGs
[2026-09-16T10:28:18.165+0000] {logging_mixin.py:190} INFO - [2026-09-16T10:28:18.164+0000] {dag.py:4180} INFO - Setting next_dagrun for youtube_pipeline to 2026-09-16 10:00:00+00:00, run_after=2026-09-16 11:00:00+00:00
[2026-09-16T10:28:18.183+0000] {processor.py:208} INFO - Processing /opt/airflow/dags/youtube_pipeline.py took 0.212 seconds
[2026-09-16T10:28:48.418+0000] {processor.py:186} INFO - Started process (PID=1553) to work on /opt/airflow/dags/youtube_pipeline.py
[2026-09-16T10:28:48.420+0000] {processor.py:914} INFO - Processing file /opt/airflow/dags/youtube_pipeline.py for tasks to queue
[2026-09-16T10:28:48.424+0000] {logging_mixin.py:190} INFO - [2026-09-16T10:28:48.424+0000] {dagbag.py:588} INFO - Filling up the DagBag from /opt/airflow/dags/youtube_pipeline.py
[2026-09-16T10:28:48.549+0000] {processor.py:925} INFO - DAG(s) 'youtube_pipeline' retrieved from /opt/airflow/dags/youtube_pipeline.py
[2026-09-16T10:28:48.576+0000] {logging_mixin.py:190} INFO - [2026-09-16T10:28:48.575+0000] {dag.py:3239} INFO - Sync 1 DAGs
[2026-09-16T10:28:48.597+0000] {logging_mixin.py:190} INFO - [2026-09-16T10:28:48.597+0000] {dag.py:4180} INFO - Setting next_dagrun for youtube_pipeline to 2026-09-16 10:00:00+00:00, run_after=2026-09-16 11:00:00+00:00
[2026-09-16T10:28:48.617+0000] {processor.py:208} INFO - Processing /opt/airflow/dags/youtube_pipeline.py took 0.207 seconds
[2026-09-16T10:29:18.708+0000] {processor.py:186} INFO - Started process (PID=1560) to work on /opt/airflow/dags/youtube_pipeline.py
[2026-09-16T10:29:18.710+0000] {processor.py:914} INFO - Processing file /opt/airflow/dags/youtube_pipeline.py for tasks to queue
[2026-09-16T10:29:18.715+0000] {logging_mixin.py:190} INFO - [2026-09-16T10:29:18.714+0000] {dagbag.py:588} INFO - Filling up the DagBag from /opt/airflow/dags/youtube_pipeline.py
[2026-09-16T10:29:18.917+0000] {processor.py:925} INFO - DAG(s) 'youtube_pipeline' retrieved from /opt/airflow/dags/youtube_pipeline.py
[2026-09-16T10:29:18.948+0000] {logging_mixin.py:190} INFO - [2026-09-16T10:29:18.948+0000] {dag.py:3239} INFO - Sync 1 DAGs
[2026-09-16T10:29:18.969+0000] {logging_mixin.py:190} INFO - [2026-09-16T10:29:18.969+0000] {dag.py:4180} INFO - Setting next_dagrun for youtube_pipeline to 2026-09-16 10:00:00+00:00, run_after=2026-09-16 11:00:00+00:00
[2026-09-16T10:29:18.992+0000] {processor.py:208} INFO - Processing /opt/airflow/dags/youtube_pipeline.py took 0.291 seconds
[2026-09-16T10:29:49.168+0000] {processor.py:186} INFO - Started process (PID=1567) to work on /opt/airflow/dags/youtube_pipeline.py
[2026-09-16T10:29:49.171+0000] {processor.py:914} INFO - Processing file /opt/airflow/dags/youtube_pipeline.py for tasks to queue
[2026-09-16T10:29:49.174+0000] {logging_mixin.py:190} INFO - [2026-09-16T10:29:49.174+0000] {dagbag.py:588} INFO - Filling up the DagBag from /opt/airflow/dags/youtube_pipeline.py
[2026-09-16T10:29:49.301+0000] {processor.py:925} INFO - DAG(s) 'youtube_pipeline' retrieved from /opt/airflow/dags/youtube_pipeline.py
[2026-09-16T10:29:49.324+0000] {logging_mixin.py:190} INFO - [2026-09-16T10:29:49.324+0000] {dag.py:3239} INFO - Sync 1 DAGs
[2026-09-16T10:29:49.344+0000] {logging_mixin.py:190} INFO - [2026-09-16T10:29:49.343+0000] {dag.py:4180} INFO - Setting next_dagrun for youtube_pipeline to 2026-09-16 10:00:00+00:00, run_after=2026-09-16 11:00:00+00:00
[2026-09-16T10:29:49.364+0000] {processor.py:208} INFO - Processing /opt/airflow/dags/youtube_pipeline.py took 0.203 seconds
[2026-09-16T10:30:19.598+0000] {processor.py:186} INFO - Started process (PID=1574) to work on /opt/airflow/dags/youtube_pipeline.py
[2026-09-16T10:30:19.602+0000] {processor.py:914} INFO - Processing file /opt/airflow/dags/youtube_pipeline.py for tasks to queue
[2026-09-16T10:30:19.610+0000] {logging_mixin.py:190} INFO - [2026-09-16T10:30:19.609+0000] {dagbag.py:588} INFO - Filling up the DagBag from /opt/airflow/dags/youtube_pipeline.py
[2026-09-16T10:30:19.780+0000] {processor.py:925} INFO - DAG(s) 'youtube_pipeline' retrieved from /opt/airflow/dags/youtube_pipeline.py
[2026-09-16T10:30:19.810+0000] {logging_mixin.py:190} INFO - [2026-09-16T10:30:19.810+0000] {dag.py:3239} INFO - Sync 1 DAGs
[2026-09-16T10:30:19.845+0000] {logging_mixin.py:190} INFO - [2026-09-16T10:30:19.844+0000] {dag.py:4180} INFO - Setting next_dagrun for youtube_pipeline to 2026-09-16 10:00:00+00:00, run_after=2026-09-16 11:00:00+00:00
[2026-09-16T10:30:19.881+0000] {processor.py:208} INFO - Processing /opt/airflow/dags/youtube_pipeline.py took 0.291 seconds
[2026-09-16T10:30:50.200+0000] {processor.py:186} INFO - Started process (PID=1581) to work on /opt/airflow/dags/youtube_pipeline.py
[2026-09-16T10:30:50.203+0000] {processor.py:914} INFO - Processing file /opt/airflow/dags/youtube_pipeline.py for tasks to queue
[2026-09-16T10:30:50.209+0000] {logging_mixin.py:190} INFO - [2026-09-16T10:30:50.208+0000] {dagbag.py:588} INFO - Filling up the DagBag from /opt/airflow/dags/youtube_pipeline.py
[2026-09-16T10:30:50.334+0000] {processor.py:925} INFO - DAG(s) 'youtube_pipeline' retrieved from /opt/airflow/dags/youtube_pipeline.py
[2026-09-16T10:30:50.366+0000] {logging_mixin.py:190} INFO - [2026-09-16T10:30:50.365+0000] {dag.py:3239} INFO - Sync 1 DAGs
[2026-09-16T10:30:50.392+0000] {logging_mixin.py:190} INFO - [2026-09-16T10:30:50.392+0000] {dag.py:4180} INFO - Setting next_dagrun for youtube_pipeline to 2026-09-16 10:00:00+00:00, run_after=2026-09-16 11:00:00+00:00
[2026-09-16T10:30:50.417+0000] {processor.py:208} INFO - Processing /opt/airflow/dags/youtube_pipeline.py took 0.229 seconds
[2026-09-16T10:31:20.676+0000] {processor.py:186} INFO - Started process (PID=1588) to work on /opt/airflow/dags/youtube_pipeline.py
[2026-09-16T10:31:20.679+0000] {processor.py:914} INFO - Processing file /opt/airflow/dags/youtube_pipeline.py for tasks to queue
[2026-09-16T10:31:20.683+0000] {logging_mixin.py:190} INFO - [2026-09-16T10:31:20.682+0000] {dagbag.py:588} INFO - Filling up the DagBag from /opt/airflow/dags/youtube_pipeline.py
[2026-09-16T10:31:20.882+0000] {processor.py:925} INFO - DAG(s) 'youtube_pipeline' retrieved from /opt/airflow/dags/youtube_pipeline.py
[2026-09-16T10:31:20.985+0000] {logging_mixin.py:190} INFO - [2026-09-16T10:31:20.985+0000] {dag.py:3239} INFO - Sync 1 DAGs
[2026-09-16T10:31:21.024+0000] {logging_mixin.py:190} INFO - [2026-09-16T10:31:21.023+0000] {dag.py:4180} INFO - Setting next_dagrun for youtube_pipeline to 2026-09-16 10:00:00+00:00, run_after=2026-09-16 11:00:00+00:00
[2026-09-16T10:31:21.048+0000] {processor.py:208} INFO - Processing /opt/airflow/dags/youtube_pipeline.py took 0.379 seconds
[2026-09-16T10:31:51.343+0000] {processor.py:186} INFO - Started process (PID=1595) to work on /opt/airflow/dags/youtube_pipeline.py
[2026-09-16T10:31:51.348+0000] {processor.py:914} INFO - Processing file /opt/airflow/dags/youtube_pipeline.py for tasks to queue
[2026-09-16T10:31:51.366+0000] {logging_mixin.py:190} INFO - [2026-09-16T10:31:51.365+0000] {dagbag.py:588} INFO - Filling up the DagBag from /opt/airflow/dags/youtube_pipeline.py
[2026-09-16T10:31:51.574+0000] {processor.py:925} INFO - DAG(s) 'youtube_pipeline' retrieved from /opt/airflow/dags/youtube_pipeline.py
[2026-09-16T10:31:51.649+0000] {logging_mixin.py:190} INFO - [2026-09-16T10:31:51.648+0000] {dag.py:3239} INFO - Sync 1 DAGs
[2026-09-16T10:31:51.696+0000] {logging_mixin.py:190} INFO - [2026-09-16T10:31:51.696+0000] {dag.py:4180} INFO - Setting next_dagrun for youtube_pipeline to 2026-09-16 10:00:00+00:00, run_after=2026-09-16 11:00:00+00:00
[2026-09-16T10:31:51.735+0000] {processor.py:208} INFO - Processing /opt/airflow/dags/youtube_pipeline.py took 0.411 seconds
[2026-09-16T10:32:22.033+0000] {processor.py:186} INFO - Started process (PID=1603) to work on /opt/airflow/dags/youtube_pipeline.py
[2026-09-16T10:32:22.036+0000] {processor.py:914} INFO - Processing file /opt/airflow/dags/youtube_pipeline.py for tasks to queue
[2026-09-16T10:32:22.041+0000] {logging_mixin.py:190} INFO - [2026-09-16T10:32:22.041+0000] {dagbag.py:588} INFO - Filling up the DagBag from /opt/airflow/dags/youtube_pipeline.py
[2026-09-16T10:32:22.148+0000] {processor.py:925} INFO - DAG(s) 'youtube_pipeline' retrieved from /opt/airflow/dags/youtube_pipeline.py
[2026-09-16T10:32:22.170+0000] {logging_mixin.py:190} INFO - [2026-09-16T10:32:22.169+0000] {dag.py:3239} INFO - Sync 1 DAGs
[2026-09-16T10:32:22.190+0000] {logging_mixin.py:190} INFO - [2026-09-16T10:32:22.190+0000] {dag.py:4180} INFO - Setting next_dagrun for youtube_pipeline to 2026-09-16 10:00:00+00:00, run_after=2026-09-16 11:00:00+00:00
[2026-09-16T10:32:22.213+0000] {processor.py:208} INFO - Processing /opt/airflow/dags/youtube_pipeline.py took 0.186 seconds
[2026-09-16T10:32:52.287+0000] {processor.py:186} INFO - Started process (PID=1610) to work on /opt/airflow/dags/youtube_pipeline.py
[2026-09-16T10:32:52.289+0000] {processor.py:914} INFO - Processing file /opt/airflow/dags/youtube_pipeline.py for tasks to queue
[2026-09-16T10:32:52.293+0000] {logging_mixin.py:190} INFO - [2026-09-16T10:32:52.292+0000] {dagbag.py:588} INFO - Filling up the DagBag from /opt/airflow/dags/youtube_pipeline.py
[2026-09-16T10:32:52.360+0000] {processor.py:925} INFO - DAG(s) 'youtube_pipeline' retrieved from /opt/airflow/dags/youtube_pipeline.py
[2026-09-16T10:32:52.382+0000] {logging_mixin.py:190} INFO - [2026-09-16T10:32:52.382+0000] {dag.py:3239} INFO - Sync 1 DAGs
[2026-09-16T10:32:52.401+0000] {logging_mixin.py:190} INFO - [2026-09-16T10:32:52.401+0000] {dag.py:4180} INFO - Setting next_dagrun for youtube_pipeline to 2026-09-16 10:00:00+00:00, run_after=2026-09-16 11:00:00+00:00
[2026-09-16T10:32:52.422+0000] {processor.py:208} INFO - Processing /opt/airflow/dags/youtube_pipeline.py took 0.139 seconds
[2026-09-16T10:33:22.550+0000] {processor.py:186} INFO - Started process (PID=1617) to work on /opt/airflow/dags/youtube_pipeline.py
[2026-09-16T10:33:22.552+0000] {processor.py:914} INFO - Processing file /opt/airflow/dags/youtube_pipeline.py for tasks to queue
[2026-09-16T10:33:22.556+0000] {logging_mixin.py:190} INFO - [2026-09-16T10:33:22.556+0000] {dagbag.py:588} INFO - Filling up the DagBag from /opt/airflow/dags/youtube_pipeline.py
[2026-09-16T10:33:22.656+0000] {processor.py:925} INFO - DAG(s) 'youtube_pipeline' retrieved from /opt/airflow/dags/youtube_pipeline.py
[2026-09-16T10:33:22.683+0000] {logging_mixin.py:190} INFO - [2026-09-16T10:33:22.683+0000] {dag.py:3239} INFO - Sync 1 DAGs
[2026-09-16T10:33:22.706+0000] {logging_mixin.py:190} INFO - [2026-09-16T10:33:22.705+0000] {dag.py:4180} INFO - Setting next_dagrun for youtube_pipeline to 2026-09-16 10:00:00+00:00, run_after=2026-09-16 11:00:00+00:00
[2026-09-16T10:33:22.726+0000] {processor.py:208} INFO - Processing /opt/airflow/dags/youtube_pipeline.py took 0.181 seconds
[2026-09-16T10:33:52.980+0000] {processor.py:186} INFO - Started process (PID=1624) to work on /opt/airflow/dags/youtube_pipeline.py
[2026-09-16T10:33:52.984+0000] {processor.py:914} INFO - Processing file /opt/airflow/dags/youtube_pipeline.py for tasks to queue
[2026-09-16T10:33:52.993+0000] {logging_mixin.py:190} INFO - [2026-09-16T10:33:52.993+0000] {dagbag.py:588} INFO - Filling up the DagBag from /opt/airflow/dags/youtube_pipeline.py
[2026-09-16T10:33:53.121+0000] {processor.py:925} INFO - DAG(s) 'youtube_pipeline' retrieved from /opt/airflow/dags/youtube_pipeline.py
[2026-09-16T10:33:53.143+0000] {logging_mixin.py:190} INFO - [2026-09-16T10:33:53.142+0000] {dag.py:3239} INFO - Sync 1 DAGs
[2026-09-16T10:33:53.163+0000] {logging_mixin.py:190} INFO - [2026-09-16T10:33:53.163+0000] {dag.py:4180} INFO - Setting next_dagrun for youtube_pipeline to 2026-09-16 10:00:00+00:00, run_after=2026-09-16 11:00:00+00:00
[2026-09-16T10:33:53.182+0000] {processor.py:208} INFO - Processing /opt/airflow/dags/youtube_pipeline.py took 0.208 seconds
[2026-09-16T10:34:23.246+0000] {processor.py:186} INFO - Started process (PID=1632) to work on /opt/airflow/dags/youtube_pipeline.py
[2026-09-16T10:34:23.248+0000] {processor.py:914} INFO - Processing file /opt/airflow/dags/youtube_pipeline.py for tasks to queue
[2026-09-16T10:34:23.251+0000] {logging_mixin.py:190} INFO - [2026-09-16T10:34:23.251+0000] {dagbag.py:588} INFO - Filling up the DagBag from /opt/airflow/dags/youtube_pipeline.py
[2026-09-16T10:34:23.364+0000] {processor.py:925} INFO - DAG(s) 'youtube_pipeline' retrieved from /opt/airflow/dags/youtube_pipeline.py
[2026-09-16T10:34:23.385+0000] {logging_mixin.py:190} INFO - [2026-09-16T10:34:23.385+0000] {dag.py:3239} INFO - Sync 1 DAGs
[2026-09-16T10:34:23.406+0000] {logging_mixin.py:190} INFO - [2026-09-16T10:34:23.406+0000] {dag.py:4180} INFO - Setting next_dagrun for youtube_pipeline to 2026-09-16 10:00:00+00:00, run_after=2026-09-16 11:00:00+00:00
[2026-09-16T10:34:23.430+0000] {processor.py:208} INFO - Processing /opt/airflow/dags/youtube_pipeline.py took 0.188 seconds
[2026-09-16T10:34:53.755+0000] {processor.py:186} INFO - Started process (PID=1639) to work on /opt/airflow/dags/youtube_pipeline.py
[2026-09-16T10:34:53.757+0000] {processor.py:914} INFO - Processing file /opt/airflow/dags/youtube_pipeline.py for tasks to queue
[2026-09-16T10:34:53.760+0000] {logging_mixin.py:190} INFO - [2026-09-16T10:34:53.760+0000] {dagbag.py:588} INFO - Filling up the DagBag from /opt/airflow/dags/youtube_pipeline.py
[2026-09-16T10:34:53.902+0000] {processor.py:925} INFO - DAG(s) 'youtube_pipeline' retrieved from /opt/airflow/dags/youtube_pipeline.py
[2026-09-16T10:34:53.935+0000] {logging_mixin.py:190} INFO - [2026-09-16T10:34:53.935+0000] {dag.py:3239} INFO - Sync 1 DAGs
[2026-09-16T10:34:53.961+0000] {logging_mixin.py:190} INFO - [2026-09-16T10:34:53.961+0000] {dag.py:4180} INFO - Setting next_dagrun for youtube_pipeline to 2026-09-16 10:00:00+00:00, run_after=2026-09-16 11:00:00+00:00
[2026-09-16T10:34:53.981+0000] {processor.py:208} INFO - Processing /opt/airflow/dags/youtube_pipeline.py took 0.231 seconds
[2026-09-16T10:35:24.237+0000] {processor.py:186} INFO - Started process (PID=1646) to work on /opt/airflow/dags/youtube_pipeline.py
[2026-09-16T10:35:24.239+0000] {processor.py:914} INFO - Processing file /opt/airflow/dags/youtube_pipeline.py for tasks to queue
[2026-09-16T10:35:24.243+0000] {logging_mixin.py:190} INFO - [2026-09-16T10:35:24.243+0000] {dagbag.py:588} INFO - Filling up the DagBag from /opt/airflow/dags/youtube_pipeline.py
[2026-09-16T10:35:24.363+0000] {processor.py:925} INFO - DAG(s) 'youtube_pipeline' retrieved from /opt/airflow/dags/youtube_pipeline.py
[2026-09-16T10:35:24.391+0000] {logging_mixin.py:190} INFO - [2026-09-16T10:35:24.391+0000] {dag.py:3239} INFO - Sync 1 DAGs
[2026-09-16T10:35:24.417+0000] {logging_mixin.py:190} INFO - [2026-09-16T10:35:24.417+0000] {dag.py:4180} INFO - Setting next_dagrun for youtube_pipeline to 2026-09-16 10:00:00+00:00, run_after=2026-09-16 11:00:00+00:00
[2026-09-16T10:35:24.441+0000] {processor.py:208} INFO - Processing /opt/airflow/dags/youtube_pipeline.py took 0.212 seconds
[2026-09-16T10:35:54.710+0000] {processor.py:186} INFO - Started process (PID=1653) to work on /opt/airflow/dags/youtube_pipeline.py
[2026-09-16T10:35:54.712+0000] {processor.py:914} INFO - Processing file /opt/airflow/dags/youtube_pipeline.py for tasks to queue
[2026-09-16T10:35:54.716+0000] {logging_mixin.py:190} INFO - [2026-09-16T10:35:54.715+0000] {dagbag.py:588} INFO - Filling up the DagBag from /opt/airflow/dags/youtube_pipeline.py
[2026-09-16T10:35:54.915+0000] {processor.py:925} INFO - DAG(s) 'youtube_pipeline' retrieved from /opt/airflow/dags/youtube_pipeline.py
[2026-09-16T10:35:54.951+0000] {logging_mixin.py:190} INFO - [2026-09-16T10:35:54.951+0000] {dag.py:3239} INFO - Sync 1 DAGs
[2026-09-16T10:35:54.988+0000] {logging_mixin.py:190} INFO - [2026-09-16T10:35:54.988+0000] {dag.py:4180} INFO - Setting next_dagrun for youtube_pipeline to 2026-09-16 10:00:00+00:00, run_after=2026-09-16 11:00:00+00:00
[2026-09-16T10:35:55.007+0000] {processor.py:208} INFO - Processing /opt/airflow/dags/youtube_pipeline.py took 0.306 seconds
[2026-09-16T10:36:25.264+0000] {processor.py:186} INFO - Started process (PID=1660) to work on /opt/airflow/dags/youtube_pipeline.py
[2026-09-16T10:36:25.266+0000] {processor.py:914} INFO - Processing file /opt/airflow/dags/youtube_pipeline.py for tasks to queue
[2026-09-16T10:36:25.272+0000] {logging_mixin.py:190} INFO - [2026-09-16T10:36:25.272+0000] {dagbag.py:588} INFO - Filling up the DagBag from /opt/airflow/dags/youtube_pipeline.py
[2026-09-16T10:36:25.411+0000] {processor.py:925} INFO - DAG(s) 'youtube_pipeline' retrieved from /opt/airflow/dags/youtube_pipeline.py
[2026-09-16T10:36:25.498+0000] {logging_mixin.py:190} INFO - [2026-09-16T10:36:25.498+0000] {dag.py:3239} INFO - Sync 1 DAGs
[2026-09-16T10:36:25.521+0000] {logging_mixin.py:190} INFO - [2026-09-16T10:36:25.521+0000] {dag.py:4180} INFO - Setting next_dagrun for youtube_pipeline to 2026-09-16 10:00:00+00:00, run_after=2026-09-16 11:00:00+00:00
[2026-09-16T10:36:25.650+0000] {processor.py:208} INFO - Processing /opt/airflow/dags/youtube_pipeline.py took 0.394 seconds
[2026-09-16T10:36:55.959+0000] {processor.py:186} INFO - Started process (PID=1667) to work on /opt/airflow/dags/youtube_pipeline.py
[2026-09-16T10:36:55.962+0000] {processor.py:914} INFO - Processing file /opt/airflow/dags/youtube_pipeline.py for tasks to queue
[2026-09-16T10:36:55.968+0000] {logging_mixin.py:190} INFO - [2026-09-16T10:36:55.967+0000] {dagbag.py:588} INFO - Filling up the DagBag from /opt/airflow/dags/youtube_pipeline.py
[2026-09-16T10:36:56.115+0000] {processor.py:925} INFO - DAG(s) 'youtube_pipeline' retrieved from /opt/airflow/dags/youtube_pipeline.py
[2026-09-16T10:36:56.142+0000] {logging_mixin.py:190} INFO - [2026-09-16T10:36:56.142+0000] {dag.py:3239} INFO - Sync 1 DAGs
[2026-09-16T10:36:56.163+0000] {logging_mixin.py:190} INFO - [2026-09-16T10:36:56.162+0000] {dag.py:4180} INFO - Setting next_dagrun for youtube_pipeline to 2026-09-16 10:00:00+00:00, run_after=2026-09-16 11:00:00+00:00
[2026-09-16T10:36:56.183+0000] {processor.py:208} INFO - Processing /opt/airflow/dags/youtube_pipeline.py took 0.240 seconds
