[2026-09-16T15:09:14.868+0000] {processor.py:186} INFO - Started process (PID=3575) to work on /opt/airflow/dags/youtube_warehouse_pipeline.py
[2026-09-16T15:09:14.882+0000] {processor.py:914} INFO - Processing file /opt/airflow/dags/youtube_warehouse_pipeline.py for tasks to queue
[2026-09-16T15:09:14.905+0000] {logging_mixin.py:190} INFO - [2026-09-16T15:09:14.901+0000] {dagbag.py:588} INFO - Filling up the DagBag from /opt/airflow/dags/youtube_warehouse_pipeline.py
[2026-09-16T15:09:15.072+0000] {processor.py:925} INFO - DAG(s) 'youtube_pipeline_warehouse' retrieved from /opt/airflow/dags/youtube_warehouse_pipeline.py
[2026-09-16T15:09:15.188+0000] {logging_mixin.py:190} INFO - [2026-09-16T15:09:15.186+0000] {override.py:1932} INFO - Created Permission View: can read on DAG:youtube_pipeline_warehouse
[2026-09-16T15:09:15.206+0000] {logging_mixin.py:190} INFO - [2026-09-16T15:09:15.205+0000] {override.py:1932} INFO - Created Permission View: can delete on DAG:youtube_pipeline_warehouse
[2026-09-16T15:09:15.218+0000] {logging_mixin.py:190} INFO - [2026-09-16T15:09:15.217+0000] {override.py:1932} INFO - Created Permission View: can edit on DAG:youtube_pipeline_warehouse
[2026-09-16T15:09:15.245+0000] {logging_mixin.py:190} INFO - [2026-09-16T15:09:15.244+0000] {override.py:1932} INFO - Created Permission View: can read on DAG Run:youtube_pipeline_warehouse
[2026-09-16T15:09:15.263+0000] {logging_mixin.py:190} INFO - [2026-09-16T15:09:15.262+0000] {override.py:1932} INFO - Created Permission View: can delete on DAG Run:youtube_pipeline_warehouse
[2026-09-16T15:09:15.276+0000] {logging_mixin.py:190} INFO - [2026-09-16T15:09:15.276+0000] {override.py:1932} INFO - Created Permission View: can create on DAG Run:youtube_pipeline_warehouse
[2026-09-16T15:09:15.285+0000] {logging_mixin.py:190} INFO - [2026-09-16T15:09:15.284+0000] {override.py:1932} INFO - Created Permission View: menu access on DAG Run:youtube_pipeline_warehouse
[2026-09-16T15:09:15.286+0000] {logging_mixin.py:190} INFO - [2026-09-16T15:09:15.286+0000] {dag.py:3239} INFO - Sync 1 DAGs
[2026-09-16T15:09:15.298+0000] {logging_mixin.py:190} INFO - [2026-09-16T15:09:15.297+0000] {dag.py:3262} INFO - Creating ORM DAG for youtube_pipeline_warehouse
[2026-09-16T15:09:15.300+0000] {logging_mixin.py:190} INFO - [2026-09-16T15:09:15.299+0000] {dag.py:4180} INFO - Setting next_dagrun for youtube_pipeline_warehouse to None, run_after=None
[2026-09-16T15:09:15.326+0000] {processor.py:208} INFO - Processing /opt/airflow/dags/youtube_warehouse_pipeline.py took 0.554 seconds
[2026-09-16T15:09:45.548+0000] {processor.py:186} INFO - Started process (PID=3583) to work on /opt/airflow/dags/youtube_warehouse_pipeline.py
[2026-09-16T15:09:45.554+0000] {processor.py:914} INFO - Processing file /opt/airflow/dags/youtube_warehouse_pipeline.py for tasks to queue
[2026-09-16T15:09:45.562+0000] {logging_mixin.py:190} INFO - [2026-09-16T15:09:45.561+0000] {dagbag.py:588} INFO - Filling up the DagBag from /opt/airflow/dags/youtube_warehouse_pipeline.py
[2026-09-16T15:09:45.719+0000] {processor.py:925} INFO - DAG(s) 'youtube_pipeline_warehouse' retrieved from /opt/airflow/dags/youtube_warehouse_pipeline.py
[2026-09-16T15:09:45.748+0000] {logging_mixin.py:190} INFO - [2026-09-16T15:09:45.748+0000] {dag.py:3239} INFO - Sync 1 DAGs
[2026-09-16T15:09:45.767+0000] {logging_mixin.py:190} INFO - [2026-09-16T15:09:45.767+0000] {dag.py:4180} INFO - Setting next_dagrun for youtube_pipeline_warehouse to None, run_after=None
[2026-09-16T15:09:45.788+0000] {processor.py:208} INFO - Processing /opt/airflow/dags/youtube_warehouse_pipeline.py took 0.247 seconds
[2026-09-16T15:10:16.128+0000] {processor.py:186} INFO - Started process (PID=3591) to work on /opt/airflow/dags/youtube_warehouse_pipeline.py
[2026-09-16T15:10:16.131+0000] {processor.py:914} INFO - Processing file /opt/airflow/dags/youtube_warehouse_pipeline.py for tasks to queue
[2026-09-16T15:10:16.133+0000] {logging_mixin.py:190} INFO - [2026-09-16T15:10:16.132+0000] {dagbag.py:588} INFO - Filling up the DagBag from /opt/airflow/dags/youtube_warehouse_pipeline.py
[2026-09-16T15:10:16.250+0000] {processor.py:925} INFO - DAG(s) 'youtube_pipeline_warehouse' retrieved from /opt/airflow/dags/youtube_warehouse_pipeline.py
[2026-09-16T15:10:16.296+0000] {logging_mixin.py:190} INFO - [2026-09-16T15:10:16.295+0000] {dag.py:3239} INFO - Sync 1 DAGs
[2026-09-16T15:10:16.324+0000] {logging_mixin.py:190} INFO - [2026-09-16T15:10:16.324+0000] {dag.py:4180} INFO - Setting next_dagrun for youtube_pipeline_warehouse to None, run_after=None
[2026-09-16T15:10:16.348+0000] {processor.py:208} INFO - Processing /opt/airflow/dags/youtube_warehouse_pipeline.py took 0.228 seconds
[2026-09-16T15:10:46.960+0000] {processor.py:186} INFO - Started process (PID=3601) to work on /opt/airflow/dags/youtube_warehouse_pipeline.py
[2026-09-16T15:10:46.973+0000] {processor.py:914} INFO - Processing file /opt/airflow/dags/youtube_warehouse_pipeline.py for tasks to queue
[2026-09-16T15:10:46.984+0000] {logging_mixin.py:190} INFO - [2026-09-16T15:10:46.982+0000] {dagbag.py:588} INFO - Filling up the DagBag from /opt/airflow/dags/youtube_warehouse_pipeline.py
[2026-09-16T15:10:47.462+0000] {processor.py:925} INFO - DAG(s) 'youtube_pipeline_warehouse' retrieved from /opt/airflow/dags/youtube_warehouse_pipeline.py
[2026-09-16T15:10:47.727+0000] {logging_mixin.py:190} INFO - [2026-09-16T15:10:47.727+0000] {dag.py:3239} INFO - Sync 1 DAGs
[2026-09-16T15:10:47.901+0000] {logging_mixin.py:190} INFO - [2026-09-16T15:10:47.900+0000] {dag.py:4180} INFO - Setting next_dagrun for youtube_pipeline_warehouse to None, run_after=None
[2026-09-16T15:10:47.984+0000] {processor.py:208} INFO - Processing /opt/airflow/dags/youtube_warehouse_pipeline.py took 1.110 seconds
[2026-09-16T15:11:18.657+0000] {processor.py:186} INFO - Started process (PID=3609) to work on /opt/airflow/dags/youtube_warehouse_pipeline.py
[2026-09-16T15:11:18.660+0000] {processor.py:914} INFO - Processing file /opt/airflow/dags/youtube_warehouse_pipeline.py for tasks to queue
[2026-09-16T15:11:18.663+0000] {logging_mixin.py:190} INFO - [2026-09-16T15:11:18.662+0000] {dagbag.py:588} INFO - Filling up the DagBag from /opt/airflow/dags/youtube_warehouse_pipeline.py
[2026-09-16T15:11:18.758+0000] {processor.py:925} INFO - DAG(s) 'youtube_pipeline_warehouse' retrieved from /opt/airflow/dags/youtube_warehouse_pipeline.py
[2026-09-16T15:11:18.796+0000] {logging_mixin.py:190} INFO - [2026-09-16T15:11:18.796+0000] {dag.py:3239} INFO - Sync 1 DAGs
[2026-09-16T15:11:18.819+0000] {logging_mixin.py:190} INFO - [2026-09-16T15:11:18.819+0000] {dag.py:4180} INFO - Setting next_dagrun for youtube_pipeline_warehouse to None, run_after=None
[2026-09-16T15:11:18.842+0000] {processor.py:208} INFO - Processing /opt/airflow/dags/youtube_warehouse_pipeline.py took 0.197 seconds
[2026-09-16T15:11:49.176+0000] {processor.py:186} INFO - Started process (PID=3617) to work on /opt/airflow/dags/youtube_warehouse_pipeline.py
[2026-09-16T15:11:49.179+0000] {processor.py:914} INFO - Processing file /opt/airflow/dags/youtube_warehouse_pipeline.py for tasks to queue
[2026-09-16T15:11:49.181+0000] {logging_mixin.py:190} INFO - [2026-09-16T15:11:49.181+0000] {dagbag.py:588} INFO - Filling up the DagBag from /opt/airflow/dags/youtube_warehouse_pipeline.py
[2026-09-16T15:11:49.335+0000] {processor.py:925} INFO - DAG(s) 'youtube_pipeline_warehouse' retrieved from /opt/airflow/dags/youtube_warehouse_pipeline.py
[2026-09-16T15:11:49.404+0000] {logging_mixin.py:190} INFO - [2026-09-16T15:11:49.403+0000] {dag.py:3239} INFO - Sync 1 DAGs
[2026-09-16T15:11:49.460+0000] {logging_mixin.py:190} INFO - [2026-09-16T15:11:49.460+0000] {dag.py:4180} INFO - Setting next_dagrun for youtube_pipeline_warehouse to None, run_after=None
[2026-09-16T15:11:49.483+0000] {processor.py:208} INFO - Processing /opt/airflow/dags/youtube_warehouse_pipeline.py took 0.313 seconds
[2026-09-16T15:12:19.947+0000] {processor.py:186} INFO - Started process (PID=3626) to work on /opt/airflow/dags/youtube_warehouse_pipeline.py
[2026-09-16T15:12:20.264+0000] {processor.py:914} INFO - Processing file /opt/airflow/dags/youtube_warehouse_pipeline.py for tasks to queue
[2026-09-16T15:12:20.278+0000] {logging_mixin.py:190} INFO - [2026-09-16T15:12:20.277+0000] {dagbag.py:588} INFO - Filling up the DagBag from /opt/airflow/dags/youtube_warehouse_pipeline.py
[2026-09-16T15:12:20.426+0000] {processor.py:925} INFO - DAG(s) 'youtube_pipeline_warehouse' retrieved from /opt/airflow/dags/youtube_warehouse_pipeline.py
[2026-09-16T15:12:20.447+0000] {logging_mixin.py:190} INFO - [2026-09-16T15:12:20.447+0000] {dag.py:3239} INFO - Sync 1 DAGs
[2026-09-16T15:12:20.476+0000] {logging_mixin.py:190} INFO - [2026-09-16T15:12:20.476+0000] {dag.py:4180} INFO - Setting next_dagrun for youtube_pipeline_warehouse to None, run_after=None
[2026-09-16T15:12:20.504+0000] {processor.py:208} INFO - Processing /opt/airflow/dags/youtube_warehouse_pipeline.py took 0.596 seconds
[2026-09-16T15:12:50.891+0000] {processor.py:186} INFO - Started process (PID=3635) to work on /opt/airflow/dags/youtube_warehouse_pipeline.py
[2026-09-16T15:12:50.893+0000] {processor.py:914} INFO - Processing file /opt/airflow/dags/youtube_warehouse_pipeline.py for tasks to queue
[2026-09-16T15:12:50.895+0000] {logging_mixin.py:190} INFO - [2026-09-16T15:12:50.895+0000] {dagbag.py:588} INFO - Filling up the DagBag from /opt/airflow/dags/youtube_warehouse_pipeline.py
[2026-09-16T15:12:50.992+0000] {processor.py:925} INFO - DAG(s) 'youtube_pipeline_warehouse' retrieved from /opt/airflow/dags/youtube_warehouse_pipeline.py
[2026-09-16T15:12:51.018+0000] {logging_mixin.py:190} INFO - [2026-09-16T15:12:51.018+0000] {dag.py:3239} INFO - Sync 1 DAGs
[2026-09-16T15:12:51.033+0000] {logging_mixin.py:190} INFO - [2026-09-16T15:12:51.033+0000] {dag.py:4180} INFO - Setting next_dagrun for youtube_pipeline_warehouse to None, run_after=None
[2026-09-16T15:12:51.056+0000] {processor.py:208} INFO - Processing /opt/airflow/dags/youtube_warehouse_pipeline.py took 0.171 seconds
[2026-09-16T15:12:59.030+0000] {processor.py:186} INFO - Started process (PID=3642) to work on /opt/airflow/dags/youtube_warehouse_pipeline.py
[2026-09-16T15:12:59.033+0000] {processor.py:914} INFO - Processing file /opt/airflow/dags/youtube_warehouse_pipeline.py for tasks to queue
[2026-09-16T15:12:59.035+0000] {logging_mixin.py:190} INFO - [2026-09-16T15:12:59.035+0000] {dagbag.py:588} INFO - Filling up the DagBag from /opt/airflow/dags/youtube_warehouse_pipeline.py
[2026-09-16T15:12:59.146+0000] {processor.py:925} INFO - DAG(s) 'youtube_pipeline_warehouse' retrieved from /opt/airflow/dags/youtube_warehouse_pipeline.py
[2026-09-16T15:12:59.180+0000] {logging_mixin.py:190} INFO - [2026-09-16T15:12:59.179+0000] {dag.py:3239} INFO - Sync 1 DAGs
[2026-09-16T15:12:59.202+0000] {logging_mixin.py:190} INFO - [2026-09-16T15:12:59.200+0000] {dag.py:4180} INFO - Setting next_dagrun for youtube_pipeline_warehouse to None, run_after=None
[2026-09-16T15:12:59.232+0000] {processor.py:208} INFO - Processing /opt/airflow/dags/youtube_warehouse_pipeline.py took 0.211 seconds
[2026-09-16T15:13:29.571+0000] {processor.py:186} INFO - Started process (PID=3650) to work on /opt/airflow/dags/youtube_warehouse_pipeline.py
[2026-09-16T15:13:29.574+0000] {processor.py:914} INFO - Processing file /opt/airflow/dags/youtube_warehouse_pipeline.py for tasks to queue
[2026-09-16T15:13:29.576+0000] {logging_mixin.py:190} INFO - [2026-09-16T15:13:29.576+0000] {dagbag.py:588} INFO - Filling up the DagBag from /opt/airflow/dags/youtube_warehouse_pipeline.py
[2026-09-16T15:13:29.690+0000] {processor.py:925} INFO - DAG(s) 'youtube_pipeline_warehouse' retrieved from /opt/airflow/dags/youtube_warehouse_pipeline.py
[2026-09-16T15:13:29.712+0000] {logging_mixin.py:190} INFO - [2026-09-16T15:13:29.712+0000] {dag.py:3239} INFO - Sync 1 DAGs
[2026-09-16T15:13:29.727+0000] {logging_mixin.py:190} INFO - [2026-09-16T15:13:29.727+0000] {dag.py:4180} INFO - Setting next_dagrun for youtube_pipeline_warehouse to None, run_after=None
[2026-09-16T15:13:29.769+0000] {processor.py:208} INFO - Processing /opt/airflow/dags/youtube_warehouse_pipeline.py took 0.205 seconds
[2026-09-16T15:13:48.500+0000] {processor.py:186} INFO - Started process (PID=3653) to work on /opt/airflow/dags/youtube_warehouse_pipeline.py
[2026-09-16T15:13:48.502+0000] {processor.py:914} INFO - Processing file /opt/airflow/dags/youtube_warehouse_pipeline.py for tasks to queue
[2026-09-16T15:13:48.505+0000] {logging_mixin.py:190} INFO - [2026-09-16T15:13:48.504+0000] {dagbag.py:588} INFO - Filling up the DagBag from /opt/airflow/dags/youtube_warehouse_pipeline.py
[2026-09-16T15:13:48.618+0000] {processor.py:925} INFO - DAG(s) 'youtube_pipeline_warehouse' retrieved from /opt/airflow/dags/youtube_warehouse_pipeline.py
[2026-09-16T15:13:48.653+0000] {logging_mixin.py:190} INFO - [2026-09-16T15:13:48.652+0000] {dag.py:3239} INFO - Sync 1 DAGs
[2026-09-16T15:13:48.673+0000] {logging_mixin.py:190} INFO - [2026-09-16T15:13:48.673+0000] {dag.py:4180} INFO - Setting next_dagrun for youtube_pipeline_warehouse to None, run_after=None
[2026-09-16T15:13:48.718+0000] {processor.py:208} INFO - Processing /opt/airflow/dags/youtube_warehouse_pipeline.py took 0.229 seconds
[2026-09-16T15:14:19.165+0000] {processor.py:186} INFO - Started process (PID=3662) to work on /opt/airflow/dags/youtube_warehouse_pipeline.py
[2026-09-16T15:14:19.167+0000] {processor.py:914} INFO - Processing file /opt/airflow/dags/youtube_warehouse_pipeline.py for tasks to queue
[2026-09-16T15:14:19.169+0000] {logging_mixin.py:190} INFO - [2026-09-16T15:14:19.169+0000] {dagbag.py:588} INFO - Filling up the DagBag from /opt/airflow/dags/youtube_warehouse_pipeline.py
[2026-09-16T15:14:19.240+0000] {processor.py:925} INFO - DAG(s) 'youtube_pipeline_warehouse' retrieved from /opt/airflow/dags/youtube_warehouse_pipeline.py
[2026-09-16T15:14:19.262+0000] {logging_mixin.py:190} INFO - [2026-09-16T15:14:19.261+0000] {dag.py:3239} INFO - Sync 1 DAGs
[2026-09-16T15:14:19.278+0000] {logging_mixin.py:190} INFO - [2026-09-16T15:14:19.278+0000] {dag.py:4180} INFO - Setting next_dagrun for youtube_pipeline_warehouse to None, run_after=None
[2026-09-16T15:14:19.300+0000] {processor.py:208} INFO - Processing /opt/airflow/dags/youtube_warehouse_pipeline.py took 0.140 seconds
[2026-09-16T15:14:49.691+0000] {processor.py:186} INFO - Started process (PID=3670) to work on /opt/airflow/dags/youtube_warehouse_pipeline.py
[2026-09-16T15:14:49.696+0000] {processor.py:914} INFO - Processing file /opt/airflow/dags/youtube_warehouse_pipeline.py for tasks to queue
[2026-09-16T15:14:49.701+0000] {logging_mixin.py:190} INFO - [2026-09-16T15:14:49.700+0000] {dagbag.py:588} INFO - Filling up the DagBag from /opt/airflow/dags/youtube_warehouse_pipeline.py
[2026-09-16T15:14:49.900+0000] {processor.py:925} INFO - DAG(s) 'youtube_pipeline_warehouse' retrieved from /opt/airflow/dags/youtube_warehouse_pipeline.py
[2026-09-16T15:14:49.967+0000] {logging_mixin.py:190} INFO - [2026-09-16T15:14:49.966+0000] {dag.py:3239} INFO - Sync 1 DAGs
[2026-09-16T15:14:50.104+0000] {logging_mixin.py:190} INFO - [2026-09-16T15:14:50.103+0000] {dag.py:4180} INFO - Setting next_dagrun for youtube_pipeline_warehouse to None, run_after=None
[2026-09-16T15:14:50.282+0000] {processor.py:208} INFO - Processing /opt/airflow/dags/youtube_warehouse_pipeline.py took 0.613 seconds
[2026-09-16T15:15:23.126+0000] {processor.py:186} INFO - Started process (PID=3678) to work on /opt/airflow/dags/youtube_warehouse_pipeline.py
[2026-09-16T15:15:23.131+0000] {processor.py:914} INFO - Processing file /opt/airflow/dags/youtube_warehouse_pipeline.py for tasks to queue
[2026-09-16T15:15:23.135+0000] {logging_mixin.py:190} INFO - [2026-09-16T15:15:23.134+0000] {dagbag.py:588} INFO - Filling up the DagBag from /opt/airflow/dags/youtube_warehouse_pipeline.py
[2026-09-16T15:15:23.372+0000] {processor.py:925} INFO - DAG(s) 'youtube_pipeline_warehouse' retrieved from /opt/airflow/dags/youtube_warehouse_pipeline.py
[2026-09-16T15:15:23.445+0000] {logging_mixin.py:190} INFO - [2026-09-16T15:15:23.445+0000] {dag.py:3239} INFO - Sync 1 DAGs
[2026-09-16T15:15:23.483+0000] {logging_mixin.py:190} INFO - [2026-09-16T15:15:23.483+0000] {dag.py:4180} INFO - Setting next_dagrun for youtube_pipeline_warehouse to None, run_after=None
[2026-09-16T15:15:23.535+0000] {processor.py:208} INFO - Processing /opt/airflow/dags/youtube_warehouse_pipeline.py took 0.432 seconds
[2026-09-16T15:15:54.438+0000] {processor.py:186} INFO - Started process (PID=3686) to work on /opt/airflow/dags/youtube_warehouse_pipeline.py
[2026-09-16T15:15:54.456+0000] {processor.py:914} INFO - Processing file /opt/airflow/dags/youtube_warehouse_pipeline.py for tasks to queue
[2026-09-16T15:15:54.464+0000] {logging_mixin.py:190} INFO - [2026-09-16T15:15:54.462+0000] {dagbag.py:588} INFO - Filling up the DagBag from /opt/airflow/dags/youtube_warehouse_pipeline.py
[2026-09-16T15:15:55.915+0000] {processor.py:925} INFO - DAG(s) 'youtube_pipeline_warehouse' retrieved from /opt/airflow/dags/youtube_warehouse_pipeline.py
[2026-09-16T15:15:56.655+0000] {logging_mixin.py:190} INFO - [2026-09-16T15:15:56.644+0000] {dag.py:3239} INFO - Sync 1 DAGs
[2026-09-16T15:15:56.808+0000] {logging_mixin.py:190} INFO - [2026-09-16T15:15:56.800+0000] {dag.py:4180} INFO - Setting next_dagrun for youtube_pipeline_warehouse to None, run_after=None
[2026-09-16T15:15:56.961+0000] {processor.py:208} INFO - Processing /opt/airflow/dags/youtube_warehouse_pipeline.py took 2.849 seconds
[2026-09-16T15:16:27.381+0000] {processor.py:186} INFO - Started process (PID=3694) to work on /opt/airflow/dags/youtube_warehouse_pipeline.py
[2026-09-16T15:16:27.393+0000] {processor.py:914} INFO - Processing file /opt/airflow/dags/youtube_warehouse_pipeline.py for tasks to queue
[2026-09-16T15:16:27.412+0000] {logging_mixin.py:190} INFO - [2026-09-16T15:16:27.408+0000] {dagbag.py:588} INFO - Filling up the DagBag from /opt/airflow/dags/youtube_warehouse_pipeline.py
[2026-09-16T15:16:27.614+0000] {processor.py:925} INFO - DAG(s) 'youtube_pipeline_warehouse' retrieved from /opt/airflow/dags/youtube_warehouse_pipeline.py
[2026-09-16T15:16:27.645+0000] {logging_mixin.py:190} INFO - [2026-09-16T15:16:27.645+0000] {dag.py:3239} INFO - Sync 1 DAGs
[2026-09-16T15:16:27.669+0000] {logging_mixin.py:190} INFO - [2026-09-16T15:16:27.669+0000] {dag.py:4180} INFO - Setting next_dagrun for youtube_pipeline_warehouse to None, run_after=None
[2026-09-16T15:16:27.693+0000] {processor.py:208} INFO - Processing /opt/airflow/dags/youtube_warehouse_pipeline.py took 0.347 seconds
[2026-09-16T15:16:58.277+0000] {processor.py:186} INFO - Started process (PID=3702) to work on /opt/airflow/dags/youtube_warehouse_pipeline.py
[2026-09-16T15:16:58.280+0000] {processor.py:914} INFO - Processing file /opt/airflow/dags/youtube_warehouse_pipeline.py for tasks to queue
[2026-09-16T15:16:58.283+0000] {logging_mixin.py:190} INFO - [2026-09-16T15:16:58.283+0000] {dagbag.py:588} INFO - Filling up the DagBag from /opt/airflow/dags/youtube_warehouse_pipeline.py
[2026-09-16T15:16:58.516+0000] {processor.py:925} INFO - DAG(s) 'youtube_pipeline_warehouse' retrieved from /opt/airflow/dags/youtube_warehouse_pipeline.py
[2026-09-16T15:16:58.677+0000] {logging_mixin.py:190} INFO - [2026-09-16T15:16:58.676+0000] {dag.py:3239} INFO - Sync 1 DAGs
[2026-09-16T15:16:58.713+0000] {logging_mixin.py:190} INFO - [2026-09-16T15:16:58.713+0000] {dag.py:4180} INFO - Setting next_dagrun for youtube_pipeline_warehouse to None, run_after=None
[2026-09-16T15:16:58.783+0000] {processor.py:208} INFO - Processing /opt/airflow/dags/youtube_warehouse_pipeline.py took 0.514 seconds
[2026-09-16T15:17:29.373+0000] {processor.py:186} INFO - Started process (PID=3710) to work on /opt/airflow/dags/youtube_warehouse_pipeline.py
[2026-09-16T15:17:29.380+0000] {processor.py:914} INFO - Processing file /opt/airflow/dags/youtube_warehouse_pipeline.py for tasks to queue
[2026-09-16T15:17:29.385+0000] {logging_mixin.py:190} INFO - [2026-09-16T15:17:29.384+0000] {dagbag.py:588} INFO - Filling up the DagBag from /opt/airflow/dags/youtube_warehouse_pipeline.py
[2026-09-16T15:17:29.490+0000] {processor.py:925} INFO - DAG(s) 'youtube_pipeline_warehouse' retrieved from /opt/airflow/dags/youtube_warehouse_pipeline.py
[2026-09-16T15:17:29.516+0000] {logging_mixin.py:190} INFO - [2026-09-16T15:17:29.516+0000] {dag.py:3239} INFO - Sync 1 DAGs
[2026-09-16T15:17:29.533+0000] {logging_mixin.py:190} INFO - [2026-09-16T15:17:29.533+0000] {dag.py:4180} INFO - Setting next_dagrun for youtube_pipeline_warehouse to None, run_after=None
[2026-09-16T15:17:29.563+0000] {processor.py:208} INFO - Processing /opt/airflow/dags/youtube_warehouse_pipeline.py took 0.241 seconds
[2026-09-16T15:17:59.976+0000] {processor.py:186} INFO - Started process (PID=3718) to work on /opt/airflow/dags/youtube_warehouse_pipeline.py
[2026-09-16T15:17:59.979+0000] {processor.py:914} INFO - Processing file /opt/airflow/dags/youtube_warehouse_pipeline.py for tasks to queue
[2026-09-16T15:17:59.982+0000] {logging_mixin.py:190} INFO - [2026-09-16T15:17:59.981+0000] {dagbag.py:588} INFO - Filling up the DagBag from /opt/airflow/dags/youtube_warehouse_pipeline.py
[2026-09-16T15:18:00.108+0000] {processor.py:925} INFO - DAG(s) 'youtube_pipeline_warehouse' retrieved from /opt/airflow/dags/youtube_warehouse_pipeline.py
[2026-09-16T15:18:00.143+0000] {logging_mixin.py:190} INFO - [2026-09-16T15:18:00.142+0000] {dag.py:3239} INFO - Sync 1 DAGs
[2026-09-16T15:18:00.161+0000] {logging_mixin.py:190} INFO - [2026-09-16T15:18:00.161+0000] {dag.py:4180} INFO - Setting next_dagrun for youtube_pipeline_warehouse to None, run_after=None
[2026-09-16T15:18:00.189+0000] {processor.py:208} INFO - Processing /opt/airflow/dags/youtube_warehouse_pipeline.py took 0.222 seconds
[2026-09-16T15:18:30.575+0000] {processor.py:186} INFO - Started process (PID=3726) to work on /opt/airflow/dags/youtube_warehouse_pipeline.py
[2026-09-16T15:18:30.579+0000] {processor.py:914} INFO - Processing file /opt/airflow/dags/youtube_warehouse_pipeline.py for tasks to queue
[2026-09-16T15:18:30.581+0000] {logging_mixin.py:190} INFO - [2026-09-16T15:18:30.581+0000] {dagbag.py:588} INFO - Filling up the DagBag from /opt/airflow/dags/youtube_warehouse_pipeline.py
[2026-09-16T15:18:30.698+0000] {processor.py:925} INFO - DAG(s) 'youtube_pipeline_warehouse' retrieved from /opt/airflow/dags/youtube_warehouse_pipeline.py
[2026-09-16T15:18:30.725+0000] {logging_mixin.py:190} INFO - [2026-09-16T15:18:30.725+0000] {dag.py:3239} INFO - Sync 1 DAGs
[2026-09-16T15:18:30.742+0000] {logging_mixin.py:190} INFO - [2026-09-16T15:18:30.742+0000] {dag.py:4180} INFO - Setting next_dagrun for youtube_pipeline_warehouse to None, run_after=None
[2026-09-16T15:18:30.764+0000] {processor.py:208} INFO - Processing /opt/airflow/dags/youtube_warehouse_pipeline.py took 0.202 seconds
[2026-09-16T15:19:01.145+0000] {processor.py:186} INFO - Started process (PID=3734) to work on /opt/airflow/dags/youtube_warehouse_pipeline.py
[2026-09-16T15:19:01.147+0000] {processor.py:914} INFO - Processing file /opt/airflow/dags/youtube_warehouse_pipeline.py for tasks to queue
[2026-09-16T15:19:01.149+0000] {logging_mixin.py:190} INFO - [2026-09-16T15:19:01.149+0000] {dagbag.py:588} INFO - Filling up the DagBag from /opt/airflow/dags/youtube_warehouse_pipeline.py
[2026-09-16T15:19:01.230+0000] {processor.py:925} INFO - DAG(s) 'youtube_pipeline_warehouse' retrieved from /opt/airflow/dags/youtube_warehouse_pipeline.py
[2026-09-16T15:19:01.253+0000] {logging_mixin.py:190} INFO - [2026-09-16T15:19:01.253+0000] {dag.py:3239} INFO - Sync 1 DAGs
[2026-09-16T15:19:01.268+0000] {logging_mixin.py:190} INFO - [2026-09-16T15:19:01.268+0000] {dag.py:4180} INFO - Setting next_dagrun for youtube_pipeline_warehouse to None, run_after=None
[2026-09-16T15:19:01.293+0000] {processor.py:208} INFO - Processing /opt/airflow/dags/youtube_warehouse_pipeline.py took 0.154 seconds
[2026-09-16T15:19:31.614+0000] {processor.py:186} INFO - Started process (PID=3742) to work on /opt/airflow/dags/youtube_warehouse_pipeline.py
[2026-09-16T15:19:31.621+0000] {processor.py:914} INFO - Processing file /opt/airflow/dags/youtube_warehouse_pipeline.py for tasks to queue
[2026-09-16T15:19:31.623+0000] {logging_mixin.py:190} INFO - [2026-09-16T15:19:31.623+0000] {dagbag.py:588} INFO - Filling up the DagBag from /opt/airflow/dags/youtube_warehouse_pipeline.py
[2026-09-16T15:19:31.722+0000] {processor.py:925} INFO - DAG(s) 'youtube_pipeline_warehouse' retrieved from /opt/airflow/dags/youtube_warehouse_pipeline.py
[2026-09-16T15:19:31.742+0000] {logging_mixin.py:190} INFO - [2026-09-16T15:19:31.742+0000] {dag.py:3239} INFO - Sync 1 DAGs
[2026-09-16T15:19:31.755+0000] {logging_mixin.py:190} INFO - [2026-09-16T15:19:31.755+0000] {dag.py:4180} INFO - Setting next_dagrun for youtube_pipeline_warehouse to None, run_after=None
[2026-09-16T15:19:31.775+0000] {processor.py:208} INFO - Processing /opt/airflow/dags/youtube_warehouse_pipeline.py took 0.172 seconds
[2026-09-16T15:20:02.103+0000] {processor.py:186} INFO - Started process (PID=3756) to work on /opt/airflow/dags/youtube_warehouse_pipeline.py
[2026-09-16T15:20:02.105+0000] {processor.py:914} INFO - Processing file /opt/airflow/dags/youtube_warehouse_pipeline.py for tasks to queue
[2026-09-16T15:20:02.108+0000] {logging_mixin.py:190} INFO - [2026-09-16T15:20:02.107+0000] {dagbag.py:588} INFO - Filling up the DagBag from /opt/airflow/dags/youtube_warehouse_pipeline.py
[2026-09-16T15:20:02.186+0000] {processor.py:925} INFO - DAG(s) 'youtube_pipeline_warehouse' retrieved from /opt/airflow/dags/youtube_warehouse_pipeline.py
[2026-09-16T15:20:02.205+0000] {logging_mixin.py:190} INFO - [2026-09-16T15:20:02.205+0000] {dag.py:3239} INFO - Sync 1 DAGs
[2026-09-16T15:20:02.217+0000] {logging_mixin.py:190} INFO - [2026-09-16T15:20:02.217+0000] {dag.py:4180} INFO - Setting next_dagrun for youtube_pipeline_warehouse to None, run_after=None
[2026-09-16T15:20:02.239+0000] {processor.py:208} INFO - Processing /opt/airflow/dags/youtube_warehouse_pipeline.py took 0.142 seconds
[2026-09-16T15:20:32.595+0000] {processor.py:186} INFO - Started process (PID=3764) to work on /opt/airflow/dags/youtube_warehouse_pipeline.py
[2026-09-16T15:20:32.597+0000] {processor.py:914} INFO - Processing file /opt/airflow/dags/youtube_warehouse_pipeline.py for tasks to queue
[2026-09-16T15:20:32.599+0000] {logging_mixin.py:190} INFO - [2026-09-16T15:20:32.599+0000] {dagbag.py:588} INFO - Filling up the DagBag from /opt/airflow/dags/youtube_warehouse_pipeline.py
[2026-09-16T15:20:32.681+0000] {processor.py:925} INFO - DAG(s) 'youtube_pipeline_warehouse' retrieved from /opt/airflow/dags/youtube_warehouse_pipeline.py
[2026-09-16T15:20:32.701+0000] {logging_mixin.py:190} INFO - [2026-09-16T15:20:32.701+0000] {dag.py:3239} INFO - Sync 1 DAGs
[2026-09-16T15:20:32.715+0000] {logging_mixin.py:190} INFO - [2026-09-16T15:20:32.714+0000] {dag.py:4180} INFO - Setting next_dagrun for youtube_pipeline_warehouse to None, run_after=None
[2026-09-16T15:20:32.734+0000] {processor.py:208} INFO - Processing /opt/airflow/dags/youtube_warehouse_pipeline.py took 0.145 seconds
[2026-09-16T15:21:03.128+0000] {processor.py:186} INFO - Started process (PID=3772) to work on /opt/airflow/dags/youtube_warehouse_pipeline.py
[2026-09-16T15:21:03.130+0000] {processor.py:914} INFO - Processing file /opt/airflow/dags/youtube_warehouse_pipeline.py for tasks to queue
[2026-09-16T15:21:03.132+0000] {logging_mixin.py:190} INFO - [2026-09-16T15:21:03.132+0000] {dagbag.py:588} INFO - Filling up the DagBag from /opt/airflow/dags/youtube_warehouse_pipeline.py
[2026-09-16T15:21:03.218+0000] {processor.py:925} INFO - DAG(s) 'youtube_pipeline_warehouse' retrieved from /opt/airflow/dags/youtube_warehouse_pipeline.py
[2026-09-16T15:21:03.241+0000] {logging_mixin.py:190} INFO - [2026-09-16T15:21:03.241+0000] {dag.py:3239} INFO - Sync 1 DAGs
[2026-09-16T15:21:03.258+0000] {logging_mixin.py:190} INFO - [2026-09-16T15:21:03.257+0000] {dag.py:4180} INFO - Setting next_dagrun for youtube_pipeline_warehouse to None, run_after=None
[2026-09-16T15:21:03.280+0000] {processor.py:208} INFO - Processing /opt/airflow/dags/youtube_warehouse_pipeline.py took 0.158 seconds
[2026-09-16T15:21:33.617+0000] {processor.py:186} INFO - Started process (PID=3780) to work on /opt/airflow/dags/youtube_warehouse_pipeline.py
[2026-09-16T15:21:33.619+0000] {processor.py:914} INFO - Processing file /opt/airflow/dags/youtube_warehouse_pipeline.py for tasks to queue
[2026-09-16T15:21:33.623+0000] {logging_mixin.py:190} INFO - [2026-09-16T15:21:33.622+0000] {dagbag.py:588} INFO - Filling up the DagBag from /opt/airflow/dags/youtube_warehouse_pipeline.py
[2026-09-16T15:21:33.705+0000] {processor.py:925} INFO - DAG(s) 'youtube_pipeline_warehouse' retrieved from /opt/airflow/dags/youtube_warehouse_pipeline.py
[2026-09-16T15:21:33.727+0000] {logging_mixin.py:190} INFO - [2026-09-16T15:21:33.727+0000] {dag.py:3239} INFO - Sync 1 DAGs
[2026-09-16T15:21:33.742+0000] {logging_mixin.py:190} INFO - [2026-09-16T15:21:33.742+0000] {dag.py:4180} INFO - Setting next_dagrun for youtube_pipeline_warehouse to None, run_after=None
[2026-09-16T15:21:33.762+0000] {processor.py:208} INFO - Processing /opt/airflow/dags/youtube_warehouse_pipeline.py took 0.152 seconds
[2026-09-16T15:22:04.448+0000] {processor.py:186} INFO - Started process (PID=3788) to work on /opt/airflow/dags/youtube_warehouse_pipeline.py
[2026-09-16T15:22:04.452+0000] {processor.py:914} INFO - Processing file /opt/airflow/dags/youtube_warehouse_pipeline.py for tasks to queue
[2026-09-16T15:22:04.458+0000] {logging_mixin.py:190} INFO - [2026-09-16T15:22:04.457+0000] {dagbag.py:588} INFO - Filling up the DagBag from /opt/airflow/dags/youtube_warehouse_pipeline.py
[2026-09-16T15:22:04.657+0000] {processor.py:925} INFO - DAG(s) 'youtube_pipeline_warehouse' retrieved from /opt/airflow/dags/youtube_warehouse_pipeline.py
[2026-09-16T15:22:04.726+0000] {logging_mixin.py:190} INFO - [2026-09-16T15:22:04.726+0000] {dag.py:3239} INFO - Sync 1 DAGs
[2026-09-16T15:22:04.797+0000] {logging_mixin.py:190} INFO - [2026-09-16T15:22:04.796+0000] {dag.py:4180} INFO - Setting next_dagrun for youtube_pipeline_warehouse to None, run_after=None
[2026-09-16T15:22:04.851+0000] {processor.py:208} INFO - Processing /opt/airflow/dags/youtube_warehouse_pipeline.py took 0.532 seconds
[2026-09-16T15:22:35.511+0000] {processor.py:186} INFO - Started process (PID=3796) to work on /opt/airflow/dags/youtube_warehouse_pipeline.py
[2026-09-16T15:22:35.522+0000] {processor.py:914} INFO - Processing file /opt/airflow/dags/youtube_warehouse_pipeline.py for tasks to queue
[2026-09-16T15:22:35.528+0000] {logging_mixin.py:190} INFO - [2026-09-16T15:22:35.527+0000] {dagbag.py:588} INFO - Filling up the DagBag from /opt/airflow/dags/youtube_warehouse_pipeline.py
[2026-09-16T15:22:35.759+0000] {processor.py:925} INFO - DAG(s) 'youtube_pipeline_warehouse' retrieved from /opt/airflow/dags/youtube_warehouse_pipeline.py
[2026-09-16T15:22:35.820+0000] {logging_mixin.py:190} INFO - [2026-09-16T15:22:35.819+0000] {dag.py:3239} INFO - Sync 1 DAGs
[2026-09-16T15:22:35.909+0000] {logging_mixin.py:190} INFO - [2026-09-16T15:22:35.908+0000] {dag.py:4180} INFO - Setting next_dagrun for youtube_pipeline_warehouse to None, run_after=None
[2026-09-16T15:22:35.970+0000] {processor.py:208} INFO - Processing /opt/airflow/dags/youtube_warehouse_pipeline.py took 0.486 seconds
[2026-09-16T15:23:06.323+0000] {processor.py:186} INFO - Started process (PID=3804) to work on /opt/airflow/dags/youtube_warehouse_pipeline.py
[2026-09-16T15:23:06.325+0000] {processor.py:914} INFO - Processing file /opt/airflow/dags/youtube_warehouse_pipeline.py for tasks to queue
[2026-09-16T15:23:06.328+0000] {logging_mixin.py:190} INFO - [2026-09-16T15:23:06.328+0000] {dagbag.py:588} INFO - Filling up the DagBag from /opt/airflow/dags/youtube_warehouse_pipeline.py
[2026-09-16T15:23:06.995+0000] {processor.py:925} INFO - DAG(s) 'youtube_pipeline_warehouse' retrieved from /opt/airflow/dags/youtube_warehouse_pipeline.py
[2026-09-16T15:23:07.024+0000] {logging_mixin.py:190} INFO - [2026-09-16T15:23:07.023+0000] {dag.py:3239} INFO - Sync 1 DAGs
[2026-09-16T15:23:07.041+0000] {logging_mixin.py:190} INFO - [2026-09-16T15:23:07.041+0000] {dag.py:4180} INFO - Setting next_dagrun for youtube_pipeline_warehouse to None, run_after=None
[2026-09-16T15:23:07.064+0000] {processor.py:208} INFO - Processing /opt/airflow/dags/youtube_warehouse_pipeline.py took 0.749 seconds
[2026-09-16T15:23:37.397+0000] {processor.py:186} INFO - Started process (PID=3812) to work on /opt/airflow/dags/youtube_warehouse_pipeline.py
[2026-09-16T15:23:37.405+0000] {processor.py:914} INFO - Processing file /opt/airflow/dags/youtube_warehouse_pipeline.py for tasks to queue
[2026-09-16T15:23:37.411+0000] {logging_mixin.py:190} INFO - [2026-09-16T15:23:37.409+0000] {dagbag.py:588} INFO - Filling up the DagBag from /opt/airflow/dags/youtube_warehouse_pipeline.py
[2026-09-16T15:23:37.624+0000] {processor.py:925} INFO - DAG(s) 'youtube_pipeline_warehouse' retrieved from /opt/airflow/dags/youtube_warehouse_pipeline.py
[2026-09-16T15:23:37.855+0000] {logging_mixin.py:190} INFO - [2026-09-16T15:23:37.855+0000] {dag.py:3239} INFO - Sync 1 DAGs
[2026-09-16T15:23:37.889+0000] {logging_mixin.py:190} INFO - [2026-09-16T15:23:37.888+0000] {dag.py:4180} INFO - Setting next_dagrun for youtube_pipeline_warehouse to None, run_after=None
[2026-09-16T15:23:37.909+0000] {processor.py:208} INFO - Processing /opt/airflow/dags/youtube_warehouse_pipeline.py took 0.545 seconds
[2026-09-16T15:24:08.249+0000] {processor.py:186} INFO - Started process (PID=3820) to work on /opt/airflow/dags/youtube_warehouse_pipeline.py
[2026-09-16T15:24:08.251+0000] {processor.py:914} INFO - Processing file /opt/airflow/dags/youtube_warehouse_pipeline.py for tasks to queue
[2026-09-16T15:24:08.253+0000] {logging_mixin.py:190} INFO - [2026-09-16T15:24:08.252+0000] {dagbag.py:588} INFO - Filling up the DagBag from /opt/airflow/dags/youtube_warehouse_pipeline.py
[2026-09-16T15:24:08.329+0000] {processor.py:925} INFO - DAG(s) 'youtube_pipeline_warehouse' retrieved from /opt/airflow/dags/youtube_warehouse_pipeline.py
[2026-09-16T15:24:08.353+0000] {logging_mixin.py:190} INFO - [2026-09-16T15:24:08.352+0000] {dag.py:3239} INFO - Sync 1 DAGs
[2026-09-16T15:24:08.365+0000] {logging_mixin.py:190} INFO - [2026-09-16T15:24:08.364+0000] {dag.py:4180} INFO - Setting next_dagrun for youtube_pipeline_warehouse to None, run_after=None
[2026-09-16T15:24:08.384+0000] {processor.py:208} INFO - Processing /opt/airflow/dags/youtube_warehouse_pipeline.py took 0.140 seconds
[2026-09-16T15:24:38.766+0000] {processor.py:186} INFO - Started process (PID=3828) to work on /opt/airflow/dags/youtube_warehouse_pipeline.py
[2026-09-16T15:24:38.767+0000] {processor.py:914} INFO - Processing file /opt/airflow/dags/youtube_warehouse_pipeline.py for tasks to queue
[2026-09-16T15:24:38.769+0000] {logging_mixin.py:190} INFO - [2026-09-16T15:24:38.769+0000] {dagbag.py:588} INFO - Filling up the DagBag from /opt/airflow/dags/youtube_warehouse_pipeline.py
[2026-09-16T15:24:38.849+0000] {processor.py:925} INFO - DAG(s) 'youtube_pipeline_warehouse' retrieved from /opt/airflow/dags/youtube_warehouse_pipeline.py
[2026-09-16T15:24:38.877+0000] {logging_mixin.py:190} INFO - [2026-09-16T15:24:38.877+0000] {dag.py:3239} INFO - Sync 1 DAGs
[2026-09-16T15:24:38.892+0000] {logging_mixin.py:190} INFO - [2026-09-16T15:24:38.891+0000] {dag.py:4180} INFO - Setting next_dagrun for youtube_pipeline_warehouse to None, run_after=None
[2026-09-16T15:24:38.917+0000] {processor.py:208} INFO - Processing /opt/airflow/dags/youtube_warehouse_pipeline.py took 0.157 seconds
[2026-09-16T15:25:09.772+0000] {processor.py:186} INFO - Started process (PID=3836) to work on /opt/airflow/dags/youtube_warehouse_pipeline.py
[2026-09-16T15:25:09.792+0000] {processor.py:914} INFO - Processing file /opt/airflow/dags/youtube_warehouse_pipeline.py for tasks to queue
[2026-09-16T15:25:09.796+0000] {logging_mixin.py:190} INFO - [2026-09-16T15:25:09.795+0000] {dagbag.py:588} INFO - Filling up the DagBag from /opt/airflow/dags/youtube_warehouse_pipeline.py
[2026-09-16T15:25:10.103+0000] {processor.py:925} INFO - DAG(s) 'youtube_pipeline_warehouse' retrieved from /opt/airflow/dags/youtube_warehouse_pipeline.py
[2026-09-16T15:25:10.233+0000] {logging_mixin.py:190} INFO - [2026-09-16T15:25:10.233+0000] {dag.py:3239} INFO - Sync 1 DAGs
[2026-09-16T15:25:10.286+0000] {logging_mixin.py:190} INFO - [2026-09-16T15:25:10.285+0000] {dag.py:4180} INFO - Setting next_dagrun for youtube_pipeline_warehouse to None, run_after=None
[2026-09-16T15:25:10.403+0000] {processor.py:208} INFO - Processing /opt/airflow/dags/youtube_warehouse_pipeline.py took 0.652 seconds
[2026-09-16T15:25:41.182+0000] {processor.py:186} INFO - Started process (PID=3844) to work on /opt/airflow/dags/youtube_warehouse_pipeline.py
[2026-09-16T15:25:41.186+0000] {processor.py:914} INFO - Processing file /opt/airflow/dags/youtube_warehouse_pipeline.py for tasks to queue
[2026-09-16T15:25:41.190+0000] {logging_mixin.py:190} INFO - [2026-09-16T15:25:41.190+0000] {dagbag.py:588} INFO - Filling up the DagBag from /opt/airflow/dags/youtube_warehouse_pipeline.py
[2026-09-16T15:25:41.307+0000] {processor.py:925} INFO - DAG(s) 'youtube_pipeline_warehouse' retrieved from /opt/airflow/dags/youtube_warehouse_pipeline.py
[2026-09-16T15:25:41.345+0000] {logging_mixin.py:190} INFO - [2026-09-16T15:25:41.345+0000] {dag.py:3239} INFO - Sync 1 DAGs
[2026-09-16T15:25:41.362+0000] {logging_mixin.py:190} INFO - [2026-09-16T15:25:41.361+0000] {dag.py:4180} INFO - Setting next_dagrun for youtube_pipeline_warehouse to None, run_after=None
[2026-09-16T15:25:41.394+0000] {processor.py:208} INFO - Processing /opt/airflow/dags/youtube_warehouse_pipeline.py took 0.230 seconds
[2026-09-16T15:26:11.748+0000] {processor.py:186} INFO - Started process (PID=3852) to work on /opt/airflow/dags/youtube_warehouse_pipeline.py
[2026-09-16T15:26:11.751+0000] {processor.py:914} INFO - Processing file /opt/airflow/dags/youtube_warehouse_pipeline.py for tasks to queue
[2026-09-16T15:26:11.754+0000] {logging_mixin.py:190} INFO - [2026-09-16T15:26:11.753+0000] {dagbag.py:588} INFO - Filling up the DagBag from /opt/airflow/dags/youtube_warehouse_pipeline.py
[2026-09-16T15:26:11.837+0000] {processor.py:925} INFO - DAG(s) 'youtube_pipeline_warehouse' retrieved from /opt/airflow/dags/youtube_warehouse_pipeline.py
[2026-09-16T15:26:11.866+0000] {logging_mixin.py:190} INFO - [2026-09-16T15:26:11.865+0000] {dag.py:3239} INFO - Sync 1 DAGs
[2026-09-16T15:26:11.887+0000] {logging_mixin.py:190} INFO - [2026-09-16T15:26:11.887+0000] {dag.py:4180} INFO - Setting next_dagrun for youtube_pipeline_warehouse to None, run_after=None
[2026-09-16T15:26:11.907+0000] {processor.py:208} INFO - Processing /opt/airflow/dags/youtube_warehouse_pipeline.py took 0.203 seconds
[2026-09-16T15:26:42.298+0000] {processor.py:186} INFO - Started process (PID=3860) to work on /opt/airflow/dags/youtube_warehouse_pipeline.py
[2026-09-16T15:26:42.300+0000] {processor.py:914} INFO - Processing file /opt/airflow/dags/youtube_warehouse_pipeline.py for tasks to queue
[2026-09-16T15:26:42.303+0000] {logging_mixin.py:190} INFO - [2026-09-16T15:26:42.303+0000] {dagbag.py:588} INFO - Filling up the DagBag from /opt/airflow/dags/youtube_warehouse_pipeline.py
[2026-09-16T15:26:42.404+0000] {processor.py:925} INFO - DAG(s) 'youtube_pipeline_warehouse' retrieved from /opt/airflow/dags/youtube_warehouse_pipeline.py
[2026-09-16T15:26:42.425+0000] {logging_mixin.py:190} INFO - [2026-09-16T15:26:42.424+0000] {dag.py:3239} INFO - Sync 1 DAGs
[2026-09-16T15:26:42.453+0000] {logging_mixin.py:190} INFO - [2026-09-16T15:26:42.453+0000] {dag.py:4180} INFO - Setting next_dagrun for youtube_pipeline_warehouse to None, run_after=None
[2026-09-16T15:26:42.478+0000] {processor.py:208} INFO - Processing /opt/airflow/dags/youtube_warehouse_pipeline.py took 0.196 seconds
[2026-09-16T15:27:12.789+0000] {processor.py:186} INFO - Started process (PID=3868) to work on /opt/airflow/dags/youtube_warehouse_pipeline.py
[2026-09-16T15:27:12.790+0000] {processor.py:914} INFO - Processing file /opt/airflow/dags/youtube_warehouse_pipeline.py for tasks to queue
[2026-09-16T15:27:12.792+0000] {logging_mixin.py:190} INFO - [2026-09-16T15:27:12.792+0000] {dagbag.py:588} INFO - Filling up the DagBag from /opt/airflow/dags/youtube_warehouse_pipeline.py
[2026-09-16T15:27:12.884+0000] {processor.py:925} INFO - DAG(s) 'youtube_pipeline_warehouse' retrieved from /opt/airflow/dags/youtube_warehouse_pipeline.py
[2026-09-16T15:27:12.934+0000] {logging_mixin.py:190} INFO - [2026-09-16T15:27:12.934+0000] {dag.py:3239} INFO - Sync 1 DAGs
[2026-09-16T15:27:12.953+0000] {logging_mixin.py:190} INFO - [2026-09-16T15:27:12.952+0000] {dag.py:4180} INFO - Setting next_dagrun for youtube_pipeline_warehouse to None, run_after=None
[2026-09-16T15:27:12.975+0000] {processor.py:208} INFO - Processing /opt/airflow/dags/youtube_warehouse_pipeline.py took 0.191 seconds
[2026-09-16T15:27:43.303+0000] {processor.py:186} INFO - Started process (PID=3876) to work on /opt/airflow/dags/youtube_warehouse_pipeline.py
[2026-09-16T15:27:43.306+0000] {processor.py:914} INFO - Processing file /opt/airflow/dags/youtube_warehouse_pipeline.py for tasks to queue
[2026-09-16T15:27:43.309+0000] {logging_mixin.py:190} INFO - [2026-09-16T15:27:43.309+0000] {dagbag.py:588} INFO - Filling up the DagBag from /opt/airflow/dags/youtube_warehouse_pipeline.py
[2026-09-16T15:27:43.393+0000] {processor.py:925} INFO - DAG(s) 'youtube_pipeline_warehouse' retrieved from /opt/airflow/dags/youtube_warehouse_pipeline.py
[2026-09-16T15:27:43.412+0000] {logging_mixin.py:190} INFO - [2026-09-16T15:27:43.412+0000] {dag.py:3239} INFO - Sync 1 DAGs
[2026-09-16T15:27:43.425+0000] {logging_mixin.py:190} INFO - [2026-09-16T15:27:43.425+0000] {dag.py:4180} INFO - Setting next_dagrun for youtube_pipeline_warehouse to None, run_after=None
[2026-09-16T15:27:43.447+0000] {processor.py:208} INFO - Processing /opt/airflow/dags/youtube_warehouse_pipeline.py took 0.150 seconds
[2026-09-16T15:28:13.780+0000] {processor.py:186} INFO - Started process (PID=3884) to work on /opt/airflow/dags/youtube_warehouse_pipeline.py
[2026-09-16T15:28:13.782+0000] {processor.py:914} INFO - Processing file /opt/airflow/dags/youtube_warehouse_pipeline.py for tasks to queue
[2026-09-16T15:28:13.784+0000] {logging_mixin.py:190} INFO - [2026-09-16T15:28:13.784+0000] {dagbag.py:588} INFO - Filling up the DagBag from /opt/airflow/dags/youtube_warehouse_pipeline.py
[2026-09-16T15:28:13.863+0000] {processor.py:925} INFO - DAG(s) 'youtube_pipeline_warehouse' retrieved from /opt/airflow/dags/youtube_warehouse_pipeline.py
[2026-09-16T15:28:13.884+0000] {logging_mixin.py:190} INFO - [2026-09-16T15:28:13.884+0000] {dag.py:3239} INFO - Sync 1 DAGs
[2026-09-16T15:28:13.897+0000] {logging_mixin.py:190} INFO - [2026-09-16T15:28:13.897+0000] {dag.py:4180} INFO - Setting next_dagrun for youtube_pipeline_warehouse to None, run_after=None
[2026-09-16T15:28:13.917+0000] {processor.py:208} INFO - Processing /opt/airflow/dags/youtube_warehouse_pipeline.py took 0.143 seconds
[2026-09-16T15:28:44.265+0000] {processor.py:186} INFO - Started process (PID=3892) to work on /opt/airflow/dags/youtube_warehouse_pipeline.py
[2026-09-16T15:28:44.267+0000] {processor.py:914} INFO - Processing file /opt/airflow/dags/youtube_warehouse_pipeline.py for tasks to queue
[2026-09-16T15:28:44.269+0000] {logging_mixin.py:190} INFO - [2026-09-16T15:28:44.269+0000] {dagbag.py:588} INFO - Filling up the DagBag from /opt/airflow/dags/youtube_warehouse_pipeline.py
[2026-09-16T15:28:44.350+0000] {processor.py:925} INFO - DAG(s) 'youtube_pipeline_warehouse' retrieved from /opt/airflow/dags/youtube_warehouse_pipeline.py
[2026-09-16T15:28:44.369+0000] {logging_mixin.py:190} INFO - [2026-09-16T15:28:44.369+0000] {dag.py:3239} INFO - Sync 1 DAGs
[2026-09-16T15:28:44.383+0000] {logging_mixin.py:190} INFO - [2026-09-16T15:28:44.383+0000] {dag.py:4180} INFO - Setting next_dagrun for youtube_pipeline_warehouse to None, run_after=None
[2026-09-16T15:28:44.403+0000] {processor.py:208} INFO - Processing /opt/airflow/dags/youtube_warehouse_pipeline.py took 0.144 seconds
[2026-09-16T15:29:14.726+0000] {processor.py:186} INFO - Started process (PID=3900) to work on /opt/airflow/dags/youtube_warehouse_pipeline.py
[2026-09-16T15:29:14.727+0000] {processor.py:914} INFO - Processing file /opt/airflow/dags/youtube_warehouse_pipeline.py for tasks to queue
[2026-09-16T15:29:14.730+0000] {logging_mixin.py:190} INFO - [2026-09-16T15:29:14.730+0000] {dagbag.py:588} INFO - Filling up the DagBag from /opt/airflow/dags/youtube_warehouse_pipeline.py
[2026-09-16T15:29:14.804+0000] {processor.py:925} INFO - DAG(s) 'youtube_pipeline_warehouse' retrieved from /opt/airflow/dags/youtube_warehouse_pipeline.py
[2026-09-16T15:29:14.828+0000] {logging_mixin.py:190} INFO - [2026-09-16T15:29:14.828+0000] {dag.py:3239} INFO - Sync 1 DAGs
[2026-09-16T15:29:14.843+0000] {logging_mixin.py:190} INFO - [2026-09-16T15:29:14.842+0000] {dag.py:4180} INFO - Setting next_dagrun for youtube_pipeline_warehouse to None, run_after=None
[2026-09-16T15:29:14.868+0000] {processor.py:208} INFO - Processing /opt/airflow/dags/youtube_warehouse_pipeline.py took 0.148 seconds
[2026-09-16T15:29:45.273+0000] {processor.py:186} INFO - Started process (PID=3908) to work on /opt/airflow/dags/youtube_warehouse_pipeline.py
[2026-09-16T15:29:45.276+0000] {processor.py:914} INFO - Processing file /opt/airflow/dags/youtube_warehouse_pipeline.py for tasks to queue
[2026-09-16T15:29:45.278+0000] {logging_mixin.py:190} INFO - [2026-09-16T15:29:45.277+0000] {dagbag.py:588} INFO - Filling up the DagBag from /opt/airflow/dags/youtube_warehouse_pipeline.py
[2026-09-16T15:29:45.352+0000] {processor.py:925} INFO - DAG(s) 'youtube_pipeline_warehouse' retrieved from /opt/airflow/dags/youtube_warehouse_pipeline.py
[2026-09-16T15:29:45.371+0000] {logging_mixin.py:190} INFO - [2026-09-16T15:29:45.371+0000] {dag.py:3239} INFO - Sync 1 DAGs
[2026-09-16T15:29:45.384+0000] {logging_mixin.py:190} INFO - [2026-09-16T15:29:45.384+0000] {dag.py:4180} INFO - Setting next_dagrun for youtube_pipeline_warehouse to None, run_after=None
[2026-09-16T15:29:45.406+0000] {processor.py:208} INFO - Processing /opt/airflow/dags/youtube_warehouse_pipeline.py took 0.138 seconds
[2026-09-16T15:30:15.717+0000] {processor.py:186} INFO - Started process (PID=3916) to work on /opt/airflow/dags/youtube_warehouse_pipeline.py
[2026-09-16T15:30:15.719+0000] {processor.py:914} INFO - Processing file /opt/airflow/dags/youtube_warehouse_pipeline.py for tasks to queue
[2026-09-16T15:30:15.721+0000] {logging_mixin.py:190} INFO - [2026-09-16T15:30:15.721+0000] {dagbag.py:588} INFO - Filling up the DagBag from /opt/airflow/dags/youtube_warehouse_pipeline.py
[2026-09-16T15:30:15.807+0000] {processor.py:925} INFO - DAG(s) 'youtube_pipeline_warehouse' retrieved from /opt/airflow/dags/youtube_warehouse_pipeline.py
[2026-09-16T15:30:15.830+0000] {logging_mixin.py:190} INFO - [2026-09-16T15:30:15.830+0000] {dag.py:3239} INFO - Sync 1 DAGs
[2026-09-16T15:30:15.845+0000] {logging_mixin.py:190} INFO - [2026-09-16T15:30:15.845+0000] {dag.py:4180} INFO - Setting next_dagrun for youtube_pipeline_warehouse to None, run_after=None
[2026-09-16T15:30:15.864+0000] {processor.py:208} INFO - Processing /opt/airflow/dags/youtube_warehouse_pipeline.py took 0.153 seconds
[2026-09-16T15:30:46.160+0000] {processor.py:186} INFO - Started process (PID=3924) to work on /opt/airflow/dags/youtube_warehouse_pipeline.py
[2026-09-16T15:30:46.162+0000] {processor.py:914} INFO - Processing file /opt/airflow/dags/youtube_warehouse_pipeline.py for tasks to queue
[2026-09-16T15:30:46.165+0000] {logging_mixin.py:190} INFO - [2026-09-16T15:30:46.165+0000] {dagbag.py:588} INFO - Filling up the DagBag from /opt/airflow/dags/youtube_warehouse_pipeline.py
[2026-09-16T15:30:46.250+0000] {processor.py:925} INFO - DAG(s) 'youtube_pipeline_warehouse' retrieved from /opt/airflow/dags/youtube_warehouse_pipeline.py
[2026-09-16T15:30:46.270+0000] {logging_mixin.py:190} INFO - [2026-09-16T15:30:46.270+0000] {dag.py:3239} INFO - Sync 1 DAGs
[2026-09-16T15:30:46.284+0000] {logging_mixin.py:190} INFO - [2026-09-16T15:30:46.284+0000] {dag.py:4180} INFO - Setting next_dagrun for youtube_pipeline_warehouse to None, run_after=None
[2026-09-16T15:30:46.304+0000] {processor.py:208} INFO - Processing /opt/airflow/dags/youtube_warehouse_pipeline.py took 0.150 seconds
[2026-09-16T15:31:16.616+0000] {processor.py:186} INFO - Started process (PID=3932) to work on /opt/airflow/dags/youtube_warehouse_pipeline.py
[2026-09-16T15:31:16.618+0000] {processor.py:914} INFO - Processing file /opt/airflow/dags/youtube_warehouse_pipeline.py for tasks to queue
[2026-09-16T15:31:16.620+0000] {logging_mixin.py:190} INFO - [2026-09-16T15:31:16.620+0000] {dagbag.py:588} INFO - Filling up the DagBag from /opt/airflow/dags/youtube_warehouse_pipeline.py
[2026-09-16T15:31:16.711+0000] {processor.py:925} INFO - DAG(s) 'youtube_pipeline_warehouse' retrieved from /opt/airflow/dags/youtube_warehouse_pipeline.py
[2026-09-16T15:31:16.729+0000] {logging_mixin.py:190} INFO - [2026-09-16T15:31:16.729+0000] {dag.py:3239} INFO - Sync 1 DAGs
[2026-09-16T15:31:16.742+0000] {logging_mixin.py:190} INFO - [2026-09-16T15:31:16.742+0000] {dag.py:4180} INFO - Setting next_dagrun for youtube_pipeline_warehouse to None, run_after=None
[2026-09-16T15:31:16.762+0000] {processor.py:208} INFO - Processing /opt/airflow/dags/youtube_warehouse_pipeline.py took 0.152 seconds
[2026-09-16T15:31:47.062+0000] {processor.py:186} INFO - Started process (PID=3940) to work on /opt/airflow/dags/youtube_warehouse_pipeline.py
[2026-09-16T15:31:47.064+0000] {processor.py:914} INFO - Processing file /opt/airflow/dags/youtube_warehouse_pipeline.py for tasks to queue
[2026-09-16T15:31:47.066+0000] {logging_mixin.py:190} INFO - [2026-09-16T15:31:47.066+0000] {dagbag.py:588} INFO - Filling up the DagBag from /opt/airflow/dags/youtube_warehouse_pipeline.py
[2026-09-16T15:31:47.141+0000] {processor.py:925} INFO - DAG(s) 'youtube_pipeline_warehouse' retrieved from /opt/airflow/dags/youtube_warehouse_pipeline.py
[2026-09-16T15:31:47.160+0000] {logging_mixin.py:190} INFO - [2026-09-16T15:31:47.160+0000] {dag.py:3239} INFO - Sync 1 DAGs
[2026-09-16T15:31:47.174+0000] {logging_mixin.py:190} INFO - [2026-09-16T15:31:47.174+0000] {dag.py:4180} INFO - Setting next_dagrun for youtube_pipeline_warehouse to None, run_after=None
[2026-09-16T15:31:47.194+0000] {processor.py:208} INFO - Processing /opt/airflow/dags/youtube_warehouse_pipeline.py took 0.138 seconds
[2026-09-16T15:32:17.541+0000] {processor.py:186} INFO - Started process (PID=3948) to work on /opt/airflow/dags/youtube_warehouse_pipeline.py
[2026-09-16T15:32:17.544+0000] {processor.py:914} INFO - Processing file /opt/airflow/dags/youtube_warehouse_pipeline.py for tasks to queue
[2026-09-16T15:32:17.546+0000] {logging_mixin.py:190} INFO - [2026-09-16T15:32:17.546+0000] {dagbag.py:588} INFO - Filling up the DagBag from /opt/airflow/dags/youtube_warehouse_pipeline.py
[2026-09-16T15:32:17.640+0000] {processor.py:925} INFO - DAG(s) 'youtube_pipeline_warehouse' retrieved from /opt/airflow/dags/youtube_warehouse_pipeline.py
[2026-09-16T15:32:17.680+0000] {logging_mixin.py:190} INFO - [2026-09-16T15:32:17.680+0000] {dag.py:3239} INFO - Sync 1 DAGs
[2026-09-16T15:32:17.705+0000] {logging_mixin.py:190} INFO - [2026-09-16T15:32:17.705+0000] {dag.py:4180} INFO - Setting next_dagrun for youtube_pipeline_warehouse to None, run_after=None
[2026-09-16T15:32:17.730+0000] {processor.py:208} INFO - Processing /opt/airflow/dags/youtube_warehouse_pipeline.py took 0.196 seconds
[2026-09-16T15:32:48.089+0000] {processor.py:186} INFO - Started process (PID=3956) to work on /opt/airflow/dags/youtube_warehouse_pipeline.py
[2026-09-16T15:32:48.092+0000] {processor.py:914} INFO - Processing file /opt/airflow/dags/youtube_warehouse_pipeline.py for tasks to queue
[2026-09-16T15:32:48.094+0000] {logging_mixin.py:190} INFO - [2026-09-16T15:32:48.094+0000] {dagbag.py:588} INFO - Filling up the DagBag from /opt/airflow/dags/youtube_warehouse_pipeline.py
[2026-09-16T15:32:48.172+0000] {processor.py:925} INFO - DAG(s) 'youtube_pipeline_warehouse' retrieved from /opt/airflow/dags/youtube_warehouse_pipeline.py
[2026-09-16T15:32:48.195+0000] {logging_mixin.py:190} INFO - [2026-09-16T15:32:48.195+0000] {dag.py:3239} INFO - Sync 1 DAGs
[2026-09-16T15:32:48.207+0000] {logging_mixin.py:190} INFO - [2026-09-16T15:32:48.206+0000] {dag.py:4180} INFO - Setting next_dagrun for youtube_pipeline_warehouse to None, run_after=None
[2026-09-16T15:32:48.227+0000] {processor.py:208} INFO - Processing /opt/airflow/dags/youtube_warehouse_pipeline.py took 0.144 seconds
[2026-09-16T15:33:18.611+0000] {processor.py:186} INFO - Started process (PID=3964) to work on /opt/airflow/dags/youtube_warehouse_pipeline.py
[2026-09-16T15:33:18.615+0000] {processor.py:914} INFO - Processing file /opt/airflow/dags/youtube_warehouse_pipeline.py for tasks to queue
[2026-09-16T15:33:18.619+0000] {logging_mixin.py:190} INFO - [2026-09-16T15:33:18.618+0000] {dagbag.py:588} INFO - Filling up the DagBag from /opt/airflow/dags/youtube_warehouse_pipeline.py
[2026-09-16T15:33:18.722+0000] {processor.py:925} INFO - DAG(s) 'youtube_pipeline_warehouse' retrieved from /opt/airflow/dags/youtube_warehouse_pipeline.py
[2026-09-16T15:33:18.760+0000] {logging_mixin.py:190} INFO - [2026-09-16T15:33:18.759+0000] {dag.py:3239} INFO - Sync 1 DAGs
[2026-09-16T15:33:18.785+0000] {logging_mixin.py:190} INFO - [2026-09-16T15:33:18.785+0000] {dag.py:4180} INFO - Setting next_dagrun for youtube_pipeline_warehouse to None, run_after=None
[2026-09-16T15:33:18.810+0000] {processor.py:208} INFO - Processing /opt/airflow/dags/youtube_warehouse_pipeline.py took 0.215 seconds
[2026-09-16T15:33:49.176+0000] {processor.py:186} INFO - Started process (PID=3972) to work on /opt/airflow/dags/youtube_warehouse_pipeline.py
[2026-09-16T15:33:49.193+0000] {processor.py:914} INFO - Processing file /opt/airflow/dags/youtube_warehouse_pipeline.py for tasks to queue
[2026-09-16T15:33:49.202+0000] {logging_mixin.py:190} INFO - [2026-09-16T15:33:49.201+0000] {dagbag.py:588} INFO - Filling up the DagBag from /opt/airflow/dags/youtube_warehouse_pipeline.py
[2026-09-16T15:33:49.357+0000] {processor.py:925} INFO - DAG(s) 'youtube_pipeline_warehouse' retrieved from /opt/airflow/dags/youtube_warehouse_pipeline.py
[2026-09-16T15:33:49.379+0000] {logging_mixin.py:190} INFO - [2026-09-16T15:33:49.379+0000] {dag.py:3239} INFO - Sync 1 DAGs
[2026-09-16T15:33:49.395+0000] {logging_mixin.py:190} INFO - [2026-09-16T15:33:49.395+0000] {dag.py:4180} INFO - Setting next_dagrun for youtube_pipeline_warehouse to None, run_after=None
[2026-09-16T15:33:49.416+0000] {processor.py:208} INFO - Processing /opt/airflow/dags/youtube_warehouse_pipeline.py took 0.253 seconds
[2026-09-16T15:34:19.834+0000] {processor.py:186} INFO - Started process (PID=3980) to work on /opt/airflow/dags/youtube_warehouse_pipeline.py
[2026-09-16T15:34:19.836+0000] {processor.py:914} INFO - Processing file /opt/airflow/dags/youtube_warehouse_pipeline.py for tasks to queue
[2026-09-16T15:34:19.839+0000] {logging_mixin.py:190} INFO - [2026-09-16T15:34:19.839+0000] {dagbag.py:588} INFO - Filling up the DagBag from /opt/airflow/dags/youtube_warehouse_pipeline.py
[2026-09-16T15:34:19.914+0000] {processor.py:925} INFO - DAG(s) 'youtube_pipeline_warehouse' retrieved from /opt/airflow/dags/youtube_warehouse_pipeline.py
[2026-09-16T15:34:19.932+0000] {logging_mixin.py:190} INFO - [2026-09-16T15:34:19.932+0000] {dag.py:3239} INFO - Sync 1 DAGs
[2026-09-16T15:34:19.945+0000] {logging_mixin.py:190} INFO - [2026-09-16T15:34:19.945+0000] {dag.py:4180} INFO - Setting next_dagrun for youtube_pipeline_warehouse to None, run_after=None
[2026-09-16T15:34:19.966+0000] {processor.py:208} INFO - Processing /opt/airflow/dags/youtube_warehouse_pipeline.py took 0.137 seconds
[2026-09-16T15:34:50.343+0000] {processor.py:186} INFO - Started process (PID=3988) to work on /opt/airflow/dags/youtube_warehouse_pipeline.py
[2026-09-16T15:34:50.345+0000] {processor.py:914} INFO - Processing file /opt/airflow/dags/youtube_warehouse_pipeline.py for tasks to queue
[2026-09-16T15:34:50.347+0000] {logging_mixin.py:190} INFO - [2026-09-16T15:34:50.346+0000] {dagbag.py:588} INFO - Filling up the DagBag from /opt/airflow/dags/youtube_warehouse_pipeline.py
[2026-09-16T15:34:50.423+0000] {processor.py:925} INFO - DAG(s) 'youtube_pipeline_warehouse' retrieved from /opt/airflow/dags/youtube_warehouse_pipeline.py
[2026-09-16T15:34:50.442+0000] {logging_mixin.py:190} INFO - [2026-09-16T15:34:50.441+0000] {dag.py:3239} INFO - Sync 1 DAGs
[2026-09-16T15:34:50.455+0000] {logging_mixin.py:190} INFO - [2026-09-16T15:34:50.454+0000] {dag.py:4180} INFO - Setting next_dagrun for youtube_pipeline_warehouse to None, run_after=None
[2026-09-16T15:34:50.474+0000] {processor.py:208} INFO - Processing /opt/airflow/dags/youtube_warehouse_pipeline.py took 0.136 seconds
[2026-09-16T15:35:20.794+0000] {processor.py:186} INFO - Started process (PID=3996) to work on /opt/airflow/dags/youtube_warehouse_pipeline.py
[2026-09-16T15:35:20.796+0000] {processor.py:914} INFO - Processing file /opt/airflow/dags/youtube_warehouse_pipeline.py for tasks to queue
[2026-09-16T15:35:20.798+0000] {logging_mixin.py:190} INFO - [2026-09-16T15:35:20.798+0000] {dagbag.py:588} INFO - Filling up the DagBag from /opt/airflow/dags/youtube_warehouse_pipeline.py
[2026-09-16T15:35:20.870+0000] {processor.py:925} INFO - DAG(s) 'youtube_pipeline_warehouse' retrieved from /opt/airflow/dags/youtube_warehouse_pipeline.py
[2026-09-16T15:35:20.890+0000] {logging_mixin.py:190} INFO - [2026-09-16T15:35:20.890+0000] {dag.py:3239} INFO - Sync 1 DAGs
[2026-09-16T15:35:20.904+0000] {logging_mixin.py:190} INFO - [2026-09-16T15:35:20.904+0000] {dag.py:4180} INFO - Setting next_dagrun for youtube_pipeline_warehouse to None, run_after=None
[2026-09-16T15:35:20.924+0000] {processor.py:208} INFO - Processing /opt/airflow/dags/youtube_warehouse_pipeline.py took 0.136 seconds
[2026-09-16T15:35:51.365+0000] {processor.py:186} INFO - Started process (PID=4004) to work on /opt/airflow/dags/youtube_warehouse_pipeline.py
[2026-09-16T15:35:51.367+0000] {processor.py:914} INFO - Processing file /opt/airflow/dags/youtube_warehouse_pipeline.py for tasks to queue
[2026-09-16T15:35:51.369+0000] {logging_mixin.py:190} INFO - [2026-09-16T15:35:51.369+0000] {dagbag.py:588} INFO - Filling up the DagBag from /opt/airflow/dags/youtube_warehouse_pipeline.py
[2026-09-16T15:35:51.423+0000] {processor.py:925} INFO - DAG(s) 'youtube_pipeline_warehouse' retrieved from /opt/airflow/dags/youtube_warehouse_pipeline.py
[2026-09-16T15:35:51.444+0000] {logging_mixin.py:190} INFO - [2026-09-16T15:35:51.444+0000] {dag.py:3239} INFO - Sync 1 DAGs
[2026-09-16T15:35:51.458+0000] {logging_mixin.py:190} INFO - [2026-09-16T15:35:51.458+0000] {dag.py:4180} INFO - Setting next_dagrun for youtube_pipeline_warehouse to None, run_after=None
[2026-09-16T15:35:51.478+0000] {processor.py:208} INFO - Processing /opt/airflow/dags/youtube_warehouse_pipeline.py took 0.121 seconds
[2026-09-16T15:36:21.827+0000] {processor.py:186} INFO - Started process (PID=4012) to work on /opt/airflow/dags/youtube_warehouse_pipeline.py
[2026-09-16T15:36:21.830+0000] {processor.py:914} INFO - Processing file /opt/airflow/dags/youtube_warehouse_pipeline.py for tasks to queue
[2026-09-16T15:36:21.832+0000] {logging_mixin.py:190} INFO - [2026-09-16T15:36:21.832+0000] {dagbag.py:588} INFO - Filling up the DagBag from /opt/airflow/dags/youtube_warehouse_pipeline.py
[2026-09-16T15:36:21.911+0000] {processor.py:925} INFO - DAG(s) 'youtube_pipeline_warehouse' retrieved from /opt/airflow/dags/youtube_warehouse_pipeline.py
[2026-09-16T15:36:21.930+0000] {logging_mixin.py:190} INFO - [2026-09-16T15:36:21.929+0000] {dag.py:3239} INFO - Sync 1 DAGs
[2026-09-16T15:36:21.941+0000] {logging_mixin.py:190} INFO - [2026-09-16T15:36:21.941+0000] {dag.py:4180} INFO - Setting next_dagrun for youtube_pipeline_warehouse to None, run_after=None
[2026-09-16T15:36:21.960+0000] {processor.py:208} INFO - Processing /opt/airflow/dags/youtube_warehouse_pipeline.py took 0.139 seconds
[2026-09-16T15:36:52.374+0000] {processor.py:186} INFO - Started process (PID=4020) to work on /opt/airflow/dags/youtube_warehouse_pipeline.py
[2026-09-16T15:36:52.379+0000] {processor.py:914} INFO - Processing file /opt/airflow/dags/youtube_warehouse_pipeline.py for tasks to queue
[2026-09-16T15:36:52.382+0000] {logging_mixin.py:190} INFO - [2026-09-16T15:36:52.382+0000] {dagbag.py:588} INFO - Filling up the DagBag from /opt/airflow/dags/youtube_warehouse_pipeline.py
[2026-09-16T15:36:52.497+0000] {processor.py:925} INFO - DAG(s) 'youtube_pipeline_warehouse' retrieved from /opt/airflow/dags/youtube_warehouse_pipeline.py
[2026-09-16T15:36:52.531+0000] {logging_mixin.py:190} INFO - [2026-09-16T15:36:52.531+0000] {dag.py:3239} INFO - Sync 1 DAGs
[2026-09-16T15:36:52.548+0000] {logging_mixin.py:190} INFO - [2026-09-16T15:36:52.548+0000] {dag.py:4180} INFO - Setting next_dagrun for youtube_pipeline_warehouse to None, run_after=None
[2026-09-16T15:36:52.572+0000] {processor.py:208} INFO - Processing /opt/airflow/dags/youtube_warehouse_pipeline.py took 0.216 seconds
[2026-09-16T15:37:22.949+0000] {processor.py:186} INFO - Started process (PID=4028) to work on /opt/airflow/dags/youtube_warehouse_pipeline.py
[2026-09-16T15:37:22.978+0000] {processor.py:914} INFO - Processing file /opt/airflow/dags/youtube_warehouse_pipeline.py for tasks to queue
[2026-09-16T15:37:22.989+0000] {logging_mixin.py:190} INFO - [2026-09-16T15:37:22.986+0000] {dagbag.py:588} INFO - Filling up the DagBag from /opt/airflow/dags/youtube_warehouse_pipeline.py
[2026-09-16T15:37:23.167+0000] {processor.py:925} INFO - DAG(s) 'youtube_pipeline_warehouse' retrieved from /opt/airflow/dags/youtube_warehouse_pipeline.py
[2026-09-16T15:37:23.197+0000] {logging_mixin.py:190} INFO - [2026-09-16T15:37:23.197+0000] {dag.py:3239} INFO - Sync 1 DAGs
[2026-09-16T15:37:23.212+0000] {logging_mixin.py:190} INFO - [2026-09-16T15:37:23.212+0000] {dag.py:4180} INFO - Setting next_dagrun for youtube_pipeline_warehouse to None, run_after=None
[2026-09-16T15:37:23.235+0000] {processor.py:208} INFO - Processing /opt/airflow/dags/youtube_warehouse_pipeline.py took 0.320 seconds
[2026-09-16T15:37:53.436+0000] {processor.py:186} INFO - Started process (PID=4036) to work on /opt/airflow/dags/youtube_warehouse_pipeline.py
[2026-09-16T15:37:53.438+0000] {processor.py:914} INFO - Processing file /opt/airflow/dags/youtube_warehouse_pipeline.py for tasks to queue
[2026-09-16T15:37:53.440+0000] {logging_mixin.py:190} INFO - [2026-09-16T15:37:53.440+0000] {dagbag.py:588} INFO - Filling up the DagBag from /opt/airflow/dags/youtube_warehouse_pipeline.py
[2026-09-16T15:37:53.527+0000] {processor.py:925} INFO - DAG(s) 'youtube_pipeline_warehouse' retrieved from /opt/airflow/dags/youtube_warehouse_pipeline.py
[2026-09-16T15:37:53.552+0000] {logging_mixin.py:190} INFO - [2026-09-16T15:37:53.552+0000] {dag.py:3239} INFO - Sync 1 DAGs
[2026-09-16T15:37:53.566+0000] {logging_mixin.py:190} INFO - [2026-09-16T15:37:53.565+0000] {dag.py:4180} INFO - Setting next_dagrun for youtube_pipeline_warehouse to None, run_after=None
[2026-09-16T15:37:53.585+0000] {processor.py:208} INFO - Processing /opt/airflow/dags/youtube_warehouse_pipeline.py took 0.156 seconds
[2026-09-16T15:38:23.933+0000] {processor.py:186} INFO - Started process (PID=4044) to work on /opt/airflow/dags/youtube_warehouse_pipeline.py
[2026-09-16T15:38:23.936+0000] {processor.py:914} INFO - Processing file /opt/airflow/dags/youtube_warehouse_pipeline.py for tasks to queue
[2026-09-16T15:38:23.939+0000] {logging_mixin.py:190} INFO - [2026-09-16T15:38:23.939+0000] {dagbag.py:588} INFO - Filling up the DagBag from /opt/airflow/dags/youtube_warehouse_pipeline.py
[2026-09-16T15:38:24.024+0000] {processor.py:925} INFO - DAG(s) 'youtube_pipeline_warehouse' retrieved from /opt/airflow/dags/youtube_warehouse_pipeline.py
[2026-09-16T15:38:24.052+0000] {logging_mixin.py:190} INFO - [2026-09-16T15:38:24.052+0000] {dag.py:3239} INFO - Sync 1 DAGs
[2026-09-16T15:38:24.065+0000] {logging_mixin.py:190} INFO - [2026-09-16T15:38:24.065+0000] {dag.py:4180} INFO - Setting next_dagrun for youtube_pipeline_warehouse to None, run_after=None
[2026-09-16T15:38:24.092+0000] {processor.py:208} INFO - Processing /opt/airflow/dags/youtube_warehouse_pipeline.py took 0.165 seconds
[2026-09-16T15:38:54.453+0000] {processor.py:186} INFO - Started process (PID=4052) to work on /opt/airflow/dags/youtube_warehouse_pipeline.py
[2026-09-16T15:38:54.456+0000] {processor.py:914} INFO - Processing file /opt/airflow/dags/youtube_warehouse_pipeline.py for tasks to queue
[2026-09-16T15:38:54.459+0000] {logging_mixin.py:190} INFO - [2026-09-16T15:38:54.458+0000] {dagbag.py:588} INFO - Filling up the DagBag from /opt/airflow/dags/youtube_warehouse_pipeline.py
[2026-09-16T15:38:54.572+0000] {processor.py:925} INFO - DAG(s) 'youtube_pipeline_warehouse' retrieved from /opt/airflow/dags/youtube_warehouse_pipeline.py
[2026-09-16T15:38:54.602+0000] {logging_mixin.py:190} INFO - [2026-09-16T15:38:54.601+0000] {dag.py:3239} INFO - Sync 1 DAGs
[2026-09-16T15:38:54.624+0000] {logging_mixin.py:190} INFO - [2026-09-16T15:38:54.623+0000] {dag.py:4180} INFO - Setting next_dagrun for youtube_pipeline_warehouse to None, run_after=None
[2026-09-16T15:38:54.665+0000] {processor.py:208} INFO - Processing /opt/airflow/dags/youtube_warehouse_pipeline.py took 0.219 seconds
[2026-09-16T15:39:25.006+0000] {processor.py:186} INFO - Started process (PID=4060) to work on /opt/airflow/dags/youtube_warehouse_pipeline.py
[2026-09-16T15:39:25.008+0000] {processor.py:914} INFO - Processing file /opt/airflow/dags/youtube_warehouse_pipeline.py for tasks to queue
[2026-09-16T15:39:25.010+0000] {logging_mixin.py:190} INFO - [2026-09-16T15:39:25.009+0000] {dagbag.py:588} INFO - Filling up the DagBag from /opt/airflow/dags/youtube_warehouse_pipeline.py
[2026-09-16T15:39:25.092+0000] {processor.py:925} INFO - DAG(s) 'youtube_pipeline_warehouse' retrieved from /opt/airflow/dags/youtube_warehouse_pipeline.py
[2026-09-16T15:39:25.112+0000] {logging_mixin.py:190} INFO - [2026-09-16T15:39:25.112+0000] {dag.py:3239} INFO - Sync 1 DAGs
[2026-09-16T15:39:25.195+0000] {logging_mixin.py:190} INFO - [2026-09-16T15:39:25.195+0000] {dag.py:4180} INFO - Setting next_dagrun for youtube_pipeline_warehouse to None, run_after=None
[2026-09-16T15:39:25.214+0000] {processor.py:208} INFO - Processing /opt/airflow/dags/youtube_warehouse_pipeline.py took 0.213 seconds
[2026-09-16T15:39:55.547+0000] {processor.py:186} INFO - Started process (PID=4069) to work on /opt/airflow/dags/youtube_warehouse_pipeline.py
[2026-09-16T15:39:55.550+0000] {processor.py:914} INFO - Processing file /opt/airflow/dags/youtube_warehouse_pipeline.py for tasks to queue
[2026-09-16T15:39:55.552+0000] {logging_mixin.py:190} INFO - [2026-09-16T15:39:55.552+0000] {dagbag.py:588} INFO - Filling up the DagBag from /opt/airflow/dags/youtube_warehouse_pipeline.py
[2026-09-16T15:39:55.629+0000] {processor.py:925} INFO - DAG(s) 'youtube_pipeline_warehouse' retrieved from /opt/airflow/dags/youtube_warehouse_pipeline.py
[2026-09-16T15:39:55.655+0000] {logging_mixin.py:190} INFO - [2026-09-16T15:39:55.654+0000] {dag.py:3239} INFO - Sync 1 DAGs
[2026-09-16T15:39:55.670+0000] {logging_mixin.py:190} INFO - [2026-09-16T15:39:55.670+0000] {dag.py:4180} INFO - Setting next_dagrun for youtube_pipeline_warehouse to None, run_after=None
[2026-09-16T15:39:55.691+0000] {processor.py:208} INFO - Processing /opt/airflow/dags/youtube_warehouse_pipeline.py took 0.149 seconds
[2026-09-16T15:40:26.038+0000] {processor.py:186} INFO - Started process (PID=4077) to work on /opt/airflow/dags/youtube_warehouse_pipeline.py
[2026-09-16T15:40:26.040+0000] {processor.py:914} INFO - Processing file /opt/airflow/dags/youtube_warehouse_pipeline.py for tasks to queue
[2026-09-16T15:40:26.043+0000] {logging_mixin.py:190} INFO - [2026-09-16T15:40:26.043+0000] {dagbag.py:588} INFO - Filling up the DagBag from /opt/airflow/dags/youtube_warehouse_pipeline.py
[2026-09-16T15:40:26.133+0000] {processor.py:925} INFO - DAG(s) 'youtube_pipeline_warehouse' retrieved from /opt/airflow/dags/youtube_warehouse_pipeline.py
[2026-09-16T15:40:26.181+0000] {logging_mixin.py:190} INFO - [2026-09-16T15:40:26.181+0000] {dag.py:3239} INFO - Sync 1 DAGs
[2026-09-16T15:40:26.207+0000] {logging_mixin.py:190} INFO - [2026-09-16T15:40:26.206+0000] {dag.py:4180} INFO - Setting next_dagrun for youtube_pipeline_warehouse to None, run_after=None
[2026-09-16T15:40:26.229+0000] {processor.py:208} INFO - Processing /opt/airflow/dags/youtube_warehouse_pipeline.py took 0.197 seconds
[2026-09-16T15:40:56.540+0000] {processor.py:186} INFO - Started process (PID=4085) to work on /opt/airflow/dags/youtube_warehouse_pipeline.py
[2026-09-16T15:40:56.542+0000] {processor.py:914} INFO - Processing file /opt/airflow/dags/youtube_warehouse_pipeline.py for tasks to queue
[2026-09-16T15:40:56.545+0000] {logging_mixin.py:190} INFO - [2026-09-16T15:40:56.545+0000] {dagbag.py:588} INFO - Filling up the DagBag from /opt/airflow/dags/youtube_warehouse_pipeline.py
[2026-09-16T15:40:56.625+0000] {processor.py:925} INFO - DAG(s) 'youtube_pipeline_warehouse' retrieved from /opt/airflow/dags/youtube_warehouse_pipeline.py
[2026-09-16T15:40:56.652+0000] {logging_mixin.py:190} INFO - [2026-09-16T15:40:56.652+0000] {dag.py:3239} INFO - Sync 1 DAGs
[2026-09-16T15:40:56.667+0000] {logging_mixin.py:190} INFO - [2026-09-16T15:40:56.667+0000] {dag.py:4180} INFO - Setting next_dagrun for youtube_pipeline_warehouse to None, run_after=None
[2026-09-16T15:40:56.688+0000] {processor.py:208} INFO - Processing /opt/airflow/dags/youtube_warehouse_pipeline.py took 0.154 seconds
[2026-09-16T15:41:26.991+0000] {processor.py:186} INFO - Started process (PID=4093) to work on /opt/airflow/dags/youtube_warehouse_pipeline.py
[2026-09-16T15:41:26.993+0000] {processor.py:914} INFO - Processing file /opt/airflow/dags/youtube_warehouse_pipeline.py for tasks to queue
[2026-09-16T15:41:26.995+0000] {logging_mixin.py:190} INFO - [2026-09-16T15:41:26.995+0000] {dagbag.py:588} INFO - Filling up the DagBag from /opt/airflow/dags/youtube_warehouse_pipeline.py
[2026-09-16T15:41:27.084+0000] {processor.py:925} INFO - DAG(s) 'youtube_pipeline_warehouse' retrieved from /opt/airflow/dags/youtube_warehouse_pipeline.py
[2026-09-16T15:41:27.117+0000] {logging_mixin.py:190} INFO - [2026-09-16T15:41:27.117+0000] {dag.py:3239} INFO - Sync 1 DAGs
[2026-09-16T15:41:27.133+0000] {logging_mixin.py:190} INFO - [2026-09-16T15:41:27.132+0000] {dag.py:4180} INFO - Setting next_dagrun for youtube_pipeline_warehouse to None, run_after=None
[2026-09-16T15:41:27.157+0000] {processor.py:208} INFO - Processing /opt/airflow/dags/youtube_warehouse_pipeline.py took 0.173 seconds
[2026-09-16T15:41:57.461+0000] {processor.py:186} INFO - Started process (PID=4101) to work on /opt/airflow/dags/youtube_warehouse_pipeline.py
[2026-09-16T15:41:57.463+0000] {processor.py:914} INFO - Processing file /opt/airflow/dags/youtube_warehouse_pipeline.py for tasks to queue
[2026-09-16T15:41:57.465+0000] {logging_mixin.py:190} INFO - [2026-09-16T15:41:57.465+0000] {dagbag.py:588} INFO - Filling up the DagBag from /opt/airflow/dags/youtube_warehouse_pipeline.py
[2026-09-16T15:41:57.562+0000] {processor.py:925} INFO - DAG(s) 'youtube_pipeline_warehouse' retrieved from /opt/airflow/dags/youtube_warehouse_pipeline.py
[2026-09-16T15:41:57.590+0000] {logging_mixin.py:190} INFO - [2026-09-16T15:41:57.590+0000] {dag.py:3239} INFO - Sync 1 DAGs
[2026-09-16T15:41:57.607+0000] {logging_mixin.py:190} INFO - [2026-09-16T15:41:57.607+0000] {dag.py:4180} INFO - Setting next_dagrun for youtube_pipeline_warehouse to None, run_after=None
[2026-09-16T15:41:57.631+0000] {processor.py:208} INFO - Processing /opt/airflow/dags/youtube_warehouse_pipeline.py took 0.176 seconds
[2026-09-16T15:42:27.961+0000] {processor.py:186} INFO - Started process (PID=4109) to work on /opt/airflow/dags/youtube_warehouse_pipeline.py
[2026-09-16T15:42:27.963+0000] {processor.py:914} INFO - Processing file /opt/airflow/dags/youtube_warehouse_pipeline.py for tasks to queue
[2026-09-16T15:42:27.966+0000] {logging_mixin.py:190} INFO - [2026-09-16T15:42:27.965+0000] {dagbag.py:588} INFO - Filling up the DagBag from /opt/airflow/dags/youtube_warehouse_pipeline.py
[2026-09-16T15:42:28.050+0000] {processor.py:925} INFO - DAG(s) 'youtube_pipeline_warehouse' retrieved from /opt/airflow/dags/youtube_warehouse_pipeline.py
[2026-09-16T15:42:28.072+0000] {logging_mixin.py:190} INFO - [2026-09-16T15:42:28.071+0000] {dag.py:3239} INFO - Sync 1 DAGs
[2026-09-16T15:42:28.087+0000] {logging_mixin.py:190} INFO - [2026-09-16T15:42:28.087+0000] {dag.py:4180} INFO - Setting next_dagrun for youtube_pipeline_warehouse to None, run_after=None
[2026-09-16T15:42:28.109+0000] {processor.py:208} INFO - Processing /opt/airflow/dags/youtube_warehouse_pipeline.py took 0.155 seconds
[2026-09-16T15:42:58.418+0000] {processor.py:186} INFO - Started process (PID=4117) to work on /opt/airflow/dags/youtube_warehouse_pipeline.py
[2026-09-16T15:42:58.420+0000] {processor.py:914} INFO - Processing file /opt/airflow/dags/youtube_warehouse_pipeline.py for tasks to queue
[2026-09-16T15:42:58.422+0000] {logging_mixin.py:190} INFO - [2026-09-16T15:42:58.422+0000] {dagbag.py:588} INFO - Filling up the DagBag from /opt/airflow/dags/youtube_warehouse_pipeline.py
[2026-09-16T15:42:58.504+0000] {processor.py:925} INFO - DAG(s) 'youtube_pipeline_warehouse' retrieved from /opt/airflow/dags/youtube_warehouse_pipeline.py
[2026-09-16T15:42:58.531+0000] {logging_mixin.py:190} INFO - [2026-09-16T15:42:58.531+0000] {dag.py:3239} INFO - Sync 1 DAGs
[2026-09-16T15:42:58.546+0000] {logging_mixin.py:190} INFO - [2026-09-16T15:42:58.546+0000] {dag.py:4180} INFO - Setting next_dagrun for youtube_pipeline_warehouse to None, run_after=None
[2026-09-16T15:42:58.567+0000] {processor.py:208} INFO - Processing /opt/airflow/dags/youtube_warehouse_pipeline.py took 0.155 seconds
[2026-09-16T15:43:28.891+0000] {processor.py:186} INFO - Started process (PID=4125) to work on /opt/airflow/dags/youtube_warehouse_pipeline.py
[2026-09-16T15:43:28.894+0000] {processor.py:914} INFO - Processing file /opt/airflow/dags/youtube_warehouse_pipeline.py for tasks to queue
[2026-09-16T15:43:28.896+0000] {logging_mixin.py:190} INFO - [2026-09-16T15:43:28.896+0000] {dagbag.py:588} INFO - Filling up the DagBag from /opt/airflow/dags/youtube_warehouse_pipeline.py
[2026-09-16T15:43:28.978+0000] {processor.py:925} INFO - DAG(s) 'youtube_pipeline_warehouse' retrieved from /opt/airflow/dags/youtube_warehouse_pipeline.py
[2026-09-16T15:43:29.004+0000] {logging_mixin.py:190} INFO - [2026-09-16T15:43:29.004+0000] {dag.py:3239} INFO - Sync 1 DAGs
[2026-09-16T15:43:29.020+0000] {logging_mixin.py:190} INFO - [2026-09-16T15:43:29.019+0000] {dag.py:4180} INFO - Setting next_dagrun for youtube_pipeline_warehouse to None, run_after=None
[2026-09-16T15:43:29.042+0000] {processor.py:208} INFO - Processing /opt/airflow/dags/youtube_warehouse_pipeline.py took 0.158 seconds
[2026-09-16T15:43:59.128+0000] {processor.py:186} INFO - Started process (PID=4133) to work on /opt/airflow/dags/youtube_warehouse_pipeline.py
[2026-09-16T15:43:59.131+0000] {processor.py:914} INFO - Processing file /opt/airflow/dags/youtube_warehouse_pipeline.py for tasks to queue
[2026-09-16T15:43:59.134+0000] {logging_mixin.py:190} INFO - [2026-09-16T15:43:59.134+0000] {dagbag.py:588} INFO - Filling up the DagBag from /opt/airflow/dags/youtube_warehouse_pipeline.py
[2026-09-16T15:43:59.221+0000] {processor.py:925} INFO - DAG(s) 'youtube_pipeline_warehouse' retrieved from /opt/airflow/dags/youtube_warehouse_pipeline.py
[2026-09-16T15:43:59.249+0000] {logging_mixin.py:190} INFO - [2026-09-16T15:43:59.249+0000] {dag.py:3239} INFO - Sync 1 DAGs
[2026-09-16T15:43:59.269+0000] {logging_mixin.py:190} INFO - [2026-09-16T15:43:59.269+0000] {dag.py:4180} INFO - Setting next_dagrun for youtube_pipeline_warehouse to None, run_after=None
[2026-09-16T15:43:59.293+0000] {processor.py:208} INFO - Processing /opt/airflow/dags/youtube_warehouse_pipeline.py took 0.177 seconds
[2026-09-16T15:44:29.631+0000] {processor.py:186} INFO - Started process (PID=4141) to work on /opt/airflow/dags/youtube_warehouse_pipeline.py
[2026-09-16T15:44:29.633+0000] {processor.py:914} INFO - Processing file /opt/airflow/dags/youtube_warehouse_pipeline.py for tasks to queue
[2026-09-16T15:44:29.635+0000] {logging_mixin.py:190} INFO - [2026-09-16T15:44:29.635+0000] {dagbag.py:588} INFO - Filling up the DagBag from /opt/airflow/dags/youtube_warehouse_pipeline.py
[2026-09-16T15:44:29.721+0000] {processor.py:925} INFO - DAG(s) 'youtube_pipeline_warehouse' retrieved from /opt/airflow/dags/youtube_warehouse_pipeline.py
[2026-09-16T15:44:29.749+0000] {logging_mixin.py:190} INFO - [2026-09-16T15:44:29.749+0000] {dag.py:3239} INFO - Sync 1 DAGs
[2026-09-16T15:44:29.767+0000] {logging_mixin.py:190} INFO - [2026-09-16T15:44:29.766+0000] {dag.py:4180} INFO - Setting next_dagrun for youtube_pipeline_warehouse to None, run_after=None
[2026-09-16T15:44:29.788+0000] {processor.py:208} INFO - Processing /opt/airflow/dags/youtube_warehouse_pipeline.py took 0.165 seconds
[2026-09-16T15:45:00.097+0000] {processor.py:186} INFO - Started process (PID=4149) to work on /opt/airflow/dags/youtube_warehouse_pipeline.py
[2026-09-16T15:45:00.099+0000] {processor.py:914} INFO - Processing file /opt/airflow/dags/youtube_warehouse_pipeline.py for tasks to queue
[2026-09-16T15:45:00.104+0000] {logging_mixin.py:190} INFO - [2026-09-16T15:45:00.103+0000] {dagbag.py:588} INFO - Filling up the DagBag from /opt/airflow/dags/youtube_warehouse_pipeline.py
[2026-09-16T15:45:00.192+0000] {processor.py:925} INFO - DAG(s) 'youtube_pipeline_warehouse' retrieved from /opt/airflow/dags/youtube_warehouse_pipeline.py
[2026-09-16T15:45:00.215+0000] {logging_mixin.py:190} INFO - [2026-09-16T15:45:00.214+0000] {dag.py:3239} INFO - Sync 1 DAGs
[2026-09-16T15:45:00.229+0000] {logging_mixin.py:190} INFO - [2026-09-16T15:45:00.229+0000] {dag.py:4180} INFO - Setting next_dagrun for youtube_pipeline_warehouse to None, run_after=None
[2026-09-16T15:45:00.250+0000] {processor.py:208} INFO - Processing /opt/airflow/dags/youtube_warehouse_pipeline.py took 0.160 seconds
[2026-09-16T15:45:30.600+0000] {processor.py:186} INFO - Started process (PID=4157) to work on /opt/airflow/dags/youtube_warehouse_pipeline.py
[2026-09-16T15:45:30.603+0000] {processor.py:914} INFO - Processing file /opt/airflow/dags/youtube_warehouse_pipeline.py for tasks to queue
[2026-09-16T15:45:30.606+0000] {logging_mixin.py:190} INFO - [2026-09-16T15:45:30.606+0000] {dagbag.py:588} INFO - Filling up the DagBag from /opt/airflow/dags/youtube_warehouse_pipeline.py
[2026-09-16T15:45:30.714+0000] {processor.py:925} INFO - DAG(s) 'youtube_pipeline_warehouse' retrieved from /opt/airflow/dags/youtube_warehouse_pipeline.py
[2026-09-16T15:45:31.069+0000] {logging_mixin.py:190} INFO - [2026-09-16T15:45:31.068+0000] {dag.py:3239} INFO - Sync 1 DAGs
[2026-09-16T15:45:31.083+0000] {logging_mixin.py:190} INFO - [2026-09-16T15:45:31.083+0000] {dag.py:4180} INFO - Setting next_dagrun for youtube_pipeline_warehouse to None, run_after=None
[2026-09-16T15:45:31.243+0000] {processor.py:208} INFO - Processing /opt/airflow/dags/youtube_warehouse_pipeline.py took 0.649 seconds
[2026-09-16T15:46:01.925+0000] {processor.py:186} INFO - Started process (PID=4166) to work on /opt/airflow/dags/youtube_warehouse_pipeline.py
[2026-09-16T15:46:01.928+0000] {processor.py:914} INFO - Processing file /opt/airflow/dags/youtube_warehouse_pipeline.py for tasks to queue
[2026-09-16T15:46:01.930+0000] {logging_mixin.py:190} INFO - [2026-09-16T15:46:01.930+0000] {dagbag.py:588} INFO - Filling up the DagBag from /opt/airflow/dags/youtube_warehouse_pipeline.py
[2026-09-16T15:46:02.015+0000] {processor.py:925} INFO - DAG(s) 'youtube_pipeline_warehouse' retrieved from /opt/airflow/dags/youtube_warehouse_pipeline.py
[2026-09-16T15:46:02.047+0000] {logging_mixin.py:190} INFO - [2026-09-16T15:46:02.046+0000] {dag.py:3239} INFO - Sync 1 DAGs
[2026-09-16T15:46:02.187+0000] {logging_mixin.py:190} INFO - [2026-09-16T15:46:02.187+0000] {dag.py:4180} INFO - Setting next_dagrun for youtube_pipeline_warehouse to None, run_after=None
[2026-09-16T15:46:02.208+0000] {processor.py:208} INFO - Processing /opt/airflow/dags/youtube_warehouse_pipeline.py took 0.289 seconds
[2026-09-16T15:46:32.521+0000] {processor.py:186} INFO - Started process (PID=4174) to work on /opt/airflow/dags/youtube_warehouse_pipeline.py
[2026-09-16T15:46:32.523+0000] {processor.py:914} INFO - Processing file /opt/airflow/dags/youtube_warehouse_pipeline.py for tasks to queue
[2026-09-16T15:46:32.525+0000] {logging_mixin.py:190} INFO - [2026-09-16T15:46:32.524+0000] {dagbag.py:588} INFO - Filling up the DagBag from /opt/airflow/dags/youtube_warehouse_pipeline.py
[2026-09-16T15:46:32.615+0000] {processor.py:925} INFO - DAG(s) 'youtube_pipeline_warehouse' retrieved from /opt/airflow/dags/youtube_warehouse_pipeline.py
[2026-09-16T15:46:32.636+0000] {logging_mixin.py:190} INFO - [2026-09-16T15:46:32.636+0000] {dag.py:3239} INFO - Sync 1 DAGs
[2026-09-16T15:46:32.650+0000] {logging_mixin.py:190} INFO - [2026-09-16T15:46:32.650+0000] {dag.py:4180} INFO - Setting next_dagrun for youtube_pipeline_warehouse to None, run_after=None
[2026-09-16T15:46:32.671+0000] {processor.py:208} INFO - Processing /opt/airflow/dags/youtube_warehouse_pipeline.py took 0.156 seconds
[2026-09-16T15:47:03.129+0000] {processor.py:186} INFO - Started process (PID=4182) to work on /opt/airflow/dags/youtube_warehouse_pipeline.py
[2026-09-16T15:47:03.138+0000] {processor.py:914} INFO - Processing file /opt/airflow/dags/youtube_warehouse_pipeline.py for tasks to queue
[2026-09-16T15:47:03.146+0000] {logging_mixin.py:190} INFO - [2026-09-16T15:47:03.144+0000] {dagbag.py:588} INFO - Filling up the DagBag from /opt/airflow/dags/youtube_warehouse_pipeline.py
[2026-09-16T15:47:03.272+0000] {processor.py:925} INFO - DAG(s) 'youtube_pipeline_warehouse' retrieved from /opt/airflow/dags/youtube_warehouse_pipeline.py
[2026-09-16T15:47:03.303+0000] {logging_mixin.py:190} INFO - [2026-09-16T15:47:03.303+0000] {dag.py:3239} INFO - Sync 1 DAGs
[2026-09-16T15:47:03.323+0000] {logging_mixin.py:190} INFO - [2026-09-16T15:47:03.323+0000] {dag.py:4180} INFO - Setting next_dagrun for youtube_pipeline_warehouse to None, run_after=None
[2026-09-16T15:47:03.359+0000] {processor.py:208} INFO - Processing /opt/airflow/dags/youtube_warehouse_pipeline.py took 0.323 seconds
[2026-09-16T15:47:33.730+0000] {processor.py:186} INFO - Started process (PID=4190) to work on /opt/airflow/dags/youtube_warehouse_pipeline.py
[2026-09-16T15:47:33.738+0000] {processor.py:914} INFO - Processing file /opt/airflow/dags/youtube_warehouse_pipeline.py for tasks to queue
[2026-09-16T15:47:33.742+0000] {logging_mixin.py:190} INFO - [2026-09-16T15:47:33.741+0000] {dagbag.py:588} INFO - Filling up the DagBag from /opt/airflow/dags/youtube_warehouse_pipeline.py
[2026-09-16T15:47:33.883+0000] {processor.py:925} INFO - DAG(s) 'youtube_pipeline_warehouse' retrieved from /opt/airflow/dags/youtube_warehouse_pipeline.py
[2026-09-16T15:47:33.922+0000] {logging_mixin.py:190} INFO - [2026-09-16T15:47:33.921+0000] {dag.py:3239} INFO - Sync 1 DAGs
[2026-09-16T15:47:33.946+0000] {logging_mixin.py:190} INFO - [2026-09-16T15:47:33.946+0000] {dag.py:4180} INFO - Setting next_dagrun for youtube_pipeline_warehouse to None, run_after=None
[2026-09-16T15:47:33.983+0000] {processor.py:208} INFO - Processing /opt/airflow/dags/youtube_warehouse_pipeline.py took 0.275 seconds
[2026-09-16T15:48:04.091+0000] {processor.py:186} INFO - Started process (PID=4198) to work on /opt/airflow/dags/youtube_warehouse_pipeline.py
[2026-09-16T15:48:04.093+0000] {processor.py:914} INFO - Processing file /opt/airflow/dags/youtube_warehouse_pipeline.py for tasks to queue
[2026-09-16T15:48:04.095+0000] {logging_mixin.py:190} INFO - [2026-09-16T15:48:04.095+0000] {dagbag.py:588} INFO - Filling up the DagBag from /opt/airflow/dags/youtube_warehouse_pipeline.py
[2026-09-16T15:48:04.199+0000] {processor.py:925} INFO - DAG(s) 'youtube_pipeline_warehouse' retrieved from /opt/airflow/dags/youtube_warehouse_pipeline.py
[2026-09-16T15:48:04.255+0000] {logging_mixin.py:190} INFO - [2026-09-16T15:48:04.255+0000] {dag.py:3239} INFO - Sync 1 DAGs
[2026-09-16T15:48:04.270+0000] {logging_mixin.py:190} INFO - [2026-09-16T15:48:04.270+0000] {dag.py:4180} INFO - Setting next_dagrun for youtube_pipeline_warehouse to None, run_after=None
[2026-09-16T15:48:04.293+0000] {processor.py:208} INFO - Processing /opt/airflow/dags/youtube_warehouse_pipeline.py took 0.210 seconds
[2026-09-16T15:48:34.605+0000] {processor.py:186} INFO - Started process (PID=4206) to work on /opt/airflow/dags/youtube_warehouse_pipeline.py
[2026-09-16T15:48:34.606+0000] {processor.py:914} INFO - Processing file /opt/airflow/dags/youtube_warehouse_pipeline.py for tasks to queue
[2026-09-16T15:48:34.608+0000] {logging_mixin.py:190} INFO - [2026-09-16T15:48:34.608+0000] {dagbag.py:588} INFO - Filling up the DagBag from /opt/airflow/dags/youtube_warehouse_pipeline.py
[2026-09-16T15:48:34.677+0000] {processor.py:925} INFO - DAG(s) 'youtube_pipeline_warehouse' retrieved from /opt/airflow/dags/youtube_warehouse_pipeline.py
[2026-09-16T15:48:34.697+0000] {logging_mixin.py:190} INFO - [2026-09-16T15:48:34.697+0000] {dag.py:3239} INFO - Sync 1 DAGs
[2026-09-16T15:48:34.709+0000] {logging_mixin.py:190} INFO - [2026-09-16T15:48:34.709+0000] {dag.py:4180} INFO - Setting next_dagrun for youtube_pipeline_warehouse to None, run_after=None
[2026-09-16T15:48:34.730+0000] {processor.py:208} INFO - Processing /opt/airflow/dags/youtube_warehouse_pipeline.py took 0.131 seconds
[2026-09-16T15:49:05.074+0000] {processor.py:186} INFO - Started process (PID=4214) to work on /opt/airflow/dags/youtube_warehouse_pipeline.py
[2026-09-16T15:49:05.076+0000] {processor.py:914} INFO - Processing file /opt/airflow/dags/youtube_warehouse_pipeline.py for tasks to queue
[2026-09-16T15:49:05.079+0000] {logging_mixin.py:190} INFO - [2026-09-16T15:49:05.079+0000] {dagbag.py:588} INFO - Filling up the DagBag from /opt/airflow/dags/youtube_warehouse_pipeline.py
[2026-09-16T15:49:05.152+0000] {processor.py:925} INFO - DAG(s) 'youtube_pipeline_warehouse' retrieved from /opt/airflow/dags/youtube_warehouse_pipeline.py
[2026-09-16T15:49:05.171+0000] {logging_mixin.py:190} INFO - [2026-09-16T15:49:05.171+0000] {dag.py:3239} INFO - Sync 1 DAGs
[2026-09-16T15:49:05.184+0000] {logging_mixin.py:190} INFO - [2026-09-16T15:49:05.184+0000] {dag.py:4180} INFO - Setting next_dagrun for youtube_pipeline_warehouse to None, run_after=None
[2026-09-16T15:49:05.202+0000] {processor.py:208} INFO - Processing /opt/airflow/dags/youtube_warehouse_pipeline.py took 0.133 seconds
[2026-09-16T15:49:35.658+0000] {processor.py:186} INFO - Started process (PID=4222) to work on /opt/airflow/dags/youtube_warehouse_pipeline.py
[2026-09-16T15:49:35.659+0000] {processor.py:914} INFO - Processing file /opt/airflow/dags/youtube_warehouse_pipeline.py for tasks to queue
[2026-09-16T15:49:35.661+0000] {logging_mixin.py:190} INFO - [2026-09-16T15:49:35.661+0000] {dagbag.py:588} INFO - Filling up the DagBag from /opt/airflow/dags/youtube_warehouse_pipeline.py
[2026-09-16T15:49:35.742+0000] {processor.py:925} INFO - DAG(s) 'youtube_pipeline_warehouse' retrieved from /opt/airflow/dags/youtube_warehouse_pipeline.py
[2026-09-16T15:49:35.776+0000] {logging_mixin.py:190} INFO - [2026-09-16T15:49:35.776+0000] {dag.py:3239} INFO - Sync 1 DAGs
[2026-09-16T15:49:35.798+0000] {logging_mixin.py:190} INFO - [2026-09-16T15:49:35.798+0000] {dag.py:4180} INFO - Setting next_dagrun for youtube_pipeline_warehouse to None, run_after=None
[2026-09-16T15:49:35.816+0000] {processor.py:208} INFO - Processing /opt/airflow/dags/youtube_warehouse_pipeline.py took 0.164 seconds
[2026-09-16T15:50:06.146+0000] {processor.py:186} INFO - Started process (PID=4230) to work on /opt/airflow/dags/youtube_warehouse_pipeline.py
[2026-09-16T15:50:06.149+0000] {processor.py:914} INFO - Processing file /opt/airflow/dags/youtube_warehouse_pipeline.py for tasks to queue
[2026-09-16T15:50:06.154+0000] {logging_mixin.py:190} INFO - [2026-09-16T15:50:06.153+0000] {dagbag.py:588} INFO - Filling up the DagBag from /opt/airflow/dags/youtube_warehouse_pipeline.py
[2026-09-16T15:50:06.319+0000] {processor.py:925} INFO - DAG(s) 'youtube_pipeline_warehouse' retrieved from /opt/airflow/dags/youtube_warehouse_pipeline.py
[2026-09-16T15:50:06.356+0000] {logging_mixin.py:190} INFO - [2026-09-16T15:50:06.356+0000] {dag.py:3239} INFO - Sync 1 DAGs
[2026-09-16T15:50:06.383+0000] {logging_mixin.py:190} INFO - [2026-09-16T15:50:06.383+0000] {dag.py:4180} INFO - Setting next_dagrun for youtube_pipeline_warehouse to None, run_after=None
[2026-09-16T15:50:06.415+0000] {processor.py:208} INFO - Processing /opt/airflow/dags/youtube_warehouse_pipeline.py took 0.280 seconds
[2026-09-16T15:50:36.558+0000] {processor.py:186} INFO - Started process (PID=4238) to work on /opt/airflow/dags/youtube_warehouse_pipeline.py
[2026-09-16T15:50:36.559+0000] {processor.py:914} INFO - Processing file /opt/airflow/dags/youtube_warehouse_pipeline.py for tasks to queue
[2026-09-16T15:50:36.562+0000] {logging_mixin.py:190} INFO - [2026-09-16T15:50:36.561+0000] {dagbag.py:588} INFO - Filling up the DagBag from /opt/airflow/dags/youtube_warehouse_pipeline.py
[2026-09-16T15:50:36.640+0000] {processor.py:925} INFO - DAG(s) 'youtube_pipeline_warehouse' retrieved from /opt/airflow/dags/youtube_warehouse_pipeline.py
[2026-09-16T15:50:36.665+0000] {logging_mixin.py:190} INFO - [2026-09-16T15:50:36.665+0000] {dag.py:3239} INFO - Sync 1 DAGs
[2026-09-16T15:50:36.680+0000] {logging_mixin.py:190} INFO - [2026-09-16T15:50:36.680+0000] {dag.py:4180} INFO - Setting next_dagrun for youtube_pipeline_warehouse to None, run_after=None
[2026-09-16T15:50:36.707+0000] {processor.py:208} INFO - Processing /opt/airflow/dags/youtube_warehouse_pipeline.py took 0.157 seconds
[2026-09-16T15:51:07.009+0000] {processor.py:186} INFO - Started process (PID=4252) to work on /opt/airflow/dags/youtube_warehouse_pipeline.py
[2026-09-16T15:51:07.012+0000] {processor.py:914} INFO - Processing file /opt/airflow/dags/youtube_warehouse_pipeline.py for tasks to queue
[2026-09-16T15:51:07.014+0000] {logging_mixin.py:190} INFO - [2026-09-16T15:51:07.013+0000] {dagbag.py:588} INFO - Filling up the DagBag from /opt/airflow/dags/youtube_warehouse_pipeline.py
[2026-09-16T15:51:07.097+0000] {processor.py:925} INFO - DAG(s) 'youtube_pipeline_warehouse' retrieved from /opt/airflow/dags/youtube_warehouse_pipeline.py
[2026-09-16T15:51:07.120+0000] {logging_mixin.py:190} INFO - [2026-09-16T15:51:07.120+0000] {dag.py:3239} INFO - Sync 1 DAGs
[2026-09-16T15:51:07.134+0000] {logging_mixin.py:190} INFO - [2026-09-16T15:51:07.134+0000] {dag.py:4180} INFO - Setting next_dagrun for youtube_pipeline_warehouse to None, run_after=None
[2026-09-16T15:51:07.153+0000] {processor.py:208} INFO - Processing /opt/airflow/dags/youtube_warehouse_pipeline.py took 0.149 seconds
[2026-09-16T15:51:37.489+0000] {processor.py:186} INFO - Started process (PID=4260) to work on /opt/airflow/dags/youtube_warehouse_pipeline.py
[2026-09-16T15:51:37.491+0000] {processor.py:914} INFO - Processing file /opt/airflow/dags/youtube_warehouse_pipeline.py for tasks to queue
[2026-09-16T15:51:37.493+0000] {logging_mixin.py:190} INFO - [2026-09-16T15:51:37.492+0000] {dagbag.py:588} INFO - Filling up the DagBag from /opt/airflow/dags/youtube_warehouse_pipeline.py
[2026-09-16T15:51:37.567+0000] {processor.py:925} INFO - DAG(s) 'youtube_pipeline_warehouse' retrieved from /opt/airflow/dags/youtube_warehouse_pipeline.py
[2026-09-16T15:51:37.590+0000] {logging_mixin.py:190} INFO - [2026-09-16T15:51:37.590+0000] {dag.py:3239} INFO - Sync 1 DAGs
[2026-09-16T15:51:37.605+0000] {logging_mixin.py:190} INFO - [2026-09-16T15:51:37.605+0000] {dag.py:4180} INFO - Setting next_dagrun for youtube_pipeline_warehouse to None, run_after=None
[2026-09-16T15:51:37.624+0000] {processor.py:208} INFO - Processing /opt/airflow/dags/youtube_warehouse_pipeline.py took 0.141 seconds
[2026-09-16T15:52:07.962+0000] {processor.py:186} INFO - Started process (PID=4268) to work on /opt/airflow/dags/youtube_warehouse_pipeline.py
[2026-09-16T15:52:07.963+0000] {processor.py:914} INFO - Processing file /opt/airflow/dags/youtube_warehouse_pipeline.py for tasks to queue
[2026-09-16T15:52:07.965+0000] {logging_mixin.py:190} INFO - [2026-09-16T15:52:07.965+0000] {dagbag.py:588} INFO - Filling up the DagBag from /opt/airflow/dags/youtube_warehouse_pipeline.py
[2026-09-16T15:52:08.114+0000] {processor.py:925} INFO - DAG(s) 'youtube_pipeline_warehouse' retrieved from /opt/airflow/dags/youtube_warehouse_pipeline.py
[2026-09-16T15:52:08.135+0000] {logging_mixin.py:190} INFO - [2026-09-16T15:52:08.135+0000] {dag.py:3239} INFO - Sync 1 DAGs
[2026-09-16T15:52:08.148+0000] {logging_mixin.py:190} INFO - [2026-09-16T15:52:08.148+0000] {dag.py:4180} INFO - Setting next_dagrun for youtube_pipeline_warehouse to None, run_after=None
[2026-09-16T15:52:08.167+0000] {processor.py:208} INFO - Processing /opt/airflow/dags/youtube_warehouse_pipeline.py took 0.211 seconds
[2026-09-16T15:52:38.488+0000] {processor.py:186} INFO - Started process (PID=4276) to work on /opt/airflow/dags/youtube_warehouse_pipeline.py
[2026-09-16T15:52:38.493+0000] {processor.py:914} INFO - Processing file /opt/airflow/dags/youtube_warehouse_pipeline.py for tasks to queue
[2026-09-16T15:52:38.498+0000] {logging_mixin.py:190} INFO - [2026-09-16T15:52:38.497+0000] {dagbag.py:588} INFO - Filling up the DagBag from /opt/airflow/dags/youtube_warehouse_pipeline.py
[2026-09-16T15:52:38.590+0000] {processor.py:925} INFO - DAG(s) 'youtube_pipeline_warehouse' retrieved from /opt/airflow/dags/youtube_warehouse_pipeline.py
[2026-09-16T15:52:38.610+0000] {logging_mixin.py:190} INFO - [2026-09-16T15:52:38.610+0000] {dag.py:3239} INFO - Sync 1 DAGs
[2026-09-16T15:52:38.623+0000] {logging_mixin.py:190} INFO - [2026-09-16T15:52:38.623+0000] {dag.py:4180} INFO - Setting next_dagrun for youtube_pipeline_warehouse to None, run_after=None
[2026-09-16T15:52:38.645+0000] {processor.py:208} INFO - Processing /opt/airflow/dags/youtube_warehouse_pipeline.py took 0.165 seconds
[2026-09-16T15:53:08.945+0000] {processor.py:186} INFO - Started process (PID=4285) to work on /opt/airflow/dags/youtube_warehouse_pipeline.py
[2026-09-16T15:53:08.947+0000] {processor.py:914} INFO - Processing file /opt/airflow/dags/youtube_warehouse_pipeline.py for tasks to queue
[2026-09-16T15:53:08.949+0000] {logging_mixin.py:190} INFO - [2026-09-16T15:53:08.948+0000] {dagbag.py:588} INFO - Filling up the DagBag from /opt/airflow/dags/youtube_warehouse_pipeline.py
[2026-09-16T15:53:09.028+0000] {processor.py:925} INFO - DAG(s) 'youtube_pipeline_warehouse' retrieved from /opt/airflow/dags/youtube_warehouse_pipeline.py
[2026-09-16T15:53:09.047+0000] {logging_mixin.py:190} INFO - [2026-09-16T15:53:09.047+0000] {dag.py:3239} INFO - Sync 1 DAGs
[2026-09-16T15:53:09.062+0000] {logging_mixin.py:190} INFO - [2026-09-16T15:53:09.062+0000] {dag.py:4180} INFO - Setting next_dagrun for youtube_pipeline_warehouse to None, run_after=None
[2026-09-16T15:53:09.082+0000] {processor.py:208} INFO - Processing /opt/airflow/dags/youtube_warehouse_pipeline.py took 0.142 seconds
[2026-09-16T15:53:39.381+0000] {processor.py:186} INFO - Started process (PID=4293) to work on /opt/airflow/dags/youtube_warehouse_pipeline.py
[2026-09-16T15:53:39.383+0000] {processor.py:914} INFO - Processing file /opt/airflow/dags/youtube_warehouse_pipeline.py for tasks to queue
[2026-09-16T15:53:39.385+0000] {logging_mixin.py:190} INFO - [2026-09-16T15:53:39.385+0000] {dagbag.py:588} INFO - Filling up the DagBag from /opt/airflow/dags/youtube_warehouse_pipeline.py
[2026-09-16T15:53:39.469+0000] {processor.py:925} INFO - DAG(s) 'youtube_pipeline_warehouse' retrieved from /opt/airflow/dags/youtube_warehouse_pipeline.py
[2026-09-16T15:53:39.487+0000] {logging_mixin.py:190} INFO - [2026-09-16T15:53:39.487+0000] {dag.py:3239} INFO - Sync 1 DAGs
[2026-09-16T15:53:39.501+0000] {logging_mixin.py:190} INFO - [2026-09-16T15:53:39.501+0000] {dag.py:4180} INFO - Setting next_dagrun for youtube_pipeline_warehouse to None, run_after=None
[2026-09-16T15:53:39.521+0000] {processor.py:208} INFO - Processing /opt/airflow/dags/youtube_warehouse_pipeline.py took 0.146 seconds
[2026-09-16T15:54:09.853+0000] {processor.py:186} INFO - Started process (PID=4301) to work on /opt/airflow/dags/youtube_warehouse_pipeline.py
[2026-09-16T15:54:09.855+0000] {processor.py:914} INFO - Processing file /opt/airflow/dags/youtube_warehouse_pipeline.py for tasks to queue
[2026-09-16T15:54:09.857+0000] {logging_mixin.py:190} INFO - [2026-09-16T15:54:09.857+0000] {dagbag.py:588} INFO - Filling up the DagBag from /opt/airflow/dags/youtube_warehouse_pipeline.py
[2026-09-16T15:54:09.928+0000] {processor.py:925} INFO - DAG(s) 'youtube_pipeline_warehouse' retrieved from /opt/airflow/dags/youtube_warehouse_pipeline.py
[2026-09-16T15:54:09.950+0000] {logging_mixin.py:190} INFO - [2026-09-16T15:54:09.950+0000] {dag.py:3239} INFO - Sync 1 DAGs
[2026-09-16T15:54:09.963+0000] {logging_mixin.py:190} INFO - [2026-09-16T15:54:09.963+0000] {dag.py:4180} INFO - Setting next_dagrun for youtube_pipeline_warehouse to None, run_after=None
[2026-09-16T15:54:09.984+0000] {processor.py:208} INFO - Processing /opt/airflow/dags/youtube_warehouse_pipeline.py took 0.137 seconds
[2026-09-16T15:54:40.390+0000] {processor.py:186} INFO - Started process (PID=4310) to work on /opt/airflow/dags/youtube_warehouse_pipeline.py
[2026-09-16T15:54:40.393+0000] {processor.py:914} INFO - Processing file /opt/airflow/dags/youtube_warehouse_pipeline.py for tasks to queue
[2026-09-16T15:54:40.395+0000] {logging_mixin.py:190} INFO - [2026-09-16T15:54:40.395+0000] {dagbag.py:588} INFO - Filling up the DagBag from /opt/airflow/dags/youtube_warehouse_pipeline.py
[2026-09-16T15:54:40.476+0000] {processor.py:925} INFO - DAG(s) 'youtube_pipeline_warehouse' retrieved from /opt/airflow/dags/youtube_warehouse_pipeline.py
[2026-09-16T15:54:40.496+0000] {logging_mixin.py:190} INFO - [2026-09-16T15:54:40.496+0000] {dag.py:3239} INFO - Sync 1 DAGs
[2026-09-16T15:54:40.509+0000] {logging_mixin.py:190} INFO - [2026-09-16T15:54:40.509+0000] {dag.py:4180} INFO - Setting next_dagrun for youtube_pipeline_warehouse to None, run_after=None
[2026-09-16T15:54:40.529+0000] {processor.py:208} INFO - Processing /opt/airflow/dags/youtube_warehouse_pipeline.py took 0.144 seconds
[2026-09-16T15:55:10.909+0000] {processor.py:186} INFO - Started process (PID=4318) to work on /opt/airflow/dags/youtube_warehouse_pipeline.py
[2026-09-16T15:55:10.910+0000] {processor.py:914} INFO - Processing file /opt/airflow/dags/youtube_warehouse_pipeline.py for tasks to queue
[2026-09-16T15:55:10.913+0000] {logging_mixin.py:190} INFO - [2026-09-16T15:55:10.912+0000] {dagbag.py:588} INFO - Filling up the DagBag from /opt/airflow/dags/youtube_warehouse_pipeline.py
[2026-09-16T15:55:11.007+0000] {processor.py:925} INFO - DAG(s) 'youtube_pipeline_warehouse' retrieved from /opt/airflow/dags/youtube_warehouse_pipeline.py
[2026-09-16T15:55:11.027+0000] {logging_mixin.py:190} INFO - [2026-09-16T15:55:11.027+0000] {dag.py:3239} INFO - Sync 1 DAGs
[2026-09-16T15:55:11.044+0000] {logging_mixin.py:190} INFO - [2026-09-16T15:55:11.044+0000] {dag.py:4180} INFO - Setting next_dagrun for youtube_pipeline_warehouse to None, run_after=None
[2026-09-16T15:55:11.064+0000] {processor.py:208} INFO - Processing /opt/airflow/dags/youtube_warehouse_pipeline.py took 0.163 seconds
[2026-09-16T15:55:41.385+0000] {processor.py:186} INFO - Started process (PID=4326) to work on /opt/airflow/dags/youtube_warehouse_pipeline.py
[2026-09-16T15:55:41.388+0000] {processor.py:914} INFO - Processing file /opt/airflow/dags/youtube_warehouse_pipeline.py for tasks to queue
[2026-09-16T15:55:41.390+0000] {logging_mixin.py:190} INFO - [2026-09-16T15:55:41.389+0000] {dagbag.py:588} INFO - Filling up the DagBag from /opt/airflow/dags/youtube_warehouse_pipeline.py
[2026-09-16T15:55:41.468+0000] {processor.py:925} INFO - DAG(s) 'youtube_pipeline_warehouse' retrieved from /opt/airflow/dags/youtube_warehouse_pipeline.py
[2026-09-16T15:55:41.488+0000] {logging_mixin.py:190} INFO - [2026-09-16T15:55:41.488+0000] {dag.py:3239} INFO - Sync 1 DAGs
[2026-09-16T15:55:41.501+0000] {logging_mixin.py:190} INFO - [2026-09-16T15:55:41.500+0000] {dag.py:4180} INFO - Setting next_dagrun for youtube_pipeline_warehouse to None, run_after=None
[2026-09-16T15:55:41.524+0000] {processor.py:208} INFO - Processing /opt/airflow/dags/youtube_warehouse_pipeline.py took 0.144 seconds
[2026-09-16T15:56:11.860+0000] {processor.py:186} INFO - Started process (PID=4334) to work on /opt/airflow/dags/youtube_warehouse_pipeline.py
[2026-09-16T15:56:11.862+0000] {processor.py:914} INFO - Processing file /opt/airflow/dags/youtube_warehouse_pipeline.py for tasks to queue
[2026-09-16T15:56:11.864+0000] {logging_mixin.py:190} INFO - [2026-09-16T15:56:11.863+0000] {dagbag.py:588} INFO - Filling up the DagBag from /opt/airflow/dags/youtube_warehouse_pipeline.py
[2026-09-16T15:56:11.934+0000] {processor.py:925} INFO - DAG(s) 'youtube_pipeline_warehouse' retrieved from /opt/airflow/dags/youtube_warehouse_pipeline.py
[2026-09-16T15:56:11.953+0000] {logging_mixin.py:190} INFO - [2026-09-16T15:56:11.953+0000] {dag.py:3239} INFO - Sync 1 DAGs
[2026-09-16T15:56:11.966+0000] {logging_mixin.py:190} INFO - [2026-09-16T15:56:11.966+0000] {dag.py:4180} INFO - Setting next_dagrun for youtube_pipeline_warehouse to None, run_after=None
[2026-09-16T15:56:11.987+0000] {processor.py:208} INFO - Processing /opt/airflow/dags/youtube_warehouse_pipeline.py took 0.132 seconds
[2026-09-16T15:56:42.396+0000] {processor.py:186} INFO - Started process (PID=4342) to work on /opt/airflow/dags/youtube_warehouse_pipeline.py
[2026-09-16T15:56:42.398+0000] {processor.py:914} INFO - Processing file /opt/airflow/dags/youtube_warehouse_pipeline.py for tasks to queue
[2026-09-16T15:56:42.401+0000] {logging_mixin.py:190} INFO - [2026-09-16T15:56:42.401+0000] {dagbag.py:588} INFO - Filling up the DagBag from /opt/airflow/dags/youtube_warehouse_pipeline.py
[2026-09-16T15:56:42.497+0000] {processor.py:925} INFO - DAG(s) 'youtube_pipeline_warehouse' retrieved from /opt/airflow/dags/youtube_warehouse_pipeline.py
[2026-09-16T15:56:42.520+0000] {logging_mixin.py:190} INFO - [2026-09-16T15:56:42.520+0000] {dag.py:3239} INFO - Sync 1 DAGs
[2026-09-16T15:56:42.535+0000] {logging_mixin.py:190} INFO - [2026-09-16T15:56:42.535+0000] {dag.py:4180} INFO - Setting next_dagrun for youtube_pipeline_warehouse to None, run_after=None
[2026-09-16T15:56:42.552+0000] {processor.py:208} INFO - Processing /opt/airflow/dags/youtube_warehouse_pipeline.py took 0.163 seconds
[2026-09-16T15:57:12.871+0000] {processor.py:186} INFO - Started process (PID=4350) to work on /opt/airflow/dags/youtube_warehouse_pipeline.py
[2026-09-16T15:57:12.873+0000] {processor.py:914} INFO - Processing file /opt/airflow/dags/youtube_warehouse_pipeline.py for tasks to queue
[2026-09-16T15:57:12.875+0000] {logging_mixin.py:190} INFO - [2026-09-16T15:57:12.875+0000] {dagbag.py:588} INFO - Filling up the DagBag from /opt/airflow/dags/youtube_warehouse_pipeline.py
[2026-09-16T15:57:12.947+0000] {processor.py:925} INFO - DAG(s) 'youtube_pipeline_warehouse' retrieved from /opt/airflow/dags/youtube_warehouse_pipeline.py
[2026-09-16T15:57:12.971+0000] {logging_mixin.py:190} INFO - [2026-09-16T15:57:12.970+0000] {dag.py:3239} INFO - Sync 1 DAGs
[2026-09-16T15:57:12.985+0000] {logging_mixin.py:190} INFO - [2026-09-16T15:57:12.984+0000] {dag.py:4180} INFO - Setting next_dagrun for youtube_pipeline_warehouse to None, run_after=None
[2026-09-16T15:57:13.007+0000] {processor.py:208} INFO - Processing /opt/airflow/dags/youtube_warehouse_pipeline.py took 0.142 seconds
[2026-09-16T15:57:43.331+0000] {processor.py:186} INFO - Started process (PID=4358) to work on /opt/airflow/dags/youtube_warehouse_pipeline.py
[2026-09-16T15:57:43.333+0000] {processor.py:914} INFO - Processing file /opt/airflow/dags/youtube_warehouse_pipeline.py for tasks to queue
[2026-09-16T15:57:43.335+0000] {logging_mixin.py:190} INFO - [2026-09-16T15:57:43.335+0000] {dagbag.py:588} INFO - Filling up the DagBag from /opt/airflow/dags/youtube_warehouse_pipeline.py
[2026-09-16T15:57:43.431+0000] {processor.py:925} INFO - DAG(s) 'youtube_pipeline_warehouse' retrieved from /opt/airflow/dags/youtube_warehouse_pipeline.py
[2026-09-16T15:57:43.454+0000] {logging_mixin.py:190} INFO - [2026-09-16T15:57:43.454+0000] {dag.py:3239} INFO - Sync 1 DAGs
[2026-09-16T15:57:43.472+0000] {logging_mixin.py:190} INFO - [2026-09-16T15:57:43.471+0000] {dag.py:4180} INFO - Setting next_dagrun for youtube_pipeline_warehouse to None, run_after=None
[2026-09-16T15:57:43.492+0000] {processor.py:208} INFO - Processing /opt/airflow/dags/youtube_warehouse_pipeline.py took 0.167 seconds
[2026-09-16T15:58:13.795+0000] {processor.py:186} INFO - Started process (PID=4366) to work on /opt/airflow/dags/youtube_warehouse_pipeline.py
[2026-09-16T15:58:13.797+0000] {processor.py:914} INFO - Processing file /opt/airflow/dags/youtube_warehouse_pipeline.py for tasks to queue
[2026-09-16T15:58:13.799+0000] {logging_mixin.py:190} INFO - [2026-09-16T15:58:13.799+0000] {dagbag.py:588} INFO - Filling up the DagBag from /opt/airflow/dags/youtube_warehouse_pipeline.py
[2026-09-16T15:58:13.877+0000] {processor.py:925} INFO - DAG(s) 'youtube_pipeline_warehouse' retrieved from /opt/airflow/dags/youtube_warehouse_pipeline.py
[2026-09-16T15:58:13.898+0000] {logging_mixin.py:190} INFO - [2026-09-16T15:58:13.897+0000] {dag.py:3239} INFO - Sync 1 DAGs
[2026-09-16T15:58:13.912+0000] {logging_mixin.py:190} INFO - [2026-09-16T15:58:13.911+0000] {dag.py:4180} INFO - Setting next_dagrun for youtube_pipeline_warehouse to None, run_after=None
[2026-09-16T15:58:13.933+0000] {processor.py:208} INFO - Processing /opt/airflow/dags/youtube_warehouse_pipeline.py took 0.145 seconds
[2026-09-16T15:58:44.328+0000] {processor.py:186} INFO - Started process (PID=4374) to work on /opt/airflow/dags/youtube_warehouse_pipeline.py
[2026-09-16T15:58:44.333+0000] {processor.py:914} INFO - Processing file /opt/airflow/dags/youtube_warehouse_pipeline.py for tasks to queue
[2026-09-16T15:58:44.338+0000] {logging_mixin.py:190} INFO - [2026-09-16T15:58:44.337+0000] {dagbag.py:588} INFO - Filling up the DagBag from /opt/airflow/dags/youtube_warehouse_pipeline.py
[2026-09-16T15:58:44.493+0000] {processor.py:925} INFO - DAG(s) 'youtube_pipeline_warehouse' retrieved from /opt/airflow/dags/youtube_warehouse_pipeline.py
[2026-09-16T15:58:44.549+0000] {logging_mixin.py:190} INFO - [2026-09-16T15:58:44.548+0000] {dag.py:3239} INFO - Sync 1 DAGs
[2026-09-16T15:58:44.607+0000] {logging_mixin.py:190} INFO - [2026-09-16T15:58:44.607+0000] {dag.py:4180} INFO - Setting next_dagrun for youtube_pipeline_warehouse to None, run_after=None
[2026-09-16T15:58:44.648+0000] {processor.py:208} INFO - Processing /opt/airflow/dags/youtube_warehouse_pipeline.py took 0.349 seconds
[2026-09-16T15:59:16.306+0000] {processor.py:186} INFO - Started process (PID=4382) to work on /opt/airflow/dags/youtube_warehouse_pipeline.py
[2026-09-16T15:59:16.340+0000] {processor.py:914} INFO - Processing file /opt/airflow/dags/youtube_warehouse_pipeline.py for tasks to queue
[2026-09-16T15:59:16.367+0000] {logging_mixin.py:190} INFO - [2026-09-16T15:59:16.361+0000] {dagbag.py:588} INFO - Filling up the DagBag from /opt/airflow/dags/youtube_warehouse_pipeline.py
[2026-09-16T15:59:16.721+0000] {processor.py:925} INFO - DAG(s) 'youtube_pipeline_warehouse' retrieved from /opt/airflow/dags/youtube_warehouse_pipeline.py
[2026-09-16T15:59:16.791+0000] {logging_mixin.py:190} INFO - [2026-09-16T15:59:16.791+0000] {dag.py:3239} INFO - Sync 1 DAGs
[2026-09-16T15:59:16.842+0000] {logging_mixin.py:190} INFO - [2026-09-16T15:59:16.842+0000] {dag.py:4180} INFO - Setting next_dagrun for youtube_pipeline_warehouse to None, run_after=None
[2026-09-16T15:59:16.862+0000] {processor.py:208} INFO - Processing /opt/airflow/dags/youtube_warehouse_pipeline.py took 1.841 seconds
[2026-09-16T15:59:47.517+0000] {processor.py:186} INFO - Started process (PID=4390) to work on /opt/airflow/dags/youtube_warehouse_pipeline.py
[2026-09-16T15:59:47.520+0000] {processor.py:914} INFO - Processing file /opt/airflow/dags/youtube_warehouse_pipeline.py for tasks to queue
[2026-09-16T15:59:47.523+0000] {logging_mixin.py:190} INFO - [2026-09-16T15:59:47.523+0000] {dagbag.py:588} INFO - Filling up the DagBag from /opt/airflow/dags/youtube_warehouse_pipeline.py
[2026-09-16T15:59:47.812+0000] {processor.py:925} INFO - DAG(s) 'youtube_pipeline_warehouse' retrieved from /opt/airflow/dags/youtube_warehouse_pipeline.py
[2026-09-16T15:59:47.846+0000] {logging_mixin.py:190} INFO - [2026-09-16T15:59:47.845+0000] {dag.py:3239} INFO - Sync 1 DAGs
[2026-09-16T15:59:47.860+0000] {logging_mixin.py:190} INFO - [2026-09-16T15:59:47.860+0000] {dag.py:4180} INFO - Setting next_dagrun for youtube_pipeline_warehouse to None, run_after=None
[2026-09-16T15:59:47.881+0000] {processor.py:208} INFO - Processing /opt/airflow/dags/youtube_warehouse_pipeline.py took 0.371 seconds
[2026-09-16T16:00:18.155+0000] {processor.py:186} INFO - Started process (PID=4398) to work on /opt/airflow/dags/youtube_warehouse_pipeline.py
[2026-09-16T16:00:18.158+0000] {processor.py:914} INFO - Processing file /opt/airflow/dags/youtube_warehouse_pipeline.py for tasks to queue
[2026-09-16T16:00:18.160+0000] {logging_mixin.py:190} INFO - [2026-09-16T16:00:18.160+0000] {dagbag.py:588} INFO - Filling up the DagBag from /opt/airflow/dags/youtube_warehouse_pipeline.py
[2026-09-16T16:00:18.239+0000] {processor.py:925} INFO - DAG(s) 'youtube_pipeline_warehouse' retrieved from /opt/airflow/dags/youtube_warehouse_pipeline.py
[2026-09-16T16:00:18.258+0000] {logging_mixin.py:190} INFO - [2026-09-16T16:00:18.258+0000] {dag.py:3239} INFO - Sync 1 DAGs
[2026-09-16T16:00:18.271+0000] {logging_mixin.py:190} INFO - [2026-09-16T16:00:18.271+0000] {dag.py:4180} INFO - Setting next_dagrun for youtube_pipeline_warehouse to None, run_after=None
[2026-09-16T16:00:18.292+0000] {processor.py:208} INFO - Processing /opt/airflow/dags/youtube_warehouse_pipeline.py took 0.167 seconds
[2026-09-16T16:00:48.942+0000] {processor.py:186} INFO - Started process (PID=4406) to work on /opt/airflow/dags/youtube_warehouse_pipeline.py
[2026-09-16T16:00:48.951+0000] {processor.py:914} INFO - Processing file /opt/airflow/dags/youtube_warehouse_pipeline.py for tasks to queue
[2026-09-16T16:00:48.956+0000] {logging_mixin.py:190} INFO - [2026-09-16T16:00:48.956+0000] {dagbag.py:588} INFO - Filling up the DagBag from /opt/airflow/dags/youtube_warehouse_pipeline.py
[2026-09-16T16:00:49.056+0000] {processor.py:925} INFO - DAG(s) 'youtube_pipeline_warehouse' retrieved from /opt/airflow/dags/youtube_warehouse_pipeline.py
[2026-09-16T16:00:49.085+0000] {logging_mixin.py:190} INFO - [2026-09-16T16:00:49.085+0000] {dag.py:3239} INFO - Sync 1 DAGs
[2026-09-16T16:00:49.099+0000] {logging_mixin.py:190} INFO - [2026-09-16T16:00:49.099+0000] {dag.py:4180} INFO - Setting next_dagrun for youtube_pipeline_warehouse to None, run_after=None
[2026-09-16T16:00:49.128+0000] {processor.py:208} INFO - Processing /opt/airflow/dags/youtube_warehouse_pipeline.py took 0.301 seconds
[2026-09-16T16:01:19.526+0000] {processor.py:186} INFO - Started process (PID=4414) to work on /opt/airflow/dags/youtube_warehouse_pipeline.py
[2026-09-16T16:01:19.539+0000] {processor.py:914} INFO - Processing file /opt/airflow/dags/youtube_warehouse_pipeline.py for tasks to queue
[2026-09-16T16:01:19.558+0000] {logging_mixin.py:190} INFO - [2026-09-16T16:01:19.557+0000] {dagbag.py:588} INFO - Filling up the DagBag from /opt/airflow/dags/youtube_warehouse_pipeline.py
[2026-09-16T16:01:19.779+0000] {processor.py:925} INFO - DAG(s) 'youtube_pipeline_warehouse' retrieved from /opt/airflow/dags/youtube_warehouse_pipeline.py
[2026-09-16T16:01:19.870+0000] {logging_mixin.py:190} INFO - [2026-09-16T16:01:19.870+0000] {dag.py:3239} INFO - Sync 1 DAGs
[2026-09-16T16:01:19.906+0000] {logging_mixin.py:190} INFO - [2026-09-16T16:01:19.906+0000] {dag.py:4180} INFO - Setting next_dagrun for youtube_pipeline_warehouse to None, run_after=None
[2026-09-16T16:01:19.952+0000] {processor.py:208} INFO - Processing /opt/airflow/dags/youtube_warehouse_pipeline.py took 0.476 seconds
[2026-09-16T16:01:50.837+0000] {processor.py:186} INFO - Started process (PID=4422) to work on /opt/airflow/dags/youtube_warehouse_pipeline.py
[2026-09-16T16:01:50.838+0000] {processor.py:914} INFO - Processing file /opt/airflow/dags/youtube_warehouse_pipeline.py for tasks to queue
[2026-09-16T16:01:50.840+0000] {logging_mixin.py:190} INFO - [2026-09-16T16:01:50.840+0000] {dagbag.py:588} INFO - Filling up the DagBag from /opt/airflow/dags/youtube_warehouse_pipeline.py
[2026-09-16T16:01:50.891+0000] {processor.py:925} INFO - DAG(s) 'youtube_pipeline_warehouse' retrieved from /opt/airflow/dags/youtube_warehouse_pipeline.py
[2026-09-16T16:01:50.909+0000] {logging_mixin.py:190} INFO - [2026-09-16T16:01:50.909+0000] {dag.py:3239} INFO - Sync 1 DAGs
[2026-09-16T16:01:50.922+0000] {logging_mixin.py:190} INFO - [2026-09-16T16:01:50.922+0000] {dag.py:4180} INFO - Setting next_dagrun for youtube_pipeline_warehouse to None, run_after=None
[2026-09-16T16:01:50.941+0000] {processor.py:208} INFO - Processing /opt/airflow/dags/youtube_warehouse_pipeline.py took 0.110 seconds
[2026-09-16T16:02:21.310+0000] {processor.py:186} INFO - Started process (PID=4430) to work on /opt/airflow/dags/youtube_warehouse_pipeline.py
[2026-09-16T16:02:21.312+0000] {processor.py:914} INFO - Processing file /opt/airflow/dags/youtube_warehouse_pipeline.py for tasks to queue
[2026-09-16T16:02:21.314+0000] {logging_mixin.py:190} INFO - [2026-09-16T16:02:21.314+0000] {dagbag.py:588} INFO - Filling up the DagBag from /opt/airflow/dags/youtube_warehouse_pipeline.py
[2026-09-16T16:02:21.395+0000] {processor.py:925} INFO - DAG(s) 'youtube_pipeline_warehouse' retrieved from /opt/airflow/dags/youtube_warehouse_pipeline.py
[2026-09-16T16:02:21.413+0000] {logging_mixin.py:190} INFO - [2026-09-16T16:02:21.413+0000] {dag.py:3239} INFO - Sync 1 DAGs
[2026-09-16T16:02:21.425+0000] {logging_mixin.py:190} INFO - [2026-09-16T16:02:21.425+0000] {dag.py:4180} INFO - Setting next_dagrun for youtube_pipeline_warehouse to None, run_after=None
[2026-09-16T16:02:21.445+0000] {processor.py:208} INFO - Processing /opt/airflow/dags/youtube_warehouse_pipeline.py took 0.140 seconds
[2026-09-16T16:02:51.805+0000] {processor.py:186} INFO - Started process (PID=4438) to work on /opt/airflow/dags/youtube_warehouse_pipeline.py
[2026-09-16T16:02:51.807+0000] {processor.py:914} INFO - Processing file /opt/airflow/dags/youtube_warehouse_pipeline.py for tasks to queue
[2026-09-16T16:02:51.809+0000] {logging_mixin.py:190} INFO - [2026-09-16T16:02:51.809+0000] {dagbag.py:588} INFO - Filling up the DagBag from /opt/airflow/dags/youtube_warehouse_pipeline.py
[2026-09-16T16:02:51.884+0000] {processor.py:925} INFO - DAG(s) 'youtube_pipeline_warehouse' retrieved from /opt/airflow/dags/youtube_warehouse_pipeline.py
[2026-09-16T16:02:51.912+0000] {logging_mixin.py:190} INFO - [2026-09-16T16:02:51.912+0000] {dag.py:3239} INFO - Sync 1 DAGs
[2026-09-16T16:02:51.926+0000] {logging_mixin.py:190} INFO - [2026-09-16T16:02:51.926+0000] {dag.py:4180} INFO - Setting next_dagrun for youtube_pipeline_warehouse to None, run_after=None
[2026-09-16T16:02:51.946+0000] {processor.py:208} INFO - Processing /opt/airflow/dags/youtube_warehouse_pipeline.py took 0.147 seconds
[2026-09-16T16:03:22.284+0000] {processor.py:186} INFO - Started process (PID=4446) to work on /opt/airflow/dags/youtube_warehouse_pipeline.py
[2026-09-16T16:03:22.286+0000] {processor.py:914} INFO - Processing file /opt/airflow/dags/youtube_warehouse_pipeline.py for tasks to queue
[2026-09-16T16:03:22.288+0000] {logging_mixin.py:190} INFO - [2026-09-16T16:03:22.288+0000] {dagbag.py:588} INFO - Filling up the DagBag from /opt/airflow/dags/youtube_warehouse_pipeline.py
[2026-09-16T16:03:22.360+0000] {processor.py:925} INFO - DAG(s) 'youtube_pipeline_warehouse' retrieved from /opt/airflow/dags/youtube_warehouse_pipeline.py
[2026-09-16T16:03:22.387+0000] {logging_mixin.py:190} INFO - [2026-09-16T16:03:22.386+0000] {dag.py:3239} INFO - Sync 1 DAGs
[2026-09-16T16:03:22.403+0000] {logging_mixin.py:190} INFO - [2026-09-16T16:03:22.403+0000] {dag.py:4180} INFO - Setting next_dagrun for youtube_pipeline_warehouse to None, run_after=None
[2026-09-16T16:03:22.424+0000] {processor.py:208} INFO - Processing /opt/airflow/dags/youtube_warehouse_pipeline.py took 0.147 seconds
[2026-09-16T16:03:52.641+0000] {processor.py:186} INFO - Started process (PID=4454) to work on /opt/airflow/dags/youtube_warehouse_pipeline.py
[2026-09-16T16:03:52.643+0000] {processor.py:914} INFO - Processing file /opt/airflow/dags/youtube_warehouse_pipeline.py for tasks to queue
[2026-09-16T16:03:52.645+0000] {logging_mixin.py:190} INFO - [2026-09-16T16:03:52.645+0000] {dagbag.py:588} INFO - Filling up the DagBag from /opt/airflow/dags/youtube_warehouse_pipeline.py
[2026-09-16T16:03:52.761+0000] {processor.py:925} INFO - DAG(s) 'youtube_pipeline_warehouse' retrieved from /opt/airflow/dags/youtube_warehouse_pipeline.py
[2026-09-16T16:03:52.793+0000] {logging_mixin.py:190} INFO - [2026-09-16T16:03:52.793+0000] {dag.py:3239} INFO - Sync 1 DAGs
[2026-09-16T16:03:52.811+0000] {logging_mixin.py:190} INFO - [2026-09-16T16:03:52.810+0000] {dag.py:4180} INFO - Setting next_dagrun for youtube_pipeline_warehouse to None, run_after=None
[2026-09-16T16:03:52.831+0000] {processor.py:208} INFO - Processing /opt/airflow/dags/youtube_warehouse_pipeline.py took 0.198 seconds
[2026-09-16T16:04:23.568+0000] {processor.py:186} INFO - Started process (PID=4462) to work on /opt/airflow/dags/youtube_warehouse_pipeline.py
[2026-09-16T16:04:23.570+0000] {processor.py:914} INFO - Processing file /opt/airflow/dags/youtube_warehouse_pipeline.py for tasks to queue
[2026-09-16T16:04:23.572+0000] {logging_mixin.py:190} INFO - [2026-09-16T16:04:23.572+0000] {dagbag.py:588} INFO - Filling up the DagBag from /opt/airflow/dags/youtube_warehouse_pipeline.py
[2026-09-16T16:04:23.622+0000] {processor.py:925} INFO - DAG(s) 'youtube_pipeline_warehouse' retrieved from /opt/airflow/dags/youtube_warehouse_pipeline.py
[2026-09-16T16:04:23.643+0000] {logging_mixin.py:190} INFO - [2026-09-16T16:04:23.643+0000] {dag.py:3239} INFO - Sync 1 DAGs
[2026-09-16T16:04:23.657+0000] {logging_mixin.py:190} INFO - [2026-09-16T16:04:23.657+0000] {dag.py:4180} INFO - Setting next_dagrun for youtube_pipeline_warehouse to None, run_after=None
[2026-09-16T16:04:23.675+0000] {processor.py:208} INFO - Processing /opt/airflow/dags/youtube_warehouse_pipeline.py took 0.113 seconds
[2026-09-16T16:04:54.028+0000] {processor.py:186} INFO - Started process (PID=4470) to work on /opt/airflow/dags/youtube_warehouse_pipeline.py
[2026-09-16T16:04:54.030+0000] {processor.py:914} INFO - Processing file /opt/airflow/dags/youtube_warehouse_pipeline.py for tasks to queue
[2026-09-16T16:04:54.033+0000] {logging_mixin.py:190} INFO - [2026-09-16T16:04:54.032+0000] {dagbag.py:588} INFO - Filling up the DagBag from /opt/airflow/dags/youtube_warehouse_pipeline.py
[2026-09-16T16:04:54.132+0000] {processor.py:925} INFO - DAG(s) 'youtube_pipeline_warehouse' retrieved from /opt/airflow/dags/youtube_warehouse_pipeline.py
[2026-09-16T16:04:54.152+0000] {logging_mixin.py:190} INFO - [2026-09-16T16:04:54.152+0000] {dag.py:3239} INFO - Sync 1 DAGs
[2026-09-16T16:04:54.166+0000] {logging_mixin.py:190} INFO - [2026-09-16T16:04:54.166+0000] {dag.py:4180} INFO - Setting next_dagrun for youtube_pipeline_warehouse to None, run_after=None
[2026-09-16T16:04:54.188+0000] {processor.py:208} INFO - Processing /opt/airflow/dags/youtube_warehouse_pipeline.py took 0.167 seconds
[2026-09-16T16:05:24.558+0000] {processor.py:186} INFO - Started process (PID=4478) to work on /opt/airflow/dags/youtube_warehouse_pipeline.py
[2026-09-16T16:05:24.561+0000] {processor.py:914} INFO - Processing file /opt/airflow/dags/youtube_warehouse_pipeline.py for tasks to queue
[2026-09-16T16:05:24.563+0000] {logging_mixin.py:190} INFO - [2026-09-16T16:05:24.563+0000] {dagbag.py:588} INFO - Filling up the DagBag from /opt/airflow/dags/youtube_warehouse_pipeline.py
[2026-09-16T16:05:24.635+0000] {processor.py:925} INFO - DAG(s) 'youtube_pipeline_warehouse' retrieved from /opt/airflow/dags/youtube_warehouse_pipeline.py
[2026-09-16T16:05:24.655+0000] {logging_mixin.py:190} INFO - [2026-09-16T16:05:24.655+0000] {dag.py:3239} INFO - Sync 1 DAGs
[2026-09-16T16:05:24.668+0000] {logging_mixin.py:190} INFO - [2026-09-16T16:05:24.667+0000] {dag.py:4180} INFO - Setting next_dagrun for youtube_pipeline_warehouse to None, run_after=None
[2026-09-16T16:05:24.689+0000] {processor.py:208} INFO - Processing /opt/airflow/dags/youtube_warehouse_pipeline.py took 0.138 seconds
[2026-09-16T16:05:55.053+0000] {processor.py:186} INFO - Started process (PID=4486) to work on /opt/airflow/dags/youtube_warehouse_pipeline.py
[2026-09-16T16:05:55.055+0000] {processor.py:914} INFO - Processing file /opt/airflow/dags/youtube_warehouse_pipeline.py for tasks to queue
[2026-09-16T16:05:55.058+0000] {logging_mixin.py:190} INFO - [2026-09-16T16:05:55.058+0000] {dagbag.py:588} INFO - Filling up the DagBag from /opt/airflow/dags/youtube_warehouse_pipeline.py
[2026-09-16T16:05:55.137+0000] {processor.py:925} INFO - DAG(s) 'youtube_pipeline_warehouse' retrieved from /opt/airflow/dags/youtube_warehouse_pipeline.py
[2026-09-16T16:05:55.156+0000] {logging_mixin.py:190} INFO - [2026-09-16T16:05:55.156+0000] {dag.py:3239} INFO - Sync 1 DAGs
[2026-09-16T16:05:55.169+0000] {logging_mixin.py:190} INFO - [2026-09-16T16:05:55.169+0000] {dag.py:4180} INFO - Setting next_dagrun for youtube_pipeline_warehouse to None, run_after=None
[2026-09-16T16:05:55.190+0000] {processor.py:208} INFO - Processing /opt/airflow/dags/youtube_warehouse_pipeline.py took 0.142 seconds
[2026-09-16T16:06:25.560+0000] {processor.py:186} INFO - Started process (PID=4494) to work on /opt/airflow/dags/youtube_warehouse_pipeline.py
[2026-09-16T16:06:25.562+0000] {processor.py:914} INFO - Processing file /opt/airflow/dags/youtube_warehouse_pipeline.py for tasks to queue
[2026-09-16T16:06:25.564+0000] {logging_mixin.py:190} INFO - [2026-09-16T16:06:25.564+0000] {dagbag.py:588} INFO - Filling up the DagBag from /opt/airflow/dags/youtube_warehouse_pipeline.py
[2026-09-16T16:06:25.619+0000] {processor.py:925} INFO - DAG(s) 'youtube_pipeline_warehouse' retrieved from /opt/airflow/dags/youtube_warehouse_pipeline.py
[2026-09-16T16:06:25.651+0000] {logging_mixin.py:190} INFO - [2026-09-16T16:06:25.651+0000] {dag.py:3239} INFO - Sync 1 DAGs
[2026-09-16T16:06:25.664+0000] {logging_mixin.py:190} INFO - [2026-09-16T16:06:25.664+0000] {dag.py:4180} INFO - Setting next_dagrun for youtube_pipeline_warehouse to None, run_after=None
[2026-09-16T16:06:25.684+0000] {processor.py:208} INFO - Processing /opt/airflow/dags/youtube_warehouse_pipeline.py took 0.129 seconds
[2026-09-16T16:06:56.075+0000] {processor.py:186} INFO - Started process (PID=4502) to work on /opt/airflow/dags/youtube_warehouse_pipeline.py
[2026-09-16T16:06:56.077+0000] {processor.py:914} INFO - Processing file /opt/airflow/dags/youtube_warehouse_pipeline.py for tasks to queue
[2026-09-16T16:06:56.079+0000] {logging_mixin.py:190} INFO - [2026-09-16T16:06:56.079+0000] {dagbag.py:588} INFO - Filling up the DagBag from /opt/airflow/dags/youtube_warehouse_pipeline.py
[2026-09-16T16:06:56.152+0000] {processor.py:925} INFO - DAG(s) 'youtube_pipeline_warehouse' retrieved from /opt/airflow/dags/youtube_warehouse_pipeline.py
[2026-09-16T16:06:56.171+0000] {logging_mixin.py:190} INFO - [2026-09-16T16:06:56.171+0000] {dag.py:3239} INFO - Sync 1 DAGs
[2026-09-16T16:06:56.183+0000] {logging_mixin.py:190} INFO - [2026-09-16T16:06:56.182+0000] {dag.py:4180} INFO - Setting next_dagrun for youtube_pipeline_warehouse to None, run_after=None
[2026-09-16T16:06:56.201+0000] {processor.py:208} INFO - Processing /opt/airflow/dags/youtube_warehouse_pipeline.py took 0.132 seconds
[2026-09-16T16:07:26.548+0000] {processor.py:186} INFO - Started process (PID=4511) to work on /opt/airflow/dags/youtube_warehouse_pipeline.py
[2026-09-16T16:07:26.551+0000] {processor.py:914} INFO - Processing file /opt/airflow/dags/youtube_warehouse_pipeline.py for tasks to queue
[2026-09-16T16:07:26.553+0000] {logging_mixin.py:190} INFO - [2026-09-16T16:07:26.552+0000] {dagbag.py:588} INFO - Filling up the DagBag from /opt/airflow/dags/youtube_warehouse_pipeline.py
[2026-09-16T16:07:26.628+0000] {processor.py:925} INFO - DAG(s) 'youtube_pipeline_warehouse' retrieved from /opt/airflow/dags/youtube_warehouse_pipeline.py
[2026-09-16T16:07:26.668+0000] {logging_mixin.py:190} INFO - [2026-09-16T16:07:26.668+0000] {dag.py:3239} INFO - Sync 1 DAGs
[2026-09-16T16:07:26.694+0000] {logging_mixin.py:190} INFO - [2026-09-16T16:07:26.694+0000] {dag.py:4180} INFO - Setting next_dagrun for youtube_pipeline_warehouse to None, run_after=None
[2026-09-16T16:07:26.726+0000] {processor.py:208} INFO - Processing /opt/airflow/dags/youtube_warehouse_pipeline.py took 0.184 seconds
[2026-09-16T16:07:57.094+0000] {processor.py:186} INFO - Started process (PID=4519) to work on /opt/airflow/dags/youtube_warehouse_pipeline.py
[2026-09-16T16:07:57.095+0000] {processor.py:914} INFO - Processing file /opt/airflow/dags/youtube_warehouse_pipeline.py for tasks to queue
[2026-09-16T16:07:57.097+0000] {logging_mixin.py:190} INFO - [2026-09-16T16:07:57.096+0000] {dagbag.py:588} INFO - Filling up the DagBag from /opt/airflow/dags/youtube_warehouse_pipeline.py
[2026-09-16T16:07:57.176+0000] {processor.py:925} INFO - DAG(s) 'youtube_pipeline_warehouse' retrieved from /opt/airflow/dags/youtube_warehouse_pipeline.py
[2026-09-16T16:07:57.226+0000] {logging_mixin.py:190} INFO - [2026-09-16T16:07:57.226+0000] {dag.py:3239} INFO - Sync 1 DAGs
[2026-09-16T16:07:57.265+0000] {logging_mixin.py:190} INFO - [2026-09-16T16:07:57.265+0000] {dag.py:4180} INFO - Setting next_dagrun for youtube_pipeline_warehouse to None, run_after=None
[2026-09-16T16:07:57.316+0000] {processor.py:208} INFO - Processing /opt/airflow/dags/youtube_warehouse_pipeline.py took 0.227 seconds
[2026-09-16T16:08:27.477+0000] {processor.py:186} INFO - Started process (PID=4527) to work on /opt/airflow/dags/youtube_warehouse_pipeline.py
[2026-09-16T16:08:27.478+0000] {processor.py:914} INFO - Processing file /opt/airflow/dags/youtube_warehouse_pipeline.py for tasks to queue
[2026-09-16T16:08:27.480+0000] {logging_mixin.py:190} INFO - [2026-09-16T16:08:27.479+0000] {dagbag.py:588} INFO - Filling up the DagBag from /opt/airflow/dags/youtube_warehouse_pipeline.py
[2026-09-16T16:08:27.540+0000] {processor.py:925} INFO - DAG(s) 'youtube_pipeline_warehouse' retrieved from /opt/airflow/dags/youtube_warehouse_pipeline.py
[2026-09-16T16:08:27.563+0000] {logging_mixin.py:190} INFO - [2026-09-16T16:08:27.563+0000] {dag.py:3239} INFO - Sync 1 DAGs
[2026-09-16T16:08:27.577+0000] {logging_mixin.py:190} INFO - [2026-09-16T16:08:27.577+0000] {dag.py:4180} INFO - Setting next_dagrun for youtube_pipeline_warehouse to None, run_after=None
[2026-09-16T16:08:27.598+0000] {processor.py:208} INFO - Processing /opt/airflow/dags/youtube_warehouse_pipeline.py took 0.126 seconds
[2026-09-16T16:08:57.990+0000] {processor.py:186} INFO - Started process (PID=4535) to work on /opt/airflow/dags/youtube_warehouse_pipeline.py
[2026-09-16T16:08:57.992+0000] {processor.py:914} INFO - Processing file /opt/airflow/dags/youtube_warehouse_pipeline.py for tasks to queue
[2026-09-16T16:08:57.994+0000] {logging_mixin.py:190} INFO - [2026-09-16T16:08:57.993+0000] {dagbag.py:588} INFO - Filling up the DagBag from /opt/airflow/dags/youtube_warehouse_pipeline.py
[2026-09-16T16:08:58.061+0000] {processor.py:925} INFO - DAG(s) 'youtube_pipeline_warehouse' retrieved from /opt/airflow/dags/youtube_warehouse_pipeline.py
[2026-09-16T16:08:58.089+0000] {logging_mixin.py:190} INFO - [2026-09-16T16:08:58.088+0000] {dag.py:3239} INFO - Sync 1 DAGs
[2026-09-16T16:08:58.108+0000] {logging_mixin.py:190} INFO - [2026-09-16T16:08:58.108+0000] {dag.py:4180} INFO - Setting next_dagrun for youtube_pipeline_warehouse to None, run_after=None
[2026-09-16T16:08:58.132+0000] {processor.py:208} INFO - Processing /opt/airflow/dags/youtube_warehouse_pipeline.py took 0.148 seconds
[2026-09-16T16:09:28.509+0000] {processor.py:186} INFO - Started process (PID=4543) to work on /opt/airflow/dags/youtube_warehouse_pipeline.py
[2026-09-16T16:09:28.511+0000] {processor.py:914} INFO - Processing file /opt/airflow/dags/youtube_warehouse_pipeline.py for tasks to queue
[2026-09-16T16:09:28.512+0000] {logging_mixin.py:190} INFO - [2026-09-16T16:09:28.512+0000] {dagbag.py:588} INFO - Filling up the DagBag from /opt/airflow/dags/youtube_warehouse_pipeline.py
[2026-09-16T16:09:28.568+0000] {processor.py:925} INFO - DAG(s) 'youtube_pipeline_warehouse' retrieved from /opt/airflow/dags/youtube_warehouse_pipeline.py
[2026-09-16T16:09:28.587+0000] {logging_mixin.py:190} INFO - [2026-09-16T16:09:28.587+0000] {dag.py:3239} INFO - Sync 1 DAGs
[2026-09-16T16:09:28.599+0000] {logging_mixin.py:190} INFO - [2026-09-16T16:09:28.599+0000] {dag.py:4180} INFO - Setting next_dagrun for youtube_pipeline_warehouse to None, run_after=None
[2026-09-16T16:09:28.618+0000] {processor.py:208} INFO - Processing /opt/airflow/dags/youtube_warehouse_pipeline.py took 0.114 seconds
[2026-09-16T16:09:58.979+0000] {processor.py:186} INFO - Started process (PID=4551) to work on /opt/airflow/dags/youtube_warehouse_pipeline.py
[2026-09-16T16:09:58.981+0000] {processor.py:914} INFO - Processing file /opt/airflow/dags/youtube_warehouse_pipeline.py for tasks to queue
[2026-09-16T16:09:58.983+0000] {logging_mixin.py:190} INFO - [2026-09-16T16:09:58.982+0000] {dagbag.py:588} INFO - Filling up the DagBag from /opt/airflow/dags/youtube_warehouse_pipeline.py
[2026-09-16T16:09:59.036+0000] {processor.py:925} INFO - DAG(s) 'youtube_pipeline_warehouse' retrieved from /opt/airflow/dags/youtube_warehouse_pipeline.py
[2026-09-16T16:09:59.057+0000] {logging_mixin.py:190} INFO - [2026-09-16T16:09:59.057+0000] {dag.py:3239} INFO - Sync 1 DAGs
[2026-09-16T16:09:59.071+0000] {logging_mixin.py:190} INFO - [2026-09-16T16:09:59.071+0000] {dag.py:4180} INFO - Setting next_dagrun for youtube_pipeline_warehouse to None, run_after=None
[2026-09-16T16:09:59.091+0000] {processor.py:208} INFO - Processing /opt/airflow/dags/youtube_warehouse_pipeline.py took 0.118 seconds
[2026-09-16T16:10:29.444+0000] {processor.py:186} INFO - Started process (PID=4559) to work on /opt/airflow/dags/youtube_warehouse_pipeline.py
[2026-09-16T16:10:29.445+0000] {processor.py:914} INFO - Processing file /opt/airflow/dags/youtube_warehouse_pipeline.py for tasks to queue
[2026-09-16T16:10:29.448+0000] {logging_mixin.py:190} INFO - [2026-09-16T16:10:29.448+0000] {dagbag.py:588} INFO - Filling up the DagBag from /opt/airflow/dags/youtube_warehouse_pipeline.py
[2026-09-16T16:10:29.497+0000] {processor.py:925} INFO - DAG(s) 'youtube_pipeline_warehouse' retrieved from /opt/airflow/dags/youtube_warehouse_pipeline.py
[2026-09-16T16:10:29.516+0000] {logging_mixin.py:190} INFO - [2026-09-16T16:10:29.516+0000] {dag.py:3239} INFO - Sync 1 DAGs
[2026-09-16T16:10:29.529+0000] {logging_mixin.py:190} INFO - [2026-09-16T16:10:29.529+0000] {dag.py:4180} INFO - Setting next_dagrun for youtube_pipeline_warehouse to None, run_after=None
[2026-09-16T16:10:29.549+0000] {processor.py:208} INFO - Processing /opt/airflow/dags/youtube_warehouse_pipeline.py took 0.111 seconds
[2026-09-16T16:10:59.809+0000] {processor.py:186} INFO - Started process (PID=4567) to work on /opt/airflow/dags/youtube_warehouse_pipeline.py
[2026-09-16T16:10:59.811+0000] {processor.py:914} INFO - Processing file /opt/airflow/dags/youtube_warehouse_pipeline.py for tasks to queue
[2026-09-16T16:10:59.812+0000] {logging_mixin.py:190} INFO - [2026-09-16T16:10:59.812+0000] {dagbag.py:588} INFO - Filling up the DagBag from /opt/airflow/dags/youtube_warehouse_pipeline.py
[2026-09-16T16:10:59.861+0000] {processor.py:925} INFO - DAG(s) 'youtube_pipeline_warehouse' retrieved from /opt/airflow/dags/youtube_warehouse_pipeline.py
[2026-09-16T16:10:59.893+0000] {logging_mixin.py:190} INFO - [2026-09-16T16:10:59.893+0000] {dag.py:3239} INFO - Sync 1 DAGs
[2026-09-16T16:10:59.906+0000] {logging_mixin.py:190} INFO - [2026-09-16T16:10:59.906+0000] {dag.py:4180} INFO - Setting next_dagrun for youtube_pipeline_warehouse to None, run_after=None
[2026-09-16T16:10:59.925+0000] {processor.py:208} INFO - Processing /opt/airflow/dags/youtube_warehouse_pipeline.py took 0.121 seconds
[2026-09-16T16:11:30.299+0000] {processor.py:186} INFO - Started process (PID=4575) to work on /opt/airflow/dags/youtube_warehouse_pipeline.py
[2026-09-16T16:11:30.300+0000] {processor.py:914} INFO - Processing file /opt/airflow/dags/youtube_warehouse_pipeline.py for tasks to queue
[2026-09-16T16:11:30.303+0000] {logging_mixin.py:190} INFO - [2026-09-16T16:11:30.302+0000] {dagbag.py:588} INFO - Filling up the DagBag from /opt/airflow/dags/youtube_warehouse_pipeline.py
[2026-09-16T16:11:30.378+0000] {processor.py:925} INFO - DAG(s) 'youtube_pipeline_warehouse' retrieved from /opt/airflow/dags/youtube_warehouse_pipeline.py
[2026-09-16T16:11:30.400+0000] {logging_mixin.py:190} INFO - [2026-09-16T16:11:30.400+0000] {dag.py:3239} INFO - Sync 1 DAGs
[2026-09-16T16:11:30.415+0000] {logging_mixin.py:190} INFO - [2026-09-16T16:11:30.415+0000] {dag.py:4180} INFO - Setting next_dagrun for youtube_pipeline_warehouse to None, run_after=None
[2026-09-16T16:11:30.435+0000] {processor.py:208} INFO - Processing /opt/airflow/dags/youtube_warehouse_pipeline.py took 0.142 seconds
[2026-09-16T16:12:00.814+0000] {processor.py:186} INFO - Started process (PID=4583) to work on /opt/airflow/dags/youtube_warehouse_pipeline.py
[2026-09-16T16:12:00.816+0000] {processor.py:914} INFO - Processing file /opt/airflow/dags/youtube_warehouse_pipeline.py for tasks to queue
[2026-09-16T16:12:00.817+0000] {logging_mixin.py:190} INFO - [2026-09-16T16:12:00.817+0000] {dagbag.py:588} INFO - Filling up the DagBag from /opt/airflow/dags/youtube_warehouse_pipeline.py
[2026-09-16T16:12:00.877+0000] {processor.py:925} INFO - DAG(s) 'youtube_pipeline_warehouse' retrieved from /opt/airflow/dags/youtube_warehouse_pipeline.py
[2026-09-16T16:12:00.895+0000] {logging_mixin.py:190} INFO - [2026-09-16T16:12:00.895+0000] {dag.py:3239} INFO - Sync 1 DAGs
[2026-09-16T16:12:00.909+0000] {logging_mixin.py:190} INFO - [2026-09-16T16:12:00.908+0000] {dag.py:4180} INFO - Setting next_dagrun for youtube_pipeline_warehouse to None, run_after=None
[2026-09-16T16:12:00.929+0000] {processor.py:208} INFO - Processing /opt/airflow/dags/youtube_warehouse_pipeline.py took 0.120 seconds
[2026-09-16T16:12:31.335+0000] {processor.py:186} INFO - Started process (PID=4591) to work on /opt/airflow/dags/youtube_warehouse_pipeline.py
[2026-09-16T16:12:31.338+0000] {processor.py:914} INFO - Processing file /opt/airflow/dags/youtube_warehouse_pipeline.py for tasks to queue
[2026-09-16T16:12:31.340+0000] {logging_mixin.py:190} INFO - [2026-09-16T16:12:31.339+0000] {dagbag.py:588} INFO - Filling up the DagBag from /opt/airflow/dags/youtube_warehouse_pipeline.py
[2026-09-16T16:12:31.416+0000] {processor.py:925} INFO - DAG(s) 'youtube_pipeline_warehouse' retrieved from /opt/airflow/dags/youtube_warehouse_pipeline.py
[2026-09-16T16:12:31.437+0000] {logging_mixin.py:190} INFO - [2026-09-16T16:12:31.437+0000] {dag.py:3239} INFO - Sync 1 DAGs
[2026-09-16T16:12:31.449+0000] {logging_mixin.py:190} INFO - [2026-09-16T16:12:31.448+0000] {dag.py:4180} INFO - Setting next_dagrun for youtube_pipeline_warehouse to None, run_after=None
[2026-09-16T16:12:31.467+0000] {processor.py:208} INFO - Processing /opt/airflow/dags/youtube_warehouse_pipeline.py took 0.137 seconds
[2026-09-16T16:13:01.838+0000] {processor.py:186} INFO - Started process (PID=4599) to work on /opt/airflow/dags/youtube_warehouse_pipeline.py
[2026-09-16T16:13:01.839+0000] {processor.py:914} INFO - Processing file /opt/airflow/dags/youtube_warehouse_pipeline.py for tasks to queue
[2026-09-16T16:13:01.841+0000] {logging_mixin.py:190} INFO - [2026-09-16T16:13:01.841+0000] {dagbag.py:588} INFO - Filling up the DagBag from /opt/airflow/dags/youtube_warehouse_pipeline.py
[2026-09-16T16:13:01.890+0000] {processor.py:925} INFO - DAG(s) 'youtube_pipeline_warehouse' retrieved from /opt/airflow/dags/youtube_warehouse_pipeline.py
[2026-09-16T16:13:01.912+0000] {logging_mixin.py:190} INFO - [2026-09-16T16:13:01.911+0000] {dag.py:3239} INFO - Sync 1 DAGs
[2026-09-16T16:13:01.925+0000] {logging_mixin.py:190} INFO - [2026-09-16T16:13:01.925+0000] {dag.py:4180} INFO - Setting next_dagrun for youtube_pipeline_warehouse to None, run_after=None
[2026-09-16T16:13:01.945+0000] {processor.py:208} INFO - Processing /opt/airflow/dags/youtube_warehouse_pipeline.py took 0.112 seconds
[2026-09-16T16:13:32.307+0000] {processor.py:186} INFO - Started process (PID=4607) to work on /opt/airflow/dags/youtube_warehouse_pipeline.py
[2026-09-16T16:13:32.309+0000] {processor.py:914} INFO - Processing file /opt/airflow/dags/youtube_warehouse_pipeline.py for tasks to queue
[2026-09-16T16:13:32.310+0000] {logging_mixin.py:190} INFO - [2026-09-16T16:13:32.310+0000] {dagbag.py:588} INFO - Filling up the DagBag from /opt/airflow/dags/youtube_warehouse_pipeline.py
[2026-09-16T16:13:32.357+0000] {processor.py:925} INFO - DAG(s) 'youtube_pipeline_warehouse' retrieved from /opt/airflow/dags/youtube_warehouse_pipeline.py
[2026-09-16T16:13:32.377+0000] {logging_mixin.py:190} INFO - [2026-09-16T16:13:32.376+0000] {dag.py:3239} INFO - Sync 1 DAGs
[2026-09-16T16:13:32.389+0000] {logging_mixin.py:190} INFO - [2026-09-16T16:13:32.389+0000] {dag.py:4180} INFO - Setting next_dagrun for youtube_pipeline_warehouse to None, run_after=None
[2026-09-16T16:13:32.422+0000] {processor.py:208} INFO - Processing /opt/airflow/dags/youtube_warehouse_pipeline.py took 0.120 seconds
[2026-09-16T16:14:02.797+0000] {processor.py:186} INFO - Started process (PID=4615) to work on /opt/airflow/dags/youtube_warehouse_pipeline.py
[2026-09-16T16:14:02.799+0000] {processor.py:914} INFO - Processing file /opt/airflow/dags/youtube_warehouse_pipeline.py for tasks to queue
[2026-09-16T16:14:02.801+0000] {logging_mixin.py:190} INFO - [2026-09-16T16:14:02.801+0000] {dagbag.py:588} INFO - Filling up the DagBag from /opt/airflow/dags/youtube_warehouse_pipeline.py
[2026-09-16T16:14:02.902+0000] {processor.py:925} INFO - DAG(s) 'youtube_pipeline_warehouse' retrieved from /opt/airflow/dags/youtube_warehouse_pipeline.py
[2026-09-16T16:14:02.921+0000] {logging_mixin.py:190} INFO - [2026-09-16T16:14:02.921+0000] {dag.py:3239} INFO - Sync 1 DAGs
[2026-09-16T16:14:02.933+0000] {logging_mixin.py:190} INFO - [2026-09-16T16:14:02.933+0000] {dag.py:4180} INFO - Setting next_dagrun for youtube_pipeline_warehouse to None, run_after=None
[2026-09-16T16:14:02.953+0000] {processor.py:208} INFO - Processing /opt/airflow/dags/youtube_warehouse_pipeline.py took 0.160 seconds
[2026-09-16T16:14:33.328+0000] {processor.py:186} INFO - Started process (PID=4623) to work on /opt/airflow/dags/youtube_warehouse_pipeline.py
[2026-09-16T16:14:33.331+0000] {processor.py:914} INFO - Processing file /opt/airflow/dags/youtube_warehouse_pipeline.py for tasks to queue
[2026-09-16T16:14:33.334+0000] {logging_mixin.py:190} INFO - [2026-09-16T16:14:33.334+0000] {dagbag.py:588} INFO - Filling up the DagBag from /opt/airflow/dags/youtube_warehouse_pipeline.py
[2026-09-16T16:14:33.408+0000] {processor.py:925} INFO - DAG(s) 'youtube_pipeline_warehouse' retrieved from /opt/airflow/dags/youtube_warehouse_pipeline.py
[2026-09-16T16:14:33.429+0000] {logging_mixin.py:190} INFO - [2026-09-16T16:14:33.428+0000] {dag.py:3239} INFO - Sync 1 DAGs
[2026-09-16T16:14:33.441+0000] {logging_mixin.py:190} INFO - [2026-09-16T16:14:33.441+0000] {dag.py:4180} INFO - Setting next_dagrun for youtube_pipeline_warehouse to None, run_after=None
[2026-09-16T16:14:33.461+0000] {processor.py:208} INFO - Processing /opt/airflow/dags/youtube_warehouse_pipeline.py took 0.138 seconds
[2026-09-16T16:15:03.847+0000] {processor.py:186} INFO - Started process (PID=4631) to work on /opt/airflow/dags/youtube_warehouse_pipeline.py
[2026-09-16T16:15:03.849+0000] {processor.py:914} INFO - Processing file /opt/airflow/dags/youtube_warehouse_pipeline.py for tasks to queue
[2026-09-16T16:15:03.851+0000] {logging_mixin.py:190} INFO - [2026-09-16T16:15:03.851+0000] {dagbag.py:588} INFO - Filling up the DagBag from /opt/airflow/dags/youtube_warehouse_pipeline.py
[2026-09-16T16:15:03.930+0000] {processor.py:925} INFO - DAG(s) 'youtube_pipeline_warehouse' retrieved from /opt/airflow/dags/youtube_warehouse_pipeline.py
[2026-09-16T16:15:03.956+0000] {logging_mixin.py:190} INFO - [2026-09-16T16:15:03.956+0000] {dag.py:3239} INFO - Sync 1 DAGs
[2026-09-16T16:15:03.969+0000] {logging_mixin.py:190} INFO - [2026-09-16T16:15:03.969+0000] {dag.py:4180} INFO - Setting next_dagrun for youtube_pipeline_warehouse to None, run_after=None
[2026-09-16T16:15:03.989+0000] {processor.py:208} INFO - Processing /opt/airflow/dags/youtube_warehouse_pipeline.py took 0.147 seconds
[2026-09-16T16:15:34.370+0000] {processor.py:186} INFO - Started process (PID=4639) to work on /opt/airflow/dags/youtube_warehouse_pipeline.py
[2026-09-16T16:15:34.372+0000] {processor.py:914} INFO - Processing file /opt/airflow/dags/youtube_warehouse_pipeline.py for tasks to queue
[2026-09-16T16:15:34.374+0000] {logging_mixin.py:190} INFO - [2026-09-16T16:15:34.373+0000] {dagbag.py:588} INFO - Filling up the DagBag from /opt/airflow/dags/youtube_warehouse_pipeline.py
[2026-09-16T16:15:34.452+0000] {processor.py:925} INFO - DAG(s) 'youtube_pipeline_warehouse' retrieved from /opt/airflow/dags/youtube_warehouse_pipeline.py
[2026-09-16T16:15:34.471+0000] {logging_mixin.py:190} INFO - [2026-09-16T16:15:34.470+0000] {dag.py:3239} INFO - Sync 1 DAGs
[2026-09-16T16:15:34.483+0000] {logging_mixin.py:190} INFO - [2026-09-16T16:15:34.483+0000] {dag.py:4180} INFO - Setting next_dagrun for youtube_pipeline_warehouse to None, run_after=None
[2026-09-16T16:15:34.505+0000] {processor.py:208} INFO - Processing /opt/airflow/dags/youtube_warehouse_pipeline.py took 0.141 seconds
[2026-09-16T16:16:04.860+0000] {processor.py:186} INFO - Started process (PID=4647) to work on /opt/airflow/dags/youtube_warehouse_pipeline.py
[2026-09-16T16:16:04.862+0000] {processor.py:914} INFO - Processing file /opt/airflow/dags/youtube_warehouse_pipeline.py for tasks to queue
[2026-09-16T16:16:04.863+0000] {logging_mixin.py:190} INFO - [2026-09-16T16:16:04.863+0000] {dagbag.py:588} INFO - Filling up the DagBag from /opt/airflow/dags/youtube_warehouse_pipeline.py
[2026-09-16T16:16:04.913+0000] {processor.py:925} INFO - DAG(s) 'youtube_pipeline_warehouse' retrieved from /opt/airflow/dags/youtube_warehouse_pipeline.py
[2026-09-16T16:16:04.930+0000] {logging_mixin.py:190} INFO - [2026-09-16T16:16:04.930+0000] {dag.py:3239} INFO - Sync 1 DAGs
[2026-09-16T16:16:04.942+0000] {logging_mixin.py:190} INFO - [2026-09-16T16:16:04.942+0000] {dag.py:4180} INFO - Setting next_dagrun for youtube_pipeline_warehouse to None, run_after=None
[2026-09-16T16:16:04.960+0000] {processor.py:208} INFO - Processing /opt/airflow/dags/youtube_warehouse_pipeline.py took 0.105 seconds
[2026-09-16T16:16:35.321+0000] {processor.py:186} INFO - Started process (PID=4655) to work on /opt/airflow/dags/youtube_warehouse_pipeline.py
[2026-09-16T16:16:35.323+0000] {processor.py:914} INFO - Processing file /opt/airflow/dags/youtube_warehouse_pipeline.py for tasks to queue
[2026-09-16T16:16:35.326+0000] {logging_mixin.py:190} INFO - [2026-09-16T16:16:35.325+0000] {dagbag.py:588} INFO - Filling up the DagBag from /opt/airflow/dags/youtube_warehouse_pipeline.py
[2026-09-16T16:16:35.444+0000] {processor.py:925} INFO - DAG(s) 'youtube_pipeline_warehouse' retrieved from /opt/airflow/dags/youtube_warehouse_pipeline.py
[2026-09-16T16:16:35.465+0000] {logging_mixin.py:190} INFO - [2026-09-16T16:16:35.465+0000] {dag.py:3239} INFO - Sync 1 DAGs
[2026-09-16T16:16:35.480+0000] {logging_mixin.py:190} INFO - [2026-09-16T16:16:35.480+0000] {dag.py:4180} INFO - Setting next_dagrun for youtube_pipeline_warehouse to None, run_after=None
[2026-09-16T16:16:35.499+0000] {processor.py:208} INFO - Processing /opt/airflow/dags/youtube_warehouse_pipeline.py took 0.184 seconds
[2026-09-16T16:17:05.686+0000] {processor.py:186} INFO - Started process (PID=4663) to work on /opt/airflow/dags/youtube_warehouse_pipeline.py
[2026-09-16T16:17:05.688+0000] {processor.py:914} INFO - Processing file /opt/airflow/dags/youtube_warehouse_pipeline.py for tasks to queue
[2026-09-16T16:17:05.690+0000] {logging_mixin.py:190} INFO - [2026-09-16T16:17:05.690+0000] {dagbag.py:588} INFO - Filling up the DagBag from /opt/airflow/dags/youtube_warehouse_pipeline.py
[2026-09-16T16:17:05.784+0000] {processor.py:925} INFO - DAG(s) 'youtube_pipeline_warehouse' retrieved from /opt/airflow/dags/youtube_warehouse_pipeline.py
[2026-09-16T16:17:05.804+0000] {logging_mixin.py:190} INFO - [2026-09-16T16:17:05.803+0000] {dag.py:3239} INFO - Sync 1 DAGs
[2026-09-16T16:17:05.819+0000] {logging_mixin.py:190} INFO - [2026-09-16T16:17:05.818+0000] {dag.py:4180} INFO - Setting next_dagrun for youtube_pipeline_warehouse to None, run_after=None
[2026-09-16T16:17:05.839+0000] {processor.py:208} INFO - Processing /opt/airflow/dags/youtube_warehouse_pipeline.py took 0.161 seconds
[2026-09-16T16:17:36.231+0000] {processor.py:186} INFO - Started process (PID=4671) to work on /opt/airflow/dags/youtube_warehouse_pipeline.py
[2026-09-16T16:17:36.232+0000] {processor.py:914} INFO - Processing file /opt/airflow/dags/youtube_warehouse_pipeline.py for tasks to queue
[2026-09-16T16:17:36.234+0000] {logging_mixin.py:190} INFO - [2026-09-16T16:17:36.234+0000] {dagbag.py:588} INFO - Filling up the DagBag from /opt/airflow/dags/youtube_warehouse_pipeline.py
[2026-09-16T16:17:36.304+0000] {processor.py:925} INFO - DAG(s) 'youtube_pipeline_warehouse' retrieved from /opt/airflow/dags/youtube_warehouse_pipeline.py
[2026-09-16T16:17:36.337+0000] {logging_mixin.py:190} INFO - [2026-09-16T16:17:36.337+0000] {dag.py:3239} INFO - Sync 1 DAGs
[2026-09-16T16:17:36.350+0000] {logging_mixin.py:190} INFO - [2026-09-16T16:17:36.350+0000] {dag.py:4180} INFO - Setting next_dagrun for youtube_pipeline_warehouse to None, run_after=None
[2026-09-16T16:17:36.370+0000] {processor.py:208} INFO - Processing /opt/airflow/dags/youtube_warehouse_pipeline.py took 0.145 seconds
[2026-09-16T16:18:06.749+0000] {processor.py:186} INFO - Started process (PID=4679) to work on /opt/airflow/dags/youtube_warehouse_pipeline.py
[2026-09-16T16:18:06.751+0000] {processor.py:914} INFO - Processing file /opt/airflow/dags/youtube_warehouse_pipeline.py for tasks to queue
[2026-09-16T16:18:06.753+0000] {logging_mixin.py:190} INFO - [2026-09-16T16:18:06.753+0000] {dagbag.py:588} INFO - Filling up the DagBag from /opt/airflow/dags/youtube_warehouse_pipeline.py
[2026-09-16T16:18:06.846+0000] {processor.py:925} INFO - DAG(s) 'youtube_pipeline_warehouse' retrieved from /opt/airflow/dags/youtube_warehouse_pipeline.py
[2026-09-16T16:18:06.872+0000] {logging_mixin.py:190} INFO - [2026-09-16T16:18:06.871+0000] {dag.py:3239} INFO - Sync 1 DAGs
[2026-09-16T16:18:06.886+0000] {logging_mixin.py:190} INFO - [2026-09-16T16:18:06.886+0000] {dag.py:4180} INFO - Setting next_dagrun for youtube_pipeline_warehouse to None, run_after=None
[2026-09-16T16:18:06.907+0000] {processor.py:208} INFO - Processing /opt/airflow/dags/youtube_warehouse_pipeline.py took 0.165 seconds
[2026-09-16T16:18:37.309+0000] {processor.py:186} INFO - Started process (PID=4687) to work on /opt/airflow/dags/youtube_warehouse_pipeline.py
[2026-09-16T16:18:37.312+0000] {processor.py:914} INFO - Processing file /opt/airflow/dags/youtube_warehouse_pipeline.py for tasks to queue
[2026-09-16T16:18:37.314+0000] {logging_mixin.py:190} INFO - [2026-09-16T16:18:37.314+0000] {dagbag.py:588} INFO - Filling up the DagBag from /opt/airflow/dags/youtube_warehouse_pipeline.py
[2026-09-16T16:18:37.383+0000] {processor.py:925} INFO - DAG(s) 'youtube_pipeline_warehouse' retrieved from /opt/airflow/dags/youtube_warehouse_pipeline.py
[2026-09-16T16:18:37.404+0000] {logging_mixin.py:190} INFO - [2026-09-16T16:18:37.404+0000] {dag.py:3239} INFO - Sync 1 DAGs
[2026-09-16T16:18:37.417+0000] {logging_mixin.py:190} INFO - [2026-09-16T16:18:37.417+0000] {dag.py:4180} INFO - Setting next_dagrun for youtube_pipeline_warehouse to None, run_after=None
[2026-09-16T16:18:37.437+0000] {processor.py:208} INFO - Processing /opt/airflow/dags/youtube_warehouse_pipeline.py took 0.132 seconds
[2026-09-16T16:19:07.840+0000] {processor.py:186} INFO - Started process (PID=4695) to work on /opt/airflow/dags/youtube_warehouse_pipeline.py
[2026-09-16T16:19:07.841+0000] {processor.py:914} INFO - Processing file /opt/airflow/dags/youtube_warehouse_pipeline.py for tasks to queue
[2026-09-16T16:19:07.843+0000] {logging_mixin.py:190} INFO - [2026-09-16T16:19:07.843+0000] {dagbag.py:588} INFO - Filling up the DagBag from /opt/airflow/dags/youtube_warehouse_pipeline.py
[2026-09-16T16:19:07.918+0000] {processor.py:925} INFO - DAG(s) 'youtube_pipeline_warehouse' retrieved from /opt/airflow/dags/youtube_warehouse_pipeline.py
[2026-09-16T16:19:07.937+0000] {logging_mixin.py:190} INFO - [2026-09-16T16:19:07.937+0000] {dag.py:3239} INFO - Sync 1 DAGs
[2026-09-16T16:19:07.949+0000] {logging_mixin.py:190} INFO - [2026-09-16T16:19:07.949+0000] {dag.py:4180} INFO - Setting next_dagrun for youtube_pipeline_warehouse to None, run_after=None
[2026-09-16T16:19:07.968+0000] {processor.py:208} INFO - Processing /opt/airflow/dags/youtube_warehouse_pipeline.py took 0.133 seconds
[2026-09-16T16:19:38.406+0000] {processor.py:186} INFO - Started process (PID=4703) to work on /opt/airflow/dags/youtube_warehouse_pipeline.py
[2026-09-16T16:19:38.408+0000] {processor.py:914} INFO - Processing file /opt/airflow/dags/youtube_warehouse_pipeline.py for tasks to queue
[2026-09-16T16:19:38.410+0000] {logging_mixin.py:190} INFO - [2026-09-16T16:19:38.410+0000] {dagbag.py:588} INFO - Filling up the DagBag from /opt/airflow/dags/youtube_warehouse_pipeline.py
[2026-09-16T16:19:38.485+0000] {processor.py:925} INFO - DAG(s) 'youtube_pipeline_warehouse' retrieved from /opt/airflow/dags/youtube_warehouse_pipeline.py
[2026-09-16T16:19:38.510+0000] {logging_mixin.py:190} INFO - [2026-09-16T16:19:38.509+0000] {dag.py:3239} INFO - Sync 1 DAGs
[2026-09-16T16:19:38.523+0000] {logging_mixin.py:190} INFO - [2026-09-16T16:19:38.523+0000] {dag.py:4180} INFO - Setting next_dagrun for youtube_pipeline_warehouse to None, run_after=None
[2026-09-16T16:19:38.545+0000] {processor.py:208} INFO - Processing /opt/airflow/dags/youtube_warehouse_pipeline.py took 0.144 seconds
[2026-09-16T16:20:08.917+0000] {processor.py:186} INFO - Started process (PID=4711) to work on /opt/airflow/dags/youtube_warehouse_pipeline.py
[2026-09-16T16:20:08.918+0000] {processor.py:914} INFO - Processing file /opt/airflow/dags/youtube_warehouse_pipeline.py for tasks to queue
[2026-09-16T16:20:08.920+0000] {logging_mixin.py:190} INFO - [2026-09-16T16:20:08.920+0000] {dagbag.py:588} INFO - Filling up the DagBag from /opt/airflow/dags/youtube_warehouse_pipeline.py
[2026-09-16T16:20:08.984+0000] {processor.py:925} INFO - DAG(s) 'youtube_pipeline_warehouse' retrieved from /opt/airflow/dags/youtube_warehouse_pipeline.py
[2026-09-16T16:20:09.004+0000] {logging_mixin.py:190} INFO - [2026-09-16T16:20:09.004+0000] {dag.py:3239} INFO - Sync 1 DAGs
[2026-09-16T16:20:09.018+0000] {logging_mixin.py:190} INFO - [2026-09-16T16:20:09.017+0000] {dag.py:4180} INFO - Setting next_dagrun for youtube_pipeline_warehouse to None, run_after=None
[2026-09-16T16:20:09.035+0000] {processor.py:208} INFO - Processing /opt/airflow/dags/youtube_warehouse_pipeline.py took 0.123 seconds
[2026-09-16T16:20:39.391+0000] {processor.py:186} INFO - Started process (PID=4719) to work on /opt/airflow/dags/youtube_warehouse_pipeline.py
[2026-09-16T16:20:39.393+0000] {processor.py:914} INFO - Processing file /opt/airflow/dags/youtube_warehouse_pipeline.py for tasks to queue
[2026-09-16T16:20:39.396+0000] {logging_mixin.py:190} INFO - [2026-09-16T16:20:39.396+0000] {dagbag.py:588} INFO - Filling up the DagBag from /opt/airflow/dags/youtube_warehouse_pipeline.py
[2026-09-16T16:20:39.466+0000] {processor.py:925} INFO - DAG(s) 'youtube_pipeline_warehouse' retrieved from /opt/airflow/dags/youtube_warehouse_pipeline.py
[2026-09-16T16:20:39.488+0000] {logging_mixin.py:190} INFO - [2026-09-16T16:20:39.487+0000] {dag.py:3239} INFO - Sync 1 DAGs
[2026-09-16T16:20:39.503+0000] {logging_mixin.py:190} INFO - [2026-09-16T16:20:39.503+0000] {dag.py:4180} INFO - Setting next_dagrun for youtube_pipeline_warehouse to None, run_after=None
[2026-09-16T16:20:39.526+0000] {processor.py:208} INFO - Processing /opt/airflow/dags/youtube_warehouse_pipeline.py took 0.142 seconds
[2026-09-16T16:21:09.915+0000] {processor.py:186} INFO - Started process (PID=4733) to work on /opt/airflow/dags/youtube_warehouse_pipeline.py
[2026-09-16T16:21:09.917+0000] {processor.py:914} INFO - Processing file /opt/airflow/dags/youtube_warehouse_pipeline.py for tasks to queue
[2026-09-16T16:21:09.919+0000] {logging_mixin.py:190} INFO - [2026-09-16T16:21:09.919+0000] {dagbag.py:588} INFO - Filling up the DagBag from /opt/airflow/dags/youtube_warehouse_pipeline.py
[2026-09-16T16:21:09.967+0000] {processor.py:925} INFO - DAG(s) 'youtube_pipeline_warehouse' retrieved from /opt/airflow/dags/youtube_warehouse_pipeline.py
[2026-09-16T16:21:09.984+0000] {logging_mixin.py:190} INFO - [2026-09-16T16:21:09.984+0000] {dag.py:3239} INFO - Sync 1 DAGs
[2026-09-16T16:21:09.997+0000] {logging_mixin.py:190} INFO - [2026-09-16T16:21:09.997+0000] {dag.py:4180} INFO - Setting next_dagrun for youtube_pipeline_warehouse to None, run_after=None
[2026-09-16T16:21:10.031+0000] {processor.py:208} INFO - Processing /opt/airflow/dags/youtube_warehouse_pipeline.py took 0.121 seconds
[2026-09-16T16:21:40.420+0000] {processor.py:186} INFO - Started process (PID=4741) to work on /opt/airflow/dags/youtube_warehouse_pipeline.py
[2026-09-16T16:21:40.422+0000] {processor.py:914} INFO - Processing file /opt/airflow/dags/youtube_warehouse_pipeline.py for tasks to queue
[2026-09-16T16:21:40.424+0000] {logging_mixin.py:190} INFO - [2026-09-16T16:21:40.424+0000] {dagbag.py:588} INFO - Filling up the DagBag from /opt/airflow/dags/youtube_warehouse_pipeline.py
[2026-09-16T16:21:40.498+0000] {processor.py:925} INFO - DAG(s) 'youtube_pipeline_warehouse' retrieved from /opt/airflow/dags/youtube_warehouse_pipeline.py
[2026-09-16T16:21:40.518+0000] {logging_mixin.py:190} INFO - [2026-09-16T16:21:40.518+0000] {dag.py:3239} INFO - Sync 1 DAGs
[2026-09-16T16:21:40.535+0000] {logging_mixin.py:190} INFO - [2026-09-16T16:21:40.535+0000] {dag.py:4180} INFO - Setting next_dagrun for youtube_pipeline_warehouse to None, run_after=None
[2026-09-16T16:21:40.555+0000] {processor.py:208} INFO - Processing /opt/airflow/dags/youtube_warehouse_pipeline.py took 0.140 seconds
[2026-09-16T16:22:10.917+0000] {processor.py:186} INFO - Started process (PID=4750) to work on /opt/airflow/dags/youtube_warehouse_pipeline.py
[2026-09-16T16:22:10.919+0000] {processor.py:914} INFO - Processing file /opt/airflow/dags/youtube_warehouse_pipeline.py for tasks to queue
[2026-09-16T16:22:10.921+0000] {logging_mixin.py:190} INFO - [2026-09-16T16:22:10.920+0000] {dagbag.py:588} INFO - Filling up the DagBag from /opt/airflow/dags/youtube_warehouse_pipeline.py
[2026-09-16T16:22:11.013+0000] {processor.py:925} INFO - DAG(s) 'youtube_pipeline_warehouse' retrieved from /opt/airflow/dags/youtube_warehouse_pipeline.py
[2026-09-16T16:22:11.038+0000] {logging_mixin.py:190} INFO - [2026-09-16T16:22:11.037+0000] {dag.py:3239} INFO - Sync 1 DAGs
[2026-09-16T16:22:11.053+0000] {logging_mixin.py:190} INFO - [2026-09-16T16:22:11.053+0000] {dag.py:4180} INFO - Setting next_dagrun for youtube_pipeline_warehouse to None, run_after=None
[2026-09-16T16:22:11.072+0000] {processor.py:208} INFO - Processing /opt/airflow/dags/youtube_warehouse_pipeline.py took 0.160 seconds
[2026-09-16T16:22:41.552+0000] {processor.py:186} INFO - Started process (PID=4758) to work on /opt/airflow/dags/youtube_warehouse_pipeline.py
[2026-09-16T16:22:41.554+0000] {processor.py:914} INFO - Processing file /opt/airflow/dags/youtube_warehouse_pipeline.py for tasks to queue
[2026-09-16T16:22:41.556+0000] {logging_mixin.py:190} INFO - [2026-09-16T16:22:41.556+0000] {dagbag.py:588} INFO - Filling up the DagBag from /opt/airflow/dags/youtube_warehouse_pipeline.py
[2026-09-16T16:22:41.616+0000] {processor.py:925} INFO - DAG(s) 'youtube_pipeline_warehouse' retrieved from /opt/airflow/dags/youtube_warehouse_pipeline.py
[2026-09-16T16:22:41.636+0000] {logging_mixin.py:190} INFO - [2026-09-16T16:22:41.636+0000] {dag.py:3239} INFO - Sync 1 DAGs
[2026-09-16T16:22:41.649+0000] {logging_mixin.py:190} INFO - [2026-09-16T16:22:41.649+0000] {dag.py:4180} INFO - Setting next_dagrun for youtube_pipeline_warehouse to None, run_after=None
[2026-09-16T16:22:41.669+0000] {processor.py:208} INFO - Processing /opt/airflow/dags/youtube_warehouse_pipeline.py took 0.133 seconds
[2026-09-16T16:23:11.843+0000] {processor.py:186} INFO - Started process (PID=4766) to work on /opt/airflow/dags/youtube_warehouse_pipeline.py
[2026-09-16T16:23:11.845+0000] {processor.py:914} INFO - Processing file /opt/airflow/dags/youtube_warehouse_pipeline.py for tasks to queue
[2026-09-16T16:23:11.847+0000] {logging_mixin.py:190} INFO - [2026-09-16T16:23:11.847+0000] {dagbag.py:588} INFO - Filling up the DagBag from /opt/airflow/dags/youtube_warehouse_pipeline.py
[2026-09-16T16:23:11.967+0000] {processor.py:925} INFO - DAG(s) 'youtube_pipeline_warehouse' retrieved from /opt/airflow/dags/youtube_warehouse_pipeline.py
[2026-09-16T16:23:11.986+0000] {logging_mixin.py:190} INFO - [2026-09-16T16:23:11.986+0000] {dag.py:3239} INFO - Sync 1 DAGs
[2026-09-16T16:23:11.999+0000] {logging_mixin.py:190} INFO - [2026-09-16T16:23:11.999+0000] {dag.py:4180} INFO - Setting next_dagrun for youtube_pipeline_warehouse to None, run_after=None
[2026-09-16T16:23:12.019+0000] {processor.py:208} INFO - Processing /opt/airflow/dags/youtube_warehouse_pipeline.py took 0.181 seconds
[2026-09-16T16:23:42.369+0000] {processor.py:186} INFO - Started process (PID=4774) to work on /opt/airflow/dags/youtube_warehouse_pipeline.py
[2026-09-16T16:23:42.371+0000] {processor.py:914} INFO - Processing file /opt/airflow/dags/youtube_warehouse_pipeline.py for tasks to queue
[2026-09-16T16:23:42.373+0000] {logging_mixin.py:190} INFO - [2026-09-16T16:23:42.373+0000] {dagbag.py:588} INFO - Filling up the DagBag from /opt/airflow/dags/youtube_warehouse_pipeline.py
[2026-09-16T16:23:42.457+0000] {processor.py:925} INFO - DAG(s) 'youtube_pipeline_warehouse' retrieved from /opt/airflow/dags/youtube_warehouse_pipeline.py
[2026-09-16T16:23:42.479+0000] {logging_mixin.py:190} INFO - [2026-09-16T16:23:42.478+0000] {dag.py:3239} INFO - Sync 1 DAGs
[2026-09-16T16:23:42.494+0000] {logging_mixin.py:190} INFO - [2026-09-16T16:23:42.494+0000] {dag.py:4180} INFO - Setting next_dagrun for youtube_pipeline_warehouse to None, run_after=None
[2026-09-16T16:23:42.516+0000] {processor.py:208} INFO - Processing /opt/airflow/dags/youtube_warehouse_pipeline.py took 0.153 seconds
[2026-09-16T16:24:12.869+0000] {processor.py:186} INFO - Started process (PID=4782) to work on /opt/airflow/dags/youtube_warehouse_pipeline.py
[2026-09-16T16:24:12.871+0000] {processor.py:914} INFO - Processing file /opt/airflow/dags/youtube_warehouse_pipeline.py for tasks to queue
[2026-09-16T16:24:12.873+0000] {logging_mixin.py:190} INFO - [2026-09-16T16:24:12.873+0000] {dagbag.py:588} INFO - Filling up the DagBag from /opt/airflow/dags/youtube_warehouse_pipeline.py
[2026-09-16T16:24:12.941+0000] {processor.py:925} INFO - DAG(s) 'youtube_pipeline_warehouse' retrieved from /opt/airflow/dags/youtube_warehouse_pipeline.py
[2026-09-16T16:24:12.962+0000] {logging_mixin.py:190} INFO - [2026-09-16T16:24:12.962+0000] {dag.py:3239} INFO - Sync 1 DAGs
[2026-09-16T16:24:12.977+0000] {logging_mixin.py:190} INFO - [2026-09-16T16:24:12.977+0000] {dag.py:4180} INFO - Setting next_dagrun for youtube_pipeline_warehouse to None, run_after=None
[2026-09-16T16:24:12.996+0000] {processor.py:208} INFO - Processing /opt/airflow/dags/youtube_warehouse_pipeline.py took 0.133 seconds
[2026-09-16T16:24:43.398+0000] {processor.py:186} INFO - Started process (PID=4790) to work on /opt/airflow/dags/youtube_warehouse_pipeline.py
[2026-09-16T16:24:43.399+0000] {processor.py:914} INFO - Processing file /opt/airflow/dags/youtube_warehouse_pipeline.py for tasks to queue
[2026-09-16T16:24:43.402+0000] {logging_mixin.py:190} INFO - [2026-09-16T16:24:43.402+0000] {dagbag.py:588} INFO - Filling up the DagBag from /opt/airflow/dags/youtube_warehouse_pipeline.py
[2026-09-16T16:24:43.474+0000] {processor.py:925} INFO - DAG(s) 'youtube_pipeline_warehouse' retrieved from /opt/airflow/dags/youtube_warehouse_pipeline.py
[2026-09-16T16:24:43.494+0000] {logging_mixin.py:190} INFO - [2026-09-16T16:24:43.494+0000] {dag.py:3239} INFO - Sync 1 DAGs
[2026-09-16T16:24:43.506+0000] {logging_mixin.py:190} INFO - [2026-09-16T16:24:43.506+0000] {dag.py:4180} INFO - Setting next_dagrun for youtube_pipeline_warehouse to None, run_after=None
[2026-09-16T16:24:43.525+0000] {processor.py:208} INFO - Processing /opt/airflow/dags/youtube_warehouse_pipeline.py took 0.133 seconds
[2026-09-16T16:25:13.933+0000] {processor.py:186} INFO - Started process (PID=4798) to work on /opt/airflow/dags/youtube_warehouse_pipeline.py
[2026-09-16T16:25:13.935+0000] {processor.py:914} INFO - Processing file /opt/airflow/dags/youtube_warehouse_pipeline.py for tasks to queue
[2026-09-16T16:25:13.937+0000] {logging_mixin.py:190} INFO - [2026-09-16T16:25:13.936+0000] {dagbag.py:588} INFO - Filling up the DagBag from /opt/airflow/dags/youtube_warehouse_pipeline.py
[2026-09-16T16:25:13.988+0000] {processor.py:925} INFO - DAG(s) 'youtube_pipeline_warehouse' retrieved from /opt/airflow/dags/youtube_warehouse_pipeline.py
[2026-09-16T16:25:14.009+0000] {logging_mixin.py:190} INFO - [2026-09-16T16:25:14.009+0000] {dag.py:3239} INFO - Sync 1 DAGs
[2026-09-16T16:25:14.023+0000] {logging_mixin.py:190} INFO - [2026-09-16T16:25:14.023+0000] {dag.py:4180} INFO - Setting next_dagrun for youtube_pipeline_warehouse to None, run_after=None
[2026-09-16T16:25:14.042+0000] {processor.py:208} INFO - Processing /opt/airflow/dags/youtube_warehouse_pipeline.py took 0.115 seconds
[2026-09-16T16:25:44.447+0000] {processor.py:186} INFO - Started process (PID=4806) to work on /opt/airflow/dags/youtube_warehouse_pipeline.py
[2026-09-16T16:25:44.450+0000] {processor.py:914} INFO - Processing file /opt/airflow/dags/youtube_warehouse_pipeline.py for tasks to queue
[2026-09-16T16:25:44.452+0000] {logging_mixin.py:190} INFO - [2026-09-16T16:25:44.452+0000] {dagbag.py:588} INFO - Filling up the DagBag from /opt/airflow/dags/youtube_warehouse_pipeline.py
[2026-09-16T16:25:44.515+0000] {processor.py:925} INFO - DAG(s) 'youtube_pipeline_warehouse' retrieved from /opt/airflow/dags/youtube_warehouse_pipeline.py
[2026-09-16T16:25:44.534+0000] {logging_mixin.py:190} INFO - [2026-09-16T16:25:44.534+0000] {dag.py:3239} INFO - Sync 1 DAGs
[2026-09-16T16:25:44.546+0000] {logging_mixin.py:190} INFO - [2026-09-16T16:25:44.546+0000] {dag.py:4180} INFO - Setting next_dagrun for youtube_pipeline_warehouse to None, run_after=None
[2026-09-16T16:25:44.565+0000] {processor.py:208} INFO - Processing /opt/airflow/dags/youtube_warehouse_pipeline.py took 0.124 seconds
[2026-09-16T16:26:14.933+0000] {processor.py:186} INFO - Started process (PID=4814) to work on /opt/airflow/dags/youtube_warehouse_pipeline.py
[2026-09-16T16:26:14.935+0000] {processor.py:914} INFO - Processing file /opt/airflow/dags/youtube_warehouse_pipeline.py for tasks to queue
[2026-09-16T16:26:14.937+0000] {logging_mixin.py:190} INFO - [2026-09-16T16:26:14.937+0000] {dagbag.py:588} INFO - Filling up the DagBag from /opt/airflow/dags/youtube_warehouse_pipeline.py
[2026-09-16T16:26:15.006+0000] {processor.py:925} INFO - DAG(s) 'youtube_pipeline_warehouse' retrieved from /opt/airflow/dags/youtube_warehouse_pipeline.py
[2026-09-16T16:26:15.045+0000] {logging_mixin.py:190} INFO - [2026-09-16T16:26:15.045+0000] {dag.py:3239} INFO - Sync 1 DAGs
[2026-09-16T16:26:15.057+0000] {logging_mixin.py:190} INFO - [2026-09-16T16:26:15.056+0000] {dag.py:4180} INFO - Setting next_dagrun for youtube_pipeline_warehouse to None, run_after=None
[2026-09-16T16:26:15.075+0000] {processor.py:208} INFO - Processing /opt/airflow/dags/youtube_warehouse_pipeline.py took 0.148 seconds
[2026-09-16T16:26:45.484+0000] {processor.py:186} INFO - Started process (PID=4822) to work on /opt/airflow/dags/youtube_warehouse_pipeline.py
[2026-09-16T16:26:45.486+0000] {processor.py:914} INFO - Processing file /opt/airflow/dags/youtube_warehouse_pipeline.py for tasks to queue
[2026-09-16T16:26:45.487+0000] {logging_mixin.py:190} INFO - [2026-09-16T16:26:45.487+0000] {dagbag.py:588} INFO - Filling up the DagBag from /opt/airflow/dags/youtube_warehouse_pipeline.py
[2026-09-16T16:26:45.561+0000] {processor.py:925} INFO - DAG(s) 'youtube_pipeline_warehouse' retrieved from /opt/airflow/dags/youtube_warehouse_pipeline.py
[2026-09-16T16:26:45.583+0000] {logging_mixin.py:190} INFO - [2026-09-16T16:26:45.582+0000] {dag.py:3239} INFO - Sync 1 DAGs
[2026-09-16T16:26:45.597+0000] {logging_mixin.py:190} INFO - [2026-09-16T16:26:45.597+0000] {dag.py:4180} INFO - Setting next_dagrun for youtube_pipeline_warehouse to None, run_after=None
[2026-09-16T16:26:45.617+0000] {processor.py:208} INFO - Processing /opt/airflow/dags/youtube_warehouse_pipeline.py took 0.138 seconds
[2026-09-16T16:27:16.001+0000] {processor.py:186} INFO - Started process (PID=4830) to work on /opt/airflow/dags/youtube_warehouse_pipeline.py
[2026-09-16T16:27:16.023+0000] {processor.py:914} INFO - Processing file /opt/airflow/dags/youtube_warehouse_pipeline.py for tasks to queue
[2026-09-16T16:27:16.025+0000] {logging_mixin.py:190} INFO - [2026-09-16T16:27:16.025+0000] {dagbag.py:588} INFO - Filling up the DagBag from /opt/airflow/dags/youtube_warehouse_pipeline.py
[2026-09-16T16:27:16.113+0000] {processor.py:925} INFO - DAG(s) 'youtube_pipeline_warehouse' retrieved from /opt/airflow/dags/youtube_warehouse_pipeline.py
[2026-09-16T16:27:16.131+0000] {logging_mixin.py:190} INFO - [2026-09-16T16:27:16.131+0000] {dag.py:3239} INFO - Sync 1 DAGs
[2026-09-16T16:27:16.148+0000] {logging_mixin.py:190} INFO - [2026-09-16T16:27:16.148+0000] {dag.py:4180} INFO - Setting next_dagrun for youtube_pipeline_warehouse to None, run_after=None
[2026-09-16T16:27:16.175+0000] {processor.py:208} INFO - Processing /opt/airflow/dags/youtube_warehouse_pipeline.py took 0.180 seconds
